<?pst parser version="1.0" encoding="UTF-8"?>
<DiffFile>
<Header>
--
-- File created by Polyspace / Comments Diff
-- Copyright 1999-2018 MathWorks, Inc.
--
</Header>

<File Name="TunSelnMngt.c" NewName="TunSelnMngt.c">

        <Rule Name="8.10" File="TunSelnMngt.c">
            <Diff Reason="NO_MATCH_FOUND" RuleID="10" File="C:\_PratikJadhav\_Synergy_Projects\Working\ES400A_TunSelnMngt_Impl\src\TunSelnMngt.c" Line="808" Col="0">
            <IsViolated/>
            </Diff>
        </Rule>

        <Rule Name="8.10" File="TunSelnMngt.c">
            <Diff Reason="NO_MATCH_FOUND" RuleID="11" File="C:\_PratikJadhav\_Synergy_Projects\Working\ES400A_TunSelnMngt_Impl\src\TunSelnMngt.c" Line="867" Col="0">
            <IsViolated/>
            </Diff>
        </Rule>

        <Rule Name="8.10" File="TunSelnMngt.c">
            <Diff Reason="NO_MATCH_FOUND" RuleID="12" File="C:\_PratikJadhav\_Synergy_Projects\Working\ES400A_TunSelnMngt_Impl\src\TunSelnMngt.c" Line="947" Col="0">
            <IsViolated/>
            </Diff>
        </Rule>

        <Rule Name="8.10" File="TunSelnMngt.c">
            <Diff Reason="NO_MATCH_FOUND" RuleID="13" File="C:\_PratikJadhav\_Synergy_Projects\Working\ES400A_TunSelnMngt_Impl\src\TunSelnMngt.c" Line="1019" Col="0">
            <IsViolated/>
            </Diff>
        </Rule>

        <Rule Name="8.10" File="TunSelnMngt.c">
            <Diff Reason="NO_MATCH_FOUND" RuleID="14" File="C:\_PratikJadhav\_Synergy_Projects\Working\ES400A_TunSelnMngt_Impl\src\TunSelnMngt.c" Line="1147" Col="0">
            <IsViolated/>
            </Diff>
        </Rule>

        <Rule Name="8.10" File="TunSelnMngt.c">
            <Diff Reason="NO_MATCH_FOUND" RuleID="15" File="C:\_PratikJadhav\_Synergy_Projects\Working\ES400A_TunSelnMngt_Impl\src\TunSelnMngt.c" Line="1238" Col="0">
            <IsViolated/>
            </Diff>
        </Rule>

        <Rule Name="8.10" File="TunSelnMngt.c">
            <Diff Reason="NO_MATCH_FOUND" RuleID="16" File="C:\_PratikJadhav\_Synergy_Projects\Working\ES400A_TunSelnMngt_Impl\src\TunSelnMngt.c" Line="1454" Col="0">
            <IsViolated/>
            </Diff>
        </Rule>
</File>

<File Name="None" NewName="None">
</File>

<File Name="Rte_Stubs.c" NewName="">
    <Removed/>
</File>
</DiffFile>
