<?xml version="1.0" encoding="UTF-8"?>

<project name="Polyspace" files="2" includes="23" ap_cg_cycle="0" ap_cg_direct_cycle="0" pshv="0" unpshv="0">
<file name="C:\Users\nz2999\Documents\Synergy\ccm_wa\ses_dev_ea4\CF081A_BmwTunSetHndlr_Impl-nz2999\CF081A_BmwTunSetHndlr_Impl\tools\local\generate\Rte_Stubs.c" total_lines="76" lines_without_cmt="50" comf="8" fco="-1">
<function name="Rte_Stub" path="1" goto="0" vg="1" calling="0" calls="6" param="0" stmt="6" level="1" return="0" vocf="2.0" flin="6" fxln="6" ncalls="6">
</function>
<function name="Rte_Call_BmwTunSetHndlr_SetNtcSts_Oper" path="1" goto="0" vg="1" calling="3" calls="0" param="4" stmt="5" level="1" return="1" vocf="1.6" flin="5" fxln="5" ncalls="0">
</function>
<function name="Rte_Call_BmwTunSetHndlr_GetTiSpan100MicroSec32bit_Oper" path="1" goto="0" vg="1" calling="1" calls="0" param="2" stmt="3" level="1" return="1" vocf="1.6" flin="3" fxln="3" ncalls="0">
</function>
<function name="Rte_Call_BmwTunSetHndlr_GetRefTmr100MicroSec32bit_Oper" path="1" goto="0" vg="1" calling="1" calls="0" param="1" stmt="2" level="1" return="1" vocf="1.4" flin="2" fxln="2" ncalls="0">
</function>
<function name="Rte_Call_BmwTunSetHndlr_BmwDesIninOptSetAIdx_SetRamBlockStatus" path="1" goto="0" vg="1" calling="2" calls="0" param="1" stmt="2" level="1" return="1" vocf="1.2" flin="2" fxln="2" ncalls="0">
</function>
<function name="Rte_Call_BmwTunSetHndlr_BmwDesIninOptSetAIdx_GetErrorStatus" path="1" goto="0" vg="1" calling="1" calls="0" param="1" stmt="2" level="1" return="1" vocf="1.2" flin="2" fxln="2" ncalls="0">
</function>
<function name="Rte_Call_BmwTunSetHndlr_BmwDesIninIdx_SetRamBlockStatus" path="1" goto="0" vg="1" calling="2" calls="0" param="1" stmt="2" level="1" return="1" vocf="1.2" flin="2" fxln="2" ncalls="0">
</function>
<function name="Rte_Call_BmwTunSetHndlr_BmwDesIninIdx_GetErrorStatus" path="1" goto="0" vg="1" calling="1" calls="0" param="1" stmt="2" level="1" return="1" vocf="1.2" flin="2" fxln="2" ncalls="0">
</function>
<function name="fabsf" path="2" goto="0" vg="2" calling="1" calls="0" param="1" stmt="3" level="1" return="1" vocf="2.3" flin="0" fxln="0" ncalls="0">
</function>
</file>
<file name="C:\Users\nz2999\Documents\Synergy\ccm_wa\ses_dev_ea4\CF081A_BmwTunSetHndlr_Impl-nz2999\CF081A_BmwTunSetHndlr_Impl\src\BmwTunSetHndlr.c" total_lines="1321" lines_without_cmt="200" comf="66" fco="16">
<function name="TunVrntWr_Oper" path="2" goto="0" vg="2" calling="1" calls="2" param="1" stmt="8" level="1" return="1" vocf="2.8" flin="30" fxln="9" ncalls="2">
</function>
<function name="TunVrntRead_Oper" path="1" goto="0" vg="1" calling="1" calls="0" param="1" stmt="2" level="1" return="1" vocf="1.3" flin="12" fxln="2" ncalls="0">
</function>
<function name="MotVrntWr_Oper" path="2" goto="0" vg="2" calling="1" calls="2" param="1" stmt="8" level="1" return="1" vocf="2.8" flin="30" fxln="9" ncalls="2">
</function>
<function name="MotVrntRead_Oper" path="1" goto="0" vg="1" calling="1" calls="0" param="1" stmt="2" level="1" return="1" vocf="1.3" flin="12" fxln="2" ncalls="0">
</function>
<function name="BmwTunSetHndlrPer1" path="22" goto="0" vg="10" calling="1" calls="3" param="0" stmt="40" level="5" return="0" vocf="7.5" flin="130" fxln="50" ncalls="5">
</function>
<function name="BmwTunSetHndlrInit1" path="9" goto="0" vg="5" calling="1" calls="6" param="0" stmt="29" level="2" return="0" vocf="8.1" flin="89" fxln="33" ncalls="12">
</function>
<function name="SinLookup" path="8" goto="0" vg="4" calling="0" calls="0" param="1" stmt="14" level="1" return="1" vocf="3.6" flin="0" fxln="0" ncalls="0">
</function>
<function name="SinCos_f32" path="16" goto="0" vg="17" calling="0" calls="0" param="3" stmt="56" level="1" return="0" vocf="10.9" flin="0" fxln="0" ncalls="0">
</function>
<function name="Mod_f32" path="1" goto="0" vg="1" calling="0" calls="1" param="2" stmt="1" level="1" return="1" vocf="1.7" flin="0" fxln="0" ncalls="1">
</function>
<function name="Sqrt_f32" path="1" goto="0" vg="1" calling="0" calls="1" param="1" stmt="1" level="1" return="1" vocf="1.5" flin="0" fxln="0" ncalls="1">
</function>
<function name="Exp_f32" path="1" goto="0" vg="1" calling="0" calls="1" param="1" stmt="1" level="1" return="1" vocf="1.5" flin="0" fxln="0" ncalls="1">
</function>
<function name="Cos_f32" path="1" goto="0" vg="1" calling="0" calls="1" param="1" stmt="1" level="1" return="1" vocf="1.5" flin="0" fxln="0" ncalls="1">
</function>
<function name="Sin_f32" path="1" goto="0" vg="1" calling="0" calls="1" param="1" stmt="1" level="1" return="1" vocf="1.5" flin="0" fxln="0" ncalls="1">
</function>
<function name="Arctan2_f32" path="1" goto="0" vg="1" calling="0" calls="1" param="2" stmt="1" level="1" return="1" vocf="1.7" flin="0" fxln="0" ncalls="1">
</function>
<function name="Lim_f32" path="1" goto="0" vg="3" calling="0" calls="0" param="3" stmt="1" level="1" return="1" vocf="3.1" flin="0" fxln="0" ncalls="0">
</function>
<function name="Lim_u32" path="1" goto="0" vg="3" calling="0" calls="0" param="3" stmt="1" level="1" return="1" vocf="3.1" flin="0" fxln="0" ncalls="0">
</function>
<function name="Lim_s32" path="1" goto="0" vg="3" calling="0" calls="0" param="3" stmt="1" level="1" return="1" vocf="3.1" flin="0" fxln="0" ncalls="0">
</function>
<function name="Lim_u16" path="1" goto="0" vg="3" calling="0" calls="0" param="3" stmt="1" level="1" return="1" vocf="3.1" flin="0" fxln="0" ncalls="0">
</function>
<function name="Lim_s16" path="1" goto="0" vg="3" calling="0" calls="0" param="3" stmt="1" level="1" return="1" vocf="3.1" flin="0" fxln="0" ncalls="0">
</function>
<function name="Lim_u08" path="1" goto="0" vg="3" calling="2" calls="0" param="3" stmt="1" level="1" return="1" vocf="3.1" flin="0" fxln="0" ncalls="0">
</function>
<function name="Lim_s08" path="1" goto="0" vg="3" calling="0" calls="0" param="3" stmt="1" level="1" return="1" vocf="3.1" flin="0" fxln="0" ncalls="0">
</function>
<function name="Max_f32" path="1" goto="0" vg="2" calling="0" calls="0" param="2" stmt="1" level="1" return="1" vocf="2.2" flin="0" fxln="0" ncalls="0">
</function>
<function name="Max_u32" path="1" goto="0" vg="2" calling="0" calls="0" param="2" stmt="1" level="1" return="1" vocf="2.2" flin="0" fxln="0" ncalls="0">
</function>
<function name="Max_s32" path="1" goto="0" vg="2" calling="0" calls="0" param="2" stmt="1" level="1" return="1" vocf="2.2" flin="0" fxln="0" ncalls="0">
</function>
<function name="Max_u16" path="1" goto="0" vg="2" calling="0" calls="0" param="2" stmt="1" level="1" return="1" vocf="2.2" flin="0" fxln="0" ncalls="0">
</function>
<function name="Max_s16" path="1" goto="0" vg="2" calling="0" calls="0" param="2" stmt="1" level="1" return="1" vocf="2.2" flin="0" fxln="0" ncalls="0">
</function>
<function name="Max_u08" path="1" goto="0" vg="2" calling="0" calls="0" param="2" stmt="1" level="1" return="1" vocf="2.2" flin="0" fxln="0" ncalls="0">
</function>
<function name="Max_s08" path="1" goto="0" vg="2" calling="0" calls="0" param="2" stmt="1" level="1" return="1" vocf="2.2" flin="0" fxln="0" ncalls="0">
</function>
<function name="Min_f32" path="1" goto="0" vg="2" calling="0" calls="0" param="2" stmt="1" level="1" return="1" vocf="2.2" flin="0" fxln="0" ncalls="0">
</function>
<function name="Min_u32" path="1" goto="0" vg="2" calling="0" calls="0" param="2" stmt="1" level="1" return="1" vocf="2.2" flin="0" fxln="0" ncalls="0">
</function>
<function name="Min_s32" path="1" goto="0" vg="2" calling="0" calls="0" param="2" stmt="1" level="1" return="1" vocf="2.2" flin="0" fxln="0" ncalls="0">
</function>
<function name="Min_u16" path="1" goto="0" vg="2" calling="0" calls="0" param="2" stmt="1" level="1" return="1" vocf="2.2" flin="0" fxln="0" ncalls="0">
</function>
<function name="Min_s16" path="1" goto="0" vg="2" calling="0" calls="0" param="2" stmt="1" level="1" return="1" vocf="2.2" flin="0" fxln="0" ncalls="0">
</function>
<function name="Min_u08" path="1" goto="0" vg="2" calling="0" calls="0" param="2" stmt="1" level="1" return="1" vocf="2.2" flin="0" fxln="0" ncalls="0">
</function>
<function name="Min_s08" path="1" goto="0" vg="2" calling="0" calls="0" param="2" stmt="1" level="1" return="1" vocf="2.2" flin="0" fxln="0" ncalls="0">
</function>
<function name="Sign_s08_f32" path="1" goto="0" vg="2" calling="0" calls="0" param="1" stmt="1" level="1" return="1" vocf="2.2" flin="0" fxln="0" ncalls="0">
</function>
<function name="Sign_s08_s32" path="1" goto="0" vg="2" calling="0" calls="0" param="1" stmt="1" level="1" return="1" vocf="2.2" flin="0" fxln="0" ncalls="0">
</function>
<function name="Sign_s08_s16" path="1" goto="0" vg="2" calling="0" calls="0" param="1" stmt="1" level="1" return="1" vocf="2.2" flin="0" fxln="0" ncalls="0">
</function>
<function name="Sign_s08_s08" path="1" goto="0" vg="2" calling="0" calls="0" param="1" stmt="1" level="1" return="1" vocf="2.3" flin="0" fxln="0" ncalls="0">
</function>
<function name="Abslt_f32_f32" path="1" goto="0" vg="1" calling="0" calls="1" param="1" stmt="1" level="1" return="1" vocf="1.5" flin="0" fxln="0" ncalls="1">
</function>
<function name="Abslt_u32_s32" path="1" goto="0" vg="2" calling="0" calls="0" param="1" stmt="1" level="1" return="1" vocf="2.8" flin="0" fxln="0" ncalls="0">
</function>
<function name="Abslt_u16_s16" path="1" goto="0" vg="2" calling="0" calls="0" param="1" stmt="1" level="1" return="1" vocf="2.8" flin="0" fxln="0" ncalls="0">
</function>
<function name="Abslt_u08_s08" path="1" goto="0" vg="2" calling="0" calls="0" param="1" stmt="1" level="1" return="1" vocf="2.8" flin="0" fxln="0" ncalls="0">
</function>
<function name="Blnd_f32" path="1" goto="0" vg="1" calling="0" calls="0" param="3" stmt="1" level="1" return="1" vocf="6.0" flin="0" fxln="0" ncalls="0">
</function>
<function name="fabsf" path="2" goto="0" vg="2" calling="1" calls="0" param="1" stmt="3" level="1" return="1" vocf="2.3" flin="0" fxln="0" ncalls="0">
</function>
</file>
</project>
