<?xml version="1.0" encoding="UTF-8"?>

<MISRA-C-Report version="1.3">


<CodeStruct Name="" File="C:\_Synergy_Projects\Working\ses_dev_ea4\SF102A_MotCtrlPrmEstimn_Impl\src\MotCtrlPrmEstimn.c" Line="0" Column="0">

<Rule Name="5.1" Mode="required" Report="warning" Id="1">
<Loc File="C:\_Synergy_Projects\Working\ses_dev_ea4\SF102A_MotCtrlPrmEstimn_Impl\src\MotCtrlPrmEstimn.c" Line="111" Column="9">
</Loc>
<Message>
Identifiers "PrmMotCtrlPrmEstimnMotBackEmfConSatnX" (MotCtrlPrmEstimn.c line 110 column 9) and "PrmMotCtrlPrmEstimnMotBackEmfConSatnY" (MotCtrlPrmEstimn.c line 111 column 9) have the same first 36 characters.
</Message>
</Rule>

<Rule Name="19.1" Mode="advisory" Report="warning" Id="2">
<Loc File="C:\_Synergy_Projects\Working\ses_dev_ea4\SF102A_MotCtrlPrmEstimn_Impl\src\MotCtrlPrmEstimn.c" Line="802" Column="0">
</Loc>
<Message>
#include statements in a file shall only be preceded by other preprocessor directives or comments.
</Message>
</Rule>

</CodeStruct>

<CodeStruct Name="MotCtrlPrmEstimnPer1" File="C:\_Synergy_Projects\Working\ses_dev_ea4\SF102A_MotCtrlPrmEstimn_Impl\src\MotCtrlPrmEstimn.c" Line="411" Column="5">

<Rule Name="5.1" Mode="required" Report="warning" Id="3">
<Loc File="C:\_Synergy_Projects\Working\ses_dev_ea4\SF102A_MotCtrlPrmEstimn_Impl\src\MotCtrlPrmEstimn.c" Line="433" Column="17">
</Loc>
<Message>
Identifiers "MotInduEstimdSatnSclFacQax_Uls_T_u2p14" (MotCtrlPrmEstimn.c line 432 column 15) and "MotInduEstimdSatnSclFacQax_Uls_T_f32" (MotCtrlPrmEstimn.c line 433 column 17) have the same first 33 characters.
</Message>
</Rule>

<Rule Name="5.1" Mode="required" Report="warning" Id="4">
<Loc File="C:\_Synergy_Projects\Working\ses_dev_ea4\SF102A_MotCtrlPrmEstimn_Impl\src\MotCtrlPrmEstimn.c" Line="437" Column="17">
</Loc>
<Message>
Identifiers "MotInduEstimdSatnSclFacDax_Uls_T_u2p14" (MotCtrlPrmEstimn.c line 436 column 15) and "MotInduEstimdSatnSclFacDax_Uls_T_f32" (MotCtrlPrmEstimn.c line 437 column 17) have the same first 33 characters.
</Message>
</Rule>

<Rule Name="11.5" Mode="required" Report="warning" Id="5">
<Loc File="C:\_Synergy_Projects\Working\ses_dev_ea4\SF102A_MotCtrlPrmEstimn_Impl\src\MotCtrlPrmEstimn.c" Line="477" Column="123">
</Loc>
<Message>
A cast shall not be performed that removes any const or volatile qualification
from the type addressed by a pointer.
</Message>
</Rule>

<Rule Name="11.5" Mode="required" Report="warning" Id="6">
<Loc File="C:\_Synergy_Projects\Working\ses_dev_ea4\SF102A_MotCtrlPrmEstimn_Impl\src\MotCtrlPrmEstimn.c" Line="478" Column="123">
</Loc>
<Message>
A cast shall not be performed that removes any const or volatile qualification
from the type addressed by a pointer.
</Message>
</Rule>

<Rule Name="11.5" Mode="required" Report="warning" Id="7">
<Loc File="C:\_Synergy_Projects\Working\ses_dev_ea4\SF102A_MotCtrlPrmEstimn_Impl\src\MotCtrlPrmEstimn.c" Line="479" Column="139">
</Loc>
<Message>
A cast shall not be performed that removes any const or volatile qualification
from the type addressed by a pointer.
</Message>
</Rule>

<Rule Name="11.5" Mode="required" Report="warning" Id="8">
<Loc File="C:\_Synergy_Projects\Working\ses_dev_ea4\SF102A_MotCtrlPrmEstimn_Impl\src\MotCtrlPrmEstimn.c" Line="479" Column="243">
</Loc>
<Message>
A cast shall not be performed that removes any const or volatile qualification
from the type addressed by a pointer.
</Message>
</Rule>

<Rule Name="11.5" Mode="required" Report="warning" Id="9">
<Loc File="C:\_Synergy_Projects\Working\ses_dev_ea4\SF102A_MotCtrlPrmEstimn_Impl\src\MotCtrlPrmEstimn.c" Line="518" Column="107">
</Loc>
<Message>
A cast shall not be performed that removes any const or volatile qualification
from the type addressed by a pointer.
</Message>
</Rule>

<Rule Name="11.5" Mode="required" Report="warning" Id="10">
<Loc File="C:\_Synergy_Projects\Working\ses_dev_ea4\SF102A_MotCtrlPrmEstimn_Impl\src\MotCtrlPrmEstimn.c" Line="519" Column="123">
</Loc>
<Message>
A cast shall not be performed that removes any const or volatile qualification
from the type addressed by a pointer.
</Message>
</Rule>

<Rule Name="11.5" Mode="required" Report="warning" Id="11">
<Loc File="C:\_Synergy_Projects\Working\ses_dev_ea4\SF102A_MotCtrlPrmEstimn_Impl\src\MotCtrlPrmEstimn.c" Line="519" Column="235">
</Loc>
<Message>
A cast shall not be performed that removes any const or volatile qualification
from the type addressed by a pointer.
</Message>
</Rule>

<Rule Name="11.5" Mode="required" Report="warning" Id="12">
<Loc File="C:\_Synergy_Projects\Working\ses_dev_ea4\SF102A_MotCtrlPrmEstimn_Impl\src\MotCtrlPrmEstimn.c" Line="520" Column="107">
</Loc>
<Message>
A cast shall not be performed that removes any const or volatile qualification
from the type addressed by a pointer.
</Message>
</Rule>

<Rule Name="11.5" Mode="required" Report="warning" Id="13">
<Loc File="C:\_Synergy_Projects\Working\ses_dev_ea4\SF102A_MotCtrlPrmEstimn_Impl\src\MotCtrlPrmEstimn.c" Line="521" Column="122">
</Loc>
<Message>
A cast shall not be performed that removes any const or volatile qualification
from the type addressed by a pointer.
</Message>
</Rule>

<Rule Name="11.5" Mode="required" Report="warning" Id="14">
<Loc File="C:\_Synergy_Projects\Working\ses_dev_ea4\SF102A_MotCtrlPrmEstimn_Impl\src\MotCtrlPrmEstimn.c" Line="522" Column="123">
</Loc>
<Message>
A cast shall not be performed that removes any const or volatile qualification
from the type addressed by a pointer.
</Message>
</Rule>

<Rule Name="11.5" Mode="required" Report="warning" Id="15">
<Loc File="C:\_Synergy_Projects\Working\ses_dev_ea4\SF102A_MotCtrlPrmEstimn_Impl\src\MotCtrlPrmEstimn.c" Line="522" Column="227">
</Loc>
<Message>
A cast shall not be performed that removes any const or volatile qualification
from the type addressed by a pointer.
</Message>
</Rule>

<Rule Name="21.1" Mode="required" Report="warning" Id="16">
<Loc File="C:\_Synergy_Projects\Working\ses_dev_ea4\SF102A_MotCtrlPrmEstimn_Impl\src\MotCtrlPrmEstimn.c" Line="546" Column="59">
</Loc>
<Message>
Minimisation of run-time failures.
</Message>
</Rule>

<Rule Name="11.5" Mode="required" Report="warning" Id="17">
<Loc File="C:\_Synergy_Projects\Working\ses_dev_ea4\SF102A_MotCtrlPrmEstimn_Impl\src\MotCtrlPrmEstimn.c" Line="563" Column="107">
</Loc>
<Message>
A cast shall not be performed that removes any const or volatile qualification
from the type addressed by a pointer.
</Message>
</Rule>

<Rule Name="11.5" Mode="required" Report="warning" Id="18">
<Loc File="C:\_Synergy_Projects\Working\ses_dev_ea4\SF102A_MotCtrlPrmEstimn_Impl\src\MotCtrlPrmEstimn.c" Line="564" Column="123">
</Loc>
<Message>
A cast shall not be performed that removes any const or volatile qualification
from the type addressed by a pointer.
</Message>
</Rule>

<Rule Name="11.5" Mode="required" Report="warning" Id="19">
<Loc File="C:\_Synergy_Projects\Working\ses_dev_ea4\SF102A_MotCtrlPrmEstimn_Impl\src\MotCtrlPrmEstimn.c" Line="564" Column="235">
</Loc>
<Message>
A cast shall not be performed that removes any const or volatile qualification
from the type addressed by a pointer.
</Message>
</Rule>

<Rule Name="11.5" Mode="required" Report="warning" Id="20">
<Loc File="C:\_Synergy_Projects\Working\ses_dev_ea4\SF102A_MotCtrlPrmEstimn_Impl\src\MotCtrlPrmEstimn.c" Line="565" Column="107">
</Loc>
<Message>
A cast shall not be performed that removes any const or volatile qualification
from the type addressed by a pointer.
</Message>
</Rule>

<Rule Name="11.5" Mode="required" Report="warning" Id="21">
<Loc File="C:\_Synergy_Projects\Working\ses_dev_ea4\SF102A_MotCtrlPrmEstimn_Impl\src\MotCtrlPrmEstimn.c" Line="566" Column="122">
</Loc>
<Message>
A cast shall not be performed that removes any const or volatile qualification
from the type addressed by a pointer.
</Message>
</Rule>

<Rule Name="11.5" Mode="required" Report="warning" Id="22">
<Loc File="C:\_Synergy_Projects\Working\ses_dev_ea4\SF102A_MotCtrlPrmEstimn_Impl\src\MotCtrlPrmEstimn.c" Line="567" Column="123">
</Loc>
<Message>
A cast shall not be performed that removes any const or volatile qualification
from the type addressed by a pointer.
</Message>
</Rule>

<Rule Name="11.5" Mode="required" Report="warning" Id="23">
<Loc File="C:\_Synergy_Projects\Working\ses_dev_ea4\SF102A_MotCtrlPrmEstimn_Impl\src\MotCtrlPrmEstimn.c" Line="567" Column="227">
</Loc>
<Message>
A cast shall not be performed that removes any const or volatile qualification
from the type addressed by a pointer.
</Message>
</Rule>

<Rule Name="21.1" Mode="required" Report="warning" Id="24">
<Loc File="C:\_Synergy_Projects\Working\ses_dev_ea4\SF102A_MotCtrlPrmEstimn_Impl\src\MotCtrlPrmEstimn.c" Line="592" Column="59">
</Loc>
<Message>
Minimisation of run-time failures.
</Message>
</Rule>

</CodeStruct>

</MISRA-C-Report>
