<?xml version="1.0" encoding="UTF-8"?>

<MISRA-C-Report version="1.3">


<CodeStruct Name="" File="C:\_PratikJadhav\_Synergy_Projects\Working\MM099A_BmwMsgSlot56Bas0Repn2BusFrChA_Impl\src\BmwMsgSlot56Bas0Repn2BusFrChA.c" Line="0" Column="0">

<Rule Name="19.1" Mode="advisory" Report="warning" Id="1">
<Loc File="C:\_PratikJadhav\_Synergy_Projects\Working\MM099A_BmwMsgSlot56Bas0Repn2BusFrChA_Impl\src\BmwMsgSlot56Bas0Repn2BusFrChA.c" Line="715" Column="0">
</Loc>
<Message>
#include statements in a file shall only be preceded by other preprocessor directives or comments.
</Message>
</Rule>

<Rule Name="5.1" Mode="required" Report="warning" Id="2">
<Loc File="C:\_PratikJadhav\_Synergy_Projects\Working\MM099A_BmwMsgSlot56Bas0Repn2BusFrChA_Impl\src\BmwMsgSlot56Bas0Repn2BusFrChA.c" Line="1102" Column="8">
</Loc>
<Message>
Identifiers "BmwMsgSlot56Bas0Repn2BusFrChA_STOP_SEC_CODE" (BmwMsgSlot56Bas0Repn2BusFrChA.c line 1102 column 8) and "BmwMsgSlot56Bas0Repn2BusFrChA_START_SEC_CODE" (BmwMsgSlot56Bas0Repn2BusFrChA.c line 714 column 8) have the same first 32 characters.
</Message>
</Rule>

<Rule Name="19.1" Mode="advisory" Report="warning" Id="3">
<Loc File="C:\_PratikJadhav\_Synergy_Projects\Working\MM099A_BmwMsgSlot56Bas0Repn2BusFrChA_Impl\src\BmwMsgSlot56Bas0Repn2BusFrChA.c" Line="1103" Column="0">
</Loc>
<Message>
#include statements in a file shall only be preceded by other preprocessor directives or comments.
</Message>
</Rule>

<Rule Name="5.1" Mode="required" Report="warning" Id="4">
<Loc File="C:\_PratikJadhav\_Synergy_Projects\Working\MM099A_BmwMsgSlot56Bas0Repn2BusFrChA_Impl\src\BmwMsgSlot56Bas0Repn2BusFrChA.c" Line="1109" Column="9">
</Loc>
<Message>
Identifiers "BmwMsgSlot56Bas0Repn2BusFrChA_STOP_SEC_CODE" (BmwMsgSlot56Bas0Repn2BusFrChA.c line 1102 column 8) and "BmwMsgSlot56Bas0Repn2BusFrChA_START_SEC_CODE" (BmwMsgSlot56Bas0Repn2BusFrChA.c line 1109 column 9) have the same first 32 characters.
</Message>
</Rule>

<Rule Name="19.1" Mode="advisory" Report="warning" Id="5">
<Loc File="C:\_PratikJadhav\_Synergy_Projects\Working\MM099A_BmwMsgSlot56Bas0Repn2BusFrChA_Impl\src\BmwMsgSlot56Bas0Repn2BusFrChA.c" Line="1110" Column="0">
</Loc>
<Message>
#include statements in a file shall only be preceded by other preprocessor directives or comments.
</Message>
</Rule>

<Rule Name="5.1" Mode="required" Report="warning" Id="6">
<Loc File="C:\_PratikJadhav\_Synergy_Projects\Working\MM099A_BmwMsgSlot56Bas0Repn2BusFrChA_Impl\src\BmwMsgSlot56Bas0Repn2BusFrChA.c" Line="1132" Column="8">
</Loc>
<Message>
Identifiers "BmwMsgSlot56Bas0Repn2BusFrChA_STOP_SEC_CODE" (BmwMsgSlot56Bas0Repn2BusFrChA.c line 1132 column 8) and "BmwMsgSlot56Bas0Repn2BusFrChA_START_SEC_CODE" (BmwMsgSlot56Bas0Repn2BusFrChA.c line 714 column 8) have the same first 32 characters.
Identifiers "BmwMsgSlot56Bas0Repn2BusFrChA_STOP_SEC_CODE" (BmwMsgSlot56Bas0Repn2BusFrChA.c line 1132 column 8) and "BmwMsgSlot56Bas0Repn2BusFrChA_START_SEC_CODE" (BmwMsgSlot56Bas0Repn2BusFrChA.c line 1109 column 9) have the same first 32 characters.
</Message>
</Rule>

<Rule Name="19.1" Mode="advisory" Report="warning" Id="7">
<Loc File="C:\_PratikJadhav\_Synergy_Projects\Working\MM099A_BmwMsgSlot56Bas0Repn2BusFrChA_Impl\src\BmwMsgSlot56Bas0Repn2BusFrChA.c" Line="1133" Column="0">
</Loc>
<Message>
#include statements in a file shall only be preceded by other preprocessor directives or comments.
</Message>
</Rule>

</CodeStruct>

<CodeStruct Name="VYAW_VEH_Received_Oper" File="C:\_PratikJadhav\_Synergy_Projects\Working\MM099A_BmwMsgSlot56Bas0Repn2BusFrChA_Impl\src\BmwMsgSlot56Bas0Repn2BusFrChA.c" Line="937" Column="5">

<Rule Name="5.1" Mode="required" Report="warning" Id="8">
<Loc File="C:\_PratikJadhav\_Synergy_Projects\Working\MM099A_BmwMsgSlot56Bas0Repn2BusFrChA_Impl\src\BmwMsgSlot56Bas0Repn2BusFrChA.c" Line="947" Column="16">
</Loc>
<Message>
Identifiers "BmwVehYawRate_VehDegPerSec_T_f32" (BmwMsgSlot56Bas0Repn2BusFrChA.c line 834 column 16) and "BmwVehYawRate_VehDegPerSec_T_f32" (BmwMsgSlot56Bas0Repn2BusFrChA.c line 947 column 16) have the same first 32 characters.
</Message>
</Rule>

<Rule Name="10.1" Mode="required" Report="warning" Id="9">
<Loc File="C:\_PratikJadhav\_Synergy_Projects\Working\MM099A_BmwMsgSlot56Bas0Repn2BusFrChA_Impl\src\BmwMsgSlot56Bas0Repn2BusFrChA.c" Line="955" Column="28">
</Loc>
<Message>
Implicit conversion of the expression of underlying type 'unsigned long' to the
type 'unsigned char' that is not a wider integer type of the same signedness.
</Message>
</Rule>

<Rule Name="21.1" Mode="required" Report="warning" Id="10">
<Loc File="C:\_PratikJadhav\_Synergy_Projects\Working\MM099A_BmwMsgSlot56Bas0Repn2BusFrChA_Impl\src\BmwMsgSlot56Bas0Repn2BusFrChA.c" Line="957" Column="51">
</Loc>
<Message>
Minimisation of run-time failures.
</Message>
</Rule>

<Rule Name="21.1" Mode="required" Report="warning" Id="11">
<Loc File="C:\_PratikJadhav\_Synergy_Projects\Working\MM099A_BmwMsgSlot56Bas0Repn2BusFrChA_Impl\src\BmwMsgSlot56Bas0Repn2BusFrChA.c" Line="957" Column="91">
</Loc>
<Message>
Minimisation of run-time failures.
</Message>
</Rule>

<Rule Name="21.1" Mode="required" Report="warning" Id="12">
<Loc File="C:\_PratikJadhav\_Synergy_Projects\Working\MM099A_BmwMsgSlot56Bas0Repn2BusFrChA_Impl\src\BmwMsgSlot56Bas0Repn2BusFrChA.c" Line="958" Column="59">
</Loc>
<Message>
Minimisation of run-time failures.
</Message>
</Rule>

<Rule Name="9.1" Mode="required" Report="warning" Id="13">
<Loc File="C:\_PratikJadhav\_Synergy_Projects\Working\MM099A_BmwMsgSlot56Bas0Repn2BusFrChA_Impl\src\BmwMsgSlot56Bas0Repn2BusFrChA.c" Line="961" Column="11">
</Loc>
<Message>
All automatic variables shall have been assigned a value before being used.
</Message>
</Rule>

<Rule Name="21.1" Mode="required" Report="warning" Id="14">
<Loc File="C:\_PratikJadhav\_Synergy_Projects\Working\MM099A_BmwMsgSlot56Bas0Repn2BusFrChA_Impl\src\BmwMsgSlot56Bas0Repn2BusFrChA.c" Line="969" Column="16">
</Loc>
<Message>
Minimisation of run-time failures.
</Message>
</Rule>

<Rule Name="21.1" Mode="required" Report="warning" Id="15">
<Loc File="C:\_PratikJadhav\_Synergy_Projects\Working\MM099A_BmwMsgSlot56Bas0Repn2BusFrChA_Impl\src\BmwMsgSlot56Bas0Repn2BusFrChA.c" Line="970" Column="16">
</Loc>
<Message>
Minimisation of run-time failures.
</Message>
</Rule>

<Rule Name="21.1" Mode="required" Report="warning" Id="16">
<Loc File="C:\_PratikJadhav\_Synergy_Projects\Working\MM099A_BmwMsgSlot56Bas0Repn2BusFrChA_Impl\src\BmwMsgSlot56Bas0Repn2BusFrChA.c" Line="971" Column="16">
</Loc>
<Message>
Minimisation of run-time failures.
</Message>
</Rule>

<Rule Name="21.1" Mode="required" Report="warning" Id="17">
<Loc File="C:\_PratikJadhav\_Synergy_Projects\Working\MM099A_BmwMsgSlot56Bas0Repn2BusFrChA_Impl\src\BmwMsgSlot56Bas0Repn2BusFrChA.c" Line="972" Column="16">
</Loc>
<Message>
Minimisation of run-time failures.
</Message>
</Rule>

<Rule Name="21.1" Mode="required" Report="warning" Id="18">
<Loc File="C:\_PratikJadhav\_Synergy_Projects\Working\MM099A_BmwMsgSlot56Bas0Repn2BusFrChA_Impl\src\BmwMsgSlot56Bas0Repn2BusFrChA.c" Line="973" Column="16">
</Loc>
<Message>
Minimisation of run-time failures.
</Message>
</Rule>

<Rule Name="21.1" Mode="required" Report="warning" Id="19">
<Loc File="C:\_PratikJadhav\_Synergy_Projects\Working\MM099A_BmwMsgSlot56Bas0Repn2BusFrChA_Impl\src\BmwMsgSlot56Bas0Repn2BusFrChA.c" Line="974" Column="16">
</Loc>
<Message>
Minimisation of run-time failures.
</Message>
</Rule>

<Rule Name="21.1" Mode="required" Report="warning" Id="20">
<Loc File="C:\_PratikJadhav\_Synergy_Projects\Working\MM099A_BmwMsgSlot56Bas0Repn2BusFrChA_Impl\src\BmwMsgSlot56Bas0Repn2BusFrChA.c" Line="975" Column="16">
</Loc>
<Message>
Minimisation of run-time failures.
</Message>
</Rule>

<Rule Name="21.1" Mode="required" Report="warning" Id="21">
<Loc File="C:\_PratikJadhav\_Synergy_Projects\Working\MM099A_BmwMsgSlot56Bas0Repn2BusFrChA_Impl\src\BmwMsgSlot56Bas0Repn2BusFrChA.c" Line="976" Column="16">
</Loc>
<Message>
Minimisation of run-time failures.
</Message>
</Rule>

<Rule Name="21.1" Mode="required" Report="warning" Id="22">
<Loc File="C:\_PratikJadhav\_Synergy_Projects\Working\MM099A_BmwMsgSlot56Bas0Repn2BusFrChA_Impl\src\BmwMsgSlot56Bas0Repn2BusFrChA.c" Line="977" Column="16">
</Loc>
<Message>
Minimisation of run-time failures.
</Message>
</Rule>

<Rule Name="21.1" Mode="required" Report="warning" Id="23">
<Loc File="C:\_PratikJadhav\_Synergy_Projects\Working\MM099A_BmwMsgSlot56Bas0Repn2BusFrChA_Impl\src\BmwMsgSlot56Bas0Repn2BusFrChA.c" Line="982" Column="19">
</Loc>
<Message>
Minimisation of run-time failures.
</Message>
</Rule>

<Rule Name="21.1" Mode="required" Report="warning" Id="24">
<Loc File="C:\_PratikJadhav\_Synergy_Projects\Working\MM099A_BmwMsgSlot56Bas0Repn2BusFrChA_Impl\src\BmwMsgSlot56Bas0Repn2BusFrChA.c" Line="992" Column="8">
</Loc>
<Message>
Minimisation of run-time failures.
</Message>
</Rule>

<Rule Name="21.1" Mode="required" Report="warning" Id="25">
<Loc File="C:\_PratikJadhav\_Synergy_Projects\Working\MM099A_BmwMsgSlot56Bas0Repn2BusFrChA_Impl\src\BmwMsgSlot56Bas0Repn2BusFrChA.c" Line="1003" Column="16">
</Loc>
<Message>
Minimisation of run-time failures.
</Message>
</Rule>

<Rule Name="21.1" Mode="required" Report="warning" Id="26">
<Loc File="C:\_PratikJadhav\_Synergy_Projects\Working\MM099A_BmwMsgSlot56Bas0Repn2BusFrChA_Impl\src\BmwMsgSlot56Bas0Repn2BusFrChA.c" Line="1004" Column="16">
</Loc>
<Message>
Minimisation of run-time failures.
</Message>
</Rule>

<Rule Name="21.1" Mode="required" Report="warning" Id="27">
<Loc File="C:\_PratikJadhav\_Synergy_Projects\Working\MM099A_BmwMsgSlot56Bas0Repn2BusFrChA_Impl\src\BmwMsgSlot56Bas0Repn2BusFrChA.c" Line="1005" Column="16">
</Loc>
<Message>
Minimisation of run-time failures.
</Message>
</Rule>

<Rule Name="21.1" Mode="required" Report="warning" Id="28">
<Loc File="C:\_PratikJadhav\_Synergy_Projects\Working\MM099A_BmwMsgSlot56Bas0Repn2BusFrChA_Impl\src\BmwMsgSlot56Bas0Repn2BusFrChA.c" Line="1006" Column="16">
</Loc>
<Message>
Minimisation of run-time failures.
</Message>
</Rule>

<Rule Name="21.1" Mode="required" Report="warning" Id="29">
<Loc File="C:\_PratikJadhav\_Synergy_Projects\Working\MM099A_BmwMsgSlot56Bas0Repn2BusFrChA_Impl\src\BmwMsgSlot56Bas0Repn2BusFrChA.c" Line="1007" Column="16">
</Loc>
<Message>
Minimisation of run-time failures.
</Message>
</Rule>

<Rule Name="21.1" Mode="required" Report="warning" Id="30">
<Loc File="C:\_PratikJadhav\_Synergy_Projects\Working\MM099A_BmwMsgSlot56Bas0Repn2BusFrChA_Impl\src\BmwMsgSlot56Bas0Repn2BusFrChA.c" Line="1008" Column="16">
</Loc>
<Message>
Minimisation of run-time failures.
</Message>
</Rule>

<Rule Name="9.1" Mode="required" Report="warning" Id="31">
<Loc File="C:\_PratikJadhav\_Synergy_Projects\Working\MM099A_BmwMsgSlot56Bas0Repn2BusFrChA_Impl\src\BmwMsgSlot56Bas0Repn2BusFrChA.c" Line="1019" Column="53">
</Loc>
<Message>
All automatic variables shall have been assigned a value before being used.
</Message>
</Rule>

<Rule Name="21.1" Mode="required" Report="warning" Id="32">
<Loc File="C:\_PratikJadhav\_Synergy_Projects\Working\MM099A_BmwMsgSlot56Bas0Repn2BusFrChA_Impl\src\BmwMsgSlot56Bas0Repn2BusFrChA.c" Line="1028" Column="24">
</Loc>
<Message>
Minimisation of run-time failures.
</Message>
</Rule>

<Rule Name="21.1" Mode="required" Report="warning" Id="33">
<Loc File="C:\_PratikJadhav\_Synergy_Projects\Working\MM099A_BmwMsgSlot56Bas0Repn2BusFrChA_Impl\src\BmwMsgSlot56Bas0Repn2BusFrChA.c" Line="1029" Column="24">
</Loc>
<Message>
Minimisation of run-time failures.
</Message>
</Rule>

<Rule Name="21.1" Mode="required" Report="warning" Id="34">
<Loc File="C:\_PratikJadhav\_Synergy_Projects\Working\MM099A_BmwMsgSlot56Bas0Repn2BusFrChA_Impl\src\BmwMsgSlot56Bas0Repn2BusFrChA.c" Line="1030" Column="24">
</Loc>
<Message>
Minimisation of run-time failures.
</Message>
</Rule>

<Rule Name="21.1" Mode="required" Report="warning" Id="35">
<Loc File="C:\_PratikJadhav\_Synergy_Projects\Working\MM099A_BmwMsgSlot56Bas0Repn2BusFrChA_Impl\src\BmwMsgSlot56Bas0Repn2BusFrChA.c" Line="1031" Column="24">
</Loc>
<Message>
Minimisation of run-time failures.
</Message>
</Rule>

<Rule Name="9.1" Mode="required" Report="warning" Id="36">
<Loc File="C:\_PratikJadhav\_Synergy_Projects\Working\MM099A_BmwMsgSlot56Bas0Repn2BusFrChA_Impl\src\BmwMsgSlot56Bas0Repn2BusFrChA.c" Line="1040" Column="57">
</Loc>
<Message>
All automatic variables shall have been assigned a value before being used.
</Message>
</Rule>

<Rule Name="9.1" Mode="required" Report="warning" Id="37">
<Loc File="C:\_PratikJadhav\_Synergy_Projects\Working\MM099A_BmwMsgSlot56Bas0Repn2BusFrChA_Impl\src\BmwMsgSlot56Bas0Repn2BusFrChA.c" Line="1067" Column="55">
</Loc>
<Message>
All automatic variables shall have been assigned a value before being used.
</Message>
</Rule>

</CodeStruct>

<CodeStruct Name="BmwMsgSlot56Bas0Repn2BusFrChAInit1" File="C:\_PratikJadhav\_Synergy_Projects\Working\MM099A_BmwMsgSlot56Bas0Repn2BusFrChA_Impl\src\BmwMsgSlot56Bas0Repn2BusFrChA.c" Line="762" Column="5">

<Rule Name="21.1" Mode="required" Report="warning" Id="38">
<Loc File="C:\_PratikJadhav\_Synergy_Projects\Working\MM099A_BmwMsgSlot56Bas0Repn2BusFrChA_Impl\src\BmwMsgSlot56Bas0Repn2BusFrChA.c" Line="774" Column="1">
</Loc>
<Message>
Minimisation of run-time failures.
</Message>
</Rule>

<Rule Name="21.1" Mode="required" Report="warning" Id="39">
<Loc File="C:\_PratikJadhav\_Synergy_Projects\Working\MM099A_BmwMsgSlot56Bas0Repn2BusFrChA_Impl\src\BmwMsgSlot56Bas0Repn2BusFrChA.c" Line="774" Column="41">
</Loc>
<Message>
Minimisation of run-time failures.
</Message>
</Rule>

<Rule Name="21.1" Mode="required" Report="warning" Id="40">
<Loc File="C:\_PratikJadhav\_Synergy_Projects\Working\MM099A_BmwMsgSlot56Bas0Repn2BusFrChA_Impl\src\BmwMsgSlot56Bas0Repn2BusFrChA.c" Line="775" Column="1">
</Loc>
<Message>
Minimisation of run-time failures.
</Message>
</Rule>

</CodeStruct>

<CodeStruct Name="ChkNtcSts" File="C:\_PratikJadhav\_Synergy_Projects\Working\MM099A_BmwMsgSlot56Bas0Repn2BusFrChA_Impl\src\BmwMsgSlot56Bas0Repn2BusFrChA.c" Line="1118" Column="12">

<Rule Name="21.1" Mode="required" Report="warning" Id="41">
<Loc File="C:\_PratikJadhav\_Synergy_Projects\Working\MM099A_BmwMsgSlot56Bas0Repn2BusFrChA_Impl\src\BmwMsgSlot56Bas0Repn2BusFrChA.c" Line="1120" Column="11">
</Loc>
<Message>
Minimisation of run-time failures.
</Message>
</Rule>

<Rule Name="21.1" Mode="required" Report="warning" Id="42">
<Loc File="C:\_PratikJadhav\_Synergy_Projects\Working\MM099A_BmwMsgSlot56Bas0Repn2BusFrChA_Impl\src\BmwMsgSlot56Bas0Repn2BusFrChA.c" Line="1128" Column="8">
</Loc>
<Message>
Minimisation of run-time failures.
</Message>
</Rule>

</CodeStruct>

<CodeStruct Name="VYAW_VEH_Missing_Oper" File="C:\_PratikJadhav\_Synergy_Projects\Working\MM099A_BmwMsgSlot56Bas0Repn2BusFrChA_Impl\src\BmwMsgSlot56Bas0Repn2BusFrChA.c" Line="828" Column="5">

<Rule Name="9.1" Mode="required" Report="warning" Id="43">
<Loc File="C:\_PratikJadhav\_Synergy_Projects\Working\MM099A_BmwMsgSlot56Bas0Repn2BusFrChA_Impl\src\BmwMsgSlot56Bas0Repn2BusFrChA.c" Line="843" Column="11">
</Loc>
<Message>
All automatic variables shall have been assigned a value before being used.
</Message>
</Rule>

<Rule Name="21.1" Mode="required" Report="warning" Id="44">
<Loc File="C:\_PratikJadhav\_Synergy_Projects\Working\MM099A_BmwMsgSlot56Bas0Repn2BusFrChA_Impl\src\BmwMsgSlot56Bas0Repn2BusFrChA.c" Line="845" Column="16">
</Loc>
<Message>
Minimisation of run-time failures.
</Message>
</Rule>

<Rule Name="21.1" Mode="required" Report="warning" Id="45">
<Loc File="C:\_PratikJadhav\_Synergy_Projects\Working\MM099A_BmwMsgSlot56Bas0Repn2BusFrChA_Impl\src\BmwMsgSlot56Bas0Repn2BusFrChA.c" Line="845" Column="56">
</Loc>
<Message>
Minimisation of run-time failures.
</Message>
</Rule>

<Rule Name="21.1" Mode="required" Report="warning" Id="46">
<Loc File="C:\_PratikJadhav\_Synergy_Projects\Working\MM099A_BmwMsgSlot56Bas0Repn2BusFrChA_Impl\src\BmwMsgSlot56Bas0Repn2BusFrChA.c" Line="855" Column="19">
</Loc>
<Message>
Minimisation of run-time failures.
</Message>
</Rule>

<Rule Name="21.1" Mode="required" Report="warning" Id="47">
<Loc File="C:\_PratikJadhav\_Synergy_Projects\Working\MM099A_BmwMsgSlot56Bas0Repn2BusFrChA_Impl\src\BmwMsgSlot56Bas0Repn2BusFrChA.c" Line="855" Column="59">
</Loc>
<Message>
Minimisation of run-time failures.
</Message>
</Rule>

<Rule Name="21.1" Mode="required" Report="warning" Id="48">
<Loc File="C:\_PratikJadhav\_Synergy_Projects\Working\MM099A_BmwMsgSlot56Bas0Repn2BusFrChA_Impl\src\BmwMsgSlot56Bas0Repn2BusFrChA.c" Line="865" Column="51">
</Loc>
<Message>
Minimisation of run-time failures.
</Message>
</Rule>

<Rule Name="21.1" Mode="required" Report="warning" Id="49">
<Loc File="C:\_PratikJadhav\_Synergy_Projects\Working\MM099A_BmwMsgSlot56Bas0Repn2BusFrChA_Impl\src\BmwMsgSlot56Bas0Repn2BusFrChA.c" Line="866" Column="59">
</Loc>
<Message>
Minimisation of run-time failures.
</Message>
</Rule>

<Rule Name="21.1" Mode="required" Report="warning" Id="50">
<Loc File="C:\_PratikJadhav\_Synergy_Projects\Working\MM099A_BmwMsgSlot56Bas0Repn2BusFrChA_Impl\src\BmwMsgSlot56Bas0Repn2BusFrChA.c" Line="870" Column="8">
</Loc>
<Message>
Minimisation of run-time failures.
</Message>
</Rule>

<Rule Name="21.1" Mode="required" Report="warning" Id="51">
<Loc File="C:\_PratikJadhav\_Synergy_Projects\Working\MM099A_BmwMsgSlot56Bas0Repn2BusFrChA_Impl\src\BmwMsgSlot56Bas0Repn2BusFrChA.c" Line="871" Column="8">
</Loc>
<Message>
Minimisation of run-time failures.
</Message>
</Rule>

<Rule Name="21.1" Mode="required" Report="warning" Id="52">
<Loc File="C:\_PratikJadhav\_Synergy_Projects\Working\MM099A_BmwMsgSlot56Bas0Repn2BusFrChA_Impl\src\BmwMsgSlot56Bas0Repn2BusFrChA.c" Line="872" Column="8">
</Loc>
<Message>
Minimisation of run-time failures.
</Message>
</Rule>

<Rule Name="21.1" Mode="required" Report="warning" Id="53">
<Loc File="C:\_PratikJadhav\_Synergy_Projects\Working\MM099A_BmwMsgSlot56Bas0Repn2BusFrChA_Impl\src\BmwMsgSlot56Bas0Repn2BusFrChA.c" Line="873" Column="8">
</Loc>
<Message>
Minimisation of run-time failures.
</Message>
</Rule>

<Rule Name="21.1" Mode="required" Report="warning" Id="54">
<Loc File="C:\_PratikJadhav\_Synergy_Projects\Working\MM099A_BmwMsgSlot56Bas0Repn2BusFrChA_Impl\src\BmwMsgSlot56Bas0Repn2BusFrChA.c" Line="874" Column="8">
</Loc>
<Message>
Minimisation of run-time failures.
</Message>
</Rule>

<Rule Name="21.1" Mode="required" Report="warning" Id="55">
<Loc File="C:\_PratikJadhav\_Synergy_Projects\Working\MM099A_BmwMsgSlot56Bas0Repn2BusFrChA_Impl\src\BmwMsgSlot56Bas0Repn2BusFrChA.c" Line="875" Column="8">
</Loc>
<Message>
Minimisation of run-time failures.
</Message>
</Rule>

<Rule Name="21.1" Mode="required" Report="warning" Id="56">
<Loc File="C:\_PratikJadhav\_Synergy_Projects\Working\MM099A_BmwMsgSlot56Bas0Repn2BusFrChA_Impl\src\BmwMsgSlot56Bas0Repn2BusFrChA.c" Line="876" Column="8">
</Loc>
<Message>
Minimisation of run-time failures.
</Message>
</Rule>

<Rule Name="21.1" Mode="required" Report="warning" Id="57">
<Loc File="C:\_PratikJadhav\_Synergy_Projects\Working\MM099A_BmwMsgSlot56Bas0Repn2BusFrChA_Impl\src\BmwMsgSlot56Bas0Repn2BusFrChA.c" Line="877" Column="8">
</Loc>
<Message>
Minimisation of run-time failures.
</Message>
</Rule>

<Rule Name="21.1" Mode="required" Report="warning" Id="58">
<Loc File="C:\_PratikJadhav\_Synergy_Projects\Working\MM099A_BmwMsgSlot56Bas0Repn2BusFrChA_Impl\src\BmwMsgSlot56Bas0Repn2BusFrChA.c" Line="878" Column="8">
</Loc>
<Message>
Minimisation of run-time failures.
</Message>
</Rule>

</CodeStruct>

</MISRA-C-Report>
