<?xml version="1.0" encoding="UTF-8"?>

<MISRA-C-Report version="1.3">


<CodeStruct Name="" File="C:\_S\work\ses_dev_ea4\SF110A_GlbLimr_Impl-z172399\SF110A_GlbLimr_Impl\src\GlbLimr.c" Line="0" Column="0">

<Rule Name="19.1" Mode="advisory" Report="warning" Id="1">
<Loc File="C:\_S\work\ses_dev_ea4\SF110A_GlbLimr_Impl-z172399\SF110A_GlbLimr_Impl\src\GlbLimr.c" Line="163" Column="0">
</Loc>
<Message>
#include statements in a file shall only be preceded by other preprocessor directives or comments.
</Message>
</Rule>

<Rule Name="19.1" Mode="advisory" Report="warning" Id="2">
<Loc File="C:\_S\work\ses_dev_ea4\SF110A_GlbLimr_Impl-z172399\SF110A_GlbLimr_Impl\src\GlbLimr.c" Line="312" Column="0">
</Loc>
<Message>
#include statements in a file shall only be preceded by other preprocessor directives or comments.
</Message>
</Rule>

<Rule Name="5.1" Mode="required" Report="warning" Id="3">
<Loc File="C:\_S\work\ses_dev_ea4\SF110A_GlbLimr_Impl-z172399\SF110A_GlbLimr_Impl\src\GlbLimr.c" Line="330" Column="17">
</Loc>
<Message>
Identifiers "GlbLimrNotchNumberFil1Ptr_Uls_T_f32" (GlbLimr.c line 330 column 17) and "GlbLimrNotchNumberFil1Ptr_Uls_T_f32" (GlbLimr.c line 95 column 17) have the same first 35 characters.
</Message>
</Rule>

<Rule Name="5.1" Mode="required" Report="warning" Id="4">
<Loc File="C:\_S\work\ses_dev_ea4\SF110A_GlbLimr_Impl-z172399\SF110A_GlbLimr_Impl\src\GlbLimr.c" Line="331" Column="17">
</Loc>
<Message>
Identifiers "GlbLimrNotchNumberFil2Ptr_Uls_T_f32" (GlbLimr.c line 331 column 17) and "GlbLimrNotchNumberFil2Ptr_Uls_T_f32" (GlbLimr.c line 96 column 17) have the same first 35 characters.
</Message>
</Rule>

</CodeStruct>

<CodeStruct Name="GlbLimrPer1" File="C:\_S\work\ses_dev_ea4\SF110A_GlbLimr_Impl-z172399\SF110A_GlbLimr_Impl\src\GlbLimr.c" Line="233" Column="5">

<Rule Name="11.5" Mode="required" Report="warning" Id="5">
<Loc File="C:\_S\work\ses_dev_ea4\SF110A_GlbLimr_Impl-z172399\SF110A_GlbLimr_Impl\src\GlbLimr.c" Line="268" Column="35">
</Loc>
<Message>
A cast shall not be performed that removes any const or volatile qualification
from the type addressed by a pointer.
</Message>
</Rule>

<Rule Name="11.5" Mode="required" Report="warning" Id="6">
<Loc File="C:\_S\work\ses_dev_ea4\SF110A_GlbLimr_Impl-z172399\SF110A_GlbLimr_Impl\src\GlbLimr.c" Line="268" Column="114">
</Loc>
<Message>
A cast shall not be performed that removes any const or volatile qualification
from the type addressed by a pointer.
</Message>
</Rule>

<Rule Name="11.5" Mode="required" Report="warning" Id="7">
<Loc File="C:\_S\work\ses_dev_ea4\SF110A_GlbLimr_Impl-z172399\SF110A_GlbLimr_Impl\src\GlbLimr.c" Line="271" Column="35">
</Loc>
<Message>
A cast shall not be performed that removes any const or volatile qualification
from the type addressed by a pointer.
</Message>
</Rule>

<Rule Name="11.5" Mode="required" Report="warning" Id="8">
<Loc File="C:\_S\work\ses_dev_ea4\SF110A_GlbLimr_Impl-z172399\SF110A_GlbLimr_Impl\src\GlbLimr.c" Line="271" Column="113">
</Loc>
<Message>
A cast shall not be performed that removes any const or volatile qualification
from the type addressed by a pointer.
</Message>
</Rule>

</CodeStruct>

</MISRA-C-Report>
