<?xml version="1.0" encoding="UTF-8"?>
<!--EDRS Version 1.0-->
<global>
   <file name="C:\\Component\\AR100A_NxtrMath_Impl\\include\\NxtrMath.h" comment="">
      <function name="Abslt_f32_f32" comment="" line="233" main_generator_called="MAIN_GENERATOR" attributes="unused">
         <scalar name="arg1" comment="" line="233" base_type="float32" complete_type="float32" init_mode="MAIN_GENERATOR" init_modes_allowed="10" init_range="min..max" global_assert="unsupported" assert_range="unsupported"/>
         <scalar name="return" comment="" line="233" base_type="float32" complete_type="float32" init_mode="disabled" init_range="disabled" global_assert="unsupported" assert_range="unsupported"/>
      </function>
      <function name="Abslt_u08_s08" comment="" line="194" main_generator_called="MAIN_GENERATOR" attributes="unused">
         <scalar name="arg1" comment="" line="194" base_type="int8" complete_type="int8" init_mode="MAIN_GENERATOR" init_modes_allowed="10" init_range="min..max" global_assert="unsupported" assert_range="unsupported"/>
         <scalar name="return" comment="" line="194" base_type="uint8" complete_type="uint8" init_mode="disabled" init_range="disabled" global_assert="unsupported" assert_range="unsupported"/>
      </function>
      <function name="Abslt_u16_s16" comment="" line="207" main_generator_called="MAIN_GENERATOR" attributes="unused">
         <scalar name="arg1" comment="" line="207" base_type="int16" complete_type="int16" init_mode="MAIN_GENERATOR" init_modes_allowed="10" init_range="min..max" global_assert="unsupported" assert_range="unsupported"/>
         <scalar name="return" comment="" line="207" base_type="uint16" complete_type="uint16" init_mode="disabled" init_range="disabled" global_assert="unsupported" assert_range="unsupported"/>
      </function>
      <function name="Abslt_u32_s32" comment="" line="220" main_generator_called="MAIN_GENERATOR" attributes="unused">
         <scalar name="arg1" comment="" line="220" base_type="int32" complete_type="int32" init_mode="MAIN_GENERATOR" init_modes_allowed="10" init_range="min..max" global_assert="unsupported" assert_range="unsupported"/>
         <scalar name="return" comment="" line="220" base_type="uint32" complete_type="uint32" init_mode="disabled" init_range="disabled" global_assert="unsupported" assert_range="unsupported"/>
      </function>
      <function name="Arctan2_f32" comment="" line="575" main_generator_called="MAIN_GENERATOR" attributes="unused">
         <scalar name="arg1" comment="" line="575" base_type="float32" complete_type="float32" init_mode="MAIN_GENERATOR" init_modes_allowed="10" init_range="min..max" global_assert="unsupported" assert_range="unsupported"/>
         <scalar name="arg2" comment="" line="575" base_type="float32" complete_type="float32" init_mode="MAIN_GENERATOR" init_modes_allowed="10" init_range="min..max" global_assert="unsupported" assert_range="unsupported"/>
         <scalar name="return" comment="" line="575" base_type="float32" complete_type="float32" init_mode="disabled" init_range="disabled" global_assert="unsupported" assert_range="unsupported"/>
      </function>
      <function name="Blnd_f32" comment="" line="180" main_generator_called="MAIN_GENERATOR" attributes="unused">
         <scalar name="arg1" comment="" line="180" base_type="float32" complete_type="float32" init_mode="MAIN_GENERATOR" init_modes_allowed="10" init_range="min..max" global_assert="unsupported" assert_range="unsupported"/>
         <scalar name="arg2" comment="" line="180" base_type="float32" complete_type="float32" init_mode="MAIN_GENERATOR" init_modes_allowed="10" init_range="min..max" global_assert="unsupported" assert_range="unsupported"/>
         <scalar name="arg3" comment="" line="180" base_type="float32" complete_type="float32" init_mode="MAIN_GENERATOR" init_modes_allowed="10" init_range="min..max" global_assert="unsupported" assert_range="unsupported"/>
         <scalar name="return" comment="" line="180" base_type="float32" complete_type="float32" init_mode="disabled" init_range="disabled" global_assert="unsupported" assert_range="unsupported"/>
      </function>
      <function name="Cos_f32" comment="" line="600" main_generator_called="MAIN_GENERATOR" attributes="unused">
         <scalar name="arg1" comment="" line="600" base_type="float32" complete_type="float32" init_mode="MAIN_GENERATOR" init_modes_allowed="10" init_range="min..max" global_assert="unsupported" assert_range="unsupported"/>
         <scalar name="return" comment="" line="600" base_type="float32" complete_type="float32" init_mode="disabled" init_range="disabled" global_assert="unsupported" assert_range="unsupported"/>
      </function>
      <function name="Exp_f32" comment="" line="612" main_generator_called="MAIN_GENERATOR" attributes="unused">
         <scalar name="arg1" comment="" line="612" base_type="float32" complete_type="float32" init_mode="MAIN_GENERATOR" init_modes_allowed="10" init_range="min..max" global_assert="unsupported" assert_range="unsupported"/>
         <scalar name="return" comment="" line="612" base_type="float32" complete_type="float32" init_mode="disabled" init_range="disabled" global_assert="unsupported" assert_range="unsupported"/>
      </function>
      <function name="Lim_f32" comment="" line="560" main_generator_called="MAIN_GENERATOR">
         <scalar name="arg1" comment="" line="560" base_type="float32" complete_type="float32" init_mode="MAIN_GENERATOR" init_modes_allowed="10" init_range="min..max" global_assert="unsupported" assert_range="unsupported"/>
         <scalar name="arg2" comment="" line="560" base_type="float32" complete_type="float32" init_mode="MAIN_GENERATOR" init_modes_allowed="10" init_range="min..max" global_assert="unsupported" assert_range="unsupported"/>
         <scalar name="arg3" comment="" line="560" base_type="float32" complete_type="float32" init_mode="MAIN_GENERATOR" init_modes_allowed="10" init_range="min..max" global_assert="unsupported" assert_range="unsupported"/>
         <scalar name="return" comment="" line="560" base_type="float32" complete_type="float32" init_mode="disabled" init_range="disabled" global_assert="unsupported" assert_range="unsupported"/>
      </function>
      <function name="Lim_s08" comment="" line="476" main_generator_called="MAIN_GENERATOR" attributes="unused">
         <scalar name="arg1" comment="" line="476" base_type="int8" complete_type="int8" init_mode="MAIN_GENERATOR" init_modes_allowed="10" init_range="min..max" global_assert="unsupported" assert_range="unsupported"/>
         <scalar name="arg2" comment="" line="476" base_type="int8" complete_type="int8" init_mode="MAIN_GENERATOR" init_modes_allowed="10" init_range="min..max" global_assert="unsupported" assert_range="unsupported"/>
         <scalar name="arg3" comment="" line="476" base_type="int8" complete_type="int8" init_mode="MAIN_GENERATOR" init_modes_allowed="10" init_range="min..max" global_assert="unsupported" assert_range="unsupported"/>
         <scalar name="return" comment="" line="476" base_type="int8" complete_type="int8" init_mode="disabled" init_range="disabled" global_assert="unsupported" assert_range="unsupported"/>
      </function>
      <function name="Lim_s16" comment="" line="504" main_generator_called="MAIN_GENERATOR" attributes="unused">
         <scalar name="arg1" comment="" line="504" base_type="int16" complete_type="int16" init_mode="MAIN_GENERATOR" init_modes_allowed="10" init_range="min..max" global_assert="unsupported" assert_range="unsupported"/>
         <scalar name="arg2" comment="" line="504" base_type="int16" complete_type="int16" init_mode="MAIN_GENERATOR" init_modes_allowed="10" init_range="min..max" global_assert="unsupported" assert_range="unsupported"/>
         <scalar name="arg3" comment="" line="504" base_type="int16" complete_type="int16" init_mode="MAIN_GENERATOR" init_modes_allowed="10" init_range="min..max" global_assert="unsupported" assert_range="unsupported"/>
         <scalar name="return" comment="" line="504" base_type="int16" complete_type="int16" init_mode="disabled" init_range="disabled" global_assert="unsupported" assert_range="unsupported"/>
      </function>
      <function name="Lim_s32" comment="" line="532" main_generator_called="MAIN_GENERATOR" attributes="unused">
         <scalar name="arg1" comment="" line="532" base_type="int32" complete_type="int32" init_mode="MAIN_GENERATOR" init_modes_allowed="10" init_range="min..max" global_assert="unsupported" assert_range="unsupported"/>
         <scalar name="arg2" comment="" line="532" base_type="int32" complete_type="int32" init_mode="MAIN_GENERATOR" init_modes_allowed="10" init_range="min..max" global_assert="unsupported" assert_range="unsupported"/>
         <scalar name="arg3" comment="" line="532" base_type="int32" complete_type="int32" init_mode="MAIN_GENERATOR" init_modes_allowed="10" init_range="min..max" global_assert="unsupported" assert_range="unsupported"/>
         <scalar name="return" comment="" line="532" base_type="int32" complete_type="int32" init_mode="disabled" init_range="disabled" global_assert="unsupported" assert_range="unsupported"/>
      </function>
      <function name="Lim_u08" comment="" line="490" main_generator_called="MAIN_GENERATOR">
         <scalar name="arg1" comment="" line="490" base_type="uint8" complete_type="uint8" init_mode="MAIN_GENERATOR" init_modes_allowed="10" init_range="min..max" global_assert="unsupported" assert_range="unsupported"/>
         <scalar name="arg2" comment="" line="490" base_type="uint8" complete_type="uint8" init_mode="MAIN_GENERATOR" init_modes_allowed="10" init_range="min..max" global_assert="unsupported" assert_range="unsupported"/>
         <scalar name="arg3" comment="" line="490" base_type="uint8" complete_type="uint8" init_mode="MAIN_GENERATOR" init_modes_allowed="10" init_range="min..max" global_assert="unsupported" assert_range="unsupported"/>
         <scalar name="return" comment="" line="490" base_type="uint8" complete_type="uint8" init_mode="disabled" init_range="disabled" global_assert="unsupported" assert_range="unsupported"/>
      </function>
      <function name="Lim_u16" comment="" line="518" main_generator_called="MAIN_GENERATOR" attributes="unused">
         <scalar name="arg1" comment="" line="518" base_type="uint16" complete_type="uint16" init_mode="MAIN_GENERATOR" init_modes_allowed="10" init_range="min..max" global_assert="unsupported" assert_range="unsupported"/>
         <scalar name="arg2" comment="" line="518" base_type="uint16" complete_type="uint16" init_mode="MAIN_GENERATOR" init_modes_allowed="10" init_range="min..max" global_assert="unsupported" assert_range="unsupported"/>
         <scalar name="arg3" comment="" line="518" base_type="uint16" complete_type="uint16" init_mode="MAIN_GENERATOR" init_modes_allowed="10" init_range="min..max" global_assert="unsupported" assert_range="unsupported"/>
         <scalar name="return" comment="" line="518" base_type="uint16" complete_type="uint16" init_mode="disabled" init_range="disabled" global_assert="unsupported" assert_range="unsupported"/>
      </function>
      <function name="Lim_u32" comment="" line="546" main_generator_called="MAIN_GENERATOR" attributes="unused">
         <scalar name="arg1" comment="" line="546" base_type="uint32" complete_type="uint32" init_mode="MAIN_GENERATOR" init_modes_allowed="10" init_range="min..max" global_assert="unsupported" assert_range="unsupported"/>
         <scalar name="arg2" comment="" line="546" base_type="uint32" complete_type="uint32" init_mode="MAIN_GENERATOR" init_modes_allowed="10" init_range="min..max" global_assert="unsupported" assert_range="unsupported"/>
         <scalar name="arg3" comment="" line="546" base_type="uint32" complete_type="uint32" init_mode="MAIN_GENERATOR" init_modes_allowed="10" init_range="min..max" global_assert="unsupported" assert_range="unsupported"/>
         <scalar name="return" comment="" line="546" base_type="uint32" complete_type="uint32" init_mode="disabled" init_range="disabled" global_assert="unsupported" assert_range="unsupported"/>
      </function>
      <function name="Max_f32" comment="" line="462" main_generator_called="MAIN_GENERATOR" attributes="unused">
         <scalar name="arg1" comment="" line="462" base_type="float32" complete_type="float32" init_mode="MAIN_GENERATOR" init_modes_allowed="10" init_range="min..max" global_assert="unsupported" assert_range="unsupported"/>
         <scalar name="arg2" comment="" line="462" base_type="float32" complete_type="float32" init_mode="MAIN_GENERATOR" init_modes_allowed="10" init_range="min..max" global_assert="unsupported" assert_range="unsupported"/>
         <scalar name="return" comment="" line="462" base_type="float32" complete_type="float32" init_mode="disabled" init_range="disabled" global_assert="unsupported" assert_range="unsupported"/>
      </function>
      <function name="Max_s08" comment="" line="384" main_generator_called="MAIN_GENERATOR" attributes="unused">
         <scalar name="arg1" comment="" line="384" base_type="int8" complete_type="int8" init_mode="MAIN_GENERATOR" init_modes_allowed="10" init_range="min..max" global_assert="unsupported" assert_range="unsupported"/>
         <scalar name="arg2" comment="" line="384" base_type="int8" complete_type="int8" init_mode="MAIN_GENERATOR" init_modes_allowed="10" init_range="min..max" global_assert="unsupported" assert_range="unsupported"/>
         <scalar name="return" comment="" line="384" base_type="int8" complete_type="int8" init_mode="disabled" init_range="disabled" global_assert="unsupported" assert_range="unsupported"/>
      </function>
      <function name="Max_s16" comment="" line="410" main_generator_called="MAIN_GENERATOR" attributes="unused">
         <scalar name="arg1" comment="" line="410" base_type="int16" complete_type="int16" init_mode="MAIN_GENERATOR" init_modes_allowed="10" init_range="min..max" global_assert="unsupported" assert_range="unsupported"/>
         <scalar name="arg2" comment="" line="410" base_type="int16" complete_type="int16" init_mode="MAIN_GENERATOR" init_modes_allowed="10" init_range="min..max" global_assert="unsupported" assert_range="unsupported"/>
         <scalar name="return" comment="" line="410" base_type="int16" complete_type="int16" init_mode="disabled" init_range="disabled" global_assert="unsupported" assert_range="unsupported"/>
      </function>
      <function name="Max_s32" comment="" line="436" main_generator_called="MAIN_GENERATOR" attributes="unused">
         <scalar name="arg1" comment="" line="436" base_type="int32" complete_type="int32" init_mode="MAIN_GENERATOR" init_modes_allowed="10" init_range="min..max" global_assert="unsupported" assert_range="unsupported"/>
         <scalar name="arg2" comment="" line="436" base_type="int32" complete_type="int32" init_mode="MAIN_GENERATOR" init_modes_allowed="10" init_range="min..max" global_assert="unsupported" assert_range="unsupported"/>
         <scalar name="return" comment="" line="436" base_type="int32" complete_type="int32" init_mode="disabled" init_range="disabled" global_assert="unsupported" assert_range="unsupported"/>
      </function>
      <function name="Max_u08" comment="" line="397" main_generator_called="MAIN_GENERATOR" attributes="unused">
         <scalar name="arg1" comment="" line="397" base_type="uint8" complete_type="uint8" init_mode="MAIN_GENERATOR" init_modes_allowed="10" init_range="min..max" global_assert="unsupported" assert_range="unsupported"/>
         <scalar name="arg2" comment="" line="397" base_type="uint8" complete_type="uint8" init_mode="MAIN_GENERATOR" init_modes_allowed="10" init_range="min..max" global_assert="unsupported" assert_range="unsupported"/>
         <scalar name="return" comment="" line="397" base_type="uint8" complete_type="uint8" init_mode="disabled" init_range="disabled" global_assert="unsupported" assert_range="unsupported"/>
      </function>
      <function name="Max_u16" comment="" line="423" main_generator_called="MAIN_GENERATOR" attributes="unused">
         <scalar name="arg1" comment="" line="423" base_type="uint16" complete_type="uint16" init_mode="MAIN_GENERATOR" init_modes_allowed="10" init_range="min..max" global_assert="unsupported" assert_range="unsupported"/>
         <scalar name="arg2" comment="" line="423" base_type="uint16" complete_type="uint16" init_mode="MAIN_GENERATOR" init_modes_allowed="10" init_range="min..max" global_assert="unsupported" assert_range="unsupported"/>
         <scalar name="return" comment="" line="423" base_type="uint16" complete_type="uint16" init_mode="disabled" init_range="disabled" global_assert="unsupported" assert_range="unsupported"/>
      </function>
      <function name="Max_u32" comment="" line="449" main_generator_called="MAIN_GENERATOR" attributes="unused">
         <scalar name="arg1" comment="" line="449" base_type="uint32" complete_type="uint32" init_mode="MAIN_GENERATOR" init_modes_allowed="10" init_range="min..max" global_assert="unsupported" assert_range="unsupported"/>
         <scalar name="arg2" comment="" line="449" base_type="uint32" complete_type="uint32" init_mode="MAIN_GENERATOR" init_modes_allowed="10" init_range="min..max" global_assert="unsupported" assert_range="unsupported"/>
         <scalar name="return" comment="" line="449" base_type="uint32" complete_type="uint32" init_mode="disabled" init_range="disabled" global_assert="unsupported" assert_range="unsupported"/>
      </function>
      <function name="Min_f32" comment="" line="371" main_generator_called="MAIN_GENERATOR" attributes="unused">
         <scalar name="arg1" comment="" line="371" base_type="float32" complete_type="float32" init_mode="MAIN_GENERATOR" init_modes_allowed="10" init_range="min..max" global_assert="unsupported" assert_range="unsupported"/>
         <scalar name="arg2" comment="" line="371" base_type="float32" complete_type="float32" init_mode="MAIN_GENERATOR" init_modes_allowed="10" init_range="min..max" global_assert="unsupported" assert_range="unsupported"/>
         <scalar name="return" comment="" line="371" base_type="float32" complete_type="float32" init_mode="disabled" init_range="disabled" global_assert="unsupported" assert_range="unsupported"/>
      </function>
      <function name="Min_s08" comment="" line="293" main_generator_called="MAIN_GENERATOR" attributes="unused">
         <scalar name="arg1" comment="" line="293" base_type="int8" complete_type="int8" init_mode="MAIN_GENERATOR" init_modes_allowed="10" init_range="min..max" global_assert="unsupported" assert_range="unsupported"/>
         <scalar name="arg2" comment="" line="293" base_type="int8" complete_type="int8" init_mode="MAIN_GENERATOR" init_modes_allowed="10" init_range="min..max" global_assert="unsupported" assert_range="unsupported"/>
         <scalar name="return" comment="" line="293" base_type="int8" complete_type="int8" init_mode="disabled" init_range="disabled" global_assert="unsupported" assert_range="unsupported"/>
      </function>
      <function name="Min_s16" comment="" line="319" main_generator_called="MAIN_GENERATOR" attributes="unused">
         <scalar name="arg1" comment="" line="319" base_type="int16" complete_type="int16" init_mode="MAIN_GENERATOR" init_modes_allowed="10" init_range="min..max" global_assert="unsupported" assert_range="unsupported"/>
         <scalar name="arg2" comment="" line="319" base_type="int16" complete_type="int16" init_mode="MAIN_GENERATOR" init_modes_allowed="10" init_range="min..max" global_assert="unsupported" assert_range="unsupported"/>
         <scalar name="return" comment="" line="319" base_type="int16" complete_type="int16" init_mode="disabled" init_range="disabled" global_assert="unsupported" assert_range="unsupported"/>
      </function>
      <function name="Min_s32" comment="" line="345" main_generator_called="MAIN_GENERATOR" attributes="unused">
         <scalar name="arg1" comment="" line="345" base_type="int32" complete_type="int32" init_mode="MAIN_GENERATOR" init_modes_allowed="10" init_range="min..max" global_assert="unsupported" assert_range="unsupported"/>
         <scalar name="arg2" comment="" line="345" base_type="int32" complete_type="int32" init_mode="MAIN_GENERATOR" init_modes_allowed="10" init_range="min..max" global_assert="unsupported" assert_range="unsupported"/>
         <scalar name="return" comment="" line="345" base_type="int32" complete_type="int32" init_mode="disabled" init_range="disabled" global_assert="unsupported" assert_range="unsupported"/>
      </function>
      <function name="Min_u08" comment="" line="306" main_generator_called="MAIN_GENERATOR" attributes="unused">
         <scalar name="arg1" comment="" line="306" base_type="uint8" complete_type="uint8" init_mode="MAIN_GENERATOR" init_modes_allowed="10" init_range="min..max" global_assert="unsupported" assert_range="unsupported"/>
         <scalar name="arg2" comment="" line="306" base_type="uint8" complete_type="uint8" init_mode="MAIN_GENERATOR" init_modes_allowed="10" init_range="min..max" global_assert="unsupported" assert_range="unsupported"/>
         <scalar name="return" comment="" line="306" base_type="uint8" complete_type="uint8" init_mode="disabled" init_range="disabled" global_assert="unsupported" assert_range="unsupported"/>
      </function>
      <function name="Min_u16" comment="" line="332" main_generator_called="MAIN_GENERATOR" attributes="unused">
         <scalar name="arg1" comment="" line="332" base_type="uint16" complete_type="uint16" init_mode="MAIN_GENERATOR" init_modes_allowed="10" init_range="min..max" global_assert="unsupported" assert_range="unsupported"/>
         <scalar name="arg2" comment="" line="332" base_type="uint16" complete_type="uint16" init_mode="MAIN_GENERATOR" init_modes_allowed="10" init_range="min..max" global_assert="unsupported" assert_range="unsupported"/>
         <scalar name="return" comment="" line="332" base_type="uint16" complete_type="uint16" init_mode="disabled" init_range="disabled" global_assert="unsupported" assert_range="unsupported"/>
      </function>
      <function name="Min_u32" comment="" line="358" main_generator_called="MAIN_GENERATOR" attributes="unused">
         <scalar name="arg1" comment="" line="358" base_type="uint32" complete_type="uint32" init_mode="MAIN_GENERATOR" init_modes_allowed="10" init_range="min..max" global_assert="unsupported" assert_range="unsupported"/>
         <scalar name="arg2" comment="" line="358" base_type="uint32" complete_type="uint32" init_mode="MAIN_GENERATOR" init_modes_allowed="10" init_range="min..max" global_assert="unsupported" assert_range="unsupported"/>
         <scalar name="return" comment="" line="358" base_type="uint32" complete_type="uint32" init_mode="disabled" init_range="disabled" global_assert="unsupported" assert_range="unsupported"/>
      </function>
      <function name="Mod_f32" comment="" line="636" main_generator_called="MAIN_GENERATOR" attributes="unused">
         <scalar name="arg1" comment="" line="636" base_type="float32" complete_type="float32" init_mode="MAIN_GENERATOR" init_modes_allowed="10" init_range="min..max" global_assert="unsupported" assert_range="unsupported"/>
         <scalar name="arg2" comment="" line="636" base_type="float32" complete_type="float32" init_mode="MAIN_GENERATOR" init_modes_allowed="10" init_range="min..max" global_assert="unsupported" assert_range="unsupported"/>
         <scalar name="return" comment="" line="636" base_type="float32" complete_type="float32" init_mode="disabled" init_range="disabled" global_assert="unsupported" assert_range="unsupported"/>
      </function>
      <array name="NXTRMATH_SINCNVNCONTBL_ULS_U16" comment="" line="169" complete_type="const uint16 [513]" attributes="extern">
         <scalar comment="" line="169" base_type="uint16" attributes="extern const" complete_type="uint16" init_mode="INIT" init_modes_allowed="6" init_range="min..max" global_assert="NO" assert_range=""/>
      </array>
      <function name="Sign_s08_f32" comment="" line="281" main_generator_called="MAIN_GENERATOR" attributes="unused">
         <scalar name="arg1" comment="" line="281" base_type="float32" complete_type="float32" init_mode="MAIN_GENERATOR" init_modes_allowed="10" init_range="min..max" global_assert="unsupported" assert_range="unsupported"/>
         <scalar name="return" comment="" line="281" base_type="int8" complete_type="int8" init_mode="disabled" init_range="disabled" global_assert="unsupported" assert_range="unsupported"/>
      </function>
      <function name="Sign_s08_s08" comment="" line="245" main_generator_called="MAIN_GENERATOR" attributes="unused">
         <scalar name="arg1" comment="" line="245" base_type="int8" complete_type="int8" init_mode="MAIN_GENERATOR" init_modes_allowed="10" init_range="min..max" global_assert="unsupported" assert_range="unsupported"/>
         <scalar name="return" comment="" line="245" base_type="int8" complete_type="int8" init_mode="disabled" init_range="disabled" global_assert="unsupported" assert_range="unsupported"/>
      </function>
      <function name="Sign_s08_s16" comment="" line="257" main_generator_called="MAIN_GENERATOR" attributes="unused">
         <scalar name="arg1" comment="" line="257" base_type="int16" complete_type="int16" init_mode="MAIN_GENERATOR" init_modes_allowed="10" init_range="min..max" global_assert="unsupported" assert_range="unsupported"/>
         <scalar name="return" comment="" line="257" base_type="int8" complete_type="int8" init_mode="disabled" init_range="disabled" global_assert="unsupported" assert_range="unsupported"/>
      </function>
      <function name="Sign_s08_s32" comment="" line="269" main_generator_called="MAIN_GENERATOR" attributes="unused">
         <scalar name="arg1" comment="" line="269" base_type="int32" complete_type="int32" init_mode="MAIN_GENERATOR" init_modes_allowed="10" init_range="min..max" global_assert="unsupported" assert_range="unsupported"/>
         <scalar name="return" comment="" line="269" base_type="int8" complete_type="int8" init_mode="disabled" init_range="disabled" global_assert="unsupported" assert_range="unsupported"/>
      </function>
      <function name="SinCos_f32" comment="" line="653" main_generator_called="MAIN_GENERATOR" attributes="unused">
         <scalar name="arg1" comment="" line="653" base_type="float32" complete_type="float32" init_mode="MAIN_GENERATOR" init_modes_allowed="10" init_range="min..max" global_assert="unsupported" assert_range="unsupported"/>
         <pointer name="arg2" comment="" line="653" complete_type="float32 *" init_mode="MAIN_GENERATOR" init_modes_allowed="10" initialize_pointer="May-be NULL" number_allocated="max" init_pointed="MAIN_GENERATOR">
            <scalar comment="" line="653" base_type="float32" complete_type="float32" init_mode="MAIN_GENERATOR" init_modes_allowed="10" init_range="min..max" global_assert="unsupported" assert_range="unsupported"/>
         </pointer>
         <pointer name="arg3" comment="" line="653" complete_type="float32 *" init_mode="MAIN_GENERATOR" init_modes_allowed="10" initialize_pointer="May-be NULL" number_allocated="max" init_pointed="MAIN_GENERATOR">
            <scalar comment="" line="653" base_type="float32" complete_type="float32" init_mode="MAIN_GENERATOR" init_modes_allowed="10" init_range="min..max" global_assert="unsupported" assert_range="unsupported"/>
         </pointer>
      </function>
      <function name="SinLookup" comment="" line="777" main_generator_called="MAIN_GENERATOR" attributes="unused">
         <scalar name="arg1" comment="" line="777" base_type="float32" complete_type="float32" init_mode="MAIN_GENERATOR" init_modes_allowed="10" init_range="min..max" global_assert="unsupported" assert_range="unsupported"/>
         <scalar name="return" comment="" line="777" base_type="float32" complete_type="float32" init_mode="disabled" init_range="disabled" global_assert="unsupported" assert_range="unsupported"/>
      </function>
      <function name="Sin_f32" comment="" line="588" main_generator_called="MAIN_GENERATOR" attributes="unused">
         <scalar name="arg1" comment="" line="588" base_type="float32" complete_type="float32" init_mode="MAIN_GENERATOR" init_modes_allowed="10" init_range="min..max" global_assert="unsupported" assert_range="unsupported"/>
         <scalar name="return" comment="" line="588" base_type="float32" complete_type="float32" init_mode="disabled" init_range="disabled" global_assert="unsupported" assert_range="unsupported"/>
      </function>
      <function name="Sqrt_f32" comment="" line="624" main_generator_called="MAIN_GENERATOR" attributes="unused">
         <scalar name="arg1" comment="" line="624" base_type="float32" complete_type="float32" init_mode="MAIN_GENERATOR" init_modes_allowed="10" init_range="min..max" global_assert="unsupported" assert_range="unsupported"/>
         <scalar name="return" comment="" line="624" base_type="float32" complete_type="float32" init_mode="disabled" init_range="disabled" global_assert="unsupported" assert_range="unsupported"/>
      </function>
      <function name="atan2f" comment="" line="578" main_generator_called="disabled" attributes="extern">
         <scalar name="arg1" comment="" line="578" base_type="float64" complete_type="float64" init_mode="disabled" init_range="disabled" global_assert="unsupported" assert_range="unsupported"/>
         <scalar name="arg2" comment="" line="578" base_type="float64" complete_type="float64" init_mode="disabled" init_range="disabled" global_assert="unsupported" assert_range="unsupported"/>
         <scalar name="return" comment="" line="578" base_type="int32" complete_type="int32" init_mode="PERMANENT" init_modes_allowed="4" init_range="min..max" global_assert="unsupported" assert_range="unsupported"/>
      </function>
      <function name="cosf" comment="" line="602" main_generator_called="disabled" attributes="extern">
         <scalar name="arg1" comment="" line="602" base_type="float64" complete_type="float64" init_mode="disabled" init_range="disabled" global_assert="unsupported" assert_range="unsupported"/>
         <scalar name="return" comment="" line="602" base_type="int32" complete_type="int32" init_mode="PERMANENT" init_modes_allowed="4" init_range="min..max" global_assert="unsupported" assert_range="unsupported"/>
      </function>
      <function name="expf" comment="" line="614" main_generator_called="disabled" attributes="extern">
         <scalar name="arg1" comment="" line="614" base_type="float64" complete_type="float64" init_mode="disabled" init_range="disabled" global_assert="unsupported" assert_range="unsupported"/>
         <scalar name="return" comment="" line="614" base_type="int32" complete_type="int32" init_mode="PERMANENT" init_modes_allowed="4" init_range="min..max" global_assert="unsupported" assert_range="unsupported"/>
      </function>
      <function name="fabsf" comment="" line="235" main_generator_called="disabled" attributes="extern">
         <scalar name="arg1" comment="" line="235" base_type="float64" complete_type="float64" init_mode="disabled" init_range="disabled" global_assert="unsupported" assert_range="unsupported"/>
         <scalar name="return" comment="" line="235" base_type="int32" complete_type="int32" init_mode="PERMANENT" init_modes_allowed="4" init_range="min..max" global_assert="unsupported" assert_range="unsupported"/>
      </function>
      <function name="fmodf" comment="" line="639" main_generator_called="disabled" attributes="extern">
         <scalar name="arg1" comment="" line="639" base_type="float64" complete_type="float64" init_mode="disabled" init_range="disabled" global_assert="unsupported" assert_range="unsupported"/>
         <scalar name="arg2" comment="" line="639" base_type="float64" complete_type="float64" init_mode="disabled" init_range="disabled" global_assert="unsupported" assert_range="unsupported"/>
         <scalar name="return" comment="" line="639" base_type="int32" complete_type="int32" init_mode="PERMANENT" init_modes_allowed="4" init_range="min..max" global_assert="unsupported" assert_range="unsupported"/>
      </function>
      <function name="sinf" comment="" line="590" main_generator_called="disabled" attributes="extern">
         <scalar name="arg1" comment="" line="590" base_type="float64" complete_type="float64" init_mode="disabled" init_range="disabled" global_assert="unsupported" assert_range="unsupported"/>
         <scalar name="return" comment="" line="590" base_type="int32" complete_type="int32" init_mode="PERMANENT" init_modes_allowed="4" init_range="min..max" global_assert="unsupported" assert_range="unsupported"/>
      </function>
      <function name="sqrtf" comment="" line="626" main_generator_called="disabled" attributes="extern">
         <scalar name="arg1" comment="" line="626" base_type="float64" complete_type="float64" init_mode="disabled" init_range="disabled" global_assert="unsupported" assert_range="unsupported"/>
         <scalar name="return" comment="" line="626" base_type="int32" complete_type="int32" init_mode="PERMANENT" init_modes_allowed="4" init_range="min..max" global_assert="unsupported" assert_range="unsupported"/>
      </function>
   </file>
   <file name="C:\\Component\\CF108A_BmwSwFctDi_Impl\\src\\BmwSwFctDi.c" comment="">
      <function name="BmwSwFctDiInit1" comment="" line="292" main_generator_called="MAIN_GENERATOR" attributes="unused"/>
      <function name="BmwSwFctDiPer1" comment="" line="489" main_generator_called="MAIN_GENERATOR" attributes="unused"/>
      <function name="ClsdLoopHysEna" comment="" line="896" main_generator_called="MAIN_GENERATOR" attributes="static">
         <scalar name="arg1" comment="" line="896" base_type="float32" attributes="static" complete_type="float32" init_mode="MAIN_GENERATOR" init_modes_allowed="10" init_range="min..max" global_assert="unsupported" assert_range="unsupported"/>
         <scalar name="return" comment="" line="896" base_type="float32" attributes="static" complete_type="float32" init_mode="disabled" init_range="disabled" global_assert="unsupported" assert_range="unsupported"/>
      </function>
      <function name="CtrldVelRtnEna" comment="" line="944" main_generator_called="MAIN_GENERATOR" attributes="static">
         <scalar name="arg1" comment="" line="944" base_type="float32" attributes="static" complete_type="float32" init_mode="MAIN_GENERATOR" init_modes_allowed="10" init_range="min..max" global_assert="unsupported" assert_range="unsupported"/>
         <scalar name="return" comment="" line="944" base_type="float32" attributes="static" complete_type="float32" init_mode="disabled" init_range="disabled" global_assert="unsupported" assert_range="unsupported"/>
      </function>
      <function name="InertiaCmpVelCmdDiBmwOvrd" comment="" line="818" main_generator_called="MAIN_GENERATOR" attributes="static">
         <scalar name="arg1" comment="" line="818" base_type="uint8" attributes="static" complete_type="uint8" init_mode="MAIN_GENERATOR" init_modes_allowed="10" init_range="min..max" global_assert="unsupported" assert_range="unsupported"/>
         <scalar name="return" comment="" line="818" base_type="uint8" attributes="static" complete_type="uint8" init_mode="disabled" init_range="disabled" global_assert="unsupported" assert_range="unsupported"/>
      </function>
      <function name="OvrdCmdEna" comment="" line="992" main_generator_called="MAIN_GENERATOR" attributes="static">
         <scalar name="arg1" comment="" line="992" base_type="uint8" attributes="static" complete_type="uint8" init_mode="MAIN_GENERATOR" init_modes_allowed="10" init_range="min..max" global_assert="unsupported" assert_range="unsupported"/>
         <scalar name="arg2" comment="" line="992" base_type="uint8" attributes="static" complete_type="uint8" init_mode="MAIN_GENERATOR" init_modes_allowed="10" init_range="min..max" global_assert="unsupported" assert_range="unsupported"/>
         <scalar name="return" comment="" line="992" base_type="uint8" attributes="static" complete_type="uint8" init_mode="disabled" init_range="disabled" global_assert="unsupported" assert_range="unsupported"/>
      </function>
      <function name="PullCmpCmdDiBmwOvrd" comment="" line="770" main_generator_called="MAIN_GENERATOR" attributes="static">
         <scalar name="arg1" comment="" line="770" base_type="uint8" attributes="static" complete_type="uint8" init_mode="MAIN_GENERATOR" init_modes_allowed="10" init_range="min..max" global_assert="unsupported" assert_range="unsupported"/>
         <scalar name="return" comment="" line="770" base_type="uint8" attributes="static" complete_type="uint8" init_mode="disabled" init_range="disabled" global_assert="unsupported" assert_range="unsupported"/>
      </function>
      <function name="ReadCodingData" comment="" line="629" main_generator_called="MAIN_GENERATOR" attributes="static">
         <scalar name="arg1" comment="" line="629" base_type="uint8" attributes="static" complete_type="uint8" init_mode="MAIN_GENERATOR" init_modes_allowed="10" init_range="min..max" global_assert="unsupported" assert_range="unsupported"/>
      </function>
      <function name="UpdCodingBits" comment="" line="538" main_generator_called="MAIN_GENERATOR" attributes="static">
         <scalar name="arg1" comment="" line="538" base_type="uint8" attributes="static" complete_type="uint8" init_mode="MAIN_GENERATOR" init_modes_allowed="10" init_range="min..max" global_assert="unsupported" assert_range="unsupported"/>
      </function>
   </file>
   <file name="C:\\Component\\CF108A_BmwSwFctDi_Impl\\tools\\local\\generate\\Rte_BmwSwFctDi.h" comment="">
      <function name="Rte_Call_BmwSwFctDi_Data_GetNAME00_01_CalculationOfActiveReturn" comment="" line="135" main_generator_called="disabled" attributes="extern">
         <pointer name="arg1" comment="" line="135" complete_type="uint8 *" init_mode="disabled" initialize_pointer="disabled" number_allocated="disabled" init_pointed="MULTI">
            <scalar comment="" line="135" base_type="uint8" complete_type="uint8" init_mode="PERMANENT" init_modes_allowed="4" init_range="min..max" global_assert="unsupported" assert_range="unsupported"/>
         </pointer>
         <scalar name="return" comment="" line="135" base_type="uint8" complete_type="uint8" init_mode="PERMANENT" init_modes_allowed="4" init_range="min..max" global_assert="unsupported" assert_range="unsupported"/>
      </function>
      <function name="Rte_Call_BmwSwFctDi_Data_GetNAME00_03_ActiveInfluenceOnTheSteeringHysterisis" comment="" line="137" main_generator_called="disabled" attributes="extern">
         <pointer name="arg1" comment="" line="137" complete_type="uint8 *" init_mode="disabled" initialize_pointer="disabled" number_allocated="disabled" init_pointed="MULTI">
            <scalar comment="" line="137" base_type="uint8" complete_type="uint8" init_mode="PERMANENT" init_modes_allowed="4" init_range="min..max" global_assert="unsupported" assert_range="unsupported"/>
         </pointer>
         <scalar name="return" comment="" line="137" base_type="uint8" complete_type="uint8" init_mode="PERMANENT" init_modes_allowed="4" init_range="min..max" global_assert="unsupported" assert_range="unsupported"/>
      </function>
      <function name="Rte_Call_BmwSwFctDi_Data_GetNAME01_03_ParkingPowerDamping" comment="" line="138" main_generator_called="disabled" attributes="extern">
         <pointer name="arg1" comment="" line="138" complete_type="uint8 *" init_mode="disabled" initialize_pointer="disabled" number_allocated="disabled" init_pointed="MULTI">
            <scalar comment="" line="138" base_type="uint8" complete_type="uint8" init_mode="PERMANENT" init_modes_allowed="4" init_range="min..max" global_assert="unsupported" assert_range="unsupported"/>
         </pointer>
         <scalar name="return" comment="" line="138" base_type="uint8" complete_type="uint8" init_mode="PERMANENT" init_modes_allowed="4" init_range="min..max" global_assert="unsupported" assert_range="unsupported"/>
      </function>
      <function name="Rte_Call_BmwSwFctDi_Data_GetNAME02_00_CompensationOfFriction" comment="" line="139" main_generator_called="disabled" attributes="extern">
         <pointer name="arg1" comment="" line="139" complete_type="uint8 *" init_mode="disabled" initialize_pointer="disabled" number_allocated="disabled" init_pointed="MULTI">
            <scalar comment="" line="139" base_type="uint8" complete_type="uint8" init_mode="PERMANENT" init_modes_allowed="4" init_range="min..max" global_assert="unsupported" assert_range="unsupported"/>
         </pointer>
         <scalar name="return" comment="" line="139" base_type="uint8" complete_type="uint8" init_mode="PERMANENT" init_modes_allowed="4" init_range="min..max" global_assert="unsupported" assert_range="unsupported"/>
      </function>
      <function name="Rte_Call_BmwSwFctDi_Data_GetNAME02_01_CompensationOfConstantSteeringPullAndLateralInclinationPull" comment="" line="140" main_generator_called="disabled" attributes="extern">
         <pointer name="arg1" comment="" line="140" complete_type="uint8 *" init_mode="disabled" initialize_pointer="disabled" number_allocated="disabled" init_pointed="MULTI">
            <scalar comment="" line="140" base_type="uint8" complete_type="uint8" init_mode="PERMANENT" init_modes_allowed="4" init_range="min..max" global_assert="unsupported" assert_range="unsupported"/>
         </pointer>
         <scalar name="return" comment="" line="140" base_type="uint8" complete_type="uint8" init_mode="PERMANENT" init_modes_allowed="4" init_range="min..max" global_assert="unsupported" assert_range="unsupported"/>
      </function>
      <function name="Rte_Call_BmwSwFctDi_Data_GetNAME02_04_CompensationOfInertiaOfTheSteeringGear" comment="" line="143" main_generator_called="disabled" attributes="extern">
         <pointer name="arg1" comment="" line="143" complete_type="uint8 *" init_mode="disabled" initialize_pointer="disabled" number_allocated="disabled" init_pointed="MULTI">
            <scalar comment="" line="143" base_type="uint8" complete_type="uint8" init_mode="PERMANENT" init_modes_allowed="4" init_range="min..max" global_assert="unsupported" assert_range="unsupported"/>
         </pointer>
         <scalar name="return" comment="" line="143" base_type="uint8" complete_type="uint8" init_mode="PERMANENT" init_modes_allowed="4" init_range="min..max" global_assert="unsupported" assert_range="unsupported"/>
      </function>
      <function name="Rte_Call_BmwSwFctDi_Data_GetNAME02_05_CompensationOfInertiaOfTheSteeringWheel" comment="" line="144" main_generator_called="disabled" attributes="extern">
         <pointer name="arg1" comment="" line="144" complete_type="uint8 *" init_mode="disabled" initialize_pointer="disabled" number_allocated="disabled" init_pointed="MULTI">
            <scalar comment="" line="144" base_type="uint8" complete_type="uint8" init_mode="PERMANENT" init_modes_allowed="4" init_range="min..max" global_assert="unsupported" assert_range="unsupported"/>
         </pointer>
         <scalar name="return" comment="" line="144" base_type="uint8" complete_type="uint8" init_mode="PERMANENT" init_modes_allowed="4" init_range="min..max" global_assert="unsupported" assert_range="unsupported"/>
      </function>
      <function name="Rte_Call_BmwSwFctDi_Data_GetNAME04_00_DrivingDynamicsInterfaceMinusDriversTorque" comment="" line="150" main_generator_called="disabled" attributes="extern">
         <pointer name="arg1" comment="" line="150" complete_type="uint8 *" init_mode="disabled" initialize_pointer="disabled" number_allocated="disabled" init_pointed="MULTI">
            <scalar comment="" line="150" base_type="uint8" complete_type="uint8" init_mode="PERMANENT" init_modes_allowed="4" init_range="min..max" global_assert="unsupported" assert_range="unsupported"/>
         </pointer>
         <scalar name="return" comment="" line="150" base_type="uint8" complete_type="uint8" init_mode="PERMANENT" init_modes_allowed="4" init_range="min..max" global_assert="unsupported" assert_range="unsupported"/>
      </function>
      <function name="Rte_Call_BmwSwFctDi_Data_GetNAME04_00_DrivingDynamicsInterfaceMinusMotorTorque" comment="" line="151" main_generator_called="disabled" attributes="extern">
         <pointer name="arg1" comment="" line="151" complete_type="uint8 *" init_mode="disabled" initialize_pointer="disabled" number_allocated="disabled" init_pointed="MULTI">
            <scalar comment="" line="151" base_type="uint8" complete_type="uint8" init_mode="PERMANENT" init_modes_allowed="4" init_range="min..max" global_assert="unsupported" assert_range="unsupported"/>
         </pointer>
         <scalar name="return" comment="" line="151" base_type="uint8" complete_type="uint8" init_mode="PERMANENT" init_modes_allowed="4" init_range="min..max" global_assert="unsupported" assert_range="unsupported"/>
      </function>
      <function name="Rte_Call_BmwSwFctDi_Data_GetNAME04_02_DrivingDynamicsInterfaceMinusFactors" comment="" line="152" main_generator_called="disabled" attributes="extern">
         <pointer name="arg1" comment="" line="152" complete_type="uint8 *" init_mode="disabled" initialize_pointer="disabled" number_allocated="disabled" init_pointed="MULTI">
            <scalar comment="" line="152" base_type="uint8" complete_type="uint8" init_mode="PERMANENT" init_modes_allowed="4" init_range="min..max" global_assert="unsupported" assert_range="unsupported"/>
         </pointer>
         <scalar name="return" comment="" line="152" base_type="uint8" complete_type="uint8" init_mode="PERMANENT" init_modes_allowed="4" init_range="min..max" global_assert="unsupported" assert_range="unsupported"/>
      </function>
      <function name="Rte_Call_BmwSwFctDi_Data_GetNAME04_03_DrivingDynamicsInterfaceMinusAdditionalDamping" comment="" line="153" main_generator_called="disabled" attributes="extern">
         <pointer name="arg1" comment="" line="153" complete_type="uint8 *" init_mode="disabled" initialize_pointer="disabled" number_allocated="disabled" init_pointed="MULTI">
            <scalar comment="" line="153" base_type="uint8" complete_type="uint8" init_mode="PERMANENT" init_modes_allowed="4" init_range="min..max" global_assert="unsupported" assert_range="unsupported"/>
         </pointer>
         <scalar name="return" comment="" line="153" base_type="uint8" complete_type="uint8" init_mode="PERMANENT" init_modes_allowed="4" init_range="min..max" global_assert="unsupported" assert_range="unsupported"/>
      </function>
      <function name="Rte_Call_BmwSwFctDi_Data_GetNAME04_04_EPSVibration" comment="" line="154" main_generator_called="disabled" attributes="extern">
         <pointer name="arg1" comment="" line="154" complete_type="uint8 *" init_mode="disabled" initialize_pointer="disabled" number_allocated="disabled" init_pointed="MULTI">
            <scalar comment="" line="154" base_type="uint8" complete_type="uint8" init_mode="PERMANENT" init_modes_allowed="4" init_range="min..max" global_assert="unsupported" assert_range="unsupported"/>
         </pointer>
         <scalar name="return" comment="" line="154" base_type="uint8" complete_type="uint8" init_mode="PERMANENT" init_modes_allowed="4" init_range="min..max" global_assert="unsupported" assert_range="unsupported"/>
      </function>
      <function name="Rte_Call_BmwSwFctDi_Data_GetNAME04_05_DrivingExperienceSwitch" comment="" line="155" main_generator_called="disabled" attributes="extern">
         <pointer name="arg1" comment="" line="155" complete_type="uint8 *" init_mode="disabled" initialize_pointer="disabled" number_allocated="disabled" init_pointed="MULTI">
            <scalar comment="" line="155" base_type="uint8" complete_type="uint8" init_mode="PERMANENT" init_modes_allowed="4" init_range="min..max" global_assert="unsupported" assert_range="unsupported"/>
         </pointer>
         <scalar name="return" comment="" line="155" base_type="uint8" complete_type="uint8" init_mode="PERMANENT" init_modes_allowed="4" init_range="min..max" global_assert="unsupported" assert_range="unsupported"/>
      </function>
      <function name="Rte_Call_BmwSwFctDi_Data_GetNAME04_07_automaticEngineStartStopFunction" comment="" line="157" main_generator_called="disabled" attributes="extern">
         <pointer name="arg1" comment="" line="157" complete_type="uint8 *" init_mode="disabled" initialize_pointer="disabled" number_allocated="disabled" init_pointed="MULTI">
            <scalar comment="" line="157" base_type="uint8" complete_type="uint8" init_mode="PERMANENT" init_modes_allowed="4" init_range="min..max" global_assert="unsupported" assert_range="unsupported"/>
         </pointer>
         <scalar name="return" comment="" line="157" base_type="uint8" complete_type="uint8" init_mode="PERMANENT" init_modes_allowed="4" init_range="min..max" global_assert="unsupported" assert_range="unsupported"/>
      </function>
      <pointer name="Rte_Inst_BmwSwFctDi" comment="" line="74" attributes="extern const" complete_type="const struct Rte_CDS_BmwSwFctDi *" init_mode="INIT" init_modes_allowed="2" initialize_pointer="May-be NULL" number_allocated="max" init_pointed="MULTI">
         <struct comment="" line="74" complete_type="struct Rte_CDS_BmwSwFctDi" attributes="extern const">
            <pointer name="Pim_BmwActvRtn" comment="" line="74" attributes="extern const" complete_type="uint8 *" init_mode="INIT" init_modes_allowed="2" initialize_pointer="May-be NULL" number_allocated="max" init_pointed="MULTI">
               <scalar comment="" line="74" base_type="uint8" attributes="extern" complete_type="uint8" init_mode="INIT" init_modes_allowed="2" init_range="min..max" global_assert="unsupported" assert_range="unsupported"/>
            </pointer>
            <pointer name="Pim_BmwEngStrtStop" comment="" line="74" attributes="extern const" complete_type="uint8 *" init_mode="INIT" init_modes_allowed="2" initialize_pointer="May-be NULL" number_allocated="max" init_pointed="MULTI">
               <scalar comment="" line="74" base_type="uint8" attributes="extern" complete_type="uint8" init_mode="INIT" init_modes_allowed="2" init_range="min..max" global_assert="unsupported" assert_range="unsupported"/>
            </pointer>
            <pointer name="Pim_BmwEpsOscn" comment="" line="74" attributes="extern const" complete_type="uint8 *" init_mode="INIT" init_modes_allowed="2" initialize_pointer="May-be NULL" number_allocated="max" init_pointed="MULTI">
               <scalar comment="" line="74" base_type="uint8" attributes="extern" complete_type="uint8" init_mode="INIT" init_modes_allowed="2" init_range="min..max" global_assert="unsupported" assert_range="unsupported"/>
            </pointer>
            <pointer name="Pim_BmwFricCmp" comment="" line="74" attributes="extern const" complete_type="uint8 *" init_mode="INIT" init_modes_allowed="2" initialize_pointer="May-be NULL" number_allocated="max" init_pointed="MULTI">
               <scalar comment="" line="74" base_type="uint8" attributes="extern" complete_type="uint8" init_mode="INIT" init_modes_allowed="2" init_range="min..max" global_assert="unsupported" assert_range="unsupported"/>
            </pointer>
            <pointer name="Pim_BmwGearInertiaCmp" comment="" line="74" attributes="extern const" complete_type="uint8 *" init_mode="INIT" init_modes_allowed="2" initialize_pointer="May-be NULL" number_allocated="max" init_pointed="MULTI">
               <scalar comment="" line="74" base_type="uint8" attributes="extern" complete_type="uint8" init_mode="INIT" init_modes_allowed="2" init_range="min..max" global_assert="unsupported" assert_range="unsupported"/>
            </pointer>
            <pointer name="Pim_BmwHwInertiaCmp" comment="" line="74" attributes="extern const" complete_type="uint8 *" init_mode="INIT" init_modes_allowed="2" initialize_pointer="May-be NULL" number_allocated="max" init_pointed="MULTI">
               <scalar comment="" line="74" base_type="uint8" attributes="extern" complete_type="uint8" init_mode="INIT" init_modes_allowed="2" init_range="min..max" global_assert="unsupported" assert_range="unsupported"/>
            </pointer>
            <pointer name="Pim_BmwHysActvInfl" comment="" line="74" attributes="extern const" complete_type="uint8 *" init_mode="INIT" init_modes_allowed="2" initialize_pointer="May-be NULL" number_allocated="max" init_pointed="MULTI">
               <scalar comment="" line="74" base_type="uint8" attributes="extern" complete_type="uint8" init_mode="INIT" init_modes_allowed="2" init_range="min..max" global_assert="unsupported" assert_range="unsupported"/>
            </pointer>
            <pointer name="Pim_BmwIfNegDampg" comment="" line="74" attributes="extern const" complete_type="uint8 *" init_mode="INIT" init_modes_allowed="2" initialize_pointer="May-be NULL" number_allocated="max" init_pointed="MULTI">
               <scalar comment="" line="74" base_type="uint8" attributes="extern" complete_type="uint8" init_mode="INIT" init_modes_allowed="2" init_range="min..max" global_assert="unsupported" assert_range="unsupported"/>
            </pointer>
            <pointer name="Pim_BmwIfNegFac" comment="" line="74" attributes="extern const" complete_type="uint8 *" init_mode="INIT" init_modes_allowed="2" initialize_pointer="May-be NULL" number_allocated="max" init_pointed="MULTI">
               <scalar comment="" line="74" base_type="uint8" attributes="extern" complete_type="uint8" init_mode="INIT" init_modes_allowed="2" init_range="min..max" global_assert="unsupported" assert_range="unsupported"/>
            </pointer>
            <pointer name="Pim_BmwIfNegHwTq" comment="" line="74" attributes="extern const" complete_type="uint8 *" init_mode="INIT" init_modes_allowed="2" initialize_pointer="May-be NULL" number_allocated="max" init_pointed="MULTI">
               <scalar comment="" line="74" base_type="uint8" attributes="extern" complete_type="uint8" init_mode="INIT" init_modes_allowed="2" init_range="min..max" global_assert="unsupported" assert_range="unsupported"/>
            </pointer>
            <pointer name="Pim_BmwIfNegMotTq" comment="" line="74" attributes="extern const" complete_type="uint8 *" init_mode="INIT" init_modes_allowed="2" initialize_pointer="May-be NULL" number_allocated="max" init_pointed="MULTI">
               <scalar comment="" line="74" base_type="uint8" attributes="extern" complete_type="uint8" init_mode="INIT" init_modes_allowed="2" init_range="min..max" global_assert="unsupported" assert_range="unsupported"/>
            </pointer>
            <pointer name="Pim_BmwLrnSwt" comment="" line="74" attributes="extern const" complete_type="uint8 *" init_mode="INIT" init_modes_allowed="2" initialize_pointer="May-be NULL" number_allocated="max" init_pointed="MULTI">
               <scalar comment="" line="74" base_type="uint8" attributes="extern" complete_type="uint8" init_mode="INIT" init_modes_allowed="2" init_range="min..max" global_assert="unsupported" assert_range="unsupported"/>
            </pointer>
            <pointer name="Pim_BmwPrkgPwrDampg" comment="" line="74" attributes="extern const" complete_type="uint8 *" init_mode="INIT" init_modes_allowed="2" initialize_pointer="May-be NULL" number_allocated="max" init_pointed="MULTI">
               <scalar comment="" line="74" base_type="uint8" attributes="extern" complete_type="uint8" init_mode="INIT" init_modes_allowed="2" init_range="min..max" global_assert="unsupported" assert_range="unsupported"/>
            </pointer>
            <pointer name="Pim_BmwPullCmp" comment="" line="74" attributes="extern const" complete_type="uint8 *" init_mode="INIT" init_modes_allowed="2" initialize_pointer="May-be NULL" number_allocated="max" init_pointed="MULTI">
               <scalar comment="" line="74" base_type="uint8" attributes="extern" complete_type="uint8" init_mode="INIT" init_modes_allowed="2" init_range="min..max" global_assert="unsupported" assert_range="unsupported"/>
            </pointer>
            <pointer name="Pim_PrevCodingDataMode" comment="" line="74" attributes="extern const" complete_type="uint8 *" init_mode="INIT" init_modes_allowed="2" initialize_pointer="May-be NULL" number_allocated="max" init_pointed="MULTI">
               <scalar comment="" line="74" base_type="uint8" attributes="extern" complete_type="uint8" init_mode="INIT" init_modes_allowed="2" init_range="min..max" global_assert="unsupported" assert_range="unsupported"/>
            </pointer>
         </struct>
      </pointer>
      <function name="Rte_Mode_BmwSwFctDi_Coding_DataMode_Mode" comment="" line="132" main_generator_called="disabled" attributes="extern">
         <scalar name="return" comment="" line="132" base_type="uint8" complete_type="uint8" init_mode="PERMANENT" init_modes_allowed="4" init_range="min..max" global_assert="unsupported" assert_range="unsupported"/>
      </function>
      <function name="Rte_Prm_BmwSwFctDi_BmwSwFctDiBmwActvRtnOvrd_Val" comment="" line="160" main_generator_called="disabled" attributes="extern">
         <scalar name="return" comment="" line="160" base_type="uint8" complete_type="uint8" init_mode="PERMANENT" init_modes_allowed="4" init_range="min..max" global_assert="unsupported" assert_range="unsupported"/>
      </function>
      <function name="Rte_Prm_BmwSwFctDi_BmwSwFctDiBmwEngStrtStopOvrd_Val" comment="" line="161" main_generator_called="disabled" attributes="extern">
         <scalar name="return" comment="" line="161" base_type="uint8" complete_type="uint8" init_mode="PERMANENT" init_modes_allowed="4" init_range="min..max" global_assert="unsupported" assert_range="unsupported"/>
      </function>
      <function name="Rte_Prm_BmwSwFctDi_BmwSwFctDiBmwEpsOscnOvrd_Val" comment="" line="162" main_generator_called="disabled" attributes="extern">
         <scalar name="return" comment="" line="162" base_type="uint8" complete_type="uint8" init_mode="PERMANENT" init_modes_allowed="4" init_range="min..max" global_assert="unsupported" assert_range="unsupported"/>
      </function>
      <function name="Rte_Prm_BmwSwFctDi_BmwSwFctDiBmwFricCmpOvrd_Val" comment="" line="163" main_generator_called="disabled" attributes="extern">
         <scalar name="return" comment="" line="163" base_type="uint8" complete_type="uint8" init_mode="PERMANENT" init_modes_allowed="4" init_range="min..max" global_assert="unsupported" assert_range="unsupported"/>
      </function>
      <function name="Rte_Prm_BmwSwFctDi_BmwSwFctDiBmwGearInertiaCmpOvrd_Val" comment="" line="164" main_generator_called="disabled" attributes="extern">
         <scalar name="return" comment="" line="164" base_type="uint8" complete_type="uint8" init_mode="PERMANENT" init_modes_allowed="4" init_range="min..max" global_assert="unsupported" assert_range="unsupported"/>
      </function>
      <function name="Rte_Prm_BmwSwFctDi_BmwSwFctDiBmwHwInertiaCmpOvrd_Val" comment="" line="165" main_generator_called="disabled" attributes="extern">
         <scalar name="return" comment="" line="165" base_type="uint8" complete_type="uint8" init_mode="PERMANENT" init_modes_allowed="4" init_range="min..max" global_assert="unsupported" assert_range="unsupported"/>
      </function>
      <function name="Rte_Prm_BmwSwFctDi_BmwSwFctDiBmwHysActvInflOvrd_Val" comment="" line="166" main_generator_called="disabled" attributes="extern">
         <scalar name="return" comment="" line="166" base_type="uint8" complete_type="uint8" init_mode="PERMANENT" init_modes_allowed="4" init_range="min..max" global_assert="unsupported" assert_range="unsupported"/>
      </function>
      <function name="Rte_Prm_BmwSwFctDi_BmwSwFctDiBmwIfNegDampgOvrd_Val" comment="" line="167" main_generator_called="disabled" attributes="extern">
         <scalar name="return" comment="" line="167" base_type="uint8" complete_type="uint8" init_mode="PERMANENT" init_modes_allowed="4" init_range="min..max" global_assert="unsupported" assert_range="unsupported"/>
      </function>
      <function name="Rte_Prm_BmwSwFctDi_BmwSwFctDiBmwIfNegFacOvrd_Val" comment="" line="168" main_generator_called="disabled" attributes="extern">
         <scalar name="return" comment="" line="168" base_type="uint8" complete_type="uint8" init_mode="PERMANENT" init_modes_allowed="4" init_range="min..max" global_assert="unsupported" assert_range="unsupported"/>
      </function>
      <function name="Rte_Prm_BmwSwFctDi_BmwSwFctDiBmwIfNegHwTqOvrd_Val" comment="" line="169" main_generator_called="disabled" attributes="extern">
         <scalar name="return" comment="" line="169" base_type="uint8" complete_type="uint8" init_mode="PERMANENT" init_modes_allowed="4" init_range="min..max" global_assert="unsupported" assert_range="unsupported"/>
      </function>
      <function name="Rte_Prm_BmwSwFctDi_BmwSwFctDiBmwIfNegMotTqOvrd_Val" comment="" line="170" main_generator_called="disabled" attributes="extern">
         <scalar name="return" comment="" line="170" base_type="uint8" complete_type="uint8" init_mode="PERMANENT" init_modes_allowed="4" init_range="min..max" global_assert="unsupported" assert_range="unsupported"/>
      </function>
      <function name="Rte_Prm_BmwSwFctDi_BmwSwFctDiBmwLrnSwtOvrd_Val" comment="" line="171" main_generator_called="disabled" attributes="extern">
         <scalar name="return" comment="" line="171" base_type="uint8" complete_type="uint8" init_mode="PERMANENT" init_modes_allowed="4" init_range="min..max" global_assert="unsupported" assert_range="unsupported"/>
      </function>
      <function name="Rte_Prm_BmwSwFctDi_BmwSwFctDiBmwPrkgPwrDampgOvrd_Val" comment="" line="172" main_generator_called="disabled" attributes="extern">
         <scalar name="return" comment="" line="172" base_type="uint8" complete_type="uint8" init_mode="PERMANENT" init_modes_allowed="4" init_range="min..max" global_assert="unsupported" assert_range="unsupported"/>
      </function>
      <function name="Rte_Prm_BmwSwFctDi_BmwSwFctDiCodingOvrd_Val" comment="" line="174" main_generator_called="disabled" attributes="extern">
         <scalar name="return" comment="" line="174" base_type="uint8" complete_type="uint8" init_mode="PERMANENT" init_modes_allowed="4" init_range="min..max" global_assert="unsupported" assert_range="unsupported"/>
      </function>
      <function name="Rte_Prm_BmwSwFctDi_BmwSwFctDiMaxCurrAtHiSpdOvrd_Val" comment="" line="175" main_generator_called="disabled" attributes="extern">
         <scalar name="return" comment="" line="175" base_type="uint8" complete_type="uint8" init_mode="PERMANENT" init_modes_allowed="4" init_range="min..max" global_assert="unsupported" assert_range="unsupported"/>
      </function>
      <function name="Rte_Prm_BmwSwFctDi_BmwSwFctDiMaxCurrAtLoSpdOvrd_Val" comment="" line="176" main_generator_called="disabled" attributes="extern">
         <scalar name="return" comment="" line="176" base_type="uint8" complete_type="uint8" init_mode="PERMANENT" init_modes_allowed="4" init_range="min..max" global_assert="unsupported" assert_range="unsupported"/>
      </function>
      <function name="Rte_Read_BmwSwFctDi_CtrldVelRtnCmd_Val" comment="" line="113" main_generator_called="disabled" attributes="extern">
         <pointer name="arg1" comment="" line="113" complete_type="float32 *" init_mode="disabled" initialize_pointer="disabled" number_allocated="disabled" init_pointed="MULTI">
            <scalar comment="" line="113" base_type="float32" complete_type="float32" init_mode="PERMANENT" init_modes_allowed="4" init_range="min..max" global_assert="unsupported" assert_range="unsupported"/>
         </pointer>
         <scalar name="return" comment="" line="113" base_type="uint8" complete_type="uint8" init_mode="PERMANENT" init_modes_allowed="4" init_range="min..max" global_assert="unsupported" assert_range="unsupported"/>
      </function>
      <function name="Rte_Read_BmwSwFctDi_HwTqCmdHys_Val" comment="" line="114" main_generator_called="disabled" attributes="extern">
         <pointer name="arg1" comment="" line="114" complete_type="float32 *" init_mode="disabled" initialize_pointer="disabled" number_allocated="disabled" init_pointed="MULTI">
            <scalar comment="" line="114" base_type="float32" complete_type="float32" init_mode="PERMANENT" init_modes_allowed="4" init_range="min..max" global_assert="unsupported" assert_range="unsupported"/>
         </pointer>
         <scalar name="return" comment="" line="114" base_type="uint8" complete_type="uint8" init_mode="PERMANENT" init_modes_allowed="4" init_range="min..max" global_assert="unsupported" assert_range="unsupported"/>
      </function>
      <function name="Rte_Read_BmwSwFctDi_InertiaCmpVelCmdDi_Logl" comment="" line="115" main_generator_called="disabled" attributes="extern">
         <pointer name="arg1" comment="" line="115" complete_type="uint8 *" init_mode="disabled" initialize_pointer="disabled" number_allocated="disabled" init_pointed="MULTI">
            <scalar comment="" line="115" base_type="uint8" complete_type="uint8" init_mode="PERMANENT" init_modes_allowed="4" init_range="min..max" global_assert="unsupported" assert_range="unsupported"/>
         </pointer>
         <scalar name="return" comment="" line="115" base_type="uint8" complete_type="uint8" init_mode="PERMANENT" init_modes_allowed="4" init_range="min..max" global_assert="unsupported" assert_range="unsupported"/>
      </function>
      <function name="Rte_Read_BmwSwFctDi_PullCmpCmdDi_Logl" comment="" line="116" main_generator_called="disabled" attributes="extern">
         <pointer name="arg1" comment="" line="116" complete_type="uint8 *" init_mode="disabled" initialize_pointer="disabled" number_allocated="disabled" init_pointed="MULTI">
            <scalar comment="" line="116" base_type="uint8" complete_type="uint8" init_mode="PERMANENT" init_modes_allowed="4" init_range="min..max" global_assert="unsupported" assert_range="unsupported"/>
         </pointer>
         <scalar name="return" comment="" line="116" base_type="uint8" complete_type="uint8" init_mode="PERMANENT" init_modes_allowed="4" init_range="min..max" global_assert="unsupported" assert_range="unsupported"/>
      </function>
      <function name="Rte_Write_BmwSwFctDi_BmwOutpTqOvrlCmdEna_Logl" comment="" line="117" main_generator_called="disabled" attributes="extern">
         <scalar name="arg1" comment="" line="117" base_type="uint8" complete_type="uint8" init_mode="disabled" init_range="disabled" global_assert="unsupported" assert_range="unsupported"/>
         <scalar name="return" comment="" line="117" base_type="uint8" complete_type="uint8" init_mode="PERMANENT" init_modes_allowed="4" init_range="min..max" global_assert="unsupported" assert_range="unsupported"/>
      </function>
      <function name="Rte_Write_BmwSwFctDi_BmwStrtStopMsgEna_Logl" comment="" line="118" main_generator_called="disabled" attributes="extern">
         <scalar name="arg1" comment="" line="118" base_type="uint8" complete_type="uint8" init_mode="disabled" init_range="disabled" global_assert="unsupported" assert_range="unsupported"/>
         <scalar name="return" comment="" line="118" base_type="uint8" complete_type="uint8" init_mode="PERMANENT" init_modes_allowed="4" init_range="min..max" global_assert="unsupported" assert_range="unsupported"/>
      </function>
      <function name="Rte_Write_BmwSwFctDi_CtrldVelRtnCmdBmwOvrd_Val" comment="" line="119" main_generator_called="disabled" attributes="extern">
         <scalar name="arg1" comment="" line="119" base_type="float32" complete_type="float32" init_mode="disabled" init_range="disabled" global_assert="unsupported" assert_range="unsupported"/>
         <scalar name="return" comment="" line="119" base_type="uint8" complete_type="uint8" init_mode="PERMANENT" init_modes_allowed="4" init_range="min..max" global_assert="unsupported" assert_range="unsupported"/>
      </function>
      <function name="Rte_Write_BmwSwFctDi_DampgCmdPwrPrkgEna_Logl" comment="" line="120" main_generator_called="disabled" attributes="extern">
         <scalar name="arg1" comment="" line="120" base_type="uint8" complete_type="uint8" init_mode="disabled" init_range="disabled" global_assert="unsupported" assert_range="unsupported"/>
         <scalar name="return" comment="" line="120" base_type="uint8" complete_type="uint8" init_mode="PERMANENT" init_modes_allowed="4" init_range="min..max" global_assert="unsupported" assert_range="unsupported"/>
      </function>
      <function name="Rte_Write_BmwSwFctDi_DrvgDynFacEna_Logl" comment="" line="121" main_generator_called="disabled" attributes="extern">
         <scalar name="arg1" comment="" line="121" base_type="uint8" complete_type="uint8" init_mode="disabled" init_range="disabled" global_assert="unsupported" assert_range="unsupported"/>
         <scalar name="return" comment="" line="121" base_type="uint8" complete_type="uint8" init_mode="PERMANENT" init_modes_allowed="4" init_range="min..max" global_assert="unsupported" assert_range="unsupported"/>
      </function>
      <function name="Rte_Write_BmwSwFctDi_FricLrngCustEna_Logl" comment="" line="122" main_generator_called="disabled" attributes="extern">
         <scalar name="arg1" comment="" line="122" base_type="uint8" complete_type="uint8" init_mode="disabled" init_range="disabled" global_assert="unsupported" assert_range="unsupported"/>
         <scalar name="return" comment="" line="122" base_type="uint8" complete_type="uint8" init_mode="PERMANENT" init_modes_allowed="4" init_range="min..max" global_assert="unsupported" assert_range="unsupported"/>
      </function>
      <function name="Rte_Write_BmwSwFctDi_HaptcFbEna_Logl" comment="" line="123" main_generator_called="disabled" attributes="extern">
         <scalar name="arg1" comment="" line="123" base_type="uint8" complete_type="uint8" init_mode="disabled" init_range="disabled" global_assert="unsupported" assert_range="unsupported"/>
         <scalar name="return" comment="" line="123" base_type="uint8" complete_type="uint8" init_mode="PERMANENT" init_modes_allowed="4" init_range="min..max" global_assert="unsupported" assert_range="unsupported"/>
      </function>
      <function name="Rte_Write_BmwSwFctDi_HwTqCmdHysBmwOvrd_Val" comment="" line="124" main_generator_called="disabled" attributes="extern">
         <scalar name="arg1" comment="" line="124" base_type="float32" complete_type="float32" init_mode="disabled" init_range="disabled" global_assert="unsupported" assert_range="unsupported"/>
         <scalar name="return" comment="" line="124" base_type="uint8" complete_type="uint8" init_mode="PERMANENT" init_modes_allowed="4" init_range="min..max" global_assert="unsupported" assert_range="unsupported"/>
      </function>
      <function name="Rte_Write_BmwSwFctDi_HwTqOvrlCmdEna_Logl" comment="" line="125" main_generator_called="disabled" attributes="extern">
         <scalar name="arg1" comment="" line="125" base_type="uint8" complete_type="uint8" init_mode="disabled" init_range="disabled" global_assert="unsupported" assert_range="unsupported"/>
         <scalar name="return" comment="" line="125" base_type="uint8" complete_type="uint8" init_mode="PERMANENT" init_modes_allowed="4" init_range="min..max" global_assert="unsupported" assert_range="unsupported"/>
      </function>
      <function name="Rte_Write_BmwSwFctDi_InertiaCmpVelCmdDiBmwOvrd_Logl" comment="" line="126" main_generator_called="disabled" attributes="extern">
         <scalar name="arg1" comment="" line="126" base_type="uint8" complete_type="uint8" init_mode="disabled" init_range="disabled" global_assert="unsupported" assert_range="unsupported"/>
         <scalar name="return" comment="" line="126" base_type="uint8" complete_type="uint8" init_mode="PERMANENT" init_modes_allowed="4" init_range="min..max" global_assert="unsupported" assert_range="unsupported"/>
      </function>
      <function name="Rte_Write_BmwSwFctDi_MaxCurrAtHiSpd_Val" comment="" line="127" main_generator_called="disabled" attributes="extern">
         <scalar name="arg1" comment="" line="127" base_type="float32" complete_type="float32" init_mode="disabled" init_range="disabled" global_assert="unsupported" assert_range="unsupported"/>
         <scalar name="return" comment="" line="127" base_type="uint8" complete_type="uint8" init_mode="PERMANENT" init_modes_allowed="4" init_range="min..max" global_assert="unsupported" assert_range="unsupported"/>
      </function>
      <function name="Rte_Write_BmwSwFctDi_MaxCurrAtLoSpd_Val" comment="" line="128" main_generator_called="disabled" attributes="extern">
         <scalar name="arg1" comment="" line="128" base_type="float32" complete_type="float32" init_mode="disabled" init_range="disabled" global_assert="unsupported" assert_range="unsupported"/>
         <scalar name="return" comment="" line="128" base_type="uint8" complete_type="uint8" init_mode="PERMANENT" init_modes_allowed="4" init_range="min..max" global_assert="unsupported" assert_range="unsupported"/>
      </function>
      <function name="Rte_Write_BmwSwFctDi_PullCmpCmdDiBmwOvrd_Logl" comment="" line="129" main_generator_called="disabled" attributes="extern">
         <scalar name="arg1" comment="" line="129" base_type="uint8" complete_type="uint8" init_mode="disabled" init_range="disabled" global_assert="unsupported" assert_range="unsupported"/>
         <scalar name="return" comment="" line="129" base_type="uint8" complete_type="uint8" init_mode="PERMANENT" init_modes_allowed="4" init_range="min..max" global_assert="unsupported" assert_range="unsupported"/>
      </function>
      <function name="Rte_Write_BmwSwFctDi_TrfcJamAssiCmdEna_Logl" comment="" line="130" main_generator_called="disabled" attributes="extern">
         <scalar name="arg1" comment="" line="130" base_type="uint8" complete_type="uint8" init_mode="disabled" init_range="disabled" global_assert="unsupported" assert_range="unsupported"/>
         <scalar name="return" comment="" line="130" base_type="uint8" complete_type="uint8" init_mode="PERMANENT" init_modes_allowed="4" init_range="min..max" global_assert="unsupported" assert_range="unsupported"/>
      </function>
      <function name="Rte_Write_BmwSwFctDi_TunSetHndlrEna_Logl" comment="" line="131" main_generator_called="disabled" attributes="extern">
         <scalar name="arg1" comment="" line="131" base_type="uint8" complete_type="uint8" init_mode="disabled" init_range="disabled" global_assert="unsupported" assert_range="unsupported"/>
         <scalar name="return" comment="" line="131" base_type="uint8" complete_type="uint8" init_mode="PERMANENT" init_modes_allowed="4" init_range="min..max" global_assert="unsupported" assert_range="unsupported"/>
      </function>
   </file>
   <file name="C:\\Program Files\\MATLAB\\R2013b\\polyspace\\verifier\\cxx\\include\\include-libc\\bits\\huge_val.h" comment="">
      <struct name="__huge_val" comment="" line="52" attributes="static">
         <array name="__c" comment="" line="52" complete_type="uint8 [8]" attributes="static">
            <scalar comment="" line="52" base_type="uint8" attributes="static" complete_type="uint8" init_mode="MAIN_GENERATOR" init_modes_allowed="15" init_range="min..max" global_assert="NO" assert_range=""/>
         </array>
      </struct>
   </file>
</global>
