<?pst parser version="1.0" encoding="UTF-8"?>
<DiffFile>
<Header>
--
-- File created by Polyspace / Comments Diff
-- Copyright 1999-2017 MathWorks, Inc.
--
</Header>

<File Name="None" NewName="None">

    <CodeStruct Name="?extern.Rte_Read_PwrUpSeq_MotDrvr0IninTestCmpl_Logl" File="None" Line="0" Col="0" NewFile="None" NewLine="0">
        <Removed/>
    </CodeStruct>

    <CodeStruct Name="?extern.Rte_Call_PwrUpSeq_IoHwAb_SetGpioPwrTurnOffCtrl_Oper" File="None" Line="0" Col="0" NewFile="None" NewLine="0">
        <Removed/>
    </CodeStruct>

    <CodeStruct Name="?extern.Rte_Read_PwrUpSeq_TmplMonIninTestCmpl_Logl" File="None" Line="0" Col="0" NewFile="None" NewLine="0">
        <Removed/>
    </CodeStruct>

    <CodeStruct Name="?extern.Rte_Read_PwrUpSeq_CurrMeasWrmIninTestCmpl_Logl" File="None" Line="0" Col="0" NewFile="None" NewLine="0">
        <Removed/>
    </CodeStruct>

    <CodeStruct Name="?extern.Rte_Write_PwrUpSeq_StrtUpSt_Val" File="None" Line="0" Col="0" NewFile="None" NewLine="0">
        <Removed/>
    </CodeStruct>

    <CodeStruct Name="?extern.Rte_Read_PwrUpSeq_PwrDiscnctATestCmpl_Logl" File="None" Line="0" Col="0" NewFile="None" NewLine="0">
        <Removed/>
    </CodeStruct>

    <CodeStruct Name="?extern.Rte_Read_PwrUpSeq_SysSt_Val" File="None" Line="0" Col="0" NewFile="None" NewLine="0">
        <Removed/>
    </CodeStruct>

    <CodeStruct Name="?extern.Rte_Read_PwrUpSeq_PwrDiscnctBTestCmpl_Logl" File="None" Line="0" Col="0" NewFile="None" NewLine="0">
        <Removed/>
    </CodeStruct>

    <CodeStruct Name="?extern.Rte_Read_PwrUpSeq_PhaDiscnctWrmIninTestCmpl_Logl" File="None" Line="0" Col="0" NewFile="None" NewLine="0">
        <Removed/>
    </CodeStruct>

    <CodeStruct Name="?extern.Rte_Read_PwrUpSeq_MotDrvr1IninTestCmpl_Logl" File="None" Line="0" Col="0" NewFile="None" NewLine="0">
        <Removed/>
    </CodeStruct>

    <CodeStruct Name="?extern.Rte_Read_PwrUpSeq_CodFlsCrcChkCmpl_Logl" File="None" Line="0" Col="0" NewFile="None" NewLine="0">
        <Removed/>
    </CodeStruct>
</File>
</DiffFile>
