<?xml version="1.0" encoding="UTF-8"?>

<MISRA-C-Report version="1.3">


<CodeStruct Name="" File="C:\_S\work\ses_dev_ea4\SF112A_SteerCmdArbnAndLim_Impl-z172399\SF112A_SteerCmdArbnAndLim_Impl\src\SteerCmdArbnAndLim.c" Line="0" Column="0">

<Rule Name="19.1" Mode="advisory" Report="warning" Id="1">
<Loc File="C:\_S\work\ses_dev_ea4\SF112A_SteerCmdArbnAndLim_Impl-z172399\SF112A_SteerCmdArbnAndLim_Impl\src\SteerCmdArbnAndLim.c" Line="678" Column="0">
</Loc>
<Message>
#include statements in a file shall only be preceded by other preprocessor directives or comments.
</Message>
</Rule>

<Rule Name="19.1" Mode="advisory" Report="warning" Id="2">
<Loc File="C:\_S\work\ses_dev_ea4\SF112A_SteerCmdArbnAndLim_Impl-z172399\SF112A_SteerCmdArbnAndLim_Impl\src\SteerCmdArbnAndLim.c" Line="1059" Column="0">
</Loc>
<Message>
#include statements in a file shall only be preceded by other preprocessor directives or comments.
</Message>
</Rule>

</CodeStruct>

</MISRA-C-Report>
