<?xml version="1.0" encoding="UTF-8"?>

<project name="Polyspace" files="3" includes="28" ap_cg_cycle="0" ap_cg_direct_cycle="0" pshv="0" unpshv="0">
<file name="E:\EA4NewTemplate\CM104A_EcmOutpAndDiagc_Impl\tools\local\generate\Rte_Stubs.c" total_lines="28" lines_without_cmt="12" comf="14" fco="7">
<function name="Rte_Stub" path="1" goto="0" vg="1" calling="0" calls="7" param="0" stmt="7" level="1" return="0" vocf="2.2" flin="7" fxln="7" ncalls="7">
</function>
</file>
<file name="E:\EA4NewTemplate\CM104A_EcmOutpAndDiagc_Impl\src\CDD_EcmOutpAndDiagcNonRte.c" total_lines="530" lines_without_cmt="332" comf="56" fco="38">
<function name="EcmOutpAndDiagcInit4" path="11" goto="0" vg="7" calling="1" calls="4" param="0" stmt="51" level="4" return="0" vocf="7.6" flin="142" fxln="49" ncalls="21">
</function>
<function name="EcmOutpAndDiagcInit3" path="8" goto="0" vg="7" calling="1" calls="7" param="0" stmt="31" level="4" return="0" vocf="5.3" flin="103" fxln="35" ncalls="12">
</function>
<function name="EcmOutpAndDiagcInit1" path="5" goto="0" vg="5" calling="1" calls="3" param="0" stmt="17" level="4" return="0" vocf="5.8" flin="62" fxln="20" ncalls="7">
</function>
</file>
<file name="E:\EA4NewTemplate\CM104A_EcmOutpAndDiagc_Impl\src\CDD_EcmOutpAndDiagc.c" total_lines="197" lines_without_cmt="53" comf="83" fco="15">
<function name="EcmOutpAndDiagcInit2" path="1" goto="0" vg="1" calling="1" calls="0" param="0" stmt="0" level="1" return="0" vocf="1.2" flin="10" fxln="0" ncalls="0">
</function>
<function name="CtrlErrOut_Oper" path="4" goto="0" vg="4" calling="3" calls="3" param="2" stmt="23" level="3" return="0" vocf="6.9" flin="67" fxln="25" ncalls="16">
</function>
</file>
</project>
