<?xml version="1.0" encoding="UTF-8"?>

<MISRA-C-Report version="1.3">


<CodeStruct Name="" File="C:\_Synergy_Projects\Working\ses_dev_ea4\SF105A_MotCurrRegVltgLimr_Impl\include\CDD_MotCurrRegVltgLimr_MotCtrl_MemMap.h" Line="0" Column="0">

<Rule Name="19.15" Mode="required" Report="warning" Id="13">
<Loc File="C:\_Synergy_Projects\Working\ses_dev_ea4\SF105A_MotCurrRegVltgLimr_Impl\include\CDD_MotCurrRegVltgLimr_MotCtrl_MemMap.h" Line="1" Column="0">
</Loc>
<Message>
Precautions shall be taken in order to prevent the contents of a header file being included twice.
</Message>
</Rule>

<Rule Name="19.6" Mode="required" Report="warning" Id="14">
<Loc File="C:\_Synergy_Projects\Working\ses_dev_ea4\SF105A_MotCurrRegVltgLimr_Impl\include\CDD_MotCurrRegVltgLimr_MotCtrl_MemMap.h" Line="25" Column="0">
</Loc>
<Message>
#undef shall not be used.
</Message>
</Rule>

<Rule Name="19.6" Mode="required" Report="warning" Id="15">
<Loc File="C:\_Synergy_Projects\Working\ses_dev_ea4\SF105A_MotCurrRegVltgLimr_Impl\include\CDD_MotCurrRegVltgLimr_MotCtrl_MemMap.h" Line="31" Column="0">
</Loc>
<Message>
#undef shall not be used.
</Message>
</Rule>

</CodeStruct>

<CodeStruct Name="" File="C:\_Synergy_Projects\Working\ses_dev_ea4\SF105A_MotCurrRegVltgLimr_Impl\src\CDD_MotCurrRegVltgLimr_MotCtrl.c" Line="0" Column="0">

<Rule Name="19.1" Mode="advisory" Report="warning" Id="2">
<Loc File="C:\_Synergy_Projects\Working\ses_dev_ea4\SF105A_MotCurrRegVltgLimr_Impl\src\CDD_MotCurrRegVltgLimr_MotCtrl.c" Line="111" Column="0">
</Loc>
<Message>
#include statements in a file shall only be preceded by other preprocessor directives or comments.
</Message>
</Rule>

<Rule Name="5.1" Mode="required" Report="warning" Id="3">
<Loc File="C:\_Synergy_Projects\Working\ses_dev_ea4\SF105A_MotCurrRegVltgLimr_Impl\src\CDD_MotCurrRegVltgLimr_MotCtrl.c" Line="496" Column="65">
</Loc>
<Message>
Identifiers "MotCurrRegVltgLimrMotVltgPropCmd_Volt_T_f32" (CDD_MotCurrRegVltgLimr_MotCtrl.c line 496 column 65) and "MotCurrRegVltgLimrMotVltgPropCmd_Volt_T_f32" (CDD_MotCurrRegVltgLimr_MotCtrl.c line 67 column 65) have the same first 43 characters.
</Message>
</Rule>

<Rule Name="5.1" Mode="required" Report="warning" Id="4">
<Loc File="C:\_Synergy_Projects\Working\ses_dev_ea4\SF105A_MotCurrRegVltgLimr_Impl\src\CDD_MotCurrRegVltgLimr_MotCtrl.c" Line="497" Column="65">
</Loc>
<Message>
Identifiers "MotCurrRegVltgLimrMotVltgIntglPreLim_Volt_T_f32" (CDD_MotCurrRegVltgLimr_MotCtrl.c line 497 column 65) and "MotCurrRegVltgLimrMotVltgIntglPreLim_Volt_T_f32" (CDD_MotCurrRegVltgLimr_MotCtrl.c line 68 column 65) have the same first 47 characters.
</Message>
</Rule>

<Rule Name="5.1" Mode="required" Report="warning" Id="5">
<Loc File="C:\_Synergy_Projects\Working\ses_dev_ea4\SF105A_MotCurrRegVltgLimr_Impl\src\CDD_MotCurrRegVltgLimr_MotCtrl.c" Line="586" Column="120">
</Loc>
<Message>
Identifiers "MotCtrlDualEcuMotCtrlMtgtnEna_Cnt_T_logl" (CDD_MotCurrRegVltgLimr_MotCtrl.c line 586 column 120) and "MotCtrlDualEcuMotCtrlMtgtnEna_Cnt_T_logl" (CDD_MotCurrRegVltgLimr_MotCtrl.c line 82 column 120) have the same first 40 characters.
</Message>
</Rule>

<Rule Name="5.1" Mode="required" Report="warning" Id="6">
<Loc File="C:\_Synergy_Projects\Working\ses_dev_ea4\SF105A_MotCurrRegVltgLimr_Impl\src\CDD_MotCurrRegVltgLimr_MotCtrl.c" Line="673" Column="33">
</Loc>
<Message>
Identifiers "MotInduQaxEstimdIvs_IvsHenry_T_f32" (CDD_MotCurrRegVltgLimr_MotCtrl.c line 673 column 33) and "MotInduQaxEstimdIvs_IvsHenry_T_f32" (CDD_MotCurrRegVltgLimr_MotCtrl.c line 89 column 33) have the same first 34 characters.
</Message>
</Rule>

<Rule Name="5.1" Mode="required" Report="warning" Id="7">
<Loc File="C:\_Synergy_Projects\Working\ses_dev_ea4\SF105A_MotCurrRegVltgLimr_Impl\src\CDD_MotCurrRegVltgLimr_MotCtrl.c" Line="682" Column="120">
</Loc>
<Message>
Identifiers "MotInduDaxEstimdIvs_IvsHenry_T_f32" (CDD_MotCurrRegVltgLimr_MotCtrl.c line 682 column 120) and "MotInduDaxEstimdIvs_IvsHenry_T_f32" (CDD_MotCurrRegVltgLimr_MotCtrl.c line 98 column 120) have the same first 34 characters.
</Message>
</Rule>

<Rule Name="5.1" Mode="required" Report="warning" Id="8">
<Loc File="C:\_Synergy_Projects\Working\ses_dev_ea4\SF105A_MotCurrRegVltgLimr_Impl\src\CDD_MotCurrRegVltgLimr_MotCtrl.c" Line="683" Column="120">
</Loc>
<Message>
Identifiers "MotCurrRegVltgLimrMotCurrPredEna_Cnt_T_Logl" (CDD_MotCurrRegVltgLimr_MotCtrl.c line 683 column 120) and "MotCurrRegVltgLimrMotCurrPredEna_Cnt_T_Logl" (CDD_MotCurrRegVltgLimr_MotCtrl.c line 99 column 120) have the same first 43 characters.
</Message>
</Rule>

<Rule Name="5.1" Mode="required" Report="warning" Id="9">
<Loc File="C:\_Synergy_Projects\Working\ses_dev_ea4\SF105A_MotCurrRegVltgLimr_Impl\src\CDD_MotCurrRegVltgLimr_MotCtrl.c" Line="684" Column="120">
</Loc>
<Message>
Identifiers "MotCtrlCurrPredTi_NanoSec_T_f32" (CDD_MotCurrRegVltgLimr_MotCtrl.c line 684 column 120) and "MotCtrlCurrPredTi_NanoSec_T_f32" (CDD_MotCurrRegVltgLimr_MotCtrl.c line 100 column 120) have the same first 31 characters.
</Message>
</Rule>

<Rule Name="5.1" Mode="required" Report="warning" Id="10">
<Loc File="C:\_Synergy_Projects\Working\ses_dev_ea4\SF105A_MotCurrRegVltgLimr_Impl\src\CDD_MotCurrRegVltgLimr_MotCtrl.c" Line="721" Column="26">
</Loc>
<Message>
Identifiers "MotAndThermProtnLoaMod_Cnt_T_u08" (CDD_MotCurrRegVltgLimr_MotCtrl.c line 721 column 26) and "MotAndThermProtnLoaMod_Cnt_T_u08" (CDD_MotCurrRegVltgLimr_MotCtrl.c line 104 column 26) have the same first 32 characters.
</Message>
</Rule>

<Rule Name="5.1" Mode="required" Report="warning" Id="11">
<Loc File="C:\_Synergy_Projects\Working\ses_dev_ea4\SF105A_MotCurrRegVltgLimr_Impl\src\CDD_MotCurrRegVltgLimr_MotCtrl.c" Line="756" Column="8">
</Loc>
<Message>
Identifiers "CDD_MotCurrRegVltgLimr_MotCtrl_START_SEC_CODE" (CDD_MotCurrRegVltgLimr_MotCtrl.c line 110 column 8) and "CDD_MotCurrRegVltgLimr_MotCtrl_STOP_SEC_CODE" (CDD_MotCurrRegVltgLimr_MotCtrl.c line 756 column 8) have the same first 33 characters.
</Message>
</Rule>

<Rule Name="19.1" Mode="advisory" Report="warning" Id="12">
<Loc File="C:\_Synergy_Projects\Working\ses_dev_ea4\SF105A_MotCurrRegVltgLimr_Impl\src\CDD_MotCurrRegVltgLimr_MotCtrl.c" Line="757" Column="0">
</Loc>
<Message>
#include statements in a file shall only be preceded by other preprocessor directives or comments.
</Message>
</Rule>

</CodeStruct>

<CodeStruct Name="" File="C:\_Synergy_Projects\Working\ses_dev_ea4\SF105A_MotCurrRegVltgLimr_Impl\src\CDD_MotCurrRegVltgLimr.c" Line="0" Column="0">

<Rule Name="19.1" Mode="advisory" Report="warning" Id="1">
<Loc File="C:\_Synergy_Projects\Working\ses_dev_ea4\SF105A_MotCurrRegVltgLimr_Impl\src\CDD_MotCurrRegVltgLimr.c" Line="218" Column="0">
</Loc>
<Message>
#include statements in a file shall only be preceded by other preprocessor directives or comments.
</Message>
</Rule>

</CodeStruct>

<CodeStruct Name="MotCurrRegVltgLimrPer1" File="C:\_Synergy_Projects\Working\ses_dev_ea4\SF105A_MotCurrRegVltgLimr_Impl\src\CDD_MotCurrRegVltgLimr_MotCtrl.c" Line="120" Column="5">

<Rule Name="5.1" Mode="required" Report="warning" Id="16">
<Loc File="C:\_Synergy_Projects\Working\ses_dev_ea4\SF105A_MotCurrRegVltgLimr_Impl\src\CDD_MotCurrRegVltgLimr_MotCtrl.c" Line="162" Column="16">
</Loc>
<Message>
Identifiers "MotCtrlDualEcuMotCtrlMtgtnEna_Cnt_T_logl" (CDD_MotCurrRegVltgLimr_MotCtrl.c line 82 column 120) and "MotCtrlDualEcuMotCtrlMtgtnEna_Cnt_T_logl" (CDD_MotCurrRegVltgLimr_MotCtrl.c line 162 column 16) have the same first 40 characters.
</Message>
</Rule>

<Rule Name="5.1" Mode="required" Report="warning" Id="17">
<Loc File="C:\_Synergy_Projects\Working\ses_dev_ea4\SF105A_MotCurrRegVltgLimr_Impl\src\CDD_MotCurrRegVltgLimr_MotCtrl.c" Line="190" Column="14">
</Loc>
<Message>
Identifiers "MotAndThermProtnLoaMod_Cnt_T_u08" (CDD_MotCurrRegVltgLimr_MotCtrl.c line 104 column 26) and "MotAndThermProtnLoaMod_Cnt_T_u08" (CDD_MotCurrRegVltgLimr_MotCtrl.c line 190 column 14) have the same first 32 characters.
</Message>
</Rule>

<Rule Name="21.1" Mode="required" Report="warning" Id="18">
<Loc File="C:\_Synergy_Projects\Working\ses_dev_ea4\SF105A_MotCurrRegVltgLimr_Impl\src\CDD_MotCurrRegVltgLimr_MotCtrl.c" Line="404" Column="58">
</Loc>
<Message>
Minimisation of run-time failures.
</Message>
</Rule>

<Rule Name="5.1" Mode="required" Report="warning" Id="19">
<Loc File="C:\_Synergy_Projects\Working\ses_dev_ea4\SF105A_MotCurrRegVltgLimr_Impl\src\CDD_MotCurrRegVltgLimr_MotCtrl.c" Line="586" Column="120">
</Loc>
<Message>
Identifiers "MotCtrlDualEcuMotCtrlMtgtnEna_Cnt_T_logl" (CDD_MotCurrRegVltgLimr_MotCtrl.c line 586 column 120) and "MotCtrlDualEcuMotCtrlMtgtnEna_Cnt_T_logl" (CDD_MotCurrRegVltgLimr_MotCtrl.c line 162 column 16) have the same first 40 characters.
</Message>
</Rule>

<Rule Name="5.1" Mode="required" Report="warning" Id="20">
<Loc File="C:\_Synergy_Projects\Working\ses_dev_ea4\SF105A_MotCurrRegVltgLimr_Impl\src\CDD_MotCurrRegVltgLimr_MotCtrl.c" Line="721" Column="26">
</Loc>
<Message>
Identifiers "MotAndThermProtnLoaMod_Cnt_T_u08" (CDD_MotCurrRegVltgLimr_MotCtrl.c line 721 column 26) and "MotAndThermProtnLoaMod_Cnt_T_u08" (CDD_MotCurrRegVltgLimr_MotCtrl.c line 190 column 14) have the same first 32 characters.
</Message>
</Rule>

</CodeStruct>

</MISRA-C-Report>
