<?xml version="1.0" encoding="UTF-8"?>

<project name="Polyspace" files="4" includes="26" ap_cg_cycle="0" ap_cg_direct_cycle="0" pshv="0" unpshv="0">
<file name="C:\_PratikJadhav\_Synergy_Projects\Working\ES400A_TunSelnMngt_Impl\src\TunSelnMngt_private.c" total_lines="46" lines_without_cmt="6" comf="100" fco="1">
</file>
<file name="C:\_PratikJadhav\_Synergy_Projects\Working\ES400A_TunSelnMngt_Impl\tools\local\generate\TunSelnMngt_Cfg_private.c" total_lines="110" lines_without_cmt="49" comf="50" fco="0">
<function name="TunSelnMngt_ChkXcpWrAcs" path="2" goto="0" vg="2" calling="1" calls="0" param="1" stmt="4" level="1" return="1" vocf="2.3" flin="15" fxln="3" ncalls="0">
</function>
</file>
<file name="C:\_PratikJadhav\_Synergy_Projects\Working\ES400A_TunSelnMngt_Impl\src\TunSelnMngt.c" total_lines="2057" lines_without_cmt="659" comf="51" fco="27">
<function name="SegModAdrMpg" path="27" goto="0" vg="8" calling="1" calls="0" param="5" stmt="29" level="2" return="1" vocf="4.7" flin="61" fxln="32" ncalls="0">
</function>
<function name="SegModStdInfo" path="3" goto="0" vg="3" calling="1" calls="0" param="3" stmt="12" level="2" return="1" vocf="2.9" flin="22" fxln="12" ncalls="0">
</function>
<function name="SegModAdrInfo" path="6" goto="0" vg="4" calling="1" calls="0" param="4" stmt="19" level="1" return="1" vocf="3.7" flin="37" fxln="21" ncalls="0">
</function>
<function name="MemCopy8Bit" path="2" goto="0" vg="2" calling="1" calls="0" param="3" stmt="4" level="1" return="1" vocf="2.3" flin="10" fxln="3" ncalls="0">
</function>
<function name="MemCopy32Bit" path="2" goto="0" vg="2" calling="3" calls="0" param="3" stmt="4" level="1" return="1" vocf="2.3" flin="10" fxln="3" ncalls="0">
</function>
<function name="IdxChgMngt" path="729" goto="0" vg="19" calling="2" calls="3" param="3" stmt="40" level="6" return="1" vocf="10.5" flin="144" fxln="52" ncalls="10">
</function>
<function name="SwtCalIdx" path="1" goto="0" vg="1" calling="2" calls="1" param="0" stmt="7" level="1" return="1" vocf="3.8" flin="21" fxln="8" ncalls="1">
</function>
<function name="TunSelnMngtPer1" path="40" goto="0" vg="9" calling="0" calls="6" param="0" stmt="34" level="3" return="1" vocf="7.2" flin="122" fxln="45" ncalls="9">
</function>
<function name="TunSelnMngtInit1" path="216" goto="0" vg="10" calling="0" calls="5" param="0" stmt="60" level="2" return="1" vocf="8.8" flin="161" fxln="67" ncalls="12">
</function>
<function name="SetCalPageReq_Oper" path="4" goto="0" vg="4" calling="0" calls="2" param="3" stmt="8" level="3" return="1" vocf="3.7" flin="36" fxln="12" ncalls="2">
</function>
<function name="OnlineTunRamAdrMpg_Oper" path="11" goto="0" vg="9" calling="0" calls="1" param="3" stmt="26" level="4" return="1" vocf="5.9" flin="91" fxln="34" ncalls="1">
</function>
<function name="GetSegInfoReq_Oper" path="5" goto="0" vg="5" calling="0" calls="3" param="7" stmt="12" level="2" return="1" vocf="3.7" flin="36" fxln="17" ncalls="3">
</function>
<function name="GetCalPageReq_Oper" path="5" goto="0" vg="5" calling="0" calls="0" param="4" stmt="14" level="4" return="1" vocf="3.7" flin="50" fxln="18" ncalls="0">
</function>
<function name="CopyCalPageReq_Oper" path="2" goto="0" vg="2" calling="0" calls="2" param="1" stmt="11" level="1" return="1" vocf="3.5" flin="29" fxln="11" ncalls="2">
</function>
</file>
<file name="C:\_PratikJadhav\_Synergy_Projects\Working\ES400A_TunSelnMngt_Impl\tools\local\generate\Rte_Stubs.c" total_lines="55" lines_without_cmt="33" comf="100" fco="1">
</file>
</project>
