<?xml version="1.0" encoding="UTF-8"?>
<Navig version="1.0">
<Files>
<F id="1" n="C:\Program Files\MATLAB\R2013b\polyspace\verifier\cxx\cinclude\stdarg.h"/>
<F id="2" n="C:\_S\work\ses_dev_ea4\CF080A_BmwVehSpd_Impl-z172399\AR201A_ArCplrSuprt_Impl\include\ASR4.0.3\Platform_Types.h"/>
<F id="3" n="C:\_S\work\ses_dev_ea4\CF080A_BmwVehSpd_Impl-z172399\AR200A_ArSuprt_Impl\include\ASR4.0.3\Std_Types.h"/>
<F id="4" n="C:\_S\work\ses_dev_ea4\CF080A_BmwVehSpd_Impl-z172399\CF080A_BmwVehSpd_Impl\tools\local\generate\Rte_Type.h"/>
<F id="5" n="C:\_S\work\ses_dev_ea4\CF080A_BmwVehSpd_Impl-z172399\CF080A_BmwVehSpd_Impl\tools\local\generate\Rte_BmwVehSpd.h"/>
<F id="6" n="C:\_S\work\ses_dev_ea4\CF080A_BmwVehSpd_Impl-z172399\TL103A_CplrSuprt\include\2013.5.5\ansi\math.h"/>
<F id="7" n="C:\_S\work\ses_dev_ea4\CF080A_BmwVehSpd_Impl-z172399\CF080A_BmwVehSpd_Impl\tools\local\generate\Rte_Stubs.h"/>
<F id="8" n="C:\_S\work\ses_dev_ea4\CF080A_BmwVehSpd_Impl-z172399\AR100A_NxtrMath_Impl\include\NxtrMath.h"/>
<F id="9" n="C:\_S\work\ses_dev_ea4\CF080A_BmwVehSpd_Impl-z172399\CF080A_BmwVehSpd_Impl\tools\local\generate\math_stubs.h"/>
<F id="10" n="C:\_S\work\ses_dev_ea4\CF080A_BmwVehSpd_Impl-z172399\CF080A_BmwVehSpd_Impl\src\BmwVehSpd.c"/>
<F id="11" n="C:\_S\work\ses_dev_ea4\CF080A_BmwVehSpd_Impl-z172399\CF080A_BmwVehSpd_Impl\tools\local\generate\Rte_Stubs.c"/>
<F id="12" n="C-STUBS\__polyspace__stdstubs.c"/>
<F id="13" n="C:\_S\work\ses_dev_ea4\CF080A_BmwVehSpd_Impl-z172399\TL103A_CplrSuprt\include\2013.5.5\ansi\float.h"/>
<F id="14" n="C:\Program Files\MATLAB\R2013b\polyspace\verifier\cxx\cinclude\__polyspace__std_decls.h"/>
<F id="15" n="C:\Program Files\MATLAB\R2013b\polyspace\verifier\cxx\cinclude\assert.h"/>
<F id="16" n="C:\Program Files\MATLAB\R2013b\polyspace\verifier\cxx\cinclude\__polyspace__libc_defs.h"/>
<F id="17" n="C:\_S\work\ses_dev_ea4\CF080A_BmwVehSpd_Impl-z172399\CF080A_BmwVehSpd_Impl\tools\local\generate\Rte_BmwVehSpd_Type.h"/>
<F id="18" n="C:\_S\work\ses_dev_ea4\CF080A_BmwVehSpd_Impl-z172399\CF080A_BmwVehSpd_Impl\tools\local\generate\Rte.h"/>
<F id="19" n="C:\_S\work\ses_dev_ea4\CF080A_BmwVehSpd_Impl-z172399\AR201A_ArCplrSuprt_Impl\include\ASR4.0.3\Compiler.h"/>
<F id="20" n="C:\_S\work\ses_dev_ea4\CF080A_BmwVehSpd_Impl-z172399\AR201A_ArCplrSuprt_Impl\tools\contract\Compiler_Cfg.h"/>
<F id="21" n="C:\_S\work\ses_dev_ea4\CF080A_BmwVehSpd_Impl-z172399\AR201A_ArCplrSuprt_Impl\tools\contract\Renesas_Compiler.h"/>
<F id="22" n="C:\_S\work\ses_dev_ea4\CF080A_BmwVehSpd_Impl-z172399\CF080A_BmwVehSpd_Impl\tools\local\generate\Rte_DataHandleType.h"/>
<F id="23" n="C:\_S\work\ses_dev_ea4\CF080A_BmwVehSpd_Impl-z172399\AR200A_ArSuprt_Impl\tools\contract\MemMap.h"/>
<F id="24" n="C:\_S\work\ses_dev_ea4\CF080A_BmwVehSpd_Impl-z172399\CF080A_BmwVehSpd_Impl\tools\local\generate\BmwVehSpd_MemMap.h"/>
<F id="25" n="C:\_S\work\ses_dev_ea4\CF080A_BmwVehSpd_Impl-z172399\AR999A_ArchGlbPrm_Impl\include\ArchGlbPrm.h"/>
</Files>
<Definitions>
<D id="1" f="10" l="320" c="12" n="BmwCogVehSpd_Kph_T_f32" t="4" d="1"/>
<D id="2" f="10" l="330" c="12" n="CdnDurnSigValVld_Cnt_T_logl" t="4" d="1"/>
<D id="3" f="10" l="331" c="12" n="OrConBmwSecurVehSpdStsSigValNotEquToVld_Cnt_T_logl" t="4" d="1"/>
<D id="4" f="10" l="322" c="12" n="BmwCogVehSpdQlfrVld_Cnt_T_logl" t="4" d="1"/>
<D id="5" f="10" l="321" c="22" n="BmwCogVehSpdQlfr_Cnt_T_enum" t="4" d="1"/>
<D id="6" f="10" l="332" c="12" n="IntEpsVehSpd_Kph_T_f32" t="4" d="1"/>
<D id="7" f="10" l="323" c="12" n="BmwCogVehSpdVld_Cnt_T_logl" t="4" d="1"/>
<D id="8" f="10" l="342" c="12" n="VehSpd_Kph_T_f32" t="4" d="1"/>
<D id="9" f="10" l="333" c="12" n="SecondAndGateEval_Cnt_T_logl" t="4" d="1"/>
<D id="10" f="10" l="603" c="22" n="BmwCogVehSpdVld_Cnt_T_logl" t="4" d="1"/>
<D id="11" f="10" l="334" c="12" n="ThirdAndGateEval_Cnt_T_logl" t="4" d="1"/>
<D id="12" f="10" l="325" c="12" n="BmwNearStillVehSpdStsVld_Cnt_T_logl" t="4" d="1"/>
<D id="13" f="10" l="712" c="22" n="BmwCogVehSpdQlfrVld_Cnt_T_logl" t="4" d="1"/>
<D id="14" f="10" l="344" c="12" n="VehSpdVld_Cnt_T_logl" t="4" d="1"/>
<D id="15" f="10" l="604" c="22" n="BmwCogVehSpdQlfrVld_Cnt_T_logl" t="4" d="1"/>
<D id="16" f="10" l="326" c="21" n="BmwPinionAgQlfr_Cnt_T_enum" t="4" d="1"/>
<D id="17" f="10" l="335" c="12" n="FourthAndGateEval_Cnt_T_logl" t="4" d="1"/>
<D id="18" f="10" l="525" c="12" n="VehSpdVld_Cnt_T_logl" t="4" d="1"/>
<D id="19" f="10" l="602" c="15" n="ProcessSecondAndGateState" t="5" d="1"/>
<D id="20" f="10" l="336" c="12" n="SixthAndGateEval_Cnt_T_logl" t="4" d="1"/>
<D id="21" f="10" l="480" c="22" n="CntrTrigInp_Cnt_T_logl" t="4" d="1"/>
<D id="22" f="10" l="711" c="15" n="ProcessThridConditionOfOrGate" t="5" d="1"/>
<D id="23" f="12" l="460" c="23" n="_polyspace_random_ulong" t="5" d="1"/>
<D id="24" f="10" l="343" c="23" n="BmwSecurVehSpdSts_Cnt_T_enum" t="4" d="1"/>
<D id="25" f="10" l="713" c="23" n="CdnDurnSigValVld_Cnt_T_logl" t="4" d="1"/>
<D id="26" f="10" l="522" c="15" n="VehSpdVldCalcn" t="5" d="1"/>
<D id="27" f="10" l="337" c="12" n="TheThirdConditionOfOrGate_Cnt_T_logl" t="4" d="1"/>
<D id="28" f="10" l="716" c="12" n="LogicResult_Cnt_T_logl" t="4" d="1"/>
<D id="29" f="12" l="430" c="25" n="random" t="4" d="1"/>
<D id="30" f="10" l="605" c="32" n="BmwCogVehSpdQlfr_Cnt_T_enum" t="4" d="1"/>
<D id="31" f="10" l="553" c="22" n="IntEpsVehSpd_Kph_T_f32" t="4" d="1"/>
<D id="32" f="10" l="634" c="22" n="BmwCogVehSpdVld_Cnt_T_logl" t="4" d="1"/>
<D id="33" f="10" l="608" c="12" n="SecondAndGateEval_Cnt_T_logl" t="4" d="1"/>
<D id="34" f="12" l="444" c="13" n="_polyspace_random_int" t="5" d="1"/>
<D id="35" f="10" l="523" c="33" n="BmwSecurVehSpdSts_Cnt_T_enum" t="4" d="1"/>
<D id="36" f="10" l="714" c="32" n="BmwCogVehSpdQlfr_Cnt_T_enum" t="4" d="1"/>
<D id="37" f="12" l="452" c="14" n="_polyspace_random_long" t="5" d="1"/>
<D id="38" f="10" l="338" c="12" n="VehStandg_Cnt_T_logl" t="4" d="1"/>
<D id="39" f="10" l="555" c="12" n="SecurVehSpdInvldRateLim_KphPerSec_T_f32" t="4" d="1"/>
<D id="40" f="10" l="329" c="12" n="SigValVld_Cnt_T_logl" t="4" d="1"/>
<D id="41" f="8" l="562" c="104" n="RngLo" t="4" d="1"/>
<D id="42" f="10" l="485" c="11" n="TiSpan_Cnt_T_u32" t="4" d="1"/>
<D id="43" f="10" l="635" c="22" n="BmwCogVehSpdQlfrVld_Cnt_T_logl" t="4" d="1"/>
<D id="44" f="10" l="551" c="15" n="VehSpdRateLim" t="5" d="1"/>
<D id="45" f="10" l="481" c="23" n="SigValVld_Cnt_T_logl" t="4" d="1"/>
<D id="46" f="10" l="339" c="12" n="VehRunng_Cnt_T_logl" t="4" d="1"/>
<D id="47" f="10" l="556" c="12" n="SpdDiff_Cnt_T_logl" t="4" d="1"/>
<D id="48" f="8" l="563" c="104" n="RngHi" t="4" d="1"/>
<D id="49" f="10" l="552" c="33" n="BmwSecurVehSpdSts_Cnt_T_enum" t="4" d="1"/>
<D id="50" f="12" l="3514" c="4" n="__polyspace_nb_varargs" t="1" d="1"/>
<D id="51" f="10" l="633" c="15" n="ProcessThirdAndGateState" t="5" d="1"/>
<D id="52" f="10" l="482" c="23" n="CdnDurnSigValVld_Cnt_T_logl" t="4" d="1"/>
<D id="53" f="10" l="557" c="12" n="SecondOrGateInput_Cnt_T_logl" t="4" d="1"/>
<D id="54" f="12" l="436" c="23" n="_polyspace_random_uchar" t="5" d="1"/>
<D id="55" f="10" l="636" c="32" n="BmwCogVehSpdQlfr_Cnt_T_enum" t="4" d="1"/>
<D id="56" f="10" l="665" c="31" n="BmwPinionAgQlfr_Cnt_T_enum" t="4" d="1"/>
<D id="57" f="10" l="639" c="12" n="ThirdAndGateEval_Cnt_T_logl" t="4" d="1"/>
<D id="58" f="12" l="428" c="14" n="_polyspace_random_char" t="5" d="1"/>
<D id="59" f="12" l="462" c="34" n="random" t="4" d="1"/>
<D id="60" f="8" l="638" c="104" n="Denom" t="4" d="1"/>
<D id="61" f="10" l="324" c="27" n="BmwNearStillVehSpdSts_Cnt_T_enum" t="4" d="1"/>
<D id="62" f="8" l="655" c="105" n="SinVal" t="4" d="1"/>
<D id="63" f="12" l="446" c="24" n="random" t="4" d="1"/>
<D id="64" f="10" l="668" c="12" n="SixthAndGateEval_Cnt_T_logl" t="4" d="1"/>
<D id="65" f="12" l="3513" c="7" n="__polyspace_vararg" t="1" d="1"/>
<D id="66" f="12" l="454" c="25" n="random" t="4" d="1"/>
<D id="67" f="10" l="479" c="12" n="Cntr" t="5" d="1"/>
<D id="68" f="10" l="664" c="15" n="ProcessSixthAndGateState" t="5" d="1"/>
<D id="69" f="8" l="656" c="105" n="CosVal" t="4" d="1"/>
<D id="70" f="8" l="577" c="104" n="Denom" t="4" d="1"/>
<D id="71" f="10" l="695" c="22" n="ThirdAndGateEval_Cnt_T_logl" t="4" d="1"/>
<D id="72" f="10" l="696" c="22" n="SixthAndGateEval_Cnt_T_logl" t="4" d="1"/>
<D id="73" f="12" l="438" c="34" n="random" t="4" d="1"/>
<D id="74" f="10" l="694" c="15" n="ProcessFourthAndGateState" t="5" d="1"/>
<D id="75" f="12" l="467" c="16" n="_polyspace_random_double" t="5" d="1"/>
<D id="76" f="12" l="469" c="27" n="random" t="4" d="1"/>
<D id="77" f="12" l="6859" c="14" n="_polyspace_compare_function_type" t="7" d="1"/>
<D id="78" f="5" l="50" c="7" n="Rte_CDS_BmwVehSpd" t="6" d="1"/>
<D id="79" f="12" l="11301" c="12" n="_polyspace_random_long_double" t="2" d="1"/>
<D id="80" f="12" l="11320" c="21" n="HUGE_VALF" t="1" d="1"/>
<D id="81" f="12" l="11321" c="21" n="HUGE_VALL" t="1" d="1"/>
<D id="82" f="12" l="11303" c="23" n="random" t="4" d="1"/>
<D id="83" f="12" l="11319" c="21" n="HUGE_VAL" t="1" d="1"/>
<D id="84" f="12" l="12163" c="16" n="__polyspace_absolute_address" t="1" d="1"/>
<D id="85" f="7" l="34" c="19" n="BmwVehSpd_Cal_BmwVehSpdBmwSecurVehSpdStsSigValVldDurnTiVal" t="1" d="0"/>
<D id="86" f="5" l="53" c="10" n="Pim_BmwSecurVehSpdStsSigValVldDurn" t="9" d="1"/>
<D id="87" f="3" l="141" c="2" n="Std_VersionInfoType" t="7" d="1"/>
<D id="88" f="7" l="24" c="30" n="BmwVehSpd_Ip_BmwNearStillVehSpdSts" t="1" d="0"/>
<D id="89" f="9" l="22" c="31" n="Inp" t="4" d="1"/>
<D id="90" f="5" l="54" c="11" n="Pim_SpdDifChkFlg" t="9" d="1"/>
<D id="91" f="5" l="55" c="11" n="Pim_VehSpdLimPrev" t="9" d="1"/>
<D id="92" f="4" l="41" c="14" n="BmwPinionAgQlfr1" t="7" d="1"/>
<D id="93" f="7" l="20" c="15" n="BmwVehSpd_Ip_BmwCogVehSpd" t="1" d="0"/>
<D id="94" f="7" l="35" c="21" n="BmwVehSpd_Cal_BmwVehSpdNearStillSubVehSpd" t="1" d="0"/>
<D id="95" f="7" l="30" c="15" n="BmwVehSpd_Op_VehSpd" t="1" d="0"/>
<D id="96" f="7" l="41" c="14" n="BmwVehSpd_Pim_BmwSecurVehSpdStsSigValVldDurn" t="1" d="0"/>
<D id="97" f="7" l="36" c="21" n="BmwVehSpd_Cal_BmwVehSpdRunngSubVehSpd" t="1" d="0"/>
<D id="98" f="7" l="31" c="15" n="BmwVehSpd_Op_VehSpdVld" t="1" d="0"/>
<D id="99" f="7" l="22" c="15" n="BmwVehSpd_Ip_BmwCogVehSpdQlfrVld" t="1" d="0"/>
<D id="100" f="7" l="37" c="21" n="BmwVehSpd_Cal_BmwVehSpdSecurVehSpdInvldRateLim" t="1" d="0"/>
<D id="101" f="7" l="21" c="25" n="BmwVehSpd_Ip_BmwCogVehSpdQlfr" t="1" d="0"/>
<D id="102" f="11" l="34" c="5" n="Rte_Stub" t="2" d="1"/>
<D id="103" f="4" l="44" c="14" n="BmwSecurVehSpdSts1" t="7" d="1"/>
<D id="104" f="7" l="23" c="15" n="BmwVehSpd_Ip_BmwCogVehSpdVld" t="1" d="0"/>
<D id="105" f="1" l="45" c="14" n="__va_list" t="7" d="1"/>
<D id="106" f="4" l="35" c="14" n="BmwCogVehSpdQlfr1" t="7" d="1"/>
<D id="107" f="7" l="38" c="21" n="BmwVehSpd_Cal_BmwVehSpdSecurVehSpdVldRateLim" t="1" d="0"/>
<D id="108" f="7" l="42" c="15" n="BmwVehSpd_Pim_SpdDifChkFlg" t="1" d="0"/>
<D id="109" f="7" l="43" c="15" n="BmwVehSpd_Pim_VehSpdLimPrev" t="1" d="0"/>
<D id="110" f="7" l="25" c="15" n="BmwVehSpd_Ip_BmwNearStillVehSpdStsVld" t="1" d="0"/>
<D id="111" f="5" l="67" c="40" n="Rte_Instance" t="7" d="1"/>
<D id="112" f="7" l="46" c="14" n="BmwVehSpd_Srv_GetRefTmr100MicroSec32bit_RefTmr" t="1" d="0"/>
<D id="113" f="7" l="26" c="24" n="BmwVehSpd_Ip_BmwPinionAgQlfr" t="1" d="0"/>
<D id="114" f="1" l="50" c="18" n="__gnuc_va_list" t="7" d="1"/>
<D id="115" f="9" l="22" c="17" n="fabsf" t="2" d="1"/>
<D id="116" f="4" l="38" c="14" n="BmwNearStillVehSpdSts1" t="7" d="1"/>
<D id="117" f="6" l="51" c="17" n="double_t" t="7" d="1"/>
<D id="118" f="7" l="47" c="14" n="BmwVehSpd_Srv_GetTiSpan100MicroSec32bit_RefTmr" t="1" d="0"/>
<D id="119" f="6" l="52" c="17" n="float_t" t="7" d="1"/>
<D id="120" f="6" l="731" c="6" n="expf" t="2" d="0"/>
<D id="121" f="7" l="48" c="14" n="BmwVehSpd_Srv_GetTiSpan100MicroSec32bit_TiSpan" t="1" d="0"/>
<D id="122" f="4" l="47" c="15" n="u16p0" t="7" d="1"/>
<D id="123" f="6" l="741" c="6" n="sqrtf" t="2" d="0"/>
<D id="124" f="6" l="724" c="6" n="atan2f" t="2" d="0"/>
<D id="125" f="6" l="725" c="6" n="cosf" t="2" d="0"/>
<D id="126" f="7" l="29" c="26" n="BmwVehSpd_Op_BmwSecurVehSpdSts" t="1" d="0"/>
<D id="127" f="6" l="726" c="6" n="sinf" t="2" d="0"/>
<D id="128" f="1" l="49" c="18" n="va_list" t="7" d="1"/>
<D id="129" f="6" l="748" c="6" n="fmodf" t="2" d="0"/>
<D id="130" f="3" l="140" c="10" n="sw_patch_version" t="9" d="1"/>
<D id="131" f="2" l="110" c="31" n="uint32" t="7" d="1"/>
<D id="132" f="2" l="112" c="31" n="sint8_least" t="7" d="1"/>
<D id="133" f="2" l="103" c="31" n="boolean" t="7" d="1"/>
<D id="134" f="2" l="113" c="31" n="uint8_least" t="7" d="1"/>
<D id="135" f="8" l="170" c="20" n="NXTRMATH_SINCNVNCONTBL_ULS_U16" t="1" d="0"/>
<D id="136" f="12" l="410" c="4" n="errno" t="1" d="1"/>
<D id="137" f="8" l="320" c="31" n="Inp1" t="4" d="1"/>
<D id="138" f="3" l="136" c="10" n="vendorID" t="9" d="1"/>
<D id="139" f="12" l="34" c="21" n="size_t" t="7" d="1"/>
<D id="140" f="2" l="114" c="31" n="sint16_least" t="7" d="1"/>
<D id="141" f="8" l="411" c="31" n="Inp1" t="4" d="1"/>
<D id="142" f="2" l="105" c="31" n="sint8" t="7" d="1"/>
<D id="143" f="3" l="137" c="10" n="moduleID" t="9" d="1"/>
<D id="144" f="2" l="115" c="31" n="uint16_least" t="7" d="1"/>
<D id="145" f="2" l="106" c="31" n="uint8" t="7" d="1"/>
<D id="146" f="3" l="138" c="10" n="sw_major_version" t="9" d="1"/>
<D id="147" f="8" l="307" c="29" n="Inp1" t="4" d="1"/>
<D id="148" f="10" l="312" c="5" n="BmwVehSpdPer1" t="2" d="1"/>
<D id="149" f="8" l="234" c="39" n="Inp" t="4" d="1"/>
<D id="150" f="3" l="132" c="14" n="Std_ReturnType" t="7" d="1"/>
<D id="151" f="12" l="36" c="12" n="ptrdiff_t" t="7" d="1"/>
<D id="152" f="2" l="116" c="31" n="sint32_least" t="7" d="1"/>
<D id="153" f="2" l="107" c="31" n="sint16" t="7" d="1"/>
<D id="154" f="3" l="125" c="22" n="StatusType" t="7" d="1"/>
<D id="155" f="8" l="450" c="31" n="Inp1" t="4" d="1"/>
<D id="156" f="3" l="139" c="10" n="sw_minor_version" t="9" d="1"/>
<D id="157" f="2" l="117" c="31" n="uint32_least" t="7" d="1"/>
<D id="158" f="8" l="333" c="31" n="Inp1" t="4" d="1"/>
<D id="159" f="2" l="108" c="31" n="uint16" t="7" d="1"/>
<D id="160" f="8" l="491" c="29" n="Inp" t="4" d="1"/>
<D id="161" f="11" l="24" c="15" n="Rte_Call_BmwVehSpd_GetTiSpan100MicroSec32bit_Oper" t="2" d="1"/>
<D id="162" f="8" l="601" c="33" n="Inp" t="4" d="1"/>
<D id="163" f="2" l="127" c="31" n="sint64" t="7" d="1"/>
<D id="164" f="8" l="424" c="31" n="Inp1" t="4" d="1"/>
<D id="165" f="8" l="505" c="31" n="Inp" t="4" d="1"/>
<D id="166" f="2" l="109" c="31" n="sint32" t="7" d="1"/>
<D id="167" f="8" l="533" c="31" n="Inp" t="4" d="1"/>
<D id="168" f="8" l="320" c="16" n="Min_s16" t="2" d="1"/>
<D id="169" f="12" l="39" c="21" n="wchar_t" t="7" d="1"/>
<D id="170" f="2" l="128" c="31" n="uint64" t="7" d="1"/>
<D id="171" f="8" l="221" c="16" n="Abslt_u32_s32" t="2" d="1"/>
<D id="172" f="8" l="294" c="29" n="Inp1" t="4" d="1"/>
<D id="173" f="8" l="411" c="16" n="Max_s16" t="2" d="1"/>
<D id="174" f="2" l="138" c="31" n="float32" t="7" d="1"/>
<D id="175" f="8" l="385" c="29" n="Inp1" t="4" d="1"/>
<D id="176" f="8" l="270" c="15" n="Sign_s08_s32" t="2" d="1"/>
<D id="177" f="8" l="613" c="33" n="Inp" t="4" d="1"/>
<D id="178" f="2" l="139" c="31" n="float64" t="7" d="1"/>
<D id="179" f="11" l="18" c="15" n="Rte_Call_BmwVehSpd_GetRefTmr100MicroSec32bit_Oper" t="2" d="1"/>
<D id="180" f="8" l="346" c="31" n="Inp1" t="4" d="1"/>
<D id="181" f="11" l="24" c="72" n="RefTmr_Arg" t="4" d="1"/>
<D id="182" f="8" l="601" c="17" n="Cos_f32" t="2" d="1"/>
<D id="183" f="8" l="450" c="16" n="Max_u32" t="2" d="1"/>
<D id="184" f="8" l="437" c="31" n="Inp1" t="4" d="1"/>
<D id="185" f="8" l="477" c="29" n="Inp" t="4" d="1"/>
<D id="186" f="8" l="561" c="33" n="Inp" t="4" d="1"/>
<D id="187" f="8" l="660" c="15" n="Normdn" t="4" d="1"/>
<D id="188" f="8" l="307" c="15" n="Min_u08" t="2" d="1"/>
<D id="189" f="8" l="333" c="16" n="Min_u16" t="2" d="1"/>
<D id="190" f="8" l="372" c="33" n="Inp1" t="4" d="1"/>
<D id="191" f="8" l="181" c="34" n="Inp1" t="4" d="1"/>
<D id="192" f="8" l="519" c="31" n="Inp" t="4" d="1"/>
<D id="193" f="8" l="282" c="15" n="Sign_s08_f32" t="2" d="1"/>
<D id="194" f="8" l="424" c="16" n="Max_u16" t="2" d="1"/>
<D id="195" f="8" l="505" c="16" n="Lim_s16" t="2" d="1"/>
<D id="196" f="8" l="270" c="35" n="Inp" t="4" d="1"/>
<D id="197" f="8" l="547" c="31" n="Inp" t="4" d="1"/>
<D id="198" f="8" l="221" c="37" n="Inp" t="4" d="1"/>
<D id="199" f="8" l="463" c="33" n="Inp1" t="4" d="1"/>
<D id="200" f="8" l="533" c="16" n="Lim_s32" t="2" d="1"/>
<D id="201" f="8" l="654" c="14" n="SinCos_f32" t="2" d="1"/>
<D id="202" f="8" l="398" c="29" n="Inp1" t="4" d="1"/>
<D id="203" f="8" l="246" c="15" n="Sign_s08_s08" t="2" d="1"/>
<D id="204" f="10" l="247" c="5" n="BmwVehSpdInit1" t="2" d="1"/>
<D id="205" f="8" l="491" c="15" n="Lim_u08" t="2" d="1"/>
<D id="206" f="8" l="613" c="17" n="Exp_f32" t="2" d="1"/>
<D id="207" f="8" l="208" c="16" n="Abslt_u16_s16" t="2" d="1"/>
<D id="208" f="8" l="234" c="17" n="Abslt_f32_f32" t="2" d="1"/>
<D id="209" f="8" l="782" c="14" n="SignFlip_Cnt_T_s08" t="4" d="1"/>
<D id="210" f="8" l="181" c="17" n="Blnd_f32" t="2" d="1"/>
<D id="211" f="8" l="359" c="31" n="Inp1" t="4" d="1"/>
<D id="212" f="8" l="654" c="33" n="Inp" t="4" d="1"/>
<D id="213" f="8" l="625" c="34" n="Inp" t="4" d="1"/>
<D id="214" f="8" l="246" c="34" n="Inp" t="4" d="1"/>
<D id="215" f="8" l="781" c="15" n="Theta_Cnt_T_u16" t="4" d="1"/>
<D id="216" f="8" l="561" c="17" n="Lim_f32" t="2" d="1"/>
<D id="217" f="11" l="24" c="93" n="TiSpan_Arg" t="4" d="1"/>
<D id="218" f="8" l="780" c="16" n="Theta_Rev_T_f32" t="4" d="1"/>
<D id="219" f="8" l="294" c="15" n="Min_s08" t="2" d="1"/>
<D id="220" f="8" l="346" c="16" n="Min_s32" t="2" d="1"/>
<D id="221" f="8" l="372" c="17" n="Min_f32" t="2" d="1"/>
<D id="222" f="8" l="637" c="33" n="Numer" t="4" d="1"/>
<D id="223" f="8" l="661" c="17" n="InpSqd" t="4" d="1"/>
<D id="224" f="8" l="195" c="15" n="Abslt_u08_s08" t="2" d="1"/>
<D id="225" f="8" l="258" c="15" n="Sign_s08_s16" t="2" d="1"/>
<D id="226" f="8" l="385" c="15" n="Max_s08" t="2" d="1"/>
<D id="227" f="8" l="437" c="16" n="Max_s32" t="2" d="1"/>
<D id="228" f="8" l="463" c="17" n="Max_f32" t="2" d="1"/>
<D id="229" f="8" l="625" c="17" n="Sqrt_f32" t="2" d="1"/>
<D id="230" f="8" l="662" c="17" n="SinA" t="4" d="1"/>
<D id="231" f="8" l="282" c="36" n="Inp" t="4" d="1"/>
<D id="232" f="11" l="18" c="74" n="RefTmr_Arg" t="4" d="1"/>
<D id="233" f="8" l="519" c="16" n="Lim_u16" t="2" d="1"/>
<D id="234" f="8" l="663" c="17" n="CosA" t="4" d="1"/>
<D id="235" f="8" l="547" c="16" n="Lim_u32" t="2" d="1"/>
<D id="236" f="8" l="477" c="15" n="Lim_s08" t="2" d="1"/>
<D id="237" f="8" l="208" c="37" n="Inp" t="4" d="1"/>
<D id="238" f="8" l="783" c="16" n="SinVal_Uls_T_f32" t="4" d="1"/>
<D id="239" f="8" l="195" c="35" n="Inp" t="4" d="1"/>
<D id="240" f="8" l="321" c="95" n="Inp2" t="4" d="1"/>
<D id="241" f="8" l="664" c="17" n="Tmp" t="4" d="1"/>
<D id="242" f="8" l="520" c="95" n="RngLo" t="4" d="1"/>
<D id="243" f="8" l="258" c="35" n="Inp" t="4" d="1"/>
<D id="244" f="8" l="637" c="17" n="Mod_f32" t="2" d="1"/>
<D id="245" f="8" l="359" c="16" n="Min_u32" t="2" d="1"/>
<D id="246" f="8" l="412" c="95" n="Inp2" t="4" d="1"/>
<D id="247" f="8" l="521" c="95" n="RngHi" t="4" d="1"/>
<D id="248" f="8" l="398" c="15" n="Max_u08" t="2" d="1"/>
<D id="249" f="8" l="576" c="17" n="Arctan2_f32" t="2" d="1"/>
<D id="250" f="8" l="360" c="95" n="Inp2" t="4" d="1"/>
<D id="251" f="8" l="589" c="33" n="Inp" t="4" d="1"/>
<D id="252" f="8" l="659" c="16" n="n" t="4" d="1"/>
<D id="253" f="8" l="451" c="95" n="Inp2" t="4" d="1"/>
<D id="254" f="8" l="334" c="95" n="Inp2" t="4" d="1"/>
<D id="255" f="8" l="425" c="95" n="Inp2" t="4" d="1"/>
<D id="256" f="8" l="506" c="95" n="RngLo" t="4" d="1"/>
<D id="257" f="8" l="534" c="95" n="RngLo" t="4" d="1"/>
<D id="258" f="8" l="576" c="37" n="Numer" t="4" d="1"/>
<D id="259" f="8" l="308" c="86" n="Inp2" t="4" d="1"/>
<D id="260" f="8" l="492" c="94" n="RngLo" t="4" d="1"/>
<D id="261" f="8" l="507" c="95" n="RngHi" t="4" d="1"/>
<D id="262" f="8" l="589" c="17" n="Sin_f32" t="2" d="1"/>
<D id="263" f="8" l="535" c="95" n="RngHi" t="4" d="1"/>
<D id="264" f="8" l="493" c="94" n="RngHi" t="4" d="1"/>
<D id="265" f="8" l="778" c="36" n="Ag" t="4" d="1"/>
<D id="266" f="8" l="778" c="18" n="SinLookup" t="2" d="1"/>
<D id="267" f="8" l="347" c="95" n="Inp2" t="4" d="1"/>
<D id="268" f="8" l="373" c="96" n="Inp2" t="4" d="1"/>
<D id="269" f="8" l="182" c="97" n="Inp2" t="4" d="1"/>
<D id="270" f="8" l="438" c="95" n="Inp2" t="4" d="1"/>
<D id="271" f="8" l="464" c="96" n="Inp2" t="4" d="1"/>
<D id="272" f="8" l="183" c="97" n="Fac" t="4" d="1"/>
<D id="273" f="8" l="295" c="86" n="Inp2" t="4" d="1"/>
<D id="274" f="8" l="548" c="95" n="RngLo" t="4" d="1"/>
<D id="275" f="8" l="386" c="86" n="Inp2" t="4" d="1"/>
<D id="276" f="8" l="478" c="94" n="RngLo" t="4" d="1"/>
<D id="277" f="8" l="549" c="95" n="RngHi" t="4" d="1"/>
<D id="278" f="8" l="479" c="94" n="RngHi" t="4" d="1"/>
<D id="279" f="8" l="399" c="86" n="Inp2" t="4" d="1"/>
</Definitions>
<Uses>
<U id="1" f="10" l="510" c="9" d="45" a="0"/>
<U id="2" f="10" l="610" c="9" d="10" a="0"/>
<U id="3" f="10" l="511" c="9" d="52" a="0"/>
<U id="4" f="10" l="400" c="11" d="27" a="0"/>
<U id="5" f="10" l="641" c="9" d="32" a="0"/>
<U id="6" f="10" l="380" c="9" d="40" a="0"/>
<U id="7" f="10" l="611" c="11" d="15" a="0"/>
<U id="8" f="10" l="421" c="39" d="1" a="0"/>
<U id="9" f="10" l="621" c="11" d="33" a="0"/>
<U id="10" f="12" l="431" c="11" d="29" a="0"/>
<U id="11" f="10" l="120" c="14" d="103" a="0"/>
<U id="12" f="10" l="612" c="11" d="30" a="0"/>
<U id="13" f="10" l="670" c="9" d="56" a="0"/>
<U id="14" f="10" l="730" c="11" d="28" a="0"/>
<U id="15" f="10" l="501" c="13" d="45" a="0"/>
<U id="16" f="10" l="410" c="14" d="12" a="0"/>
<U id="17" f="10" l="502" c="13" d="52" a="0"/>
<U id="18" f="10" l="140" c="14" d="133" a="0"/>
<U id="19" f="10" l="360" c="12" d="5" a="0"/>
<U id="20" f="10" l="571" c="19" d="108" a="1"/>
<U id="21" f="12" l="470" c="11" d="76" a="0"/>
<U id="22" f="10" l="573" c="9" d="49" a="0"/>
<U id="23" f="10" l="642" c="11" d="43" a="0"/>
<U id="24" f="10" l="141" c="14" d="133" a="0"/>
<U id="25" f="10" l="132" c="14" d="133" a="0"/>
<U id="26" f="10" l="381" c="11" d="9" a="0"/>
<U id="27" f="10" l="123" c="14" d="103" a="0"/>
<U id="28" f="10" l="410" c="61" d="61" a="0"/>
<U id="29" f="10" l="652" c="11" d="57" a="0"/>
<U id="30" f="10" l="411" c="24" d="3" a="0"/>
<U id="31" f="10" l="423" c="13" d="38" a="0"/>
<U id="32" f="10" l="643" c="11" d="55" a="0"/>
<U id="33" f="10" l="718" c="9" d="13" a="0"/>
<U id="34" f="10" l="133" c="14" d="133" a="0"/>
<U id="35" f="10" l="382" c="11" d="17" a="0"/>
<U id="36" f="10" l="124" c="14" d="174" a="0"/>
<U id="37" f="10" l="671" c="11" d="56" a="0"/>
<U id="38" f="10" l="115" c="14" d="133" a="0"/>
<U id="39" f="10" l="581" c="11" d="108" a="1"/>
<U id="40" f="12" l="463" c="11" d="59" a="0"/>
<U id="41" f="10" l="453" c="12" d="126" a="1"/>
<U id="42" f="10" l="603" c="14" d="133" a="0"/>
<U id="43" f="10" l="134" c="14" d="106" a="0"/>
<U id="44" f="10" l="672" c="11" d="56" a="0"/>
<U id="45" f="10" l="721" c="14" d="36" a="0"/>
<U id="46" f="10" l="712" c="14" d="133" a="0"/>
<U id="47" f="10" l="414" c="14" d="12" a="0"/>
<U id="48" f="10" l="527" c="11" d="35" a="0"/>
<U id="49" f="10" l="350" c="15" d="7" a="1"/>
<U id="50" f="10" l="454" c="12" d="98" a="1"/>
<U id="51" f="10" l="509" c="11" d="96" a="1"/>
<U id="52" f="10" l="720" c="15" d="36" a="0"/>
<U id="53" f="12" l="455" c="11" d="66" a="0"/>
<U id="54" f="10" l="523" c="14" d="103" a="0"/>
<U id="55" f="10" l="604" c="14" d="133" a="0"/>
<U id="56" f="10" l="144" c="14" d="133" a="0"/>
<U id="57" f="10" l="351" c="51" d="88" a="0"/>
<U id="58" f="10" l="364" c="12" d="7" a="0"/>
<U id="59" f="10" l="673" c="11" d="56" a="0"/>
<U id="60" f="10" l="713" c="14" d="133" a="0"/>
<U id="61" f="10" l="528" c="11" d="35" a="0"/>
<U id="62" f="10" l="351" c="15" d="61" a="1"/>
<U id="63" f="10" l="455" c="12" d="95" a="1"/>
<U id="64" f="10" l="605" c="14" d="106" a="0"/>
<U id="65" f="10" l="145" c="14" d="133" a="0"/>
<U id="66" f="10" l="365" c="12" d="4" a="0"/>
<U id="67" f="10" l="446" c="12" d="24" a="0"/>
<U id="68" f="12" l="447" c="11" d="63" a="0"/>
<U id="69" f="10" l="492" c="12" d="42" a="0"/>
<U id="70" f="10" l="683" c="11" d="64" a="0"/>
<U id="71" f="10" l="480" c="14" d="133" a="0"/>
<U id="72" f="10" l="127" c="14" d="133" a="0"/>
<U id="73" f="10" l="538" c="11" d="18" a="0"/>
<U id="74" f="10" l="552" c="14" d="103" a="0"/>
<U id="75" f="10" l="714" c="14" d="106" a="0"/>
<U id="76" f="10" l="529" c="11" d="35" a="0"/>
<U id="77" f="10" l="352" c="15" d="12" a="1"/>
<U id="78" f="10" l="414" c="61" d="61" a="0"/>
<U id="79" f="10" l="375" c="12" d="11" a="0"/>
<U id="80" f="10" l="415" c="24" d="3" a="0"/>
<U id="81" f="10" l="146" c="14" d="106" a="0"/>
<U id="82" f="10" l="366" c="12" d="5" a="0"/>
<U id="83" f="10" l="398" c="9" d="7" a="0"/>
<U id="84" f="10" l="443" c="42" d="24" a="0"/>
<U id="85" f="10" l="447" c="12" d="6" a="0"/>
<U id="86" f="10" l="137" c="14" d="92" a="0"/>
<U id="87" f="12" l="439" c="11" d="73" a="0"/>
<U id="88" f="10" l="128" c="14" d="133" a="0"/>
<U id="89" f="10" l="553" c="14" d="174" a="0"/>
<U id="90" f="10" l="634" c="14" d="133" a="0"/>
<U id="91" f="10" l="394" c="12" d="4" a="0"/>
<U id="92" f="10" l="353" c="15" d="16" a="1"/>
<U id="93" f="10" l="576" c="11" d="108" a="1"/>
<U id="94" f="10" l="433" c="34" d="97" a="0"/>
<U id="95" f="10" l="445" c="23" d="44" a="0"/>
<U id="96" f="10" l="580" c="51" d="107" a="0"/>
<U id="97" f="10" l="358" c="12" d="7" a="0"/>
<U id="98" f="10" l="129" c="14" d="106" a="0"/>
<U id="99" f="10" l="635" c="14" d="133" a="0"/>
<U id="100" f="10" l="395" c="12" d="2" a="0"/>
<U id="101" f="10" l="719" c="12" d="25" a="0"/>
<U id="102" f="10" l="350" c="45" d="104" a="0"/>
<U id="103" f="10" l="490" c="15" d="161" a="0"/>
<U id="104" f="10" l="347" c="41" d="93" a="0"/>
<U id="105" f="10" l="429" c="13" d="46" a="0"/>
<U id="106" f="10" l="372" c="61" d="11" a="0"/>
<U id="107" f="10" l="585" c="12" d="31" a="0"/>
<U id="108" f="10" l="349" c="49" d="99" a="0"/>
<U id="109" f="10" l="359" c="12" d="4" a="0"/>
<U id="110" f="10" l="570" c="16" d="47" a="0"/>
<U id="111" f="10" l="376" c="13" d="40" a="1"/>
<U id="112" f="10" l="636" c="14" d="106" a="0"/>
<U id="113" f="10" l="396" c="12" d="5" a="0"/>
<U id="114" f="10" l="363" c="34" d="51" a="0"/>
<U id="115" f="10" l="508" c="15" d="179" a="0"/>
<U id="116" f="10" l="372" c="89" d="20" a="0"/>
<U id="117" f="10" l="573" c="51" d="53" a="0"/>
<U id="118" f="10" l="492" c="42" d="85" a="0"/>
<U id="119" f="10" l="377" c="13" d="2" a="1"/>
<U id="120" f="10" l="492" c="33" d="131" a="0"/>
<U id="121" f="10" l="352" c="54" d="110" a="0"/>
<U id="122" f="10" l="375" c="51" d="20" a="0"/>
<U id="123" f="10" l="495" c="13" d="45" a="0"/>
<U id="124" f="10" l="347" c="15" d="1" a="1"/>
<U id="125" f="10" l="665" c="14" d="92" a="0"/>
<U id="126" f="10" l="372" c="35" d="74" a="0"/>
<U id="127" f="10" l="399" c="11" d="4" a="0"/>
<U id="128" f="10" l="427" c="34" d="94" a="0"/>
<U id="129" f="10" l="353" c="45" d="113" a="0"/>
<U id="130" f="10" l="496" c="13" d="52" a="0"/>
<U id="131" f="10" l="348" c="15" d="5" a="1"/>
<U id="132" f="10" l="443" c="27" d="26" a="0"/>
<U id="133" f="10" l="393" c="43" d="22" a="0"/>
<U id="134" f="10" l="575" c="51" d="100" a="0"/>
<U id="135" f="10" l="369" c="59" d="16" a="0"/>
<U id="136" f="10" l="450" c="38" d="8" a="0"/>
<U id="137" f="10" l="349" c="15" d="4" a="1"/>
<U id="138" f="10" l="455" c="35" d="8" a="0"/>
<U id="139" f="10" l="509" c="62" d="131" a="0"/>
<U id="140" f="10" l="695" c="14" d="133" a="0"/>
<U id="141" f="10" l="439" c="34" d="97" a="0"/>
<U id="142" f="10" l="453" c="46" d="24" a="0"/>
<U id="143" f="10" l="357" c="35" d="19" a="0"/>
<U id="144" f="10" l="569" c="14" d="49" a="0"/>
<U id="145" f="10" l="696" c="14" d="133" a="0"/>
<U id="146" f="10" l="586" c="15" d="109" a="1"/>
<U id="147" f="10" l="587" c="15" d="109" a="1"/>
<U id="148" f="10" l="369" c="34" d="68" a="0"/>
<U id="149" f="10" l="589" c="14" d="109" a="1"/>
<U id="150" f="10" l="559" c="25" d="109" a="1"/>
<U id="151" f="10" l="454" c="38" d="14" a="0"/>
<U id="152" f="10" l="698" c="14" d="71" a="0"/>
<U id="153" f="10" l="348" c="46" d="101" a="0"/>
<U id="154" f="10" l="449" c="36" d="8" a="0"/>
<U id="155" f="10" l="449" c="28" d="216" a="0"/>
<U id="156" f="10" l="508" c="67" d="96" a="1"/>
<U id="157" f="10" l="584" c="38" d="216" a="0"/>
<U id="158" f="10" l="490" c="68" d="96" a="1"/>
<U id="159" f="10" l="698" c="53" d="72" a="0"/>
<U id="160" f="10" l="586" c="47" d="39" a="0"/>
<U id="161" f="10" l="559" c="56" d="31" a="0"/>
<U id="162" f="10" l="587" c="47" d="39" a="0"/>
<U id="163" f="10" l="492" c="105" d="131" a="0"/>
<U id="164" f="10" l="490" c="116" d="42" a="1"/>
<U id="165" f="5" l="92" c="0" d="150" a="0"/>
<U id="166" f="5" l="53" c="2" d="131" a="0"/>
<U id="167" f="5" l="93" c="0" d="150" a="0"/>
<U id="168" f="5" l="54" c="2" d="133" a="0"/>
<U id="169" f="5" l="94" c="0" d="150" a="0"/>
<U id="170" f="5" l="55" c="2" d="174" a="0"/>
<U id="171" f="5" l="95" c="0" d="150" a="0"/>
<U id="172" f="7" l="20" c="7" d="174" a="0"/>
<U id="173" f="5" l="96" c="0" d="150" a="0"/>
<U id="174" f="7" l="30" c="7" d="174" a="0"/>
<U id="175" f="7" l="21" c="7" d="106" a="0"/>
<U id="176" f="5" l="97" c="0" d="150" a="0"/>
<U id="177" f="7" l="31" c="7" d="133" a="0"/>
<U id="178" f="7" l="22" c="7" d="133" a="0"/>
<U id="179" f="1" l="50" c="8" d="105" a="0"/>
<U id="180" f="5" l="98" c="0" d="150" a="0"/>
<U id="181" f="7" l="41" c="7" d="131" a="0"/>
<U id="182" f="7" l="23" c="7" d="133" a="0"/>
<U id="183" f="4" l="41" c="8" d="145" a="0"/>
<U id="184" f="5" l="99" c="0" d="150" a="0"/>
<U id="185" f="7" l="42" c="7" d="133" a="0"/>
<U id="186" f="7" l="24" c="7" d="116" a="0"/>
<U id="187" f="7" l="43" c="7" d="174" a="0"/>
<U id="188" f="9" l="24" c="7" d="89" a="0"/>
<U id="189" f="7" l="25" c="7" d="133" a="0"/>
<U id="190" f="7" l="26" c="7" d="92" a="0"/>
<U id="191" f="4" l="44" c="8" d="145" a="0"/>
<U id="192" f="4" l="35" c="8" d="145" a="0"/>
<U id="193" f="1" l="84" c="7" d="128" a="0"/>
<U id="194" f="7" l="46" c="7" d="131" a="0"/>
<U id="195" f="9" l="26" c="8" d="89" a="1"/>
<U id="196" f="7" l="47" c="7" d="131" a="0"/>
<U id="197" f="7" l="29" c="7" d="103" a="0"/>
<U id="198" f="4" l="47" c="8" d="159" a="0"/>
<U id="199" f="7" l="48" c="7" d="131" a="0"/>
<U id="200" f="4" l="38" c="8" d="145" a="0"/>
<U id="201" f="1" l="49" c="8" d="105" a="0"/>
<U id="202" f="12" l="11304" c="9" d="82" a="0"/>
<U id="203" f="5" l="100" c="0" d="150" a="0"/>
<U id="204" f="5" l="101" c="0" d="150" a="0"/>
<U id="205" f="5" l="102" c="0" d="150" a="0"/>
<U id="206" f="5" l="103" c="0" d="150" a="0"/>
<U id="207" f="9" l="22" c="9" d="174" a="0"/>
<U id="208" f="5" l="104" c="0" d="174" a="0"/>
<U id="209" f="11" l="24" c="0" d="150" a="0"/>
<U id="210" f="5" l="105" c="0" d="174" a="0"/>
<U id="211" f="5" l="106" c="0" d="174" a="0"/>
<U id="212" f="3" l="140" c="3" d="145" a="0"/>
<U id="213" f="5" l="107" c="0" d="174" a="0"/>
<U id="214" f="11" l="20" c="5" d="232" a="0"/>
<U id="215" f="11" l="18" c="0" d="150" a="0"/>
<U id="216" f="5" l="108" c="0" d="122" a="0"/>
<U id="217" f="9" l="22" c="23" d="174" a="0"/>
<U id="218" f="5" l="212" c="5" d="204" a="0"/>
<U id="219" f="1" l="84" c="39" d="128" a="0"/>
<U id="220" f="7" l="34" c="13" d="122" a="0"/>
<U id="221" f="7" l="35" c="13" d="174" a="0"/>
<U id="222" f="11" l="26" c="4" d="118" a="1"/>
<U id="223" f="3" l="136" c="3" d="159" a="0"/>
<U id="224" f="7" l="36" c="13" d="174" a="0"/>
<U id="225" f="11" l="36" c="4" d="204" a="0"/>
<U id="226" f="5" l="67" c="21" d="78" a="0"/>
<U id="227" f="7" l="37" c="13" d="174" a="0"/>
<U id="228" f="9" l="29" c="12" d="89" a="0"/>
<U id="229" f="3" l="137" c="3" d="159" a="0"/>
<U id="230" f="11" l="37" c="4" d="148" a="0"/>
<U id="231" f="7" l="38" c="13" d="174" a="0"/>
<U id="232" f="11" l="27" c="5" d="217" a="0"/>
<U id="233" f="3" l="138" c="3" d="145" a="0"/>
<U id="234" f="5" l="92" c="51" d="174" a="0"/>
<U id="235" f="5" l="94" c="59" d="133" a="0"/>
<U id="236" f="9" l="26" c="15" d="89" a="0"/>
<U id="237" f="3" l="132" c="8" d="145" a="0"/>
<U id="238" f="3" l="139" c="3" d="145" a="0"/>
<U id="239" f="5" l="96" c="60" d="116" a="0"/>
<U id="240" f="5" l="257" c="5" d="148" a="0"/>
<U id="241" f="8" l="660" c="8" d="145" a="0"/>
<U id="242" f="8" l="813" c="8" d="215" a="1"/>
<U id="243" f="8" l="670" c="8" d="187" a="1"/>
<U id="244" f="5" l="93" c="55" d="106" a="0"/>
<U id="245" f="8" l="661" c="8" d="174" a="0"/>
<U id="246" f="8" l="662" c="8" d="174" a="0"/>
<U id="247" f="8" l="780" c="8" d="174" a="0"/>
<U id="248" f="8" l="815" c="8" d="238" a="1"/>
<U id="249" f="5" l="95" c="55" d="133" a="0"/>
<U id="250" f="8" l="672" c="8" d="223" a="1"/>
<U id="251" f="8" l="663" c="8" d="174" a="0"/>
<U id="252" f="8" l="781" c="8" d="159" a="0"/>
<U id="253" f="5" l="98" c="54" d="92" a="0"/>
<U id="254" f="5" l="97" c="64" d="133" a="0"/>
<U id="255" f="8" l="664" c="8" d="174" a="0"/>
<U id="256" f="8" l="782" c="8" d="142" a="0"/>
<U id="257" f="8" l="674" c="8" d="230" a="1"/>
<U id="258" f="8" l="783" c="8" d="174" a="0"/>
<U id="259" f="8" l="818" c="8" d="238" a="1"/>
<U id="260" f="8" l="675" c="8" d="234" a="1"/>
<U id="261" f="8" l="667" c="8" d="241" a="1"/>
<U id="262" f="8" l="785" c="8" d="218" a="1"/>
<U id="263" f="8" l="668" c="8" d="252" a="1"/>
<U id="264" f="8" l="659" c="8" d="166" a="0"/>
<U id="265" f="5" l="99" c="57" d="103" a="0"/>
<U id="266" f="8" l="669" c="8" d="212" a="1"/>
<U id="267" f="8" l="787" c="8" d="218" a="1"/>
<U id="268" f="8" l="320" c="9" d="153" a="0"/>
<U id="269" f="8" l="221" c="9" d="131" a="0"/>
<U id="270" f="8" l="411" c="9" d="153" a="0"/>
<U id="271" f="11" l="21" c="11" d="150" a="0"/>
<U id="272" f="8" l="601" c="9" d="174" a="0"/>
<U id="273" f="8" l="450" c="9" d="131" a="0"/>
<U id="274" f="8" l="270" c="9" d="142" a="0"/>
<U id="275" f="8" l="310" c="30" d="147" a="0"/>
<U id="276" f="8" l="333" c="9" d="159" a="0"/>
<U id="277" f="8" l="613" c="9" d="174" a="0"/>
<U id="278" f="8" l="234" c="9" d="174" a="0"/>
<U id="279" f="8" l="401" c="30" d="202" a="0"/>
<U id="280" f="8" l="181" c="9" d="174" a="0"/>
<U id="281" f="8" l="424" c="9" d="159" a="0"/>
<U id="282" f="8" l="505" c="9" d="153" a="0"/>
<U id="283" f="5" l="101" c="50" d="133" a="0"/>
<U id="284" f="8" l="221" c="30" d="166" a="0"/>
<U id="285" f="8" l="533" c="9" d="166" a="0"/>
<U id="286" f="8" l="307" c="9" d="145" a="0"/>
<U id="287" f="8" l="561" c="9" d="174" a="0"/>
<U id="288" f="8" l="211" c="40" d="159" a="0"/>
<U id="289" f="8" l="310" c="22" d="259" a="0"/>
<U id="290" f="10" l="320" c="4" d="174" a="0"/>
<U id="291" f="8" l="208" c="9" d="159" a="0"/>
<U id="292" f="8" l="372" c="9" d="174" a="0"/>
<U id="293" f="8" l="282" c="9" d="142" a="0"/>
<U id="294" f="8" l="401" c="22" d="279" a="0"/>
<U id="295" f="10" l="330" c="4" d="133" a="0"/>
<U id="296" f="8" l="211" c="59" d="237" a="0"/>
<U id="297" f="8" l="440" c="30" d="184" a="0"/>
<U id="298" f="10" l="321" c="4" d="106" a="0"/>
<U id="299" f="8" l="463" c="9" d="174" a="0"/>
<U id="300" f="8" l="625" c="9" d="174" a="0"/>
<U id="301" f="8" l="246" c="9" d="142" a="0"/>
<U id="302" f="8" l="491" c="9" d="145" a="0"/>
<U id="303" f="8" l="310" c="14" d="147" a="0"/>
<U id="304" f="8" l="323" c="30" d="137" a="0"/>
<U id="305" f="8" l="346" c="9" d="166" a="0"/>
<U id="306" f="8" l="211" c="14" d="237" a="0"/>
<U id="307" f="10" l="331" c="4" d="133" a="0"/>
<U id="308" f="10" l="322" c="4" d="133" a="0"/>
<U id="309" f="11" l="28" c="11" d="150" a="0"/>
<U id="310" f="8" l="401" c="14" d="202" a="0"/>
<U id="311" f="8" l="603" c="12" d="125" a="0"/>
<U id="312" f="5" l="102" c="15" d="179" a="0"/>
<U id="313" f="8" l="414" c="30" d="141" a="0"/>
<U id="314" f="8" l="640" c="12" d="129" a="0"/>
<U id="315" f="8" l="437" c="9" d="166" a="0"/>
<U id="316" f="8" l="440" c="22" d="270" a="0"/>
<U id="317" f="8" l="523" c="30" d="247" a="0"/>
<U id="318" f="8" l="211" c="33" d="237" a="0"/>
<U id="319" f="8" l="523" c="21" d="247" a="0"/>
<U id="320" f="10" l="332" c="4" d="174" a="0"/>
<U id="321" f="10" l="413" c="4" d="46" a="1"/>
<U id="322" f="8" l="294" c="9" d="142" a="0"/>
<U id="323" f="8" l="211" c="24" d="159" a="0"/>
<U id="324" f="8" l="551" c="30" d="277" a="0"/>
<U id="325" f="10" l="323" c="4" d="133" a="0"/>
<U id="326" f="5" l="103" c="15" d="161" a="0"/>
<U id="327" f="8" l="170" c="13" d="159" a="0"/>
<U id="328" f="8" l="224" c="40" d="131" a="0"/>
<U id="329" f="8" l="323" c="22" d="240" a="0"/>
<U id="330" f="8" l="551" c="21" d="277" a="0"/>
<U id="331" f="8" l="195" c="9" d="145" a="0"/>
<U id="332" f="8" l="320" c="24" d="153" a="0"/>
<U id="333" f="8" l="519" c="9" d="159" a="0"/>
<U id="334" f="8" l="637" c="9" d="174" a="0"/>
<U id="335" f="8" l="362" c="30" d="211" a="0"/>
<U id="336" f="8" l="258" c="9" d="142" a="0"/>
<U id="337" f="8" l="385" c="9" d="142" a="0"/>
<U id="338" f="8" l="547" c="9" d="131" a="0"/>
<U id="339" f="8" l="711" c="50" d="230" a="0"/>
<U id="340" f="10" l="342" c="4" d="174" a="0"/>
<U id="341" f="8" l="414" c="22" d="246" a="0"/>
<U id="342" f="8" l="523" c="40" d="192" a="0"/>
<U id="343" f="10" l="333" c="4" d="133" a="0"/>
<U id="344" f="8" l="208" c="30" d="153" a="0"/>
<U id="345" f="8" l="234" c="31" d="174" a="0"/>
<U id="346" f="8" l="411" c="24" d="153" a="0"/>
<U id="347" f="8" l="440" c="14" d="184" a="0"/>
<U id="348" f="10" l="324" c="4" d="116" a="0"/>
<U id="349" f="8" l="224" c="59" d="198" a="0"/>
<U id="350" f="8" l="453" c="30" d="155" a="0"/>
<U id="351" f="8" l="551" c="40" d="197" a="0"/>
<U id="352" f="8" l="260" c="14" d="243" a="0"/>
<U id="353" f="8" l="481" c="30" d="278" a="0"/>
<U id="354" f="8" l="615" c="12" d="120" a="0"/>
<U id="355" f="8" l="712" c="50" d="230" a="0"/>
<U id="356" f="8" l="236" c="12" d="115" a="0"/>
<U id="357" f="8" l="323" c="14" d="137" a="0"/>
<U id="358" f="8" l="481" c="21" d="278" a="0"/>
<U id="359" f="10" l="343" c="4" d="103" a="0"/>
<U id="360" f="11" l="20" c="18" d="112" a="0"/>
<U id="361" f="8" l="576" c="9" d="174" a="0"/>
<U id="362" f="8" l="336" c="30" d="158" a="0"/>
<U id="363" f="10" l="334" c="4" d="133" a="0"/>
<U id="364" f="8" l="359" c="9" d="131" a="0"/>
<U id="365" f="8" l="185" c="29" d="272" a="0"/>
<U id="366" f="8" l="224" c="14" d="198" a="0"/>
<U id="367" f="8" l="362" c="22" d="250" a="0"/>
<U id="368" f="8" l="731" c="50" d="230" a="0"/>
<U id="369" f="10" l="325" c="4" d="133" a="0"/>
<U id="370" f="8" l="477" c="9" d="142" a="0"/>
<U id="371" f="8" l="414" c="14" d="141" a="0"/>
<U id="372" f="10" l="443" c="4" d="14" a="1"/>
<U id="373" f="5" l="100" c="46" d="174" a="0"/>
<U id="374" f="8" l="260" c="24" d="142" a="0"/>
<U id="375" f="8" l="427" c="30" d="164" a="0"/>
<U id="376" f="8" l="195" c="29" d="142" a="0"/>
<U id="377" f="8" l="601" c="25" d="174" a="0"/>
<U id="378" f="8" l="453" c="22" d="253" a="0"/>
<U id="379" f="8" l="481" c="40" d="185" a="0"/>
<U id="380" f="8" l="523" c="14" d="192" a="0"/>
<U id="381" f="8" l="806" c="12" d="218" a="0"/>
<U id="382" f="10" l="344" c="4" d="133" a="0"/>
<U id="383" f="8" l="450" c="24" d="131" a="0"/>
<U id="384" f="8" l="732" c="50" d="230" a="0"/>
<U id="385" f="10" l="335" c="4" d="133" a="0"/>
<U id="386" f="8" l="224" c="33" d="198" a="0"/>
<U id="387" f="8" l="551" c="14" d="197" a="0"/>
<U id="388" f="8" l="591" c="12" d="127" a="0"/>
<U id="389" f="8" l="701" c="34" d="234" a="0"/>
<U id="390" f="10" l="326" c="4" d="92" a="0"/>
<U id="391" f="10" l="420" c="8" d="24" a="1"/>
<U id="392" f="8" l="224" c="24" d="131" a="0"/>
<U id="393" f="8" l="701" c="25" d="62" a="0"/>
<U id="394" f="10" l="372" c="4" d="17" a="1"/>
<U id="395" f="10" l="602" c="7" d="133" a="0"/>
<U id="396" f="8" l="336" c="22" d="254" a="0"/>
<U id="397" f="8" l="509" c="30" d="261" a="0"/>
<U id="398" f="8" l="751" c="50" d="230" a="0"/>
<U id="399" f="10" l="363" c="4" d="11" a="1"/>
<U id="400" f="10" l="402" c="8" d="3" a="1"/>
<U id="401" f="10" l="525" c="4" d="133" a="0"/>
<U id="402" f="8" l="307" c="23" d="145" a="0"/>
<U id="403" f="8" l="333" c="24" d="159" a="0"/>
<U id="404" f="8" l="362" c="14" d="211" a="0"/>
<U id="405" f="8" l="509" c="21" d="261" a="0"/>
<U id="406" f="8" l="272" c="14" d="196" a="0"/>
<U id="407" f="8" l="375" c="30" d="190" a="0"/>
<U id="408" f="8" l="537" c="30" d="263" a="0"/>
<U id="409" f="8" l="398" c="9" d="145" a="0"/>
<U id="410" f="10" l="711" c="7" d="133" a="0"/>
<U id="411" f="8" l="537" c="21" d="263" a="0"/>
<U id="412" f="8" l="627" c="12" d="123" a="0"/>
<U id="413" f="8" l="711" c="25" d="62" a="0"/>
<U id="414" f="8" l="821" c="15" d="238" a="0"/>
<U id="415" f="10" l="336" c="4" d="133" a="0"/>
<U id="416" f="8" l="427" c="22" d="255" a="0"/>
<U id="417" f="8" l="565" c="30" d="48" a="0"/>
<U id="418" f="8" l="702" c="25" d="69" a="0"/>
<U id="419" f="10" l="421" c="8" d="6" a="1"/>
<U id="420" f="8" l="424" c="24" d="159" a="0"/>
<U id="421" f="8" l="505" c="24" d="153" a="0"/>
<U id="422" f="8" l="576" c="29" d="174" a="0"/>
<U id="423" f="8" l="284" c="40" d="142" a="0"/>
<U id="424" f="8" l="453" c="14" d="155" a="0"/>
<U id="425" f="8" l="565" c="21" d="48" a="0"/>
<U id="426" f="8" l="691" c="49" d="230" a="0"/>
<U id="427" f="8" l="706" c="50" d="230" a="0"/>
<U id="428" f="8" l="752" c="50" d="230" a="0"/>
<U id="429" f="10" l="450" c="7" d="109" a="1"/>
<U id="430" f="10" l="522" c="7" d="133" a="0"/>
<U id="431" f="8" l="466" c="30" d="199" a="0"/>
<U id="432" f="8" l="813" c="42" d="174" a="0"/>
<U id="433" f="10" l="445" c="4" d="8" a="1"/>
<U id="434" f="8" l="533" c="24" d="166" a="0"/>
<U id="435" f="8" l="481" c="14" d="185" a="0"/>
<U id="436" f="8" l="509" c="40" d="165" a="0"/>
<U id="437" f="8" l="640" c="25" d="60" a="0"/>
<U id="438" f="8" l="721" c="25" d="62" a="0"/>
<U id="439" f="8" l="712" c="25" d="69" a="0"/>
<U id="440" f="11" l="26" c="53" d="181" a="0"/>
<U id="441" f="8" l="272" c="24" d="142" a="0"/>
<U id="442" f="8" l="310" c="37" d="259" a="0"/>
<U id="443" f="8" l="336" c="14" d="158" a="0"/>
<U id="444" f="8" l="537" c="40" d="167" a="0"/>
<U id="445" f="8" l="716" c="50" d="230" a="0"/>
<U id="446" f="10" l="337" c="4" d="133" a="0"/>
<U id="447" f="10" l="716" c="4" d="133" a="0"/>
<U id="448" f="8" l="491" c="23" d="145" a="0"/>
<U id="449" f="8" l="589" c="9" d="174" a="0"/>
<U id="450" f="8" l="613" c="25" d="174" a="0"/>
<U id="451" f="8" l="349" c="30" d="180" a="0"/>
<U id="452" f="8" l="707" c="50" d="230" a="0"/>
<U id="453" f="10" l="409" c="4" d="38" a="1"/>
<U id="454" f="5" l="102" c="65" d="131" a="0"/>
<U id="455" f="8" l="375" c="22" d="268" a="0"/>
<U id="456" f="8" l="565" c="40" d="186" a="0"/>
<U id="457" f="8" l="702" c="35" d="230" a="0"/>
<U id="458" f="8" l="731" c="25" d="62" a="0"/>
<U id="459" f="8" l="722" c="25" d="69" a="0"/>
<U id="460" f="10" l="608" c="4" d="133" a="0"/>
<U id="461" f="8" l="401" c="37" d="279" a="0"/>
<U id="462" f="8" l="427" c="14" d="164" a="0"/>
<U id="463" f="8" l="495" c="30" d="264" a="0"/>
<U id="464" f="8" l="579" c="19" d="258" a="0"/>
<U id="465" f="8" l="672" c="23" d="212" a="0"/>
<U id="466" f="8" l="726" c="50" d="230" a="0"/>
<U id="467" f="8" l="803" c="16" d="209" a="1"/>
<U id="468" f="8" l="813" c="52" d="218" a="0"/>
<U id="469" f="10" l="531" c="8" d="18" a="1"/>
<U id="470" f="8" l="495" c="21" d="264" a="0"/>
<U id="471" f="8" l="674" c="31" d="223" a="0"/>
<U id="472" f="8" l="717" c="50" d="230" a="0"/>
<U id="473" f="8" l="721" c="35" d="230" a="0"/>
<U id="474" f="8" l="778" c="10" d="174" a="0"/>
<U id="475" f="10" l="551" c="7" d="174" a="0"/>
<U id="476" f="8" l="466" c="22" d="271" a="0"/>
<U id="477" f="8" l="603" c="17" d="162" a="0"/>
<U id="478" f="8" l="668" c="20" d="241" a="0"/>
<U id="479" f="8" l="741" c="25" d="62" a="0"/>
<U id="480" f="8" l="813" c="34" d="131" a="0"/>
<U id="481" f="10" l="338" c="4" d="133" a="0"/>
<U id="482" f="10" l="393" c="4" d="27" a="1"/>
<U id="483" f="10" l="432" c="8" d="24" a="1"/>
<U id="484" f="10" l="555" c="4" d="174" a="0"/>
<U id="485" f="5" l="103" c="65" d="131" a="0"/>
<U id="486" f="8" l="284" c="14" d="231" a="0"/>
<U id="487" f="8" l="732" c="25" d="69" a="0"/>
<U id="488" f="10" l="329" c="4" d="133" a="0"/>
<U id="489" f="8" l="561" c="25" d="174" a="0"/>
<U id="490" f="10" l="116" c="8" d="133" a="0"/>
<U id="491" f="8" l="297" c="30" d="172" a="0"/>
<U id="492" f="8" l="736" c="50" d="230" a="0"/>
<U id="493" f="10" l="375" c="4" d="67" a="0"/>
<U id="494" f="8" l="185" c="14" d="191" a="0"/>
<U id="495" f="8" l="198" c="39" d="145" a="0"/>
<U id="496" f="8" l="509" c="14" d="165" a="0"/>
<U id="497" f="8" l="670" c="34" d="252" a="0"/>
<U id="498" f="8" l="692" c="50" d="230" a="0"/>
<U id="499" f="8" l="727" c="50" d="230" a="0"/>
<U id="500" f="8" l="182" c="89" d="174" a="0"/>
<U id="501" f="8" l="294" c="23" d="142" a="0"/>
<U id="502" f="8" l="349" c="22" d="267" a="0"/>
<U id="503" f="8" l="722" c="35" d="234" a="0"/>
<U id="504" f="8" l="751" c="25" d="62" a="0"/>
<U id="505" f="8" l="808" c="41" d="218" a="0"/>
<U id="506" f="10" l="357" c="4" d="9" a="1"/>
<U id="507" f="8" l="346" c="24" d="166" a="0"/>
<U id="508" f="8" l="372" c="25" d="174" a="0"/>
<U id="509" f="8" l="248" c="14" d="214" a="0"/>
<U id="510" f="8" l="375" c="14" d="190" a="0"/>
<U id="511" f="8" l="495" c="40" d="160" a="0"/>
<U id="512" f="8" l="537" c="14" d="167" a="0"/>
<U id="513" f="8" l="742" c="25" d="69" a="0"/>
<U id="514" f="8" l="181" c="26" d="174" a="0"/>
<U id="515" f="10" l="633" c="7" d="133" a="0"/>
<U id="516" f="8" l="388" c="30" d="175" a="0"/>
<U id="517" f="8" l="746" c="50" d="230" a="0"/>
<U id="518" f="10" l="254" c="7" d="108" a="1"/>
<U id="519" f="10" l="339" c="4" d="133" a="0"/>
<U id="520" f="10" l="433" c="8" d="6" a="1"/>
<U id="521" f="10" l="556" c="4" d="133" a="0"/>
<U id="522" f="11" l="24" c="65" d="131" a="0"/>
<U id="523" f="5" l="103" c="84" d="131" a="0"/>
<U id="524" f="8" l="565" c="14" d="186" a="0"/>
<U id="525" f="8" l="737" c="50" d="230" a="0"/>
<U id="526" f="8" l="741" c="35" d="234" a="0"/>
<U id="527" f="8" l="385" c="23" d="142" a="0"/>
<U id="528" f="10" l="117" c="8" d="133" a="0"/>
<U id="529" f="8" l="183" c="89" d="174" a="0"/>
<U id="530" f="8" l="308" c="80" d="145" a="0"/>
<U id="531" f="8" l="437" c="24" d="166" a="0"/>
<U id="532" f="8" l="463" c="25" d="174" a="0"/>
<U id="533" f="8" l="440" c="37" d="270" a="0"/>
<U id="534" f="8" l="466" c="14" d="199" a="0"/>
<U id="535" f="8" l="640" c="18" d="222" a="0"/>
<U id="536" f="8" l="668" c="12" d="166" a="0"/>
<U id="537" f="8" l="706" c="25" d="62" a="0"/>
<U id="538" f="8" l="752" c="25" d="69" a="0"/>
<U id="539" f="8" l="813" c="26" d="159" a="0"/>
<U id="540" f="10" l="406" c="8" d="3" a="1"/>
<U id="541" f="10" l="614" c="8" d="33" a="1"/>
<U id="542" f="11" l="27" c="18" d="121" a="0"/>
<U id="543" f="8" l="211" c="48" d="153" a="0"/>
<U id="544" f="8" l="260" c="37" d="142" a="0"/>
<U id="545" f="8" l="297" c="22" d="273" a="0"/>
<U id="546" f="8" l="686" c="49" d="230" a="0"/>
<U id="547" f="8" l="747" c="50" d="230" a="0"/>
<U id="548" f="10" l="485" c="4" d="131" a="0"/>
<U id="549" f="8" l="248" c="24" d="142" a="0"/>
<U id="550" f="8" l="669" c="30" d="252" a="0"/>
<U id="551" f="8" l="670" c="26" d="131" a="0"/>
<U id="552" f="8" l="681" c="34" d="230" a="0"/>
<U id="553" f="8" l="742" c="35" d="230" a="0"/>
<U id="554" f="10" l="557" c="4" d="133" a="0"/>
<U id="555" f="11" l="24" c="84" d="131" a="0"/>
<U id="556" f="8" l="323" c="37" d="240" a="0"/>
<U id="557" f="8" l="349" c="14" d="180" a="0"/>
<U id="558" f="8" l="669" c="21" d="174" a="0"/>
<U id="559" f="8" l="670" c="17" d="145" a="0"/>
<U id="560" f="8" l="675" c="23" d="223" a="0"/>
<U id="561" f="8" l="681" c="25" d="62" a="0"/>
<U id="562" f="8" l="716" c="25" d="62" a="0"/>
<U id="563" f="10" l="561" c="8" d="47" a="1"/>
<U id="564" f="10" l="723" c="8" d="28" a="1"/>
<U id="565" f="8" l="519" c="24" d="159" a="0"/>
<U id="566" f="8" l="615" c="17" d="177" a="0"/>
<U id="567" f="8" l="707" c="25" d="69" a="0"/>
<U id="568" f="8" l="796" c="12" d="218" a="0"/>
<U id="569" f="8" l="388" c="22" d="275" a="0"/>
<U id="570" f="8" l="579" c="12" d="124" a="0"/>
<U id="571" f="8" l="696" c="49" d="230" a="0"/>
<U id="572" f="8" l="711" c="74" d="234" a="0"/>
<U id="573" f="8" l="757" c="50" d="230" a="0"/>
<U id="574" f="10" l="449" c="4" d="8" a="1"/>
<U id="575" f="8" l="270" c="28" d="166" a="0"/>
<U id="576" f="8" l="547" c="24" d="131" a="0"/>
<U id="577" f="8" l="654" c="25" d="174" a="0"/>
<U id="578" f="8" l="495" c="14" d="160" a="0"/>
<U id="579" f="8" l="523" c="64" d="192" a="0"/>
<U id="580" f="8" l="477" c="23" d="142" a="0"/>
<U id="581" f="8" l="625" c="26" d="174" a="0"/>
<U id="582" f="8" l="414" c="37" d="246" a="0"/>
<U id="583" f="8" l="674" c="15" d="212" a="0"/>
<U id="584" f="8" l="682" c="34" d="234" a="0"/>
<U id="585" f="8" l="691" c="25" d="62" a="0"/>
<U id="586" f="8" l="726" c="25" d="62" a="0"/>
<U id="587" f="10" l="580" c="8" d="39" a="1"/>
<U id="588" f="8" l="551" c="64" d="197" a="0"/>
<U id="589" f="8" l="667" c="32" d="212" a="0"/>
<U id="590" f="8" l="682" c="25" d="69" a="0"/>
<U id="591" f="8" l="717" c="25" d="69" a="0"/>
<U id="592" f="10" l="639" c="4" d="133" a="0"/>
<U id="593" f="10" l="481" c="8" d="133" a="0"/>
<U id="594" f="10" l="426" c="8" d="24" a="1"/>
<U id="595" f="8" l="198" c="32" d="239" a="0"/>
<U id="596" f="8" l="297" c="14" d="172" a="0"/>
<U id="597" f="8" l="712" c="74" d="234" a="0"/>
<U id="598" f="8" l="758" c="50" d="230" a="0"/>
<U id="599" f="10" l="417" c="8" d="40" a="0"/>
<U id="600" f="8" l="736" c="25" d="62" a="0"/>
<U id="601" f="8" l="791" c="16" d="218" a="1"/>
<U id="602" f="10" l="369" c="4" d="20" a="1"/>
<U id="603" f="10" l="680" c="8" d="64" a="1"/>
<U id="604" f="8" l="198" c="14" d="239" a="0"/>
<U id="605" f="8" l="692" c="25" d="69" a="0"/>
<U id="606" f="8" l="727" c="25" d="69" a="0"/>
<U id="607" f="10" l="535" c="8" d="18" a="1"/>
<U id="608" f="11" l="18" c="65" d="131" a="0"/>
<U id="609" f="8" l="637" c="25" d="174" a="0"/>
<U id="610" f="8" l="236" c="18" d="149" a="0"/>
<U id="611" f="8" l="591" c="17" d="251" a="0"/>
<U id="612" f="8" l="672" c="17" d="212" a="0"/>
<U id="613" f="8" l="731" c="74" d="234" a="0"/>
<U id="614" f="8" l="808" c="16" d="218" a="1"/>
<U id="615" f="10" l="568" c="4" d="53" a="1"/>
<U id="616" f="8" l="359" c="24" d="131" a="0"/>
<U id="617" f="8" l="362" c="37" d="250" a="0"/>
<U id="618" f="8" l="388" c="14" d="175" a="0"/>
<U id="619" f="8" l="687" c="50" d="230" a="0"/>
<U id="620" f="10" l="482" c="8" d="133" a="0"/>
<U id="621" f="8" l="272" c="37" d="142" a="0"/>
<U id="622" f="8" l="523" c="56" d="242" a="0"/>
<U id="623" f="8" l="746" c="25" d="62" a="0"/>
<U id="624" f="8" l="789" c="12" d="218" a="0"/>
<U id="625" f="10" l="427" c="8" d="6" a="1"/>
<U id="626" f="8" l="523" c="47" d="242" a="0"/>
<U id="627" f="8" l="737" c="25" d="69" a="0"/>
<U id="628" f="8" l="295" c="80" d="142" a="0"/>
<U id="629" f="8" l="398" c="23" d="145" a="0"/>
<U id="630" f="10" l="664" c="7" d="133" a="0"/>
<U id="631" f="8" l="481" c="64" d="185" a="0"/>
<U id="632" f="8" l="551" c="56" d="274" a="0"/>
<U id="633" f="10" l="668" c="4" d="133" a="0"/>
<U id="634" f="8" l="453" c="37" d="253" a="0"/>
<U id="635" f="8" l="551" c="47" d="274" a="0"/>
<U id="636" f="8" l="667" c="15" d="212" a="0"/>
<U id="637" f="8" l="691" c="72" d="234" a="0"/>
<U id="638" f="8" l="697" c="50" d="230" a="0"/>
<U id="639" f="8" l="706" c="73" d="234" a="0"/>
<U id="640" f="8" l="732" c="74" d="234" a="0"/>
<U id="641" f="8" l="198" c="24" d="145" a="0"/>
<U id="642" f="8" l="282" c="28" d="174" a="0"/>
<U id="643" f="8" l="224" c="48" d="166" a="0"/>
<U id="644" f="8" l="669" c="14" d="212" a="0"/>
<U id="645" f="8" l="747" c="25" d="69" a="0"/>
<U id="646" f="8" l="386" c="80" d="142" a="0"/>
<U id="647" f="8" l="751" c="74" d="234" a="0"/>
<U id="648" f="10" l="645" c="8" d="57" a="1"/>
<U id="649" f="8" l="185" c="45" d="272" a="0"/>
<U id="650" f="8" l="284" c="27" d="142" a="0"/>
<U id="651" f="8" l="336" c="37" d="254" a="0"/>
<U id="652" f="8" l="716" c="73" d="234" a="0"/>
<U id="653" f="10" l="384" c="8" d="40" a="1"/>
<U id="654" f="10" l="584" c="7" d="109" a="1"/>
<U id="655" f="8" l="246" c="28" d="142" a="0"/>
<U id="656" f="8" l="757" c="25" d="62" a="0"/>
<U id="657" f="8" l="815" c="37" d="135" a="1"/>
<U id="658" f="10" l="618" c="8" d="33" a="1"/>
<U id="659" f="8" l="815" c="28" d="174" a="0"/>
<U id="660" f="8" l="427" c="37" d="255" a="0"/>
<U id="661" f="8" l="481" c="56" d="276" a="0"/>
<U id="662" f="8" l="627" c="18" d="213" a="0"/>
<U id="663" f="8" l="752" c="74" d="234" a="0"/>
<U id="664" f="10" l="438" c="8" d="24" a="1"/>
<U id="665" f="8" l="481" c="47" d="276" a="0"/>
<U id="666" f="10" l="565" c="8" d="47" a="1"/>
<U id="667" f="10" l="727" c="8" d="28" a="1"/>
<U id="668" f="8" l="509" c="64" d="165" a="0"/>
<U id="669" f="8" l="686" c="25" d="62" a="0"/>
<U id="670" f="8" l="758" c="25" d="69" a="0"/>
<U id="671" f="8" l="537" c="64" d="167" a="0"/>
<U id="672" f="8" l="692" c="73" d="234" a="0"/>
<U id="673" f="8" l="707" c="74" d="234" a="0"/>
<U id="674" f="10" l="694" c="7" d="133" a="0"/>
<U id="675" f="8" l="565" c="64" d="186" a="0"/>
<U id="676" f="8" l="696" c="25" d="62" a="0"/>
<U id="677" f="8" l="818" c="27" d="238" a="0"/>
<U id="678" f="10" l="439" c="8" d="6" a="1"/>
<U id="679" f="10" l="575" c="8" d="39" a="1"/>
<U id="680" f="8" l="248" c="37" d="142" a="0"/>
<U id="681" f="8" l="375" c="37" d="268" a="0"/>
<U id="682" f="8" l="687" c="25" d="69" a="0"/>
<U id="683" f="8" l="726" c="74" d="234" a="0"/>
<U id="684" f="8" l="785" c="26" d="265" a="0"/>
<U id="685" f="8" l="717" c="74" d="234" a="0"/>
<U id="686" f="8" l="321" c="88" d="153" a="0"/>
<U id="687" f="8" l="520" c="88" d="159" a="0"/>
<U id="688" f="8" l="466" c="37" d="271" a="0"/>
<U id="689" f="8" l="509" c="56" d="256" a="0"/>
<U id="690" f="8" l="697" c="25" d="69" a="0"/>
<U id="691" f="8" l="818" c="55" d="209" a="0"/>
<U id="692" f="8" l="258" c="28" d="153" a="0"/>
<U id="693" f="8" l="509" c="47" d="256" a="0"/>
<U id="694" f="8" l="736" c="74" d="234" a="0"/>
<U id="695" f="8" l="818" c="46" d="174" a="0"/>
<U id="696" f="8" l="185" c="38" d="269" a="0"/>
<U id="697" f="8" l="537" c="56" d="257" a="0"/>
<U id="698" f="8" l="686" c="72" d="234" a="0"/>
<U id="699" f="8" l="727" c="74" d="234" a="0"/>
<U id="700" f="8" l="399" c="80" d="145" a="0"/>
<U id="701" f="8" l="412" c="88" d="153" a="0"/>
<U id="702" f="8" l="589" c="25" d="174" a="0"/>
<U id="703" f="8" l="537" c="47" d="257" a="0"/>
<U id="704" f="8" l="349" c="37" d="267" a="0"/>
<U id="705" f="8" l="495" c="64" d="160" a="0"/>
<U id="706" f="8" l="565" c="56" d="41" a="0"/>
<U id="707" f="8" l="521" c="88" d="159" a="0"/>
<U id="708" f="8" l="565" c="47" d="41" a="0"/>
<U id="709" f="8" l="746" c="74" d="234" a="0"/>
<U id="710" f="10" l="676" c="8" d="64" a="1"/>
<U id="711" f="8" l="678" c="17" d="187" a="0"/>
<U id="712" f="8" l="696" c="72" d="234" a="0"/>
<U id="713" f="8" l="737" c="74" d="234" a="0"/>
<U id="714" f="8" l="579" c="26" d="70" a="0"/>
<U id="715" f="8" l="787" c="26" d="218" a="0"/>
<U id="716" f="10" l="487" c="8" d="21" a="0"/>
<U id="717" f="10" l="649" c="8" d="57" a="1"/>
<U id="718" f="8" l="798" c="16" d="209" a="1"/>
<U id="719" f="10" l="559" c="8" d="208" a="0"/>
<U id="720" f="8" l="360" c="88" d="131" a="0"/>
<U id="721" f="8" l="747" c="74" d="234" a="0"/>
<U id="722" f="10" l="388" c="8" d="40" a="1"/>
<U id="723" f="8" l="297" c="37" d="273" a="0"/>
<U id="724" f="8" l="787" c="63" d="218" a="0"/>
<U id="725" f="8" l="198" c="46" d="142" a="0"/>
<U id="726" f="8" l="495" c="56" d="260" a="0"/>
<U id="727" f="8" l="787" c="45" d="174" a="0"/>
<U id="728" f="8" l="451" c="88" d="131" a="0"/>
<U id="729" f="8" l="495" c="47" d="260" a="0"/>
<U id="730" f="8" l="757" c="74" d="234" a="0"/>
<U id="731" f="8" l="799" c="16" d="218" a="1"/>
<U id="732" f="8" l="388" c="37" d="275" a="0"/>
<U id="733" f="8" l="687" c="73" d="234" a="0"/>
<U id="734" f="8" l="815" c="68" d="215" a="0"/>
<U id="735" f="8" l="562" c="96" d="174" a="0"/>
<U id="736" f="8" l="334" c="88" d="159" a="0"/>
<U id="737" f="8" l="198" c="56" d="239" a="0"/>
<U id="738" f="8" l="697" c="73" d="234" a="0"/>
<U id="739" f="8" l="758" c="74" d="234" a="0"/>
<U id="740" f="8" l="787" c="55" d="166" a="0"/>
<U id="741" f="8" l="425" c="88" d="159" a="0"/>
<U id="742" f="8" l="506" c="88" d="153" a="0"/>
<U id="743" f="8" l="563" c="96" d="174" a="0"/>
<U id="744" f="8" l="534" c="88" d="166" a="0"/>
<U id="745" f="8" l="778" c="28" d="174" a="0"/>
<U id="746" f="8" l="667" c="66" d="212" a="0"/>
<U id="747" f="8" l="507" c="88" d="153" a="0"/>
<U id="748" f="8" l="373" c="88" d="174" a="0"/>
<U id="749" f="8" l="535" c="88" d="166" a="0"/>
<U id="750" f="8" l="655" c="96" d="174" a="0"/>
<U id="751" f="8" l="464" c="88" d="174" a="0"/>
<U id="752" f="8" l="492" c="88" d="145" a="0"/>
<U id="753" f="8" l="656" c="96" d="174" a="0"/>
<U id="754" f="8" l="347" c="88" d="166" a="0"/>
<U id="755" f="8" l="638" c="96" d="174" a="0"/>
<U id="756" f="8" l="493" c="88" d="145" a="0"/>
<U id="757" f="8" l="438" c="88" d="166" a="0"/>
<U id="758" f="8" l="577" c="96" d="174" a="0"/>
<U id="759" f="8" l="548" c="88" d="131" a="0"/>
<U id="760" f="8" l="549" c="88" d="131" a="0"/>
<U id="761" f="8" l="478" c="88" d="142" a="0"/>
<U id="762" f="8" l="479" c="88" d="142" a="0"/>
</Uses>
<Blocks>
<B id="1" t="routine" f="11" l="18" c="15">
<BEGIN l="19" c="0"/>
<END l="22" c="0"/>
</B>
<B id="2" t="routine" f="11" l="24" c="15">
<BEGIN l="25" c="0"/>
<END l="29" c="0"/>
</B>
<B id="3" t="routine" f="11" l="34" c="5">
<BEGIN l="35" c="0"/>
<END l="38" c="0"/>
</B>
<B id="4" t="ppcif" f="13" l="13" c="0">
<BEGIN l="13" c="16"/>
<END l="133" c="0"/>
</B>
<B id="5" t="ppcrmif" f="13" l="14" c="0">
<BEGIN l="14" c="14"/>
<END l="16" c="0"/>
</B>
<B id="6" t="ppcif" f="13" l="18" c="0">
<BEGIN l="18" c="23"/>
<END l="129" c="0"/>
</B>
<B id="7" t="ppcrmif" f="13" l="25" c="0">
<BEGIN l="25" c="70"/>
<END l="27" c="0"/>
</B>
<B id="8" t="ppcelse" f="13" l="27" c="0">
<BEGIN l="27" c="5"/>
<END l="29" c="0"/>
</B>
<B id="9" t="ppcrmif" f="13" l="31" c="0">
<BEGIN l="31" c="67"/>
<END l="32" c="0"/>
</B>
<B id="10" t="ppcrmelif" f="13" l="32" c="0">
<BEGIN l="32" c="5"/>
<END l="35" c="0"/>
</B>
<B id="11" t="ppcrmelif" f="13" l="35" c="0">
<BEGIN l="35" c="5"/>
<END l="40" c="0"/>
</B>
<B id="12" t="ppcrmelse" f="13" l="40" c="0">
<BEGIN l="40" c="5"/>
<END l="42" c="0"/>
</B>
<B id="13" t="ppcrmif" f="13" l="54" c="0">
<BEGIN l="54" c="23"/>
<END l="55" c="0"/>
</B>
<B id="14" t="ppcrmelif" f="13" l="55" c="0">
<BEGIN l="55" c="5"/>
<END l="76" c="0"/>
</B>
<B id="15" t="ppcrmelse" f="13" l="76" c="0">
<BEGIN l="76" c="26"/>
<END l="123" c="0"/>
</B>
<B id="16" t="ppcrmif" f="13" l="89" c="0">
<BEGIN l="89" c="51"/>
<END l="100" c="0"/>
</B>
<B id="17" t="ppcrmelif" f="13" l="100" c="0">
<BEGIN l="100" c="5"/>
<END l="110" c="0"/>
</B>
<B id="18" t="ppcrmelse" f="13" l="110" c="0">
<BEGIN l="110" c="62"/>
<END l="121" c="0"/>
</B>
<B id="19" t="ppcif" f="13" l="125" c="0">
<BEGIN l="125" c="19"/>
<END l="127" c="0"/>
</B>
<B id="20" t="ppcrmif" f="13" l="130" c="0">
<BEGIN l="130" c="14"/>
<END l="132" c="0"/>
</B>
<B id="21" t="routine" f="10" l="247" c="5">
<BEGIN l="248" c="0"/>
<END l="259" c="0"/>
</B>
<B id="22" t="else" f="10" l="435" c="4">
<BEGIN l="436" c="4"/>
<END l="440" c="4"/>
</B>
<B id="23" t="if" f="10" l="429" c="9">
<BEGIN l="430" c="4"/>
<END l="434" c="4"/>
<ELSE d="22"/>
</B>
<B id="24" t="else" f="10" l="429" c="4">
<BEGIN l="429" c="9"/>
<END l="440" c="4"/>
<SUB d="23"/>
</B>
<B id="25" t="if" f="10" l="423" c="9">
<BEGIN l="424" c="4"/>
<END l="428" c="4"/>
<ELSE d="24"/>
</B>
<B id="26" t="else" f="10" l="423" c="4">
<BEGIN l="423" c="9"/>
<END l="440" c="4"/>
<SUB d="25"/>
</B>
<B id="27" t="if" f="10" l="417" c="4">
<BEGIN l="418" c="4"/>
<END l="422" c="4"/>
<ELSE d="26"/>
</B>
<B id="28" t="else" f="10" l="415" c="90">
<BEGIN l="415" c="90"/>
<END l="415" c="91"/>
</B>
<B id="29" t="if" f="10" l="415" c="83">
<BEGIN l="415" c="85"/>
<END l="415" c="86"/>
<ELSE d="28"/>
</B>
<B id="30" t="else" f="10" l="411" c="90">
<BEGIN l="411" c="90"/>
<END l="411" c="91"/>
</B>
<B id="31" t="if" f="10" l="411" c="83">
<BEGIN l="411" c="85"/>
<END l="411" c="86"/>
<ELSE d="30"/>
</B>
<B id="32" t="else" f="10" l="404" c="4">
<BEGIN l="405" c="4"/>
<END l="407" c="4"/>
</B>
<B id="33" t="if" f="10" l="398" c="4">
<BEGIN l="401" c="4"/>
<END l="403" c="4"/>
<ELSE d="32"/>
</B>
<B id="34" t="else" f="10" l="386" c="4">
<BEGIN l="387" c="4"/>
<END l="389" c="4"/>
</B>
<B id="35" t="if" f="10" l="380" c="4">
<BEGIN l="383" c="4"/>
<END l="385" c="4"/>
<ELSE d="34"/>
</B>
<B id="36" t="else" f="10" l="375" c="94">
<BEGIN l="375" c="94"/>
<END l="375" c="95"/>
</B>
<B id="37" t="if" f="10" l="375" c="87">
<BEGIN l="375" c="89"/>
<END l="375" c="90"/>
<ELSE d="36"/>
</B>
<B id="38" t="routine" f="10" l="312" c="5">
<BEGIN l="313" c="0"/>
<END l="460" c="0"/>
<SUB d="27"/>
<SUB d="29"/>
<SUB d="31"/>
<SUB d="33"/>
<SUB d="35"/>
<SUB d="37"/>
</B>
<B id="39" t="else" f="10" l="498" c="8">
<BEGIN l="499" c="8"/>
<END l="503" c="8"/>
</B>
<B id="40" t="if" f="10" l="492" c="8">
<BEGIN l="493" c="8"/>
<END l="497" c="8"/>
<ELSE d="39"/>
</B>
<B id="41" t="else" f="10" l="505" c="4">
<BEGIN l="506" c="4"/>
<END l="512" c="4"/>
</B>
<B id="42" t="if" f="10" l="487" c="4">
<BEGIN l="488" c="4"/>
<END l="504" c="4"/>
<SUB d="40"/>
<ELSE d="41"/>
</B>
<B id="43" t="routine" f="10" l="479" c="12">
<BEGIN l="483" c="0"/>
<END l="513" c="0"/>
<SUB d="42"/>
</B>
<B id="44" t="else" f="10" l="533" c="4">
<BEGIN l="534" c="4"/>
<END l="536" c="4"/>
</B>
<B id="45" t="if" f="10" l="527" c="4">
<BEGIN l="530" c="4"/>
<END l="532" c="4"/>
<ELSE d="44"/>
</B>
<B id="46" t="routine" f="10" l="522" c="15">
<BEGIN l="524" c="0"/>
<END l="539" c="0"/>
<SUB d="45"/>
</B>
<B id="47" t="else" f="10" l="578" c="4">
<BEGIN l="579" c="4"/>
<END l="582" c="4"/>
</B>
<B id="48" t="if" f="10" l="573" c="4">
<BEGIN l="574" c="4"/>
<END l="577" c="4"/>
<ELSE d="47"/>
</B>
<B id="49" t="else" f="10" l="571" c="62">
<BEGIN l="571" c="62"/>
<END l="571" c="63"/>
</B>
<B id="50" t="if" f="10" l="571" c="55">
<BEGIN l="571" c="57"/>
<END l="571" c="58"/>
<ELSE d="49"/>
</B>
<B id="51" t="else" f="10" l="563" c="4">
<BEGIN l="564" c="4"/>
<END l="566" c="4"/>
</B>
<B id="52" t="if" f="10" l="559" c="4">
<BEGIN l="560" c="4"/>
<END l="562" c="4"/>
<ELSE d="51"/>
</B>
<B id="53" t="routine" f="10" l="551" c="15">
<BEGIN l="554" c="0"/>
<END l="590" c="0"/>
<SUB d="48"/>
<SUB d="50"/>
<SUB d="52"/>
</B>
<B id="54" t="else" f="10" l="616" c="4">
<BEGIN l="617" c="4"/>
<END l="619" c="4"/>
</B>
<B id="55" t="if" f="10" l="610" c="4">
<BEGIN l="613" c="4"/>
<END l="615" c="4"/>
<ELSE d="54"/>
</B>
<B id="56" t="routine" f="10" l="602" c="15">
<BEGIN l="606" c="0"/>
<END l="622" c="0"/>
<SUB d="55"/>
</B>
<B id="57" t="else" f="10" l="647" c="4">
<BEGIN l="648" c="4"/>
<END l="650" c="4"/>
</B>
<B id="58" t="if" f="10" l="641" c="4">
<BEGIN l="644" c="4"/>
<END l="646" c="4"/>
<ELSE d="57"/>
</B>
<B id="59" t="routine" f="10" l="633" c="15">
<BEGIN l="637" c="0"/>
<END l="653" c="0"/>
<SUB d="58"/>
</B>
<B id="60" t="else" f="10" l="678" c="4">
<BEGIN l="679" c="4"/>
<END l="681" c="4"/>
</B>
<B id="61" t="if" f="10" l="670" c="4">
<BEGIN l="675" c="4"/>
<END l="677" c="4"/>
<ELSE d="60"/>
</B>
<B id="62" t="routine" f="10" l="664" c="15">
<BEGIN l="666" c="0"/>
<END l="684" c="0"/>
<SUB d="61"/>
</B>
<B id="63" t="else" f="10" l="698" c="96">
<BEGIN l="698" c="96"/>
<END l="698" c="97"/>
</B>
<B id="64" t="if" f="10" l="698" c="89">
<BEGIN l="698" c="91"/>
<END l="698" c="92"/>
<ELSE d="63"/>
</B>
<B id="65" t="routine" f="10" l="694" c="15">
<BEGIN l="697" c="0"/>
<END l="699" c="0"/>
<SUB d="64"/>
</B>
<B id="66" t="else" f="10" l="725" c="4">
<BEGIN l="726" c="4"/>
<END l="728" c="4"/>
</B>
<B id="67" t="if" f="10" l="718" c="4">
<BEGIN l="722" c="4"/>
<END l="724" c="4"/>
<ELSE d="66"/>
</B>
<B id="68" t="routine" f="10" l="711" c="15">
<BEGIN l="715" c="0"/>
<END l="732" c="0"/>
<SUB d="67"/>
</B>
<B id="69" t="ppcif" f="14" l="15" c="0">
<BEGIN l="15" c="27"/>
<END l="330" c="0"/>
</B>
<B id="70" t="ppcif" f="14" l="25" c="0">
<BEGIN l="25" c="19"/>
<END l="155" c="0"/>
</B>
<B id="71" t="ppcrmif" f="14" l="46" c="0">
<BEGIN l="46" c="93"/>
<END l="91" c="0"/>
</B>
<B id="72" t="ppcrmif" f="14" l="94" c="0">
<BEGIN l="94" c="91"/>
<END l="153" c="0"/>
</B>
<B id="73" t="ppcrmelse" f="14" l="155" c="0">
<BEGIN l="155" c="35"/>
<END l="328" c="0"/>
</B>
<B id="74" t="ppcif" f="15" l="11" c="0">
<BEGIN l="11" c="27"/>
<END l="36" c="0"/>
</B>
<B id="75" t="ppcrmif" f="15" l="14" c="0">
<BEGIN l="14" c="19"/>
<END l="29" c="0"/>
</B>
<B id="76" t="ppcelse" f="15" l="29" c="0">
<BEGIN l="29" c="5"/>
<END l="33" c="0"/>
</B>
<B id="77" t="ppcif" f="1" l="22" c="0">
<BEGIN l="22" c="17"/>
<END l="109" c="0"/>
</B>
<B id="78" t="ppcrmif" f="1" l="39" c="0">
<BEGIN l="39" c="66"/>
<END l="43" c="0"/>
</B>
<B id="79" t="ppcelse" f="1" l="43" c="0">
<BEGIN l="43" c="60"/>
<END l="47" c="0"/>
</B>
<B id="80" t="ppcrmif" f="1" l="52" c="0">
<BEGIN l="52" c="18"/>
<END l="58" c="0"/>
</B>
<B id="81" t="ppcrmif" f="1" l="62" c="0">
<BEGIN l="62" c="33"/>
<END l="80" c="0"/>
</B>
<B id="82" t="ppcelse" f="1" l="80" c="0">
<BEGIN l="80" c="31"/>
<END l="93" c="0"/>
</B>
<B id="83" t="ppcrmif" f="1" l="96" c="0">
<BEGIN l="96" c="14"/>
<END l="106" c="0"/>
</B>
<B id="84" t="ppcif" f="16" l="3" c="0">
<BEGIN l="3" c="29"/>
<END l="348" c="0"/>
</B>
<B id="85" t="ppcif" f="16" l="61" c="0">
<BEGIN l="63" c="27"/>
<END l="66" c="0"/>
</B>
<B id="86" t="ppcrmif" f="16" l="165" c="0">
<BEGIN l="165" c="17"/>
<END l="206" c="0"/>
</B>
<B id="87" t="ppcrmif" f="16" l="209" c="0">
<BEGIN l="209" c="37"/>
<END l="211" c="0"/>
</B>
<B id="88" t="ppcrmif" f="16" l="213" c="0">
<BEGIN l="213" c="44"/>
<END l="321" c="0"/>
</B>
<B id="89" t="ppcif" f="16" l="323" c="0">
<BEGIN l="323" c="18"/>
<END l="346" c="0"/>
</B>
<B id="90" t="ppcrmif" f="16" l="326" c="0">
<BEGIN l="326" c="18"/>
<END l="328" c="0"/>
</B>
<B id="91" t="ppcrmif" f="16" l="329" c="0">
<BEGIN l="329" c="63"/>
<END l="331" c="0"/>
</B>
<B id="92" t="ppcrmif" f="16" l="332" c="0">
<BEGIN l="332" c="64"/>
<END l="334" c="0"/>
</B>
<B id="93" t="ppcrmif" f="16" l="335" c="0">
<BEGIN l="335" c="16"/>
<END l="340" c="0"/>
</B>
<B id="94" t="ppcif" f="16" l="343" c="0">
<BEGIN l="343" c="57"/>
<END l="345" c="0"/>
</B>
<B id="95" t="type" f="5" l="50" c="7">
<BEGIN l="50" c="23"/>
<END l="57" c="0"/>
</B>
<B id="96" t="ppcif" f="5" l="24" c="0">
<BEGIN l="24" c="24"/>
<END l="266" c="0"/>
</B>
<B id="97" t="ppcrmif" f="5" l="27" c="0">
<BEGIN l="27" c="35"/>
<END l="29" c="0"/>
</B>
<B id="98" t="ppcif" f="5" l="31" c="0">
<BEGIN l="31" c="38"/>
<END l="33" c="0"/>
</B>
<B id="99" t="ppcrmif" f="5" l="35" c="0">
<BEGIN l="35" c="19"/>
<END l="38" c="0"/>
</B>
<B id="100" t="ppcrmif" f="5" l="262" c="0">
<BEGIN l="262" c="19"/>
<END l="264" c="0"/>
</B>
<B id="101" t="ppcif" f="17" l="24" c="0">
<BEGIN l="24" c="29"/>
<END l="135" c="0"/>
</B>
<B id="102" t="ppcrmif" f="17" l="27" c="0">
<BEGIN l="27" c="19"/>
<END l="30" c="0"/>
</B>
<B id="103" t="ppcif" f="17" l="38" c="0">
<BEGIN l="38" c="43"/>
<END l="40" c="0"/>
</B>
<B id="104" t="ppcif" f="17" l="42" c="0">
<BEGIN l="42" c="30"/>
<END l="44" c="0"/>
</B>
<B id="105" t="ppcif" f="17" l="46" c="0">
<BEGIN l="46" c="38"/>
<END l="48" c="0"/>
</B>
<B id="106" t="ppcif" f="17" l="50" c="0">
<BEGIN l="50" c="45"/>
<END l="52" c="0"/>
</B>
<B id="107" t="ppcif" f="17" l="54" c="0">
<BEGIN l="54" c="40"/>
<END l="56" c="0"/>
</B>
<B id="108" t="ppcif" f="17" l="58" c="0">
<BEGIN l="58" c="31"/>
<END l="60" c="0"/>
</B>
<B id="109" t="ppcif" f="17" l="62" c="0">
<BEGIN l="62" c="38"/>
<END l="64" c="0"/>
</B>
<B id="110" t="ppcif" f="17" l="66" c="0">
<BEGIN l="66" c="41"/>
<END l="68" c="0"/>
</B>
<B id="111" t="ppcif" f="17" l="70" c="0">
<BEGIN l="70" c="36"/>
<END l="72" c="0"/>
</B>
<B id="112" t="ppcif" f="17" l="74" c="0">
<BEGIN l="74" c="42"/>
<END l="76" c="0"/>
</B>
<B id="113" t="ppcif" f="17" l="78" c="0">
<BEGIN l="78" c="34"/>
<END l="80" c="0"/>
</B>
<B id="114" t="ppcif" f="17" l="82" c="0">
<BEGIN l="82" c="42"/>
<END l="84" c="0"/>
</B>
<B id="115" t="ppcif" f="17" l="86" c="0">
<BEGIN l="86" c="29"/>
<END l="88" c="0"/>
</B>
<B id="116" t="ppcif" f="17" l="90" c="0">
<BEGIN l="90" c="49"/>
<END l="92" c="0"/>
</B>
<B id="117" t="ppcif" f="17" l="94" c="0">
<BEGIN l="94" c="47"/>
<END l="96" c="0"/>
</B>
<B id="118" t="ppcif" f="17" l="98" c="0">
<BEGIN l="98" c="44"/>
<END l="100" c="0"/>
</B>
<B id="119" t="ppcif" f="17" l="102" c="0">
<BEGIN l="102" c="44"/>
<END l="104" c="0"/>
</B>
<B id="120" t="ppcif" f="17" l="106" c="0">
<BEGIN l="106" c="33"/>
<END l="108" c="0"/>
</B>
<B id="121" t="ppcif" f="17" l="110" c="0">
<BEGIN l="110" c="36"/>
<END l="112" c="0"/>
</B>
<B id="122" t="ppcif" f="17" l="114" c="0">
<BEGIN l="114" c="36"/>
<END l="116" c="0"/>
</B>
<B id="123" t="ppcif" f="17" l="118" c="0">
<BEGIN l="118" c="35"/>
<END l="120" c="0"/>
</B>
<B id="124" t="ppcif" f="17" l="122" c="0">
<BEGIN l="122" c="33"/>
<END l="124" c="0"/>
</B>
<B id="125" t="ppcif" f="17" l="126" c="0">
<BEGIN l="126" c="32"/>
<END l="128" c="0"/>
</B>
<B id="126" t="ppcrmif" f="17" l="131" c="0">
<BEGIN l="131" c="19"/>
<END l="133" c="0"/>
</B>
<B id="127" t="ppcif" f="4" l="24" c="0">
<BEGIN l="24" c="19"/>
<END l="54" c="0"/>
</B>
<B id="128" t="ppcif" f="18" l="25" c="0">
<BEGIN l="25" c="14"/>
<END l="96" c="0"/>
</B>
<B id="129" t="ppcrmif" f="18" l="41" c="0">
<BEGIN l="41" c="33"/>
<END l="43" c="0"/>
</B>
<B id="130" t="ppcrmif" f="18" l="45" c="0">
<BEGIN l="45" c="46"/>
<END l="47" c="0"/>
</B>
<B id="131" t="ppcrmif" f="18" l="49" c="0">
<BEGIN l="49" c="28"/>
<END l="51" c="0"/>
</B>
<B id="132" t="type" f="3" l="135" c="0">
<BEGIN l="135" c="0"/>
<END l="141" c="0"/>
</B>
<B id="133" t="ppcif" f="3" l="56" c="0">
<BEGIN l="56" c="19"/>
<END l="154" c="0"/>
</B>
<B id="134" t="ppcif" f="3" l="122" c="0">
<BEGIN l="122" c="26"/>
<END l="126" c="0"/>
</B>
<B id="135" t="ppcif" f="2" l="43" c="0">
<BEGIN l="43" c="24"/>
<END l="150" c="0"/>
</B>
<B id="136" t="ppcif" f="2" l="81" c="0">
<BEGIN l="81" c="13"/>
<END l="83" c="0"/>
</B>
<B id="137" t="ppcif" f="2" l="85" c="0">
<BEGIN l="85" c="14"/>
<END l="87" c="0"/>
</B>
<B id="138" t="ppcrmif" f="2" l="119" c="0">
<BEGIN l="119" c="46"/>
<END l="125" c="0"/>
</B>
<B id="139" t="ppcelse" f="2" l="125" c="0">
<BEGIN l="125" c="6"/>
<END l="129" c="0"/>
</B>
<B id="140" t="ppcrmif" f="2" l="131" c="0">
<BEGIN l="131" c="46"/>
<END l="137" c="0"/>
</B>
<B id="141" t="ppcelse" f="2" l="137" c="0">
<BEGIN l="137" c="6"/>
<END l="140" c="0"/>
</B>
<B id="142" t="ppcif" f="19" l="43" c="0">
<BEGIN l="43" c="18"/>
<END l="202" c="0"/>
</B>
<B id="143" t="ppcif" f="19" l="88" c="0">
<BEGIN l="88" c="17"/>
<END l="90" c="0"/>
</B>
<B id="144" t="ppcif" f="20" l="19" c="0">
<BEGIN l="19" c="22"/>
<END l="23" c="0"/>
</B>
<B id="145" t="ppcif" f="21" l="19" c="0">
<BEGIN l="19" c="26"/>
<END l="23" c="0"/>
</B>
<B id="146" t="ppcif" f="22" l="24" c="0">
<BEGIN l="24" c="31"/>
<END l="27" c="0"/>
</B>
<B id="147" t="ppcif" f="23" l="19" c="0">
<BEGIN l="19" c="16"/>
<END l="24" c="0"/>
</B>
<B id="148" t="ppcif" f="24" l="53" c="0">
<BEGIN l="53" c="31"/>
<END l="57" c="0"/>
</B>
<B id="149" t="ppcrmif" f="24" l="67" c="0">
<BEGIN l="67" c="44"/>
<END l="71" c="0"/>
</B>
<B id="150" t="ppcrmif" f="24" l="81" c="0">
<BEGIN l="81" c="49"/>
<END l="85" c="0"/>
</B>
<B id="151" t="ppcrmif" f="24" l="95" c="0">
<BEGIN l="95" c="47"/>
<END l="99" c="0"/>
</B>
<B id="152" t="ppcrmif" f="24" l="109" c="0">
<BEGIN l="109" c="52"/>
<END l="113" c="0"/>
</B>
<B id="153" t="ppcif" f="24" l="125" c="0">
<BEGIN l="125" c="30"/>
<END l="129" c="0"/>
</B>
<B id="154" t="ppcrmif" f="24" l="139" c="0">
<BEGIN l="139" c="43"/>
<END l="143" c="0"/>
</B>
<B id="155" t="ppcrmif" f="24" l="153" c="0">
<BEGIN l="153" c="48"/>
<END l="157" c="0"/>
</B>
<B id="156" t="ppcrmif" f="24" l="167" c="0">
<BEGIN l="167" c="46"/>
<END l="171" c="0"/>
</B>
<B id="157" t="ppcrmif" f="24" l="181" c="0">
<BEGIN l="181" c="51"/>
<END l="185" c="0"/>
</B>
<B id="158" t="ppcif" f="7" l="12" c="0">
<BEGIN l="12" c="19"/>
<END l="194" c="0"/>
</B>
<B id="159" t="ppcif" f="7" l="53" c="0">
<BEGIN l="53" c="32"/>
<END l="55" c="0"/>
</B>
<B id="160" t="ppcrmelse" f="7" l="55" c="0">
<BEGIN l="55" c="5"/>
<END l="57" c="0"/>
</B>
<B id="161" t="ppcif" f="7" l="60" c="0">
<BEGIN l="60" c="36"/>
<END l="62" c="0"/>
</B>
<B id="162" t="ppcrmelse" f="7" l="62" c="0">
<BEGIN l="62" c="5"/>
<END l="64" c="0"/>
</B>
<B id="163" t="ppcif" f="7" l="67" c="0">
<BEGIN l="67" c="40"/>
<END l="69" c="0"/>
</B>
<B id="164" t="ppcrmelse" f="7" l="69" c="0">
<BEGIN l="69" c="5"/>
<END l="71" c="0"/>
</B>
<B id="165" t="ppcif" f="7" l="74" c="0">
<BEGIN l="74" c="36"/>
<END l="76" c="0"/>
</B>
<B id="166" t="ppcrmelse" f="7" l="76" c="0">
<BEGIN l="76" c="5"/>
<END l="78" c="0"/>
</B>
<B id="167" t="ppcif" f="7" l="81" c="0">
<BEGIN l="81" c="41"/>
<END l="83" c="0"/>
</B>
<B id="168" t="ppcrmelse" f="7" l="83" c="0">
<BEGIN l="83" c="5"/>
<END l="85" c="0"/>
</B>
<B id="169" t="ppcif" f="7" l="88" c="0">
<BEGIN l="88" c="45"/>
<END l="90" c="0"/>
</B>
<B id="170" t="ppcrmelse" f="7" l="90" c="0">
<BEGIN l="90" c="5"/>
<END l="92" c="0"/>
</B>
<B id="171" t="ppcif" f="7" l="95" c="0">
<BEGIN l="95" c="35"/>
<END l="97" c="0"/>
</B>
<B id="172" t="ppcrmelse" f="7" l="97" c="0">
<BEGIN l="97" c="5"/>
<END l="99" c="0"/>
</B>
<B id="173" t="ppcif" f="7" l="105" c="0">
<BEGIN l="105" c="38"/>
<END l="107" c="0"/>
</B>
<B id="174" t="ppcrmelse" f="7" l="107" c="0">
<BEGIN l="107" c="5"/>
<END l="109" c="0"/>
</B>
<B id="175" t="ppcif" f="7" l="112" c="0">
<BEGIN l="112" c="27"/>
<END l="114" c="0"/>
</B>
<B id="176" t="ppcrmelse" f="7" l="114" c="0">
<BEGIN l="114" c="5"/>
<END l="116" c="0"/>
</B>
<B id="177" t="ppcif" f="7" l="119" c="0">
<BEGIN l="119" c="31"/>
<END l="121" c="0"/>
</B>
<B id="178" t="ppcrmelse" f="7" l="121" c="0">
<BEGIN l="121" c="5"/>
<END l="123" c="0"/>
</B>
<B id="179" t="ppcif" f="7" l="129" c="0">
<BEGIN l="129" c="63"/>
<END l="131" c="0"/>
</B>
<B id="180" t="ppcrmelse" f="7" l="131" c="0">
<BEGIN l="131" c="5"/>
<END l="133" c="0"/>
</B>
<B id="181" t="ppcif" f="7" l="136" c="0">
<BEGIN l="136" c="46"/>
<END l="138" c="0"/>
</B>
<B id="182" t="ppcrmelse" f="7" l="138" c="0">
<BEGIN l="138" c="5"/>
<END l="140" c="0"/>
</B>
<B id="183" t="ppcif" f="7" l="143" c="0">
<BEGIN l="143" c="42"/>
<END l="145" c="0"/>
</B>
<B id="184" t="ppcrmelse" f="7" l="145" c="0">
<BEGIN l="145" c="5"/>
<END l="147" c="0"/>
</B>
<B id="185" t="ppcif" f="7" l="150" c="0">
<BEGIN l="150" c="51"/>
<END l="152" c="0"/>
</B>
<B id="186" t="ppcrmelse" f="7" l="152" c="0">
<BEGIN l="152" c="5"/>
<END l="154" c="0"/>
</B>
<B id="187" t="ppcif" f="7" l="157" c="0">
<BEGIN l="157" c="49"/>
<END l="159" c="0"/>
</B>
<B id="188" t="ppcrmelse" f="7" l="159" c="0">
<BEGIN l="159" c="5"/>
<END l="161" c="0"/>
</B>
<B id="189" t="ppcif" f="7" l="167" c="0">
<BEGIN l="167" c="45"/>
<END l="169" c="0"/>
</B>
<B id="190" t="ppcrmelse" f="7" l="169" c="0">
<BEGIN l="169" c="5"/>
<END l="171" c="0"/>
</B>
<B id="191" t="ppcif" f="7" l="174" c="0">
<BEGIN l="174" c="27"/>
<END l="176" c="0"/>
</B>
<B id="192" t="ppcrmelse" f="7" l="176" c="0">
<BEGIN l="176" c="5"/>
<END l="178" c="0"/>
</B>
<B id="193" t="ppcif" f="7" l="181" c="0">
<BEGIN l="181" c="28"/>
<END l="183" c="0"/>
</B>
<B id="194" t="ppcrmelse" f="7" l="183" c="0">
<BEGIN l="183" c="5"/>
<END l="185" c="0"/>
</B>
<B id="195" t="if" f="9" l="24" c="4">
<BEGIN l="25" c="4"/>
<END l="27" c="4"/>
</B>
<B id="196" t="routine" f="9" l="22" c="17">
<BEGIN l="23" c="0"/>
<END l="30" c="0"/>
<SUB d="195"/>
</B>
<B id="197" t="ppcif" f="8" l="25" c="0">
<BEGIN l="25" c="18"/>
<END l="824" c="0"/>
</B>
<B id="198" t="routine" f="8" l="181" c="17">
<BEGIN l="184" c="0"/>
<END l="186" c="0"/>
</B>
<B id="199" t="routine" f="8" l="195" c="15">
<BEGIN l="196" c="0"/>
<END l="199" c="0"/>
</B>
<B id="200" t="routine" f="8" l="208" c="16">
<BEGIN l="209" c="0"/>
<END l="212" c="0"/>
</B>
<B id="201" t="else" f="8" l="224" c="40">
<BEGIN l="224" c="40"/>
<END l="224" c="63"/>
</B>
<B id="202" t="if" f="8" l="224" c="22">
<BEGIN l="224" c="24"/>
<END l="224" c="36"/>
<ELSE d="201"/>
</B>
<B id="203" t="routine" f="8" l="221" c="16">
<BEGIN l="222" c="0"/>
<END l="225" c="0"/>
<SUB d="202"/>
</B>
<B id="204" t="routine" f="8" l="234" c="17">
<BEGIN l="235" c="0"/>
<END l="237" c="0"/>
</B>
<B id="205" t="else" f="8" l="248" c="37">
<BEGIN l="248" c="37"/>
<END l="248" c="45"/>
</B>
<B id="206" t="if" f="8" l="248" c="22">
<BEGIN l="248" c="24"/>
<END l="248" c="32"/>
<ELSE d="205"/>
</B>
<B id="207" t="routine" f="8" l="246" c="15">
<BEGIN l="247" c="0"/>
<END l="249" c="0"/>
<SUB d="206"/>
</B>
<B id="208" t="else" f="8" l="260" c="37">
<BEGIN l="260" c="37"/>
<END l="260" c="45"/>
</B>
<B id="209" t="if" f="8" l="260" c="22">
<BEGIN l="260" c="24"/>
<END l="260" c="32"/>
<ELSE d="208"/>
</B>
<B id="210" t="routine" f="8" l="258" c="15">
<BEGIN l="259" c="0"/>
<END l="261" c="0"/>
<SUB d="209"/>
</B>
<B id="211" t="else" f="8" l="272" c="37">
<BEGIN l="272" c="37"/>
<END l="272" c="45"/>
</B>
<B id="212" t="if" f="8" l="272" c="22">
<BEGIN l="272" c="24"/>
<END l="272" c="32"/>
<ELSE d="211"/>
</B>
<B id="213" t="routine" f="8" l="270" c="15">
<BEGIN l="271" c="0"/>
<END l="273" c="0"/>
<SUB d="212"/>
</B>
<B id="214" t="else" f="8" l="284" c="40">
<BEGIN l="284" c="40"/>
<END l="284" c="48"/>
</B>
<B id="215" t="if" f="8" l="284" c="25">
<BEGIN l="284" c="27"/>
<END l="284" c="35"/>
<ELSE d="214"/>
</B>
<B id="216" t="routine" f="8" l="282" c="15">
<BEGIN l="283" c="0"/>
<END l="285" c="0"/>
<SUB d="215"/>
</B>
<B id="217" t="routine" f="8" l="294" c="15">
<BEGIN l="296" c="0"/>
<END l="298" c="0"/>
</B>
<B id="218" t="routine" f="8" l="307" c="15">
<BEGIN l="309" c="0"/>
<END l="311" c="0"/>
</B>
<B id="219" t="routine" f="8" l="320" c="16">
<BEGIN l="322" c="0"/>
<END l="324" c="0"/>
</B>
<B id="220" t="routine" f="8" l="333" c="16">
<BEGIN l="335" c="0"/>
<END l="337" c="0"/>
</B>
<B id="221" t="else" f="8" l="349" c="37">
<BEGIN l="349" c="37"/>
<END l="349" c="40"/>
</B>
<B id="222" t="if" f="8" l="349" c="28">
<BEGIN l="349" c="30"/>
<END l="349" c="33"/>
<ELSE d="221"/>
</B>
<B id="223" t="routine" f="8" l="346" c="16">
<BEGIN l="348" c="0"/>
<END l="350" c="0"/>
<SUB d="222"/>
</B>
<B id="224" t="else" f="8" l="362" c="37">
<BEGIN l="362" c="37"/>
<END l="362" c="40"/>
</B>
<B id="225" t="if" f="8" l="362" c="28">
<BEGIN l="362" c="30"/>
<END l="362" c="33"/>
<ELSE d="224"/>
</B>
<B id="226" t="routine" f="8" l="359" c="16">
<BEGIN l="361" c="0"/>
<END l="363" c="0"/>
<SUB d="225"/>
</B>
<B id="227" t="else" f="8" l="375" c="37">
<BEGIN l="375" c="37"/>
<END l="375" c="40"/>
</B>
<B id="228" t="if" f="8" l="375" c="28">
<BEGIN l="375" c="30"/>
<END l="375" c="33"/>
<ELSE d="227"/>
</B>
<B id="229" t="routine" f="8" l="372" c="17">
<BEGIN l="374" c="0"/>
<END l="376" c="0"/>
<SUB d="228"/>
</B>
<B id="230" t="routine" f="8" l="385" c="15">
<BEGIN l="387" c="0"/>
<END l="389" c="0"/>
</B>
<B id="231" t="routine" f="8" l="398" c="15">
<BEGIN l="400" c="0"/>
<END l="402" c="0"/>
</B>
<B id="232" t="routine" f="8" l="411" c="16">
<BEGIN l="413" c="0"/>
<END l="415" c="0"/>
</B>
<B id="233" t="routine" f="8" l="424" c="16">
<BEGIN l="426" c="0"/>
<END l="428" c="0"/>
</B>
<B id="234" t="else" f="8" l="440" c="37">
<BEGIN l="440" c="37"/>
<END l="440" c="40"/>
</B>
<B id="235" t="if" f="8" l="440" c="28">
<BEGIN l="440" c="30"/>
<END l="440" c="33"/>
<ELSE d="234"/>
</B>
<B id="236" t="routine" f="8" l="437" c="16">
<BEGIN l="439" c="0"/>
<END l="441" c="0"/>
<SUB d="235"/>
</B>
<B id="237" t="else" f="8" l="453" c="37">
<BEGIN l="453" c="37"/>
<END l="453" c="40"/>
</B>
<B id="238" t="if" f="8" l="453" c="28">
<BEGIN l="453" c="30"/>
<END l="453" c="33"/>
<ELSE d="237"/>
</B>
<B id="239" t="routine" f="8" l="450" c="16">
<BEGIN l="452" c="0"/>
<END l="454" c="0"/>
<SUB d="238"/>
</B>
<B id="240" t="else" f="8" l="466" c="37">
<BEGIN l="466" c="37"/>
<END l="466" c="40"/>
</B>
<B id="241" t="if" f="8" l="466" c="28">
<BEGIN l="466" c="30"/>
<END l="466" c="33"/>
<ELSE d="240"/>
</B>
<B id="242" t="routine" f="8" l="463" c="17">
<BEGIN l="465" c="0"/>
<END l="467" c="0"/>
<SUB d="241"/>
</B>
<B id="243" t="routine" f="8" l="477" c="15">
<BEGIN l="480" c="0"/>
<END l="482" c="0"/>
</B>
<B id="244" t="routine" f="8" l="491" c="15">
<BEGIN l="494" c="0"/>
<END l="496" c="0"/>
</B>
<B id="245" t="routine" f="8" l="505" c="16">
<BEGIN l="508" c="0"/>
<END l="510" c="0"/>
</B>
<B id="246" t="routine" f="8" l="519" c="16">
<BEGIN l="522" c="0"/>
<END l="524" c="0"/>
</B>
<B id="247" t="else" f="8" l="537" c="38">
<BEGIN l="537" c="38"/>
<END l="537" c="67"/>
</B>
<B id="248" t="if" f="8" l="537" c="28">
<BEGIN l="537" c="30"/>
<END l="537" c="34"/>
<ELSE d="247"/>
</B>
<B id="249" t="routine" f="8" l="533" c="16">
<BEGIN l="536" c="0"/>
<END l="538" c="0"/>
<SUB d="248"/>
</B>
<B id="250" t="else" f="8" l="551" c="38">
<BEGIN l="551" c="38"/>
<END l="551" c="67"/>
</B>
<B id="251" t="if" f="8" l="551" c="28">
<BEGIN l="551" c="30"/>
<END l="551" c="34"/>
<ELSE d="250"/>
</B>
<B id="252" t="routine" f="8" l="547" c="16">
<BEGIN l="550" c="0"/>
<END l="552" c="0"/>
<SUB d="251"/>
</B>
<B id="253" t="else" f="8" l="565" c="38">
<BEGIN l="565" c="38"/>
<END l="565" c="67"/>
</B>
<B id="254" t="if" f="8" l="565" c="28">
<BEGIN l="565" c="30"/>
<END l="565" c="34"/>
<ELSE d="253"/>
</B>
<B id="255" t="routine" f="8" l="561" c="17">
<BEGIN l="564" c="0"/>
<END l="566" c="0"/>
<SUB d="254"/>
</B>
<B id="256" t="routine" f="8" l="576" c="17">
<BEGIN l="578" c="0"/>
<END l="580" c="0"/>
</B>
<B id="257" t="routine" f="8" l="589" c="17">
<BEGIN l="590" c="0"/>
<END l="592" c="0"/>
</B>
<B id="258" t="routine" f="8" l="601" c="17">
<BEGIN l="602" c="0"/>
<END l="604" c="0"/>
</B>
<B id="259" t="routine" f="8" l="613" c="17">
<BEGIN l="614" c="0"/>
<END l="616" c="0"/>
</B>
<B id="260" t="routine" f="8" l="625" c="17">
<BEGIN l="626" c="0"/>
<END l="628" c="0"/>
</B>
<B id="261" t="routine" f="8" l="637" c="17">
<BEGIN l="639" c="0"/>
<END l="641" c="0"/>
</B>
<B id="262" t="case" f="8" l="756" c="16">
<BEGIN l="757" c="24"/>
<END l="759" c="29"/>
</B>
<B id="263" t="case" f="8" l="750" c="16">
<BEGIN l="751" c="24"/>
<END l="753" c="29"/>
</B>
<B id="264" t="case" f="8" l="745" c="16">
<BEGIN l="746" c="24"/>
<END l="748" c="29"/>
</B>
<B id="265" t="case" f="8" l="740" c="16">
<BEGIN l="741" c="24"/>
<END l="743" c="29"/>
</B>
<B id="266" t="case" f="8" l="735" c="16">
<BEGIN l="736" c="24"/>
<END l="738" c="29"/>
</B>
<B id="267" t="case" f="8" l="730" c="16">
<BEGIN l="731" c="24"/>
<END l="733" c="29"/>
</B>
<B id="268" t="case" f="8" l="725" c="16">
<BEGIN l="726" c="24"/>
<END l="728" c="29"/>
</B>
<B id="269" t="case" f="8" l="720" c="16">
<BEGIN l="721" c="24"/>
<END l="723" c="29"/>
</B>
<B id="270" t="case" f="8" l="715" c="16">
<BEGIN l="716" c="24"/>
<END l="718" c="29"/>
</B>
<B id="271" t="case" f="8" l="710" c="16">
<BEGIN l="711" c="24"/>
<END l="713" c="29"/>
</B>
<B id="272" t="case" f="8" l="705" c="16">
<BEGIN l="706" c="24"/>
<END l="708" c="29"/>
</B>
<B id="273" t="case" f="8" l="700" c="16">
<BEGIN l="701" c="24"/>
<END l="703" c="29"/>
</B>
<B id="274" t="case" f="8" l="695" c="16">
<BEGIN l="696" c="24"/>
<END l="698" c="29"/>
</B>
<B id="275" t="case" f="8" l="690" c="16">
<BEGIN l="691" c="24"/>
<END l="693" c="29"/>
</B>
<B id="276" t="case" f="8" l="685" c="16">
<BEGIN l="686" c="24"/>
<END l="688" c="29"/>
</B>
<B id="277" t="case" f="8" l="680" c="16">
<BEGIN l="681" c="24"/>
<END l="683" c="29"/>
</B>
<B id="278" t="switch" f="8" l="678" c="8">
<BEGIN l="679" c="8"/>
<END l="761" c="8"/>
<CASE d="262"/>
<CASE d="263"/>
<CASE d="264"/>
<CASE d="265"/>
<CASE d="266"/>
<CASE d="267"/>
<CASE d="268"/>
<CASE d="269"/>
<CASE d="270"/>
<CASE d="271"/>
<CASE d="272"/>
<CASE d="273"/>
<CASE d="274"/>
<CASE d="275"/>
<CASE d="276"/>
<CASE d="277"/>
</B>
<B id="279" t="else" f="8" l="667" c="65">
<BEGIN l="667" c="65"/>
<END l="667" c="90"/>
</B>
<B id="280" t="if" f="8" l="667" c="27">
<BEGIN l="667" c="31"/>
<END l="667" c="56"/>
<ELSE d="279"/>
</B>
<B id="281" t="routine" f="8" l="654" c="14">
<BEGIN l="657" c="0"/>
<END l="763" c="0"/>
<SUB d="278"/>
<SUB d="280"/>
</B>
<B id="282" t="if" f="8" l="806" c="8">
<BEGIN l="807" c="8"/>
<END l="809" c="8"/>
</B>
<B id="283" t="else" f="8" l="801" c="8">
<BEGIN l="802" c="8"/>
<END l="804" c="8"/>
</B>
<B id="284" t="if" f="8" l="796" c="8">
<BEGIN l="797" c="8"/>
<END l="800" c="8"/>
<ELSE d="283"/>
</B>
<B id="285" t="if" f="8" l="789" c="8">
<BEGIN l="790" c="8"/>
<END l="792" c="8"/>
</B>
<B id="286" t="routine" f="8" l="778" c="18">
<BEGIN l="779" c="0"/>
<END l="822" c="0"/>
<SUB d="282"/>
<SUB d="284"/>
<SUB d="285"/>
</B>
<B id="287" t="ppcif" f="6" l="13" c="0">
<BEGIN l="13" c="16"/>
<END l="823" c="0"/>
</B>
<B id="288" t="ppcrmif" f="6" l="14" c="0">
<BEGIN l="14" c="14"/>
<END l="16" c="0"/>
</B>
<B id="289" t="ppcif" f="6" l="18" c="0">
<BEGIN l="18" c="23"/>
<END l="819" c="0"/>
</B>
<B id="290" t="ppcrmif" f="6" l="20" c="0">
<BEGIN l="20" c="18"/>
<END l="22" c="0"/>
</B>
<B id="291" t="ppcrmif" f="6" l="26" c="0">
<BEGIN l="26" c="67"/>
<END l="28" c="0"/>
</B>
<B id="292" t="ppcrmelif" f="6" l="28" c="0">
<BEGIN l="28" c="5"/>
<END l="30" c="0"/>
</B>
<B id="293" t="ppcrmelif" f="6" l="30" c="0">
<BEGIN l="30" c="5"/>
<END l="33" c="0"/>
</B>
<B id="294" t="ppcrmelif" f="6" l="33" c="0">
<BEGIN l="33" c="5"/>
<END l="38" c="0"/>
</B>
<B id="295" t="ppcrmelse" f="6" l="38" c="0">
<BEGIN l="38" c="5"/>
<END l="40" c="0"/>
</B>
<B id="296" t="ppcrmif" f="6" l="42" c="0">
<BEGIN l="42" c="23"/>
<END l="44" c="0"/>
</B>
<B id="297" t="ppcrmelif" f="6" l="44" c="0">
<BEGIN l="44" c="5"/>
<END l="47" c="0"/>
</B>
<B id="298" t="ppcrmelif" f="6" l="47" c="0">
<BEGIN l="47" c="5"/>
<END l="50" c="0"/>
</B>
<B id="299" t="ppcrmelse" f="6" l="50" c="0">
<BEGIN l="50" c="5"/>
<END l="53" c="0"/>
</B>
<B id="300" t="ppcif" f="6" l="65" c="0">
<BEGIN l="65" c="20"/>
<END l="68" c="0"/>
</B>
<B id="301" t="ppcrmelse" f="6" l="68" c="0">
<BEGIN l="68" c="5"/>
<END l="76" c="0"/>
</B>
<B id="302" t="ppcrmif" f="6" l="78" c="0">
<BEGIN l="78" c="106"/>
<END l="82" c="0"/>
</B>
<B id="303" t="ppcelse" f="6" l="82" c="0">
<BEGIN l="82" c="5"/>
<END l="86" c="0"/>
</B>
<B id="304" t="ppcif" f="6" l="115" c="0">
<BEGIN l="116" c="51"/>
<END l="119" c="0"/>
</B>
<B id="305" t="ppcif" f="6" l="121" c="0">
<BEGIN l="121" c="68"/>
<END l="123" c="0"/>
</B>
<B id="306" t="ppcrmelse" f="6" l="123" c="0">
<BEGIN l="123" c="5"/>
<END l="126" c="0"/>
</B>
<B id="307" t="ppcrmif" f="6" l="128" c="0">
<BEGIN l="128" c="53"/>
<END l="131" c="0"/>
</B>
<B id="308" t="ppcrmif" f="6" l="133" c="0">
<BEGIN l="133" c="51"/>
<END l="135" c="0"/>
</B>
<B id="309" t="ppcif" f="6" l="137" c="0">
<BEGIN l="137" c="24"/>
<END l="265" c="0"/>
</B>
<B id="310" t="ppcif" f="6" l="138" c="0">
<BEGIN l="138" c="56"/>
<END l="140" c="0"/>
</B>
<B id="311" t="ppcrmif" f="6" l="171" c="0">
<BEGIN l="171" c="24"/>
<END l="173" c="0"/>
</B>
<B id="312" t="ppcrmif" f="6" l="188" c="0">
<BEGIN l="188" c="24"/>
<END l="190" c="0"/>
</B>
<B id="313" t="ppcif" f="6" l="196" c="0">
<BEGIN l="196" c="56"/>
<END l="263" c="0"/>
</B>
<B id="314" t="ppcrmif" f="6" l="217" c="0">
<BEGIN l="217" c="24"/>
<END l="219" c="0"/>
</B>
<B id="315" t="ppcrmif" f="6" l="260" c="0">
<BEGIN l="260" c="24"/>
<END l="262" c="0"/>
</B>
<B id="316" t="ppcrmif" f="6" l="268" c="0">
<BEGIN l="268" c="24"/>
<END l="270" c="0"/>
</B>
<B id="317" t="ppcrmif" f="6" l="284" c="0">
<BEGIN l="284" c="24"/>
<END l="286" c="0"/>
</B>
<B id="318" t="ppcif" f="6" l="291" c="0">
<BEGIN l="291" c="20"/>
<END l="750" c="0"/>
</B>
<B id="319" t="ppcif" f="6" l="292" c="0">
<BEGIN l="292" c="24"/>
<END l="307" c="0"/>
</B>
<B id="320" t="ppcrmif" f="6" l="310" c="0">
<BEGIN l="310" c="43"/>
<END l="317" c="0"/>
</B>
<B id="321" t="ppcelif" f="6" l="317" c="0">
<BEGIN l="317" c="5"/>
<END l="324" c="0"/>
</B>
<B id="322" t="ppcrmelif" f="6" l="324" c="0">
<BEGIN l="324" c="5"/>
<END l="337" c="0"/>
</B>
<B id="323" t="ppcrmelse" f="6" l="337" c="0">
<BEGIN l="337" c="5"/>
<END l="345" c="0"/>
</B>
<B id="324" t="ppcrmif" f="6" l="348" c="0">
<BEGIN l="348" c="43"/>
<END l="355" c="0"/>
</B>
<B id="325" t="ppcelif" f="6" l="355" c="0">
<BEGIN l="355" c="5"/>
<END l="364" c="0"/>
</B>
<B id="326" t="ppcrmelse" f="6" l="364" c="0">
<BEGIN l="364" c="5"/>
<END l="372" c="0"/>
</B>
<B id="327" t="ppcrmif" f="6" l="375" c="0">
<BEGIN l="375" c="23"/>
<END l="377" c="0"/>
</B>
<B id="328" t="ppcrmelif" f="6" l="377" c="0">
<BEGIN l="377" c="6"/>
<END l="379" c="0"/>
</B>
<B id="329" t="ppcrmelif" f="6" l="379" c="0">
<BEGIN l="379" c="6"/>
<END l="381" c="0"/>
</B>
<B id="330" t="ppcif" f="6" l="383" c="0">
<BEGIN l="383" c="64"/>
<END l="402" c="0"/>
</B>
<B id="331" t="ppcif" f="6" l="386" c="0">
<BEGIN l="386" c="24"/>
<END l="397" c="0"/>
</B>
<B id="332" t="ppcrmelse" f="6" l="402" c="0">
<BEGIN l="402" c="5"/>
<END l="682" c="0"/>
</B>
<B id="333" t="ppcif" f="6" l="685" c="0">
<BEGIN l="685" c="24"/>
<END l="698" c="0"/>
</B>
<B id="334" t="ppcif" f="6" l="695" c="0">
<BEGIN l="695" c="56"/>
<END l="697" c="0"/>
</B>
<B id="335" t="ppcrmif" f="6" l="708" c="0">
<BEGIN l="708" c="143"/>
<END l="716" c="0"/>
</B>
<B id="336" t="ppcif" f="6" l="740" c="0">
<BEGIN l="740" c="63"/>
<END l="743" c="0"/>
</B>
<B id="337" t="ppcrmif" f="6" l="752" c="0">
<BEGIN l="752" c="95"/>
<END l="772" c="0"/>
</B>
<B id="338" t="ppcrmif" f="6" l="774" c="0">
<BEGIN l="774" c="42"/>
<END l="776" c="0"/>
</B>
<B id="339" t="ppcrmif" f="6" l="778" c="0">
<BEGIN l="778" c="51"/>
<END l="780" c="0"/>
</B>
<B id="340" t="ppcrmif" f="6" l="782" c="0">
<BEGIN l="782" c="18"/>
<END l="816" c="0"/>
</B>
<B id="341" t="ppcrmif" f="6" l="820" c="0">
<BEGIN l="820" c="14"/>
<END l="822" c="0"/>
</B>
<B id="342" t="ppcif" f="25" l="21" c="0">
<BEGIN l="21" c="20"/>
<END l="76" c="0"/>
</B>
</Blocks>
</Navig>
