<?xml version="1.0" encoding="UTF-8"?>
<!--EDRS Version 1.0-->
<global>
   <file name="C:\\Component\\BMW_001A_ChkPt_Impl\\src\\CDD_ChkPtAppl8.c" comment="">
      <function name="ChkPt_10msAppl8End" comment="" line="91" main_generator_called="MAIN_GENERATOR" attributes="unused"/>
      <function name="ChkPt_10msAppl8Strt" comment="" line="126" main_generator_called="MAIN_GENERATOR" attributes="unused"/>
      <function name="ChkPt_2msAppl8End" comment="" line="161" main_generator_called="MAIN_GENERATOR" attributes="unused"/>
      <function name="ChkPt_2msAppl8Strt" comment="" line="196" main_generator_called="MAIN_GENERATOR" attributes="unused"/>
   </file>
   <file name="C:\\Component\\BMW_001A_ChkPt_Impl\\tools\\contract\\CDD_ChkPtAppl8\\Rte_CDD_ChkPtAppl8.h" comment="">
      <function name="Rte_Call_CDD_ChkPtAppl8_ChkPt_10ms_Appl8_End_CheckpointReached" comment="" line="71" main_generator_called="disabled" attributes="extern">
         <scalar name="return" comment="" line="71" base_type="uint8" complete_type="uint8" init_mode="PERMANENT" init_modes_allowed="4" init_range="min..max" global_assert="unsupported" assert_range="unsupported"/>
      </function>
      <function name="Rte_Call_CDD_ChkPtAppl8_ChkPt_10ms_Appl8_Strt_CheckpointReached" comment="" line="72" main_generator_called="disabled" attributes="extern">
         <scalar name="return" comment="" line="72" base_type="uint8" complete_type="uint8" init_mode="PERMANENT" init_modes_allowed="4" init_range="min..max" global_assert="unsupported" assert_range="unsupported"/>
      </function>
      <function name="Rte_Call_CDD_ChkPtAppl8_ChkPt_2ms_Appl8_End_CheckpointReached" comment="" line="73" main_generator_called="disabled" attributes="extern">
         <scalar name="return" comment="" line="73" base_type="uint8" complete_type="uint8" init_mode="PERMANENT" init_modes_allowed="4" init_range="min..max" global_assert="unsupported" assert_range="unsupported"/>
      </function>
      <function name="Rte_Call_CDD_ChkPtAppl8_ChkPt_2ms_Appl8_Strt_CheckpointReached" comment="" line="74" main_generator_called="disabled" attributes="extern">
         <scalar name="return" comment="" line="74" base_type="uint8" complete_type="uint8" init_mode="PERMANENT" init_modes_allowed="4" init_range="min..max" global_assert="unsupported" assert_range="unsupported"/>
      </function>
   </file>
</global>
