<?xml version="1.0" encoding="UTF-8"?>
<!--EDRS Version 1.0-->
<global>
   <file name="C:\\_S\\work\\ses_dev_ea4\\CF045A_BmwSplyCurrLim_Impl-z172399\\AR100A_NxtrMath_Impl\\include\\NxtrMath.h" comment="">
      <function name="Lim_f32" comment="" line="561" main_generator_called="MAIN_GENERATOR" attributes="static">
         <scalar name="arg1" comment="" line="561" base_type="float32" attributes="static" complete_type="float32" init_mode="MAIN_GENERATOR" init_modes_allowed="10" init_range="min..max" global_assert="unsupported" assert_range="unsupported"/>
         <scalar name="arg2" comment="" line="561" base_type="float32" attributes="static" complete_type="float32" init_mode="MAIN_GENERATOR" init_modes_allowed="10" init_range="min..max" global_assert="unsupported" assert_range="unsupported"/>
         <scalar name="arg3" comment="" line="561" base_type="float32" attributes="static" complete_type="float32" init_mode="MAIN_GENERATOR" init_modes_allowed="10" init_range="min..max" global_assert="unsupported" assert_range="unsupported"/>
         <scalar name="return" comment="" line="561" base_type="float32" attributes="static" complete_type="float32" init_mode="disabled" init_range="disabled" global_assert="unsupported" assert_range="unsupported"/>
      </function>
      <function name="Min_f32" comment="" line="372" main_generator_called="MAIN_GENERATOR" attributes="static">
         <scalar name="arg1" comment="" line="372" base_type="float32" attributes="static" complete_type="float32" init_mode="MAIN_GENERATOR" init_modes_allowed="10" init_range="min..max" global_assert="unsupported" assert_range="unsupported"/>
         <scalar name="arg2" comment="" line="372" base_type="float32" attributes="static" complete_type="float32" init_mode="MAIN_GENERATOR" init_modes_allowed="10" init_range="min..max" global_assert="unsupported" assert_range="unsupported"/>
         <scalar name="return" comment="" line="372" base_type="float32" attributes="static" complete_type="float32" init_mode="disabled" init_range="disabled" global_assert="unsupported" assert_range="unsupported"/>
      </function>
   </file>
   <file name="C:\\_S\\work\\ses_dev_ea4\\CF045A_BmwSplyCurrLim_Impl-z172399\\AR101A_NxtrIntrpn_Impl\\include\\NxtrIntrpn.h" comment="">
      <function name="LnrIntrpn_u16_u16VariXu16VariY" comment="" line="43" main_generator_called="disabled" attributes="extern">
         <pointer name="arg1" comment="" line="43" complete_type="const uint16 *" init_mode="disabled" initialize_pointer="disabled" number_allocated="disabled" init_pointed="disabled">
            <scalar comment="" line="43" base_type="uint16" attributes="const" complete_type="uint16" init_mode="disabled" init_range="disabled" global_assert="unsupported" assert_range="unsupported"/>
         </pointer>
         <pointer name="arg2" comment="" line="43" complete_type="const uint16 *" init_mode="disabled" initialize_pointer="disabled" number_allocated="disabled" init_pointed="disabled">
            <scalar comment="" line="43" base_type="uint16" attributes="const" complete_type="uint16" init_mode="disabled" init_range="disabled" global_assert="unsupported" assert_range="unsupported"/>
         </pointer>
         <scalar name="arg3" comment="" line="43" base_type="uint16" complete_type="uint16" init_mode="disabled" init_range="disabled" global_assert="unsupported" assert_range="unsupported"/>
         <scalar name="arg4" comment="" line="43" base_type="uint16" complete_type="uint16" init_mode="disabled" init_range="disabled" global_assert="unsupported" assert_range="unsupported"/>
         <scalar name="return" comment="" line="43" base_type="uint16" complete_type="uint16" init_mode="PERMANENT" init_modes_allowed="4" init_range="min..max" global_assert="unsupported" assert_range="unsupported"/>
      </function>
   </file>
   <file name="C:\\_S\\work\\ses_dev_ea4\\CF045A_BmwSplyCurrLim_Impl-z172399\\AR103A_NxtrFixdPt_Impl\\include\\NxtrFixdPt.h" comment="">
      <function name="FixdToFloat_f32_u16" comment="" line="331" main_generator_called="MAIN_GENERATOR" attributes="static">
         <scalar name="arg1" comment="" line="331" base_type="uint16" attributes="static" complete_type="uint16" init_mode="MAIN_GENERATOR" init_modes_allowed="10" init_range="min..max" global_assert="unsupported" assert_range="unsupported"/>
         <scalar name="arg2" comment="" line="331" base_type="float32" attributes="static" complete_type="float32" init_mode="MAIN_GENERATOR" init_modes_allowed="10" init_range="min..max" global_assert="unsupported" assert_range="unsupported"/>
         <scalar name="return" comment="" line="331" base_type="float32" attributes="static" complete_type="float32" init_mode="disabled" init_range="disabled" global_assert="unsupported" assert_range="unsupported"/>
      </function>
      <function name="FloatToFixd_u16_f32" comment="" line="275" main_generator_called="MAIN_GENERATOR" attributes="static">
         <scalar name="arg1" comment="" line="275" base_type="float32" attributes="static" complete_type="float32" init_mode="MAIN_GENERATOR" init_modes_allowed="10" init_range="min..max" global_assert="unsupported" assert_range="unsupported"/>
         <scalar name="arg2" comment="" line="275" base_type="float32" attributes="static" complete_type="float32" init_mode="MAIN_GENERATOR" init_modes_allowed="10" init_range="min..max" global_assert="unsupported" assert_range="unsupported"/>
         <scalar name="return" comment="" line="275" base_type="uint16" attributes="static" complete_type="uint16" init_mode="disabled" init_range="disabled" global_assert="unsupported" assert_range="unsupported"/>
      </function>
   </file>
   <file name="C:\\_S\\work\\ses_dev_ea4\\CF045A_BmwSplyCurrLim_Impl-z172399\\CF045A_BmwSplyCurrLim_Impl\\src\\BmwSplyCurrLim.c" comment="">
      <function name="BmwSplyCurrLimInit1" comment="" line="788" main_generator_called="MAIN_GENERATOR"/>
      <function name="BmwSplyCurrLimPer1" comment="" line="852" main_generator_called="MAIN_GENERATOR"/>
      <function name="VltgDptCurrLim" comment="" line="1074" main_generator_called="MAIN_GENERATOR" attributes="static">
         <scalar name="arg1" comment="" line="1074" base_type="uint8" attributes="static const" complete_type="uint8" init_mode="MAIN_GENERATOR" init_modes_allowed="10" init_range="min..max" global_assert="unsupported" assert_range="unsupported"/>
         <scalar name="arg2" comment="" line="1074" base_type="uint16" attributes="static const" complete_type="uint16" init_mode="MAIN_GENERATOR" init_modes_allowed="10" init_range="min..max" global_assert="unsupported" assert_range="unsupported"/>
         <scalar name="return" comment="" line="1074" base_type="float32" attributes="static" complete_type="float32" init_mode="disabled" init_range="disabled" global_assert="unsupported" assert_range="unsupported"/>
      </function>
   </file>
   <file name="C:\\_S\\work\\ses_dev_ea4\\CF045A_BmwSplyCurrLim_Impl-z172399\\CF045A_BmwSplyCurrLim_Impl\\tools\\local\\generate\\Rte_Stubs.c" comment="">
      <function name="Rte_Call_BmwSplyCurrLim_SetNtcSts_Oper" comment="" line="18" main_generator_called="MAIN_GENERATOR">
         <scalar name="arg1" comment="" line="18" base_type="uint16" complete_type="uint16" init_mode="MAIN_GENERATOR" init_modes_allowed="10" init_range="min..max" global_assert="unsupported" assert_range="unsupported"/>
         <scalar name="arg2" comment="" line="18" base_type="uint8" complete_type="uint8" init_mode="MAIN_GENERATOR" init_modes_allowed="10" init_range="min..max" global_assert="unsupported" assert_range="unsupported"/>
         <scalar name="arg3" comment="" line="18" base_type="uint8" complete_type="uint8" init_mode="MAIN_GENERATOR" init_modes_allowed="10" init_range="min..max" global_assert="unsupported" assert_range="unsupported"/>
         <scalar name="arg4" comment="" line="18" base_type="uint16" complete_type="uint16" init_mode="MAIN_GENERATOR" init_modes_allowed="10" init_range="min..max" global_assert="unsupported" assert_range="unsupported"/>
         <scalar name="return" comment="" line="18" base_type="uint8" complete_type="uint8" init_mode="disabled" init_range="disabled" global_assert="unsupported" assert_range="unsupported"/>
      </function>
      <function name="Rte_Stub" comment="" line="30" main_generator_called="MAIN_GENERATOR" attributes="unused"/>
   </file>
   <file name="C:\\_S\\work\\ses_dev_ea4\\CF045A_BmwSplyCurrLim_Impl-z172399\\CF045A_BmwSplyCurrLim_Impl\\tools\\local\\generate\\Rte_Stubs.h" comment="">
      <scalar name="BmwSplyCurrLim_Cal_BmwSplyCurrLimBmwMaxCurrLimMax" comment="" line="35" base_type="float32" attributes="extern const" complete_type="float32" init_mode="PERMANENT" init_modes_allowed="6" init_range="0..120" global_assert="NO" assert_range=""/>
      <scalar name="BmwSplyCurrLim_Cal_BmwSplyCurrLimBmwMaxCurrLimMin" comment="" line="36" base_type="float32" attributes="extern const" complete_type="float32" init_mode="PERMANENT" init_modes_allowed="6" init_range="0..120" global_assert="NO" assert_range=""/>
      <scalar name="BmwSplyCurrLim_Cal_BmwSplyCurrLimBmwMaxCurrLimrGrdt" comment="" line="37" base_type="float32" attributes="extern const" complete_type="float32" init_mode="PERMANENT" init_modes_allowed="6" init_range="0.001..200" global_assert="NO" assert_range=""/>
      <array name="BmwSplyCurrLim_Cal_BmwSplyCurrLimDegradedVltgMaxCurrX" comment="" line="38" complete_type="const uint16 [8]" attributes="extern">
         <scalar comment="" line="38" base_type="uint16" attributes="extern const" complete_type="uint16" init_mode="PERMANENT" init_modes_allowed="6" init_range="0..32768" global_assert="NO" assert_range=""/>
      </array>
      <array name="BmwSplyCurrLim_Cal_BmwSplyCurrLimDegradedVltgMaxCurrY" comment="" line="39" complete_type="const uint16 [8]" attributes="extern">
         <scalar comment="" line="39" base_type="uint16" attributes="extern const" complete_type="uint16" init_mode="PERMANENT" init_modes_allowed="6" init_range="0..30720" global_assert="NO" assert_range=""/>
      </array>
      <scalar name="BmwSplyCurrLim_Cal_BmwSplyCurrLimEpsCpbyOffs" comment="" line="40" base_type="float32" attributes="extern const" complete_type="float32" init_mode="PERMANENT" init_modes_allowed="6" init_range="0..120" global_assert="NO" assert_range=""/>
      <scalar name="BmwSplyCurrLim_Cal_BmwSplyCurrLimEpsMaxGrdt" comment="" line="41" base_type="float32" attributes="extern const" complete_type="float32" init_mode="PERMANENT" init_modes_allowed="6" init_range="200..50000" global_assert="NO" assert_range=""/>
      <scalar name="BmwSplyCurrLim_Cal_BmwSplyCurrLimEpsMinGrdt" comment="" line="42" base_type="float32" attributes="extern const" complete_type="float32" init_mode="PERMANENT" init_modes_allowed="6" init_range="200..50000" global_assert="NO" assert_range=""/>
      <scalar name="BmwSplyCurrLim_Cal_BmwSplyCurrLimMaxCurrLim" comment="" line="43" base_type="float32" attributes="extern const" complete_type="float32" init_mode="PERMANENT" init_modes_allowed="6" init_range="0..120" global_assert="NO" assert_range=""/>
      <array name="BmwSplyCurrLim_Cal_BmwSplyCurrLimNormVltgMaxCurrX" comment="" line="44" complete_type="const uint16 [8]" attributes="extern">
         <scalar comment="" line="44" base_type="uint16" attributes="extern const" complete_type="uint16" init_mode="PERMANENT" init_modes_allowed="6" init_range="0..32768" global_assert="NO" assert_range=""/>
      </array>
      <array name="BmwSplyCurrLim_Cal_BmwSplyCurrLimNormVltgMaxCurrY" comment="" line="45" complete_type="const uint16 [8]" attributes="extern">
         <scalar comment="" line="45" base_type="uint16" attributes="extern const" complete_type="uint16" init_mode="PERMANENT" init_modes_allowed="6" init_range="0..30720" global_assert="NO" assert_range=""/>
      </array>
      <scalar name="BmwSplyCurrLim_Cal_BmwSplyCurrLimRemCtrlPrkgLim" comment="" line="46" base_type="float32" attributes="extern const" complete_type="float32" init_mode="PERMANENT" init_modes_allowed="6" init_range="0..120" global_assert="NO" assert_range=""/>
      <array name="BmwSplyCurrLim_Cal_BmwSplyCurrLimVehSpdDptCurrLimX" comment="" line="47" complete_type="const uint16 [6]" attributes="extern">
         <scalar comment="" line="47" base_type="uint16" attributes="extern const" complete_type="uint16" init_mode="PERMANENT" init_modes_allowed="6" init_range="0..65408" global_assert="NO" assert_range=""/>
      </array>
      <array name="BmwSplyCurrLim_Cal_BmwSplyCurrLimVehSpdDptCurrLimY" comment="" line="48" complete_type="const uint16 [6]" attributes="extern">
         <scalar comment="" line="48" base_type="uint16" attributes="extern const" complete_type="uint16" init_mode="PERMANENT" init_modes_allowed="6" init_range="0..30720" global_assert="NO" assert_range=""/>
      </array>
      <array name="BmwSplyCurrLim_Cal_BmwSplyCurrLimVltgDptCurrGrdtDecX" comment="" line="49" complete_type="const uint16 [8]" attributes="extern">
         <scalar comment="" line="49" base_type="uint16" attributes="extern const" complete_type="uint16" init_mode="PERMANENT" init_modes_allowed="6" init_range="0..32768" global_assert="NO" assert_range=""/>
      </array>
      <array name="BmwSplyCurrLim_Cal_BmwSplyCurrLimVltgDptCurrGrdtDecY" comment="" line="50" complete_type="const uint16 [8]" attributes="extern">
         <scalar comment="" line="50" base_type="uint16" attributes="extern const" complete_type="uint16" init_mode="PERMANENT" init_modes_allowed="6" init_range="200..50000" global_assert="NO" assert_range=""/>
      </array>
      <array name="BmwSplyCurrLim_Cal_BmwSplyCurrLimVltgDptCurrGrdtIncX" comment="" line="51" complete_type="const uint16 [8]" attributes="extern">
         <scalar comment="" line="51" base_type="uint16" attributes="extern const" complete_type="uint16" init_mode="PERMANENT" init_modes_allowed="6" init_range="0..32768" global_assert="NO" assert_range=""/>
      </array>
      <array name="BmwSplyCurrLim_Cal_BmwSplyCurrLimVltgDptCurrGrdtIncY" comment="" line="52" complete_type="const uint16 [8]" attributes="extern">
         <scalar comment="" line="52" base_type="uint16" attributes="extern const" complete_type="uint16" init_mode="PERMANENT" init_modes_allowed="6" init_range="200..50000" global_assert="NO" assert_range=""/>
      </array>
      <scalar name="BmwSplyCurrLim_Cal_BmwSplyCurrLimVltgDptCurrLimFltThd" comment="" line="53" base_type="float32" attributes="extern const" complete_type="float32" init_mode="PERMANENT" init_modes_allowed="6" init_range="0..120" global_assert="NO" assert_range=""/>
      <scalar name="BmwSplyCurrLim_Cal_BmwSplyCurrLimVrntMaxCurr" comment="" line="54" base_type="float32" attributes="extern const" complete_type="float32" init_mode="PERMANENT" init_modes_allowed="6" init_range="0..120" global_assert="NO" assert_range=""/>
      <scalar name="BmwSplyCurrLim_Ip_BmwMaxCurrLimr" comment="" line="20" base_type="float32" attributes="extern" complete_type="float32" init_mode="PERMANENT" init_modes_allowed="6" init_range="0..252" global_assert="NO" assert_range=""/>
      <scalar name="BmwSplyCurrLim_Ip_BmwMaxCurrLimrSts" comment="" line="21" base_type="uint8" attributes="extern" complete_type="uint8" init_mode="PERMANENT" init_modes_allowed="6" init_range="min..max" global_assert="NO" assert_range=""/>
      <scalar name="BmwSplyCurrLim_Ip_BmwStrtStopLim" comment="" line="22" base_type="float32" attributes="extern" complete_type="float32" init_mode="PERMANENT" init_modes_allowed="6" init_range="0..120" global_assert="NO" assert_range=""/>
      <scalar name="BmwSplyCurrLim_Ip_BmwStrtStopMsgActv" comment="" line="23" base_type="uint8" attributes="extern" complete_type="uint8" init_mode="PERMANENT" init_modes_allowed="6" init_range="0..1" global_assert="NO" assert_range=""/>
      <scalar name="BmwSplyCurrLim_Ip_BrdgVltg" comment="" line="24" base_type="float32" attributes="extern" complete_type="float32" init_mode="PERMANENT" init_modes_allowed="6" init_range="6..26.5" global_assert="NO" assert_range=""/>
      <scalar name="BmwSplyCurrLim_Ip_MaxCurrAtHiSpd" comment="" line="25" base_type="float32" attributes="extern" complete_type="float32" init_mode="PERMANENT" init_modes_allowed="6" init_range="0..120" global_assert="NO" assert_range=""/>
      <scalar name="BmwSplyCurrLim_Ip_MaxCurrAtLoSpd" comment="" line="26" base_type="float32" attributes="extern" complete_type="float32" init_mode="PERMANENT" init_modes_allowed="6" init_range="0..120" global_assert="NO" assert_range=""/>
      <scalar name="BmwSplyCurrLim_Ip_RemCtrlPrkgEna" comment="" line="27" base_type="uint8" attributes="extern" complete_type="uint8" init_mode="PERMANENT" init_modes_allowed="6" init_range="0..1" global_assert="NO" assert_range=""/>
      <scalar name="BmwSplyCurrLim_Ip_SysMotTqCmdSca" comment="" line="28" base_type="float32" attributes="extern" complete_type="float32" init_mode="PERMANENT" init_modes_allowed="6" init_range="0..1" global_assert="NO" assert_range=""/>
      <scalar name="BmwSplyCurrLim_Ip_VehSpd" comment="" line="29" base_type="float32" attributes="extern" complete_type="float32" init_mode="PERMANENT" init_modes_allowed="6" init_range="0..511" global_assert="NO" assert_range=""/>
      <scalar name="BmwSplyCurrLim_Op_SplyCurrLim" comment="" line="32" base_type="float32" attributes="extern" complete_type="float32" init_mode="PERMANENT" init_modes_allowed="6" init_range="0..120" global_assert="NO" assert_range=""/>
      <scalar name="BmwSplyCurrLim_Pim_BmwMaxCurrLimGrdt" comment="" line="64" base_type="float32" attributes="extern" complete_type="float32" init_mode="PERMANENT" init_modes_allowed="6" init_range="0..120" global_assert="NO" assert_range=""/>
      <scalar name="BmwSplyCurrLim_Pim_SplyCurrLimGrdt" comment="" line="65" base_type="float32" attributes="extern" complete_type="float32" init_mode="PERMANENT" init_modes_allowed="6" init_range="0..120" global_assert="NO" assert_range=""/>
      <scalar name="BmwSplyCurrLim_Pim_VltgDptCurrLimGrdt" comment="" line="66" base_type="float32" attributes="extern" complete_type="float32" init_mode="PERMANENT" init_modes_allowed="6" init_range="0..120" global_assert="NO" assert_range=""/>
      <scalar name="BmwSplyCurrLim_Pim_dBmwSplyCurrLimBmwMaxCurrLim" comment="" line="57" base_type="float32" attributes="extern" complete_type="float32" init_mode="PERMANENT" init_modes_allowed="6" init_range="0..120" global_assert="NO" assert_range=""/>
      <scalar name="BmwSplyCurrLim_Pim_dBmwSplyCurrLimCurrLim" comment="" line="58" base_type="float32" attributes="extern" complete_type="float32" init_mode="PERMANENT" init_modes_allowed="6" init_range="0..120" global_assert="NO" assert_range=""/>
      <scalar name="BmwSplyCurrLim_Pim_dBmwSplyCurrLimCurrLimPrel" comment="" line="59" base_type="float32" attributes="extern" complete_type="float32" init_mode="PERMANENT" init_modes_allowed="6" init_range="0..120" global_assert="NO" assert_range=""/>
      <scalar name="BmwSplyCurrLim_Pim_dBmwSplyCurrLimGlbLim" comment="" line="60" base_type="float32" attributes="extern" complete_type="float32" init_mode="PERMANENT" init_modes_allowed="6" init_range="0..120" global_assert="NO" assert_range=""/>
      <scalar name="BmwSplyCurrLim_Pim_dBmwSplyCurrLimSplyCurrLim" comment="" line="61" base_type="float32" attributes="extern" complete_type="float32" init_mode="PERMANENT" init_modes_allowed="6" init_range="0..120" global_assert="NO" assert_range=""/>
      <scalar name="BmwSplyCurrLim_Pim_dBmwSplyCurrLimVehSpdDptCurrLim" comment="" line="62" base_type="float32" attributes="extern" complete_type="float32" init_mode="PERMANENT" init_modes_allowed="6" init_range="0..120" global_assert="NO" assert_range=""/>
      <scalar name="BmwSplyCurrLim_Pim_dBmwSplyCurrLimVltgDptCurrLim" comment="" line="63" base_type="float32" attributes="extern" complete_type="float32" init_mode="PERMANENT" init_modes_allowed="6" init_range="0..120" global_assert="NO" assert_range=""/>
      <scalar name="BmwSplyCurrLim_Srv_SetNtcSts_DebStep" comment="" line="72" base_type="uint16" attributes="extern" complete_type="uint16" init_mode="PERMANENT" init_modes_allowed="6" init_range="0..65535" global_assert="NO" assert_range=""/>
      <scalar name="BmwSplyCurrLim_Srv_SetNtcSts_NtcNr" comment="" line="69" base_type="uint16" attributes="extern" complete_type="uint16" init_mode="PERMANENT" init_modes_allowed="6" init_range="1..511" global_assert="NO" assert_range=""/>
      <scalar name="BmwSplyCurrLim_Srv_SetNtcSts_NtcStInfo" comment="" line="70" base_type="uint8" attributes="extern" complete_type="uint8" init_mode="PERMANENT" init_modes_allowed="6" init_range="0..255" global_assert="NO" assert_range=""/>
      <scalar name="BmwSplyCurrLim_Srv_SetNtcSts_NtcSts" comment="" line="71" base_type="uint8" attributes="extern" complete_type="uint8" init_mode="PERMANENT" init_modes_allowed="6" init_range="0..3" global_assert="NO" assert_range=""/>
      <scalar name="BmwSplyCurrLim_Srv_SetNtcSts_Return" comment="" line="73" base_type="uint8" attributes="extern" complete_type="uint8" init_mode="PERMANENT" init_modes_allowed="6" init_range="0..1" global_assert="NO" assert_range=""/>
   </file>
   <function name="atan2f" comment="" main_generator_called="MAIN_GENERATOR" non_applicable="1">
      <scalar name="return" comment="" init_mode="PERMANENT" init_range="-3.1412..3.1412" global_assert="NO" assert_range="min..max" non_applicable="1"/>
   </function>
   <function name="cosf" comment="" main_generator_called="MAIN_GENERATOR" non_applicable="1">
      <scalar name="return" comment="" init_mode="PERMANENT" init_range="-1..1" global_assert="NO" assert_range="min..max" non_applicable="1"/>
   </function>
   <function name="expf" comment="" main_generator_called="MAIN_GENERATOR" non_applicable="1">
      <scalar name="return" comment="" init_mode="PERMANENT" init_range="0..max" global_assert="NO" assert_range="min..max" non_applicable="1"/>
   </function>
   <function name="fmodf" comment="" main_generator_called="MAIN_GENERATOR" non_applicable="1">
      <scalar name="return" comment="" init_mode="PERMANENT" init_range="0..max" global_assert="NO" assert_range="min..max" non_applicable="1"/>
   </function>
   <function name="sinf" comment="" main_generator_called="MAIN_GENERATOR" non_applicable="1">
      <scalar name="return" comment="" init_mode="PERMANENT" init_range="-1..1" global_assert="NO" assert_range="min..max" non_applicable="1"/>
   </function>
   <function name="sqrtf" comment="" main_generator_called="MAIN_GENERATOR" non_applicable="1">
      <scalar name="return" comment="" init_mode="PERMANENT" init_range="0..max" global_assert="NO" assert_range="min..max" non_applicable="1"/>
   </function>
</global>
