<?xml version="1.0" encoding="UTF-8"?>

<MISRA-C-Report version="1.3">


<CodeStruct Name="" File="C:\Users\nz3541\Documents\SynergyWorkingEA4\SF103A_MotRefMdl_Impl\src\MotRefMdl.c" Line="0" Column="0">

<Rule Name="19.1" Mode="advisory" Report="warning" Id="2">
<Loc File="C:\Users\nz3541\Documents\SynergyWorkingEA4\SF103A_MotRefMdl_Impl\src\MotRefMdl.c" Line="349" Column="0">
</Loc>
<Message>
#include statements in a file shall only be preceded by other preprocessor directives or comments.
</Message>
</Rule>

<Rule Name="19.1" Mode="advisory" Report="warning" Id="3">
<Loc File="C:\Users\nz3541\Documents\SynergyWorkingEA4\SF103A_MotRefMdl_Impl\src\MotRefMdl.c" Line="776" Column="0">
</Loc>
<Message>
#include statements in a file shall only be preceded by other preprocessor directives or comments.
</Message>
</Rule>

<Rule Name="5.1" Mode="required" Report="warning" Id="4">
<Loc File="C:\Users\nz3541\Documents\SynergyWorkingEA4\SF103A_MotRefMdl_Impl\src\MotRefMdl.c" Line="1192" Column="27">
</Loc>
<Message>
Identifiers "MotAndThermProtnLoaMod_Cnt_T_u08" (MotRefMdl.c line 1192 column 27) and "MotAndThermProtnLoaMod_Cnt_T_u08" (MotRefMdl.c line 219 column 27) have the same first 32 characters.
</Message>
</Rule>

<Rule Name="5.1" Mode="required" Report="warning" Id="5">
<Loc File="C:\Users\nz3541\Documents\SynergyWorkingEA4\SF103A_MotRefMdl_Impl\src\MotRefMdl.c" Line="1231" Column="113">
</Loc>
<Message>
Identifiers "AbsltMotVelFiltLp_MotRadPerSec_T_u11p5" (MotRefMdl.c line 1231 column 113) and "AbsltMotVelFiltLp_MotRadPerSec_T_u11p5" (MotRefMdl.c line 225 column 113) have the same first 38 characters.
</Message>
</Rule>

</CodeStruct>

<CodeStruct Name="" File="C:\Users\nz3541\Documents\SynergyWorkingEA4\SF103A_MotRefMdl_Impl\include\MotRefMdl.h" Line="0" Column="0">

<Rule Name="5.1" Mode="required" Report="warning" Id="1">
<Loc File="C:\Users\nz3541\Documents\SynergyWorkingEA4\SF103A_MotRefMdl_Impl\include\MotRefMdl.h" Line="30" Column="8">
</Loc>
<Message>
Identifiers "MOTREFMDL_INVTERDEADTIBRDGVLTGSCALOLIM_ULS_F32" (MotRefMdl.h line 30 column 8) and "MOTREFMDL_INVTERDEADTIBRDGVLTGSCAHILIM_ULS_F32" (MotRefMdl.h line 29 column 8) have the same first 33 characters.
</Message>
</Rule>

</CodeStruct>

<CodeStruct Name="CalcMinMotCurr" File="C:\Users\nz3541\Documents\SynergyWorkingEA4\SF103A_MotRefMdl_Impl\src\MotRefMdl.c" Line="1050" Column="12">

<Rule Name="12.4" Mode="required" Report="warning" Id="6">
<Loc File="C:\Users\nz3541\Documents\SynergyWorkingEA4\SF103A_MotRefMdl_Impl\src\MotRefMdl.c" Line="1106" Column="154">
</Loc>
<Message>
The right hand operand of a logical &amp;&amp; or || operator shall not contain side effects.
</Message>
</Rule>

<Rule Name="21.1" Mode="required" Report="warning" Id="7">
<Loc File="C:\Users\nz3541\Documents\SynergyWorkingEA4\SF103A_MotRefMdl_Impl\src\MotRefMdl.c" Line="1111" Column="8">
</Loc>
<Message>
Minimisation of run-time failures.
</Message>
</Rule>

<Rule Name="21.1" Mode="required" Report="warning" Id="8">
<Loc File="C:\Users\nz3541\Documents\SynergyWorkingEA4\SF103A_MotRefMdl_Impl\src\MotRefMdl.c" Line="1118" Column="8">
</Loc>
<Message>
Minimisation of run-time failures.
</Message>
</Rule>

<Rule Name="21.1" Mode="required" Report="warning" Id="9">
<Loc File="C:\Users\nz3541\Documents\SynergyWorkingEA4\SF103A_MotRefMdl_Impl\src\MotRefMdl.c" Line="1121" Column="4">
</Loc>
<Message>
Minimisation of run-time failures.
</Message>
</Rule>

<Rule Name="21.1" Mode="required" Report="warning" Id="10">
<Loc File="C:\Users\nz3541\Documents\SynergyWorkingEA4\SF103A_MotRefMdl_Impl\src\MotRefMdl.c" Line="1123" Column="4">
</Loc>
<Message>
Minimisation of run-time failures.
</Message>
</Rule>

<Rule Name="21.1" Mode="required" Report="warning" Id="11">
<Loc File="C:\Users\nz3541\Documents\SynergyWorkingEA4\SF103A_MotRefMdl_Impl\src\MotRefMdl.c" Line="1124" Column="4">
</Loc>
<Message>
Minimisation of run-time failures.
</Message>
</Rule>

</CodeStruct>

<CodeStruct Name="MotRefMdlPer1" File="C:\Users\nz3541\Documents\SynergyWorkingEA4\SF103A_MotRefMdl_Impl\src\MotRefMdl.c" Line="445" Column="5">

<Rule Name="5.1" Mode="required" Report="warning" Id="12">
<Loc File="C:\Users\nz3541\Documents\SynergyWorkingEA4\SF103A_MotRefMdl_Impl\src\MotRefMdl.c" Line="493" Column="8">
</Loc>
<Message>
Identifiers "MotKeEstimd_VoltPerMotRadPerSec_f32" (MotRefMdl.c line 134 column 12) and "MotKeEstimd_VoltPerMotRadPerSec_T_f32" (MotRefMdl.c line 493 column 8) have the same first 32 characters.
</Message>
</Rule>

<Rule Name="5.1" Mode="required" Report="warning" Id="13">
<Loc File="C:\Users\nz3541\Documents\SynergyWorkingEA4\SF103A_MotRefMdl_Impl\src\MotRefMdl.c" Line="499" Column="8">
</Loc>
<Message>
Identifiers "AbsltMotVelFiltLp_MotRadPerSec_T_u11p5" (MotRefMdl.c line 225 column 113) and "AbsltMotVelFiltLp_MotRadPerSec_T_f32" (MotRefMdl.c line 499 column 8) have the same first 33 characters.
</Message>
</Rule>

<Rule Name="5.1" Mode="required" Report="warning" Id="14">
<Loc File="C:\Users\nz3541\Documents\SynergyWorkingEA4\SF103A_MotRefMdl_Impl\src\MotRefMdl.c" Line="500" Column="7">
</Loc>
<Message>
Identifiers "AbsltMotVelFiltLp_MotRadPerSec_T_u11p5" (MotRefMdl.c line 225 column 113) and "AbsltMotVelFiltLp_MotRadPerSec_T_u11p5" (MotRefMdl.c line 500 column 7) have the same first 38 characters.
Identifiers "AbsltMotVelFiltLp_MotRadPerSec_T_f32" (MotRefMdl.c line 499 column 8) and "AbsltMotVelFiltLp_MotRadPerSec_T_u11p5" (MotRefMdl.c line 500 column 7) have the same first 33 characters.
</Message>
</Rule>

<Rule Name="5.1" Mode="required" Report="warning" Id="15">
<Loc File="C:\Users\nz3541\Documents\SynergyWorkingEA4\SF103A_MotRefMdl_Impl\src\MotRefMdl.c" Line="504" Column="6">
</Loc>
<Message>
Identifiers "MotAndThermProtnLoaMod_Cnt_T_u08" (MotRefMdl.c line 219 column 27) and "MotAndThermProtnLoaMod_Cnt_T_u08" (MotRefMdl.c line 504 column 6) have the same first 32 characters.
</Message>
</Rule>

<Rule Name="9.1" Mode="required" Report="warning" Id="16">
<Loc File="C:\Users\nz3541\Documents\SynergyWorkingEA4\SF103A_MotRefMdl_Impl\src\MotRefMdl.c" Line="520" Column="30">
</Loc>
<Message>
All automatic variables shall have been assigned a value before being used.
</Message>
</Rule>

<Rule Name="9.1" Mode="required" Report="warning" Id="17">
<Loc File="C:\Users\nz3541\Documents\SynergyWorkingEA4\SF103A_MotRefMdl_Impl\src\MotRefMdl.c" Line="521" Column="38">
</Loc>
<Message>
All automatic variables shall have been assigned a value before being used.
</Message>
</Rule>

<Rule Name="9.1" Mode="required" Report="warning" Id="18">
<Loc File="C:\Users\nz3541\Documents\SynergyWorkingEA4\SF103A_MotRefMdl_Impl\src\MotRefMdl.c" Line="522" Column="38">
</Loc>
<Message>
All automatic variables shall have been assigned a value before being used.
</Message>
</Rule>

<Rule Name="9.1" Mode="required" Report="warning" Id="19">
<Loc File="C:\Users\nz3541\Documents\SynergyWorkingEA4\SF103A_MotRefMdl_Impl\src\MotRefMdl.c" Line="523" Column="29">
</Loc>
<Message>
All automatic variables shall have been assigned a value before being used.
</Message>
</Rule>

<Rule Name="9.1" Mode="required" Report="warning" Id="20">
<Loc File="C:\Users\nz3541\Documents\SynergyWorkingEA4\SF103A_MotRefMdl_Impl\src\MotRefMdl.c" Line="524" Column="46">
</Loc>
<Message>
All automatic variables shall have been assigned a value before being used.
</Message>
</Rule>

<Rule Name="9.1" Mode="required" Report="warning" Id="21">
<Loc File="C:\Users\nz3541\Documents\SynergyWorkingEA4\SF103A_MotRefMdl_Impl\src\MotRefMdl.c" Line="528" Column="59">
</Loc>
<Message>
All automatic variables shall have been assigned a value before being used.
</Message>
</Rule>

<Rule Name="21.1" Mode="required" Report="warning" Id="22">
<Loc File="C:\Users\nz3541\Documents\SynergyWorkingEA4\SF103A_MotRefMdl_Impl\src\MotRefMdl.c" Line="533" Column="0">
</Loc>
<Message>
Minimisation of run-time failures.
</Message>
</Rule>

<Rule Name="9.1" Mode="required" Report="warning" Id="23">
<Loc File="C:\Users\nz3541\Documents\SynergyWorkingEA4\SF103A_MotRefMdl_Impl\src\MotRefMdl.c" Line="538" Column="33">
</Loc>
<Message>
All automatic variables shall have been assigned a value before being used.
</Message>
</Rule>

<Rule Name="21.1" Mode="required" Report="warning" Id="24">
<Loc File="C:\Users\nz3541\Documents\SynergyWorkingEA4\SF103A_MotRefMdl_Impl\src\MotRefMdl.c" Line="547" Column="0">
</Loc>
<Message>
Minimisation of run-time failures.
</Message>
</Rule>

<Rule Name="21.1" Mode="required" Report="warning" Id="25">
<Loc File="C:\Users\nz3541\Documents\SynergyWorkingEA4\SF103A_MotRefMdl_Impl\src\MotRefMdl.c" Line="555" Column="0">
</Loc>
<Message>
Minimisation of run-time failures.
</Message>
</Rule>

<Rule Name="21.1" Mode="required" Report="warning" Id="26">
<Loc File="C:\Users\nz3541\Documents\SynergyWorkingEA4\SF103A_MotRefMdl_Impl\src\MotRefMdl.c" Line="556" Column="0">
</Loc>
<Message>
Minimisation of run-time failures.
</Message>
</Rule>

<Rule Name="21.1" Mode="required" Report="warning" Id="27">
<Loc File="C:\Users\nz3541\Documents\SynergyWorkingEA4\SF103A_MotRefMdl_Impl\src\MotRefMdl.c" Line="566" Column="95">
</Loc>
<Message>
Minimisation of run-time failures.
</Message>
</Rule>

<Rule Name="21.1" Mode="required" Report="warning" Id="28">
<Loc File="C:\Users\nz3541\Documents\SynergyWorkingEA4\SF103A_MotRefMdl_Impl\src\MotRefMdl.c" Line="577" Column="82">
</Loc>
<Message>
Minimisation of run-time failures.
</Message>
</Rule>

<Rule Name="21.1" Mode="required" Report="warning" Id="29">
<Loc File="C:\Users\nz3541\Documents\SynergyWorkingEA4\SF103A_MotRefMdl_Impl\src\MotRefMdl.c" Line="578" Column="0">
</Loc>
<Message>
Minimisation of run-time failures.
</Message>
</Rule>

<Rule Name="9.1" Mode="required" Report="warning" Id="30">
<Loc File="C:\Users\nz3541\Documents\SynergyWorkingEA4\SF103A_MotRefMdl_Impl\src\MotRefMdl.c" Line="585" Column="51">
</Loc>
<Message>
All automatic variables shall have been assigned a value before being used.
</Message>
</Rule>

<Rule Name="11.5" Mode="required" Report="warning" Id="31">
<Loc File="C:\Users\nz3541\Documents\SynergyWorkingEA4\SF103A_MotRefMdl_Impl\src\MotRefMdl.c" Line="603" Column="76">
</Loc>
<Message>
A cast shall not be performed that removes any const or volatile qualification
from the type addressed by a pointer.
</Message>
</Rule>

<Rule Name="11.5" Mode="required" Report="warning" Id="32">
<Loc File="C:\Users\nz3541\Documents\SynergyWorkingEA4\SF103A_MotRefMdl_Impl\src\MotRefMdl.c" Line="604" Column="114">
</Loc>
<Message>
A cast shall not be performed that removes any const or volatile qualification
from the type addressed by a pointer.
</Message>
</Rule>

<Rule Name="12.3" Mode="required" Report="warning" Id="33">
<Loc File="C:\Users\nz3541\Documents\SynergyWorkingEA4\SF103A_MotRefMdl_Impl\src\MotRefMdl.c" Line="605" Column="121">
</Loc>
<Message>
The sizeof operator should not be used on expressions that contain side effects.
</Message>
</Rule>

<Rule Name="11.5" Mode="required" Report="warning" Id="34">
<Loc File="C:\Users\nz3541\Documents\SynergyWorkingEA4\SF103A_MotRefMdl_Impl\src\MotRefMdl.c" Line="605" Column="130">
</Loc>
<Message>
A cast shall not be performed that removes any const or volatile qualification
from the type addressed by a pointer.
</Message>
</Rule>

<Rule Name="12.3" Mode="required" Report="warning" Id="35">
<Loc File="C:\Users\nz3541\Documents\SynergyWorkingEA4\SF103A_MotRefMdl_Impl\src\MotRefMdl.c" Line="605" Column="211">
</Loc>
<Message>
The sizeof operator should not be used on expressions that contain side effects.
</Message>
</Rule>

<Rule Name="11.5" Mode="required" Report="warning" Id="36">
<Loc File="C:\Users\nz3541\Documents\SynergyWorkingEA4\SF103A_MotRefMdl_Impl\src\MotRefMdl.c" Line="605" Column="221">
</Loc>
<Message>
A cast shall not be performed that removes any const or volatile qualification
from the type addressed by a pointer.
</Message>
</Rule>

<Rule Name="21.1" Mode="required" Report="warning" Id="37">
<Loc File="C:\Users\nz3541\Documents\SynergyWorkingEA4\SF103A_MotRefMdl_Impl\src\MotRefMdl.c" Line="633" Column="0">
</Loc>
<Message>
Minimisation of run-time failures.
</Message>
</Rule>

<Rule Name="9.1" Mode="required" Report="warning" Id="38">
<Loc File="C:\Users\nz3541\Documents\SynergyWorkingEA4\SF103A_MotRefMdl_Impl\src\MotRefMdl.c" Line="668" Column="27">
</Loc>
<Message>
All automatic variables shall have been assigned a value before being used.
</Message>
</Rule>

<Rule Name="21.1" Mode="required" Report="warning" Id="39">
<Loc File="C:\Users\nz3541\Documents\SynergyWorkingEA4\SF103A_MotRefMdl_Impl\src\MotRefMdl.c" Line="674" Column="0">
</Loc>
<Message>
Minimisation of run-time failures.
</Message>
</Rule>

<Rule Name="21.1" Mode="required" Report="warning" Id="40">
<Loc File="C:\Users\nz3541\Documents\SynergyWorkingEA4\SF103A_MotRefMdl_Impl\src\MotRefMdl.c" Line="675" Column="0">
</Loc>
<Message>
Minimisation of run-time failures.
</Message>
</Rule>

<Rule Name="9.1" Mode="required" Report="warning" Id="41">
<Loc File="C:\Users\nz3541\Documents\SynergyWorkingEA4\SF103A_MotRefMdl_Impl\src\MotRefMdl.c" Line="678" Column="9">
</Loc>
<Message>
All automatic variables shall have been assigned a value before being used.
</Message>
</Rule>

<Rule Name="21.1" Mode="required" Report="warning" Id="42">
<Loc File="C:\Users\nz3541\Documents\SynergyWorkingEA4\SF103A_MotRefMdl_Impl\src\MotRefMdl.c" Line="688" Column="64">
</Loc>
<Message>
Minimisation of run-time failures.
</Message>
</Rule>

<Rule Name="21.1" Mode="required" Report="warning" Id="43">
<Loc File="C:\Users\nz3541\Documents\SynergyWorkingEA4\SF103A_MotRefMdl_Impl\src\MotRefMdl.c" Line="688" Column="113">
</Loc>
<Message>
Minimisation of run-time failures.
</Message>
</Rule>

<Rule Name="21.1" Mode="required" Report="warning" Id="44">
<Loc File="C:\Users\nz3541\Documents\SynergyWorkingEA4\SF103A_MotRefMdl_Impl\src\MotRefMdl.c" Line="688" Column="236">
</Loc>
<Message>
Minimisation of run-time failures.
</Message>
</Rule>

<Rule Name="21.1" Mode="required" Report="warning" Id="45">
<Loc File="C:\Users\nz3541\Documents\SynergyWorkingEA4\SF103A_MotRefMdl_Impl\src\MotRefMdl.c" Line="690" Column="64">
</Loc>
<Message>
Minimisation of run-time failures.
</Message>
</Rule>

<Rule Name="21.1" Mode="required" Report="warning" Id="46">
<Loc File="C:\Users\nz3541\Documents\SynergyWorkingEA4\SF103A_MotRefMdl_Impl\src\MotRefMdl.c" Line="690" Column="113">
</Loc>
<Message>
Minimisation of run-time failures.
</Message>
</Rule>

<Rule Name="21.1" Mode="required" Report="warning" Id="47">
<Loc File="C:\Users\nz3541\Documents\SynergyWorkingEA4\SF103A_MotRefMdl_Impl\src\MotRefMdl.c" Line="690" Column="236">
</Loc>
<Message>
Minimisation of run-time failures.
</Message>
</Rule>

<Rule Name="21.1" Mode="required" Report="warning" Id="48">
<Loc File="C:\Users\nz3541\Documents\SynergyWorkingEA4\SF103A_MotRefMdl_Impl\src\MotRefMdl.c" Line="708" Column="0">
</Loc>
<Message>
Minimisation of run-time failures.
</Message>
</Rule>

<Rule Name="21.1" Mode="required" Report="warning" Id="49">
<Loc File="C:\Users\nz3541\Documents\SynergyWorkingEA4\SF103A_MotRefMdl_Impl\src\MotRefMdl.c" Line="709" Column="0">
</Loc>
<Message>
Minimisation of run-time failures.
</Message>
</Rule>

<Rule Name="12.4" Mode="required" Report="warning" Id="50">
<Loc File="C:\Users\nz3541\Documents\SynergyWorkingEA4\SF103A_MotRefMdl_Impl\src\MotRefMdl.c" Line="711" Column="123">
</Loc>
<Message>
The right hand operand of a logical &amp;&amp; or || operator shall not contain side effects.
</Message>
</Rule>

<Rule Name="9.1" Mode="required" Report="warning" Id="51">
<Loc File="C:\Users\nz3541\Documents\SynergyWorkingEA4\SF103A_MotRefMdl_Impl\src\MotRefMdl.c" Line="711" Column="134">
</Loc>
<Message>
All automatic variables shall have been assigned a value before being used.
</Message>
</Rule>

<Rule Name="21.1" Mode="required" Report="warning" Id="52">
<Loc File="C:\Users\nz3541\Documents\SynergyWorkingEA4\SF103A_MotRefMdl_Impl\src\MotRefMdl.c" Line="728" Column="0">
</Loc>
<Message>
Minimisation of run-time failures.
</Message>
</Rule>

<Rule Name="21.1" Mode="required" Report="warning" Id="53">
<Loc File="C:\Users\nz3541\Documents\SynergyWorkingEA4\SF103A_MotRefMdl_Impl\src\MotRefMdl.c" Line="729" Column="0">
</Loc>
<Message>
Minimisation of run-time failures.
</Message>
</Rule>

<Rule Name="21.1" Mode="required" Report="warning" Id="54">
<Loc File="C:\Users\nz3541\Documents\SynergyWorkingEA4\SF103A_MotRefMdl_Impl\src\MotRefMdl.c" Line="752" Column="162">
</Loc>
<Message>
Minimisation of run-time failures.
</Message>
</Rule>

<Rule Name="5.1" Mode="required" Report="warning" Id="55">
<Loc File="C:\Users\nz3541\Documents\SynergyWorkingEA4\SF103A_MotRefMdl_Impl\src\MotRefMdl.c" Line="1192" Column="27">
</Loc>
<Message>
Identifiers "MotAndThermProtnLoaMod_Cnt_T_u08" (MotRefMdl.c line 1192 column 27) and "MotAndThermProtnLoaMod_Cnt_T_u08" (MotRefMdl.c line 504 column 6) have the same first 32 characters.
</Message>
</Rule>

<Rule Name="5.1" Mode="required" Report="warning" Id="56">
<Loc File="C:\Users\nz3541\Documents\SynergyWorkingEA4\SF103A_MotRefMdl_Impl\src\MotRefMdl.c" Line="1231" Column="113">
</Loc>
<Message>
Identifiers "AbsltMotVelFiltLp_MotRadPerSec_T_u11p5" (MotRefMdl.c line 1231 column 113) and "AbsltMotVelFiltLp_MotRadPerSec_T_u11p5" (MotRefMdl.c line 500 column 7) have the same first 38 characters.
Identifiers "AbsltMotVelFiltLp_MotRadPerSec_T_u11p5" (MotRefMdl.c line 1231 column 113) and "AbsltMotVelFiltLp_MotRadPerSec_T_f32" (MotRefMdl.c line 499 column 8) have the same first 33 characters.
</Message>
</Rule>

</CodeStruct>

<CodeStruct Name="PrbcIntrpn" File="C:\Users\nz3541\Documents\SynergyWorkingEA4\SF103A_MotRefMdl_Impl\src\MotRefMdl.c" Line="1143" Column="15">

<Rule Name="21.1" Mode="required" Report="warning" Id="57">
<Loc File="C:\Users\nz3541\Documents\SynergyWorkingEA4\SF103A_MotRefMdl_Impl\src\MotRefMdl.c" Line="1171" Column="44">
</Loc>
<Message>
Minimisation of run-time failures.
</Message>
</Rule>

</CodeStruct>

<CodeStruct Name="CalcMaxTqPt" File="C:\Users\nz3541\Documents\SynergyWorkingEA4\SF103A_MotRefMdl_Impl\src\MotRefMdl.c" Line="907" Column="15">

<Rule Name="21.1" Mode="required" Report="warning" Id="58">
<Loc File="C:\Users\nz3541\Documents\SynergyWorkingEA4\SF103A_MotRefMdl_Impl\src\MotRefMdl.c" Line="933" Column="64">
</Loc>
<Message>
Minimisation of run-time failures.
</Message>
</Rule>

<Rule Name="12.12" Mode="required" Report="warning" Id="59">
<Loc File="C:\Users\nz3541\Documents\SynergyWorkingEA4\SF103A_MotRefMdl_Impl\src\MotRefMdl.c" Line="933" Column="82">
</Loc>
<Message>
The underlying bit representations of floating-point values shall not be used.
</Message>
</Rule>

<Rule Name="21.1" Mode="required" Report="warning" Id="60">
<Loc File="C:\Users\nz3541\Documents\SynergyWorkingEA4\SF103A_MotRefMdl_Impl\src\MotRefMdl.c" Line="933" Column="134">
</Loc>
<Message>
Minimisation of run-time failures.
</Message>
</Rule>

<Rule Name="12.12" Mode="required" Report="warning" Id="61">
<Loc File="C:\Users\nz3541\Documents\SynergyWorkingEA4\SF103A_MotRefMdl_Impl\src\MotRefMdl.c" Line="933" Column="152">
</Loc>
<Message>
The underlying bit representations of floating-point values shall not be used.
</Message>
</Rule>

<Rule Name="21.1" Mode="required" Report="warning" Id="62">
<Loc File="C:\Users\nz3541\Documents\SynergyWorkingEA4\SF103A_MotRefMdl_Impl\src\MotRefMdl.c" Line="946" Column="64">
</Loc>
<Message>
Minimisation of run-time failures.
</Message>
</Rule>

<Rule Name="12.12" Mode="required" Report="warning" Id="63">
<Loc File="C:\Users\nz3541\Documents\SynergyWorkingEA4\SF103A_MotRefMdl_Impl\src\MotRefMdl.c" Line="946" Column="82">
</Loc>
<Message>
The underlying bit representations of floating-point values shall not be used.
</Message>
</Rule>

<Rule Name="21.1" Mode="required" Report="warning" Id="64">
<Loc File="C:\Users\nz3541\Documents\SynergyWorkingEA4\SF103A_MotRefMdl_Impl\src\MotRefMdl.c" Line="946" Column="134">
</Loc>
<Message>
Minimisation of run-time failures.
</Message>
</Rule>

<Rule Name="12.12" Mode="required" Report="warning" Id="65">
<Loc File="C:\Users\nz3541\Documents\SynergyWorkingEA4\SF103A_MotRefMdl_Impl\src\MotRefMdl.c" Line="946" Column="152">
</Loc>
<Message>
The underlying bit representations of floating-point values shall not be used.
</Message>
</Rule>

<Rule Name="21.1" Mode="required" Report="warning" Id="66">
<Loc File="C:\Users\nz3541\Documents\SynergyWorkingEA4\SF103A_MotRefMdl_Impl\src\MotRefMdl.c" Line="957" Column="26">
</Loc>
<Message>
Minimisation of run-time failures.
</Message>
</Rule>

<Rule Name="11.5" Mode="required" Report="warning" Id="67">
<Loc File="C:\Users\nz3541\Documents\SynergyWorkingEA4\SF103A_MotRefMdl_Impl\src\MotRefMdl.c" Line="957" Column="100">
</Loc>
<Message>
A cast shall not be performed that removes any const or volatile qualification
from the type addressed by a pointer.
</Message>
</Rule>

<Rule Name="12.12" Mode="required" Report="warning" Id="68">
<Loc File="C:\Users\nz3541\Documents\SynergyWorkingEA4\SF103A_MotRefMdl_Impl\src\MotRefMdl.c" Line="957" Column="100">
</Loc>
<Message>
The underlying bit representations of floating-point values shall not be used.
</Message>
</Rule>

<Rule Name="21.1" Mode="required" Report="warning" Id="69">
<Loc File="C:\Users\nz3541\Documents\SynergyWorkingEA4\SF103A_MotRefMdl_Impl\src\MotRefMdl.c" Line="964" Column="30">
</Loc>
<Message>
Minimisation of run-time failures.
</Message>
</Rule>

<Rule Name="11.5" Mode="required" Report="warning" Id="70">
<Loc File="C:\Users\nz3541\Documents\SynergyWorkingEA4\SF103A_MotRefMdl_Impl\src\MotRefMdl.c" Line="964" Column="104">
</Loc>
<Message>
A cast shall not be performed that removes any const or volatile qualification
from the type addressed by a pointer.
</Message>
</Rule>

<Rule Name="12.12" Mode="required" Report="warning" Id="71">
<Loc File="C:\Users\nz3541\Documents\SynergyWorkingEA4\SF103A_MotRefMdl_Impl\src\MotRefMdl.c" Line="964" Column="104">
</Loc>
<Message>
The underlying bit representations of floating-point values shall not be used.
</Message>
</Rule>

<Rule Name="21.1" Mode="required" Report="warning" Id="72">
<Loc File="C:\Users\nz3541\Documents\SynergyWorkingEA4\SF103A_MotRefMdl_Impl\src\MotRefMdl.c" Line="973" Column="30">
</Loc>
<Message>
Minimisation of run-time failures.
</Message>
</Rule>

<Rule Name="11.5" Mode="required" Report="warning" Id="73">
<Loc File="C:\Users\nz3541\Documents\SynergyWorkingEA4\SF103A_MotRefMdl_Impl\src\MotRefMdl.c" Line="973" Column="104">
</Loc>
<Message>
A cast shall not be performed that removes any const or volatile qualification
from the type addressed by a pointer.
</Message>
</Rule>

<Rule Name="12.12" Mode="required" Report="warning" Id="74">
<Loc File="C:\Users\nz3541\Documents\SynergyWorkingEA4\SF103A_MotRefMdl_Impl\src\MotRefMdl.c" Line="973" Column="104">
</Loc>
<Message>
The underlying bit representations of floating-point values shall not be used.
</Message>
</Rule>

<Rule Name="21.1" Mode="required" Report="warning" Id="75">
<Loc File="C:\Users\nz3541\Documents\SynergyWorkingEA4\SF103A_MotRefMdl_Impl\src\MotRefMdl.c" Line="981" Column="30">
</Loc>
<Message>
Minimisation of run-time failures.
</Message>
</Rule>

<Rule Name="11.5" Mode="required" Report="warning" Id="76">
<Loc File="C:\Users\nz3541\Documents\SynergyWorkingEA4\SF103A_MotRefMdl_Impl\src\MotRefMdl.c" Line="981" Column="104">
</Loc>
<Message>
A cast shall not be performed that removes any const or volatile qualification
from the type addressed by a pointer.
</Message>
</Rule>

<Rule Name="12.12" Mode="required" Report="warning" Id="77">
<Loc File="C:\Users\nz3541\Documents\SynergyWorkingEA4\SF103A_MotRefMdl_Impl\src\MotRefMdl.c" Line="981" Column="104">
</Loc>
<Message>
The underlying bit representations of floating-point values shall not be used.
</Message>
</Rule>

<Rule Name="21.1" Mode="required" Report="warning" Id="78">
<Loc File="C:\Users\nz3541\Documents\SynergyWorkingEA4\SF103A_MotRefMdl_Impl\src\MotRefMdl.c" Line="983" Column="30">
</Loc>
<Message>
Minimisation of run-time failures.
</Message>
</Rule>

<Rule Name="11.5" Mode="required" Report="warning" Id="79">
<Loc File="C:\Users\nz3541\Documents\SynergyWorkingEA4\SF103A_MotRefMdl_Impl\src\MotRefMdl.c" Line="983" Column="104">
</Loc>
<Message>
A cast shall not be performed that removes any const or volatile qualification
from the type addressed by a pointer.
</Message>
</Rule>

<Rule Name="12.12" Mode="required" Report="warning" Id="80">
<Loc File="C:\Users\nz3541\Documents\SynergyWorkingEA4\SF103A_MotRefMdl_Impl\src\MotRefMdl.c" Line="983" Column="104">
</Loc>
<Message>
The underlying bit representations of floating-point values shall not be used.
</Message>
</Rule>

<Rule Name="12.4" Mode="required" Report="warning" Id="81">
<Loc File="C:\Users\nz3541\Documents\SynergyWorkingEA4\SF103A_MotRefMdl_Impl\src\MotRefMdl.c" Line="1009" Column="144">
</Loc>
<Message>
The right hand operand of a logical &amp;&amp; or || operator shall not contain side effects.
</Message>
</Rule>

<Rule Name="21.1" Mode="required" Report="warning" Id="82">
<Loc File="C:\Users\nz3541\Documents\SynergyWorkingEA4\SF103A_MotRefMdl_Impl\src\MotRefMdl.c" Line="1012" Column="4">
</Loc>
<Message>
Minimisation of run-time failures.
</Message>
</Rule>

<Rule Name="21.1" Mode="required" Report="warning" Id="83">
<Loc File="C:\Users\nz3541\Documents\SynergyWorkingEA4\SF103A_MotRefMdl_Impl\src\MotRefMdl.c" Line="1013" Column="4">
</Loc>
<Message>
Minimisation of run-time failures.
</Message>
</Rule>

<Rule Name="21.1" Mode="required" Report="warning" Id="84">
<Loc File="C:\Users\nz3541\Documents\SynergyWorkingEA4\SF103A_MotRefMdl_Impl\src\MotRefMdl.c" Line="1014" Column="4">
</Loc>
<Message>
Minimisation of run-time failures.
</Message>
</Rule>

<Rule Name="21.1" Mode="required" Report="warning" Id="85">
<Loc File="C:\Users\nz3541\Documents\SynergyWorkingEA4\SF103A_MotRefMdl_Impl\src\MotRefMdl.c" Line="1015" Column="4">
</Loc>
<Message>
Minimisation of run-time failures.
</Message>
</Rule>

<Rule Name="21.1" Mode="required" Report="warning" Id="86">
<Loc File="C:\Users\nz3541\Documents\SynergyWorkingEA4\SF103A_MotRefMdl_Impl\src\MotRefMdl.c" Line="1030" Column="4">
</Loc>
<Message>
Minimisation of run-time failures.
</Message>
</Rule>

</CodeStruct>

<CodeStruct Name="VltgSdlCalc" File="C:\Users\nz3541\Documents\SynergyWorkingEA4\SF103A_MotRefMdl_Impl\src\MotRefMdl.c" Line="1230" Column="15">

<Rule Name="11.5" Mode="required" Report="warning" Id="87">
<Loc File="C:\Users\nz3541\Documents\SynergyWorkingEA4\SF103A_MotRefMdl_Impl\src\MotRefMdl.c" Line="1238" Column="80">
</Loc>
<Message>
A cast shall not be performed that removes any const or volatile qualification
from the type addressed by a pointer.
</Message>
</Rule>

<Rule Name="11.5" Mode="required" Report="warning" Id="88">
<Loc File="C:\Users\nz3541\Documents\SynergyWorkingEA4\SF103A_MotRefMdl_Impl\src\MotRefMdl.c" Line="1239" Column="132">
</Loc>
<Message>
A cast shall not be performed that removes any const or volatile qualification
from the type addressed by a pointer.
</Message>
</Rule>

<Rule Name="12.3" Mode="required" Report="warning" Id="89">
<Loc File="C:\Users\nz3541\Documents\SynergyWorkingEA4\SF103A_MotRefMdl_Impl\src\MotRefMdl.c" Line="1240" Column="139">
</Loc>
<Message>
The sizeof operator should not be used on expressions that contain side effects.
</Message>
</Rule>

<Rule Name="11.5" Mode="required" Report="warning" Id="90">
<Loc File="C:\Users\nz3541\Documents\SynergyWorkingEA4\SF103A_MotRefMdl_Impl\src\MotRefMdl.c" Line="1240" Column="148">
</Loc>
<Message>
A cast shall not be performed that removes any const or volatile qualification
from the type addressed by a pointer.
</Message>
</Rule>

<Rule Name="12.3" Mode="required" Report="warning" Id="91">
<Loc File="C:\Users\nz3541\Documents\SynergyWorkingEA4\SF103A_MotRefMdl_Impl\src\MotRefMdl.c" Line="1240" Column="225">
</Loc>
<Message>
The sizeof operator should not be used on expressions that contain side effects.
</Message>
</Rule>

<Rule Name="11.5" Mode="required" Report="warning" Id="92">
<Loc File="C:\Users\nz3541\Documents\SynergyWorkingEA4\SF103A_MotRefMdl_Impl\src\MotRefMdl.c" Line="1240" Column="235">
</Loc>
<Message>
A cast shall not be performed that removes any const or volatile qualification
from the type addressed by a pointer.
</Message>
</Rule>

<Rule Name="11.5" Mode="required" Report="warning" Id="93">
<Loc File="C:\Users\nz3541\Documents\SynergyWorkingEA4\SF103A_MotRefMdl_Impl\src\MotRefMdl.c" Line="1247" Column="81">
</Loc>
<Message>
A cast shall not be performed that removes any const or volatile qualification
from the type addressed by a pointer.
</Message>
</Rule>

<Rule Name="11.5" Mode="required" Report="warning" Id="94">
<Loc File="C:\Users\nz3541\Documents\SynergyWorkingEA4\SF103A_MotRefMdl_Impl\src\MotRefMdl.c" Line="1248" Column="133">
</Loc>
<Message>
A cast shall not be performed that removes any const or volatile qualification
from the type addressed by a pointer.
</Message>
</Rule>

<Rule Name="12.3" Mode="required" Report="warning" Id="95">
<Loc File="C:\Users\nz3541\Documents\SynergyWorkingEA4\SF103A_MotRefMdl_Impl\src\MotRefMdl.c" Line="1249" Column="140">
</Loc>
<Message>
The sizeof operator should not be used on expressions that contain side effects.
</Message>
</Rule>

<Rule Name="11.5" Mode="required" Report="warning" Id="96">
<Loc File="C:\Users\nz3541\Documents\SynergyWorkingEA4\SF103A_MotRefMdl_Impl\src\MotRefMdl.c" Line="1249" Column="149">
</Loc>
<Message>
A cast shall not be performed that removes any const or volatile qualification
from the type addressed by a pointer.
</Message>
</Rule>

<Rule Name="12.3" Mode="required" Report="warning" Id="97">
<Loc File="C:\Users\nz3541\Documents\SynergyWorkingEA4\SF103A_MotRefMdl_Impl\src\MotRefMdl.c" Line="1249" Column="226">
</Loc>
<Message>
The sizeof operator should not be used on expressions that contain side effects.
</Message>
</Rule>

<Rule Name="11.5" Mode="required" Report="warning" Id="98">
<Loc File="C:\Users\nz3541\Documents\SynergyWorkingEA4\SF103A_MotRefMdl_Impl\src\MotRefMdl.c" Line="1249" Column="236">
</Loc>
<Message>
A cast shall not be performed that removes any const or volatile qualification
from the type addressed by a pointer.
</Message>
</Rule>

</CodeStruct>

<CodeStruct Name="MotRefMdlInit1" File="C:\Users\nz3541\Documents\SynergyWorkingEA4\SF103A_MotRefMdl_Impl\src\MotRefMdl.c" Line="370" Column="5">

<Rule Name="21.1" Mode="required" Report="warning" Id="99">
<Loc File="C:\Users\nz3541\Documents\SynergyWorkingEA4\SF103A_MotRefMdl_Impl\src\MotRefMdl.c" Line="378" Column="99">
</Loc>
<Message>
Minimisation of run-time failures.
</Message>
</Rule>

<Rule Name="12.3" Mode="required" Report="warning" Id="100">
<Loc File="C:\Users\nz3541\Documents\SynergyWorkingEA4\SF103A_MotRefMdl_Impl\src\MotRefMdl.c" Line="380" Column="53">
</Loc>
<Message>
The sizeof operator should not be used on expressions that contain side effects.
</Message>
</Rule>

<Rule Name="11.5" Mode="required" Report="warning" Id="101">
<Loc File="C:\Users\nz3541\Documents\SynergyWorkingEA4\SF103A_MotRefMdl_Impl\src\MotRefMdl.c" Line="380" Column="135">
</Loc>
<Message>
A cast shall not be performed that removes any const or volatile qualification
from the type addressed by a pointer.
</Message>
</Rule>

<Rule Name="12.12" Mode="required" Report="warning" Id="102">
<Loc File="C:\Users\nz3541\Documents\SynergyWorkingEA4\SF103A_MotRefMdl_Impl\src\MotRefMdl.c" Line="380" Column="135">
</Loc>
<Message>
The underlying bit representations of floating-point values shall not be used.
</Message>
</Rule>

<Rule Name="12.3" Mode="required" Report="warning" Id="103">
<Loc File="C:\Users\nz3541\Documents\SynergyWorkingEA4\SF103A_MotRefMdl_Impl\src\MotRefMdl.c" Line="380" Column="140">
</Loc>
<Message>
The sizeof operator should not be used on expressions that contain side effects.
</Message>
</Rule>

<Rule Name="11.5" Mode="required" Report="warning" Id="104">
<Loc File="C:\Users\nz3541\Documents\SynergyWorkingEA4\SF103A_MotRefMdl_Impl\src\MotRefMdl.c" Line="380" Column="223">
</Loc>
<Message>
A cast shall not be performed that removes any const or volatile qualification
from the type addressed by a pointer.
</Message>
</Rule>

<Rule Name="12.12" Mode="required" Report="warning" Id="105">
<Loc File="C:\Users\nz3541\Documents\SynergyWorkingEA4\SF103A_MotRefMdl_Impl\src\MotRefMdl.c" Line="380" Column="223">
</Loc>
<Message>
The underlying bit representations of floating-point values shall not be used.
</Message>
</Rule>

<Rule Name="21.1" Mode="required" Report="warning" Id="106">
<Loc File="C:\Users\nz3541\Documents\SynergyWorkingEA4\SF103A_MotRefMdl_Impl\src\MotRefMdl.c" Line="382" Column="13">
</Loc>
<Message>
Minimisation of run-time failures.
</Message>
</Rule>

<Rule Name="12.12" Mode="required" Report="warning" Id="107">
<Loc File="C:\Users\nz3541\Documents\SynergyWorkingEA4\SF103A_MotRefMdl_Impl\src\MotRefMdl.c" Line="382" Column="31">
</Loc>
<Message>
The underlying bit representations of floating-point values shall not be used.
</Message>
</Rule>

<Rule Name="21.1" Mode="required" Report="warning" Id="108">
<Loc File="C:\Users\nz3541\Documents\SynergyWorkingEA4\SF103A_MotRefMdl_Impl\src\MotRefMdl.c" Line="382" Column="93">
</Loc>
<Message>
Minimisation of run-time failures.
</Message>
</Rule>

<Rule Name="11.5" Mode="required" Report="warning" Id="109">
<Loc File="C:\Users\nz3541\Documents\SynergyWorkingEA4\SF103A_MotRefMdl_Impl\src\MotRefMdl.c" Line="382" Column="167">
</Loc>
<Message>
A cast shall not be performed that removes any const or volatile qualification
from the type addressed by a pointer.
</Message>
</Rule>

<Rule Name="12.12" Mode="required" Report="warning" Id="110">
<Loc File="C:\Users\nz3541\Documents\SynergyWorkingEA4\SF103A_MotRefMdl_Impl\src\MotRefMdl.c" Line="382" Column="167">
</Loc>
<Message>
The underlying bit representations of floating-point values shall not be used.
</Message>
</Rule>

<Rule Name="21.1" Mode="required" Report="warning" Id="111">
<Loc File="C:\Users\nz3541\Documents\SynergyWorkingEA4\SF103A_MotRefMdl_Impl\src\MotRefMdl.c" Line="383" Column="13">
</Loc>
<Message>
Minimisation of run-time failures.
</Message>
</Rule>

<Rule Name="12.12" Mode="required" Report="warning" Id="112">
<Loc File="C:\Users\nz3541\Documents\SynergyWorkingEA4\SF103A_MotRefMdl_Impl\src\MotRefMdl.c" Line="383" Column="31">
</Loc>
<Message>
The underlying bit representations of floating-point values shall not be used.
</Message>
</Rule>

<Rule Name="21.1" Mode="required" Report="warning" Id="113">
<Loc File="C:\Users\nz3541\Documents\SynergyWorkingEA4\SF103A_MotRefMdl_Impl\src\MotRefMdl.c" Line="383" Column="93">
</Loc>
<Message>
Minimisation of run-time failures.
</Message>
</Rule>

<Rule Name="11.5" Mode="required" Report="warning" Id="114">
<Loc File="C:\Users\nz3541\Documents\SynergyWorkingEA4\SF103A_MotRefMdl_Impl\src\MotRefMdl.c" Line="383" Column="167">
</Loc>
<Message>
A cast shall not be performed that removes any const or volatile qualification
from the type addressed by a pointer.
</Message>
</Rule>

<Rule Name="12.12" Mode="required" Report="warning" Id="115">
<Loc File="C:\Users\nz3541\Documents\SynergyWorkingEA4\SF103A_MotRefMdl_Impl\src\MotRefMdl.c" Line="383" Column="167">
</Loc>
<Message>
The underlying bit representations of floating-point values shall not be used.
</Message>
</Rule>

</CodeStruct>

<CodeStruct Name="CalcIq" File="C:\Users\nz3541\Documents\SynergyWorkingEA4\SF103A_MotRefMdl_Impl\src\MotRefMdl.c" Line="820" Column="15">

<Rule Name="21.1" Mode="required" Report="warning" Id="116">
<Loc File="C:\Users\nz3541\Documents\SynergyWorkingEA4\SF103A_MotRefMdl_Impl\src\MotRefMdl.c" Line="824" Column="50">
</Loc>
<Message>
Minimisation of run-time failures.
</Message>
</Rule>

</CodeStruct>

</MISRA-C-Report>
