<?xml version="1.0" encoding="UTF-8"?>
<!--EDRS Version 1.0-->
<global>
   <file name="C:\\Users\\nz2999\\Documents\\Synergy\\ccm_wa\\ses_dev_ea4\\DF001A_FltInj_Impl-nz2999\\AR100A_NxtrMath_Impl\\include\\NxtrMath.h" comment="">
      <function name="Abslt_f32_f32" comment="" line="233" main_generator_called="MAIN_GENERATOR" attributes="static">
         <scalar name="arg1" comment="" line="233" base_type="float32" attributes="static" complete_type="float32" init_mode="MAIN_GENERATOR" init_modes_allowed="10" init_range="min..max" global_assert="unsupported" assert_range="unsupported"/>
         <scalar name="return" comment="" line="233" base_type="float32" attributes="static" complete_type="float32" init_mode="disabled" init_range="disabled" global_assert="unsupported" assert_range="unsupported"/>
      </function>
      <function name="Lim_f32" comment="" line="560" main_generator_called="MAIN_GENERATOR" attributes="static">
         <scalar name="arg1" comment="" line="560" base_type="float32" attributes="static" complete_type="float32" init_mode="MAIN_GENERATOR" init_modes_allowed="10" init_range="min..max" global_assert="unsupported" assert_range="unsupported"/>
         <scalar name="arg2" comment="" line="560" base_type="float32" attributes="static" complete_type="float32" init_mode="MAIN_GENERATOR" init_modes_allowed="10" init_range="min..max" global_assert="unsupported" assert_range="unsupported"/>
         <scalar name="arg3" comment="" line="560" base_type="float32" attributes="static" complete_type="float32" init_mode="MAIN_GENERATOR" init_modes_allowed="10" init_range="min..max" global_assert="unsupported" assert_range="unsupported"/>
         <scalar name="return" comment="" line="560" base_type="float32" attributes="static" complete_type="float32" init_mode="disabled" init_range="disabled" global_assert="unsupported" assert_range="unsupported"/>
      </function>
      <function name="Sin_f32" comment="" line="588" main_generator_called="MAIN_GENERATOR" attributes="static">
         <scalar name="arg1" comment="" line="588" base_type="float32" attributes="static" complete_type="float32" init_mode="MAIN_GENERATOR" init_modes_allowed="10" init_range="min..max" global_assert="unsupported" assert_range="unsupported"/>
         <scalar name="return" comment="" line="588" base_type="float32" attributes="static" complete_type="float32" init_mode="disabled" init_range="disabled" global_assert="unsupported" assert_range="unsupported"/>
      </function>
   </file>
   <file name="C:\\Users\\nz2999\\Documents\\Synergy\\ccm_wa\\ses_dev_ea4\\DF001A_FltInj_Impl-nz2999\\AR103A_NxtrFixdPt_Impl\\include\\NxtrFixdPt.h" comment="">
      <function name="FixdToFloat_f32_u32" comment="" line="345" main_generator_called="MAIN_GENERATOR" attributes="static">
         <scalar name="arg1" comment="" line="345" base_type="uint32" attributes="static" complete_type="uint32" init_mode="MAIN_GENERATOR" init_modes_allowed="10" init_range="min..max" global_assert="unsupported" assert_range="unsupported"/>
         <scalar name="arg2" comment="" line="345" base_type="float32" attributes="static" complete_type="float32" init_mode="MAIN_GENERATOR" init_modes_allowed="10" init_range="min..max" global_assert="unsupported" assert_range="unsupported"/>
         <scalar name="return" comment="" line="345" base_type="float32" attributes="static" complete_type="float32" init_mode="disabled" init_range="disabled" global_assert="unsupported" assert_range="unsupported"/>
      </function>
   </file>
   <file name="C:\\Users\\nz2999\\Documents\\Synergy\\ccm_wa\\ses_dev_ea4\\DF001A_FltInj_Impl-nz2999\\DF001A_FltInj_Impl\\src\\FltInj.c" comment="">
      <scalar name="FltInjFltEna_M" comment="" line="120" base_type="uint8" attributes="static" complete_type="uint8" init_mode="MAIN_GENERATOR" init_modes_allowed="15" init_range="min..max" global_assert="NO" assert_range=""/>
      <scalar name="FltInjPahGain_M" comment="" line="118" base_type="float32" attributes="static" complete_type="float32" init_mode="MAIN_GENERATOR" init_modes_allowed="15" init_range="min..max" global_assert="NO" assert_range=""/>
      <scalar name="FltInjPahOffs_M" comment="" line="119" base_type="float32" attributes="static" complete_type="float32" init_mode="MAIN_GENERATOR" init_modes_allowed="15" init_range="min..max" global_assert="NO" assert_range=""/>
      <function name="FltInjPer1" comment="" line="189" main_generator_called="MAIN_GENERATOR"/>
      <struct name="FltInjUsrPrm_M" comment="" line="117" attributes="volatile static">
         <scalar name="FltDurn" comment="" line="117" base_type="float32" attributes="volatile static" complete_type="float32" init_mode="PERMANENT" init_modes_allowed="4" init_range="min..max" global_assert="disabled" assert_range="disabled"/>
         <scalar name="FltGain" comment="" line="117" base_type="float32" attributes="volatile static" complete_type="float32" init_mode="PERMANENT" init_modes_allowed="4" init_range="min..max" global_assert="disabled" assert_range="disabled"/>
         <scalar name="FltInjEna" comment="" line="117" base_type="uint8" attributes="volatile static" complete_type="uint8" init_mode="PERMANENT" init_modes_allowed="4" init_range="min..max" global_assert="disabled" assert_range="disabled"/>
         <scalar name="FltLocn" comment="" line="117" base_type="uint16" attributes="volatile static" complete_type="uint16" init_mode="PERMANENT" init_modes_allowed="4" init_range="min..max" global_assert="disabled" assert_range="disabled"/>
         <scalar name="FltOffs" comment="" line="117" base_type="float32" attributes="volatile static" complete_type="float32" init_mode="PERMANENT" init_modes_allowed="4" init_range="min..max" global_assert="disabled" assert_range="disabled"/>
         <scalar name="HwVelThd" comment="" line="117" base_type="float32" attributes="volatile static" complete_type="float32" init_mode="PERMANENT" init_modes_allowed="4" init_range="min..max" global_assert="disabled" assert_range="disabled"/>
         <scalar name="LoglFlt" comment="" line="117" base_type="uint8" attributes="volatile static" complete_type="uint8" init_mode="PERMANENT" init_modes_allowed="4" init_range="min..max" global_assert="disabled" assert_range="disabled"/>
         <scalar name="SinAmp" comment="" line="117" base_type="float32" attributes="volatile static" complete_type="float32" init_mode="PERMANENT" init_modes_allowed="4" init_range="min..max" global_assert="disabled" assert_range="disabled"/>
         <scalar name="SinFrq" comment="" line="117" base_type="float32" attributes="volatile static" complete_type="float32" init_mode="PERMANENT" init_modes_allowed="4" init_range="min..max" global_assert="disabled" assert_range="disabled"/>
      </struct>
      <function name="FltInj_f32_Oper" comment="" line="293" main_generator_called="MAIN_GENERATOR" attributes="unused">
         <pointer name="arg1" comment="" line="293" complete_type="float32 *" init_mode="MAIN_GENERATOR" init_modes_allowed="10" initialize_pointer="May-be NULL" number_allocated="max" init_pointed="MAIN_GENERATOR">
            <scalar comment="" line="293" base_type="float32" complete_type="float32" init_mode="MAIN_GENERATOR" init_modes_allowed="10" init_range="min..max" global_assert="unsupported" assert_range="unsupported"/>
         </pointer>
         <scalar name="arg2" comment="" line="293" base_type="uint16" complete_type="uint16" init_mode="MAIN_GENERATOR" init_modes_allowed="10" init_range="min..max" global_assert="unsupported" assert_range="unsupported"/>
      </function>
      <function name="FltInj_logl_Oper" comment="" line="342" main_generator_called="MAIN_GENERATOR" attributes="unused">
         <pointer name="arg1" comment="" line="342" complete_type="uint8 *" init_mode="MAIN_GENERATOR" init_modes_allowed="10" initialize_pointer="May-be NULL" number_allocated="max" init_pointed="MAIN_GENERATOR">
            <scalar comment="" line="342" base_type="uint8" complete_type="uint8" init_mode="MAIN_GENERATOR" init_modes_allowed="10" init_range="min..max" global_assert="unsupported" assert_range="unsupported"/>
         </pointer>
         <scalar name="arg2" comment="" line="342" base_type="uint16" complete_type="uint16" init_mode="MAIN_GENERATOR" init_modes_allowed="10" init_range="min..max" global_assert="unsupported" assert_range="unsupported"/>
      </function>
      <function name="FltInj_u08_Oper" comment="" line="392" main_generator_called="MAIN_GENERATOR" attributes="unused">
         <pointer name="arg1" comment="" line="392" complete_type="uint8 *" init_mode="MAIN_GENERATOR" init_modes_allowed="10" initialize_pointer="May-be NULL" number_allocated="max" init_pointed="MAIN_GENERATOR">
            <scalar comment="" line="392" base_type="uint8" complete_type="uint8" init_mode="MAIN_GENERATOR" init_modes_allowed="10" init_range="min..max" global_assert="unsupported" assert_range="unsupported"/>
         </pointer>
         <scalar name="arg2" comment="" line="392" base_type="uint16" complete_type="uint16" init_mode="MAIN_GENERATOR" init_modes_allowed="10" init_range="min..max" global_assert="unsupported" assert_range="unsupported"/>
      </function>
      <function name="FltInj_u0p16_Oper" comment="" line="443" main_generator_called="MAIN_GENERATOR" attributes="unused">
         <pointer name="arg1" comment="" line="443" complete_type="uint16 *" init_mode="MAIN_GENERATOR" init_modes_allowed="10" initialize_pointer="May-be NULL" number_allocated="max" init_pointed="MAIN_GENERATOR">
            <scalar comment="" line="443" base_type="uint16" complete_type="uint16" init_mode="MAIN_GENERATOR" init_modes_allowed="10" init_range="min..max" global_assert="unsupported" assert_range="unsupported"/>
         </pointer>
         <scalar name="arg2" comment="" line="443" base_type="uint16" complete_type="uint16" init_mode="MAIN_GENERATOR" init_modes_allowed="10" init_range="min..max" global_assert="unsupported" assert_range="unsupported"/>
      </function>
   </file>
   <file name="C:\\Users\\nz2999\\Documents\\Synergy\\ccm_wa\\ses_dev_ea4\\DF001A_FltInj_Impl-nz2999\\DF001A_FltInj_Impl\\tools\\local\\generate\\Rte_Stubs.c" comment="">
      <function name="Rte_Call_FltInj_GetRefTmr100MicroSec32bit_Oper" comment="" line="18" main_generator_called="MAIN_GENERATOR">
         <pointer name="arg1" comment="" line="18" complete_type="uint32 *" init_mode="MAIN_GENERATOR" init_modes_allowed="10" initialize_pointer="May-be NULL" number_allocated="max" init_pointed="MAIN_GENERATOR">
            <scalar comment="" line="18" base_type="uint32" complete_type="uint32" init_mode="MAIN_GENERATOR" init_modes_allowed="10" init_range="min..max" global_assert="unsupported" assert_range="unsupported"/>
         </pointer>
         <scalar name="return" comment="" line="18" base_type="uint8" complete_type="uint8" init_mode="disabled" init_range="disabled" global_assert="unsupported" assert_range="unsupported"/>
      </function>
      <function name="Rte_Call_FltInj_GetTiSpan100MicroSec32bit_Oper" comment="" line="24" main_generator_called="MAIN_GENERATOR">
         <scalar name="arg1" comment="" line="24" base_type="uint32" complete_type="uint32" init_mode="MAIN_GENERATOR" init_modes_allowed="10" init_range="min..max" global_assert="unsupported" assert_range="unsupported"/>
         <pointer name="arg2" comment="" line="24" complete_type="uint32 *" init_mode="MAIN_GENERATOR" init_modes_allowed="10" initialize_pointer="May-be NULL" number_allocated="max" init_pointed="MAIN_GENERATOR">
            <scalar comment="" line="24" base_type="uint32" complete_type="uint32" init_mode="MAIN_GENERATOR" init_modes_allowed="10" init_range="min..max" global_assert="unsupported" assert_range="unsupported"/>
         </pointer>
         <scalar name="return" comment="" line="24" base_type="uint8" complete_type="uint8" init_mode="disabled" init_range="disabled" global_assert="unsupported" assert_range="unsupported"/>
      </function>
      <function name="Rte_Stub" comment="" line="34" main_generator_called="MAIN_GENERATOR" attributes="unused"/>
   </file>
   <file name="C:\\Users\\nz2999\\Documents\\Synergy\\ccm_wa\\ses_dev_ea4\\DF001A_FltInj_Impl-nz2999\\DF001A_FltInj_Impl\\tools\\local\\generate\\Rte_Stubs.h" comment="">
      <scalar name="FltInj_Ip_HwVel" comment="" line="20" base_type="float32" attributes="extern" complete_type="float32" init_mode="PERMANENT" init_modes_allowed="6" init_range="-42..42" global_assert="NO" assert_range=""/>
      <scalar name="FltInj_Srv_GetRefTmr100MicroSec32bit_RefTmr" comment="" line="23" base_type="uint32" attributes="extern" complete_type="uint32" init_mode="PERMANENT" init_modes_allowed="6" init_range="0..4294967295" global_assert="NO" assert_range=""/>
      <scalar name="FltInj_Srv_GetTiSpan100MicroSec32bit_RefTmr" comment="" line="24" base_type="uint32" attributes="extern" complete_type="uint32" init_mode="PERMANENT" init_modes_allowed="6" init_range="0..4294967295" global_assert="NO" assert_range=""/>
      <scalar name="FltInj_Srv_GetTiSpan100MicroSec32bit_TiSpan" comment="" line="25" base_type="uint32" attributes="extern" complete_type="uint32" init_mode="PERMANENT" init_modes_allowed="6" init_range="0..4294967295" global_assert="NO" assert_range=""/>
   </file>
   <file name="C:\\Users\\nz2999\\Documents\\Synergy\\ccm_wa\\ses_dev_ea4\\DF001A_FltInj_Impl-nz2999\\DF001A_FltInj_Impl\\tools\\local\\generate\\math_stubs.h" comment="">
      <function name="fabsf" comment="" line="22" main_generator_called="MAIN_GENERATOR" attributes="static">
         <scalar name="arg1" comment="" line="22" base_type="float32" attributes="static" complete_type="float32" init_mode="MAIN_GENERATOR" init_modes_allowed="10" init_range="min..max" global_assert="unsupported" assert_range="unsupported"/>
         <scalar name="return" comment="" line="22" base_type="float32" attributes="static" complete_type="float32" init_mode="disabled" init_range="disabled" global_assert="unsupported" assert_range="unsupported"/>
      </function>
   </file>
   <file name="C:\\Users\\nz2999\\Documents\\Synergy\\ccm_wa\\ses_dev_ea4\\DF001A_FltInj_Impl-nz2999\\TL103A_CplrSuprt\\include\\2013.5.5\\ansi\\math.h" comment="">
      <function name="sinf" comment="" line="726" main_generator_called="disabled" attributes="extern">
         <scalar name="arg1" comment="" line="726" base_type="float32" complete_type="float32" init_mode="disabled" init_range="disabled" global_assert="unsupported" assert_range="unsupported"/>
         <scalar name="return" comment="" line="726" base_type="float32" complete_type="float32" init_mode="PERMANENT" init_modes_allowed="4" init_range="-1..1" global_assert="unsupported" assert_range="unsupported"/>
      </function>
   </file>
   <scalar name="FltInj_Irv_FltInjPahGain" comment="" init_mode="PERMANENT" init_range="-1000..1000" global_assert="NO" assert_range="min..max" non_applicable="1"/>
   <scalar name="FltInj_Irv_FltInjPahOffs" comment="" init_mode="PERMANENT" init_range="-1000..1000" global_assert="NO" assert_range="min..max" non_applicable="1"/>
   <scalar name="FltInj_Pim_FltInjFltEna" comment="" init_mode="PERMANENT" init_range="0..1" global_assert="NO" assert_range="min..max" non_applicable="1"/>
   <scalar name="FltInj_Pim_FltInjRefTmr" comment="" init_mode="PERMANENT" init_range="0..4294967295" global_assert="NO" assert_range="min..max" non_applicable="1"/>
   <struct name="FltInj_Pim_FltInjUsrPrm" comment="" non_applicable="1">
      <scalar name="FltDurn" comment="" init_mode="PERMANENT" init_range="0..10000" global_assert="NO" assert_range="min..max" non_applicable="1"/>
      <scalar name="FltGain" comment="" init_mode="PERMANENT" init_range="-1000..1000" global_assert="NO" assert_range="min..max" non_applicable="1"/>
      <scalar name="FltInjEna" comment="" init_mode="PERMANENT" init_range="0..1" global_assert="NO" assert_range="min..max" non_applicable="1"/>
      <scalar name="FltLocn" comment="" init_mode="PERMANENT" init_range="0..65535" global_assert="NO" assert_range="min..max" non_applicable="1"/>
      <scalar name="FltOffs" comment="" init_mode="PERMANENT" init_range="-1000..1000" global_assert="NO" assert_range="min..max" non_applicable="1"/>
      <scalar name="HwVelThd" comment="" init_mode="PERMANENT" init_range="0..800" global_assert="NO" assert_range="min..max" non_applicable="1"/>
      <scalar name="LoglFlt" comment="" init_mode="PERMANENT" init_range="0..1" global_assert="NO" assert_range="min..max" non_applicable="1"/>
      <scalar name="SinAmp" comment="" init_mode="PERMANENT" init_range="0..1000" global_assert="NO" assert_range="min..max" non_applicable="1"/>
      <scalar name="SinFrq" comment="" init_mode="PERMANENT" init_range="0..250" global_assert="NO" assert_range="min..max" non_applicable="1"/>
   </struct>
   <scalar name="FltInj_Pim_dFltInjHwVel" comment="" init_mode="PERMANENT" init_range="-2407..2407" global_assert="NO" assert_range="min..max" non_applicable="1"/>
   <function name="atan2f" comment="" main_generator_called="MAIN_GENERATOR" non_applicable="1">
      <scalar name="return" comment="" init_mode="PERMANENT" init_range="-3.1412..3.1412" global_assert="NO" assert_range="min..max" non_applicable="1"/>
   </function>
   <function name="cosf" comment="" main_generator_called="MAIN_GENERATOR" non_applicable="1">
      <scalar name="return" comment="" init_mode="PERMANENT" init_range="-1..1" global_assert="NO" assert_range="min..max" non_applicable="1"/>
   </function>
   <function name="expf" comment="" main_generator_called="MAIN_GENERATOR" non_applicable="1">
      <scalar name="return" comment="" init_mode="PERMANENT" init_range="0..max" global_assert="NO" assert_range="min..max" non_applicable="1"/>
   </function>
   <function name="fmodf" comment="" main_generator_called="MAIN_GENERATOR" non_applicable="1">
      <scalar name="return" comment="" init_mode="PERMANENT" init_range="0..max" global_assert="NO" assert_range="min..max" non_applicable="1"/>
   </function>
   <function name="sqrtf" comment="" main_generator_called="MAIN_GENERATOR" non_applicable="1">
      <scalar name="return" comment="" init_mode="PERMANENT" init_range="0..max" global_assert="NO" assert_range="min..max" non_applicable="1"/>
   </function>
</global>
