<?xml version="1.0" encoding="UTF-8"?>
<!--EDRS Version 1.0-->
<global>
   <file name="E:\\EA4NewTemplate\\AR100A_NxtrMath_Impl\\include\\NxtrMath.h" comment="">
      <function name="Min_u32" comment="" line="348" main_generator_called="MAIN_GENERATOR" attributes="static">
         <scalar name="arg1" comment="" line="348" base_type="uint32" attributes="static" complete_type="uint32" init_mode="MAIN_GENERATOR" init_modes_allowed="10" init_range="min..max" global_assert="unsupported" assert_range="unsupported"/>
         <scalar name="arg2" comment="" line="348" base_type="uint32" attributes="static" complete_type="uint32" init_mode="MAIN_GENERATOR" init_modes_allowed="10" init_range="min..max" global_assert="unsupported" assert_range="unsupported"/>
         <scalar name="return" comment="" line="348" base_type="uint32" attributes="static" complete_type="uint32" init_mode="disabled" init_range="disabled" global_assert="unsupported" assert_range="unsupported"/>
      </function>
   </file>
   <file name="E:\\EA4NewTemplate\\AR202A_MicroCtrlrSuprt_Impl\\include\\P1M\\R7F701311\\tsg3_regs.h" comment="">
      <struct name="TSG31" comment="" line="897" attributes="volatile extern">
         <struct name="CMP0E" comment="" line="897" attributes="volatile extern">
            <scalar name="UINT32" comment="" line="897" base_type="uint32" attributes="volatile extern" complete_type="uint32" init_mode="PERMANENT" init_modes_allowed="4" init_range="min..max" global_assert="disabled" assert_range="disabled"/>
         </struct>
         <struct name="CMP11E" comment="" line="897" attributes="volatile extern">
            <scalar name="UINT32" comment="" line="897" base_type="uint32" attributes="volatile extern" complete_type="uint32" init_mode="PERMANENT" init_modes_allowed="4" init_range="min..max" global_assert="disabled" assert_range="disabled"/>
         </struct>
         <struct name="CMP12E" comment="" line="897" attributes="volatile extern">
            <scalar name="UINT32" comment="" line="897" base_type="uint32" attributes="volatile extern" complete_type="uint32" init_mode="PERMANENT" init_modes_allowed="4" init_range="min..max" global_assert="disabled" assert_range="disabled"/>
         </struct>
         <struct name="CMP3E" comment="" line="897" attributes="volatile extern">
            <scalar name="UINT32" comment="" line="897" base_type="uint32" attributes="volatile extern" complete_type="uint32" init_mode="PERMANENT" init_modes_allowed="4" init_range="min..max" global_assert="disabled" assert_range="disabled"/>
         </struct>
         <struct name="CMP4E" comment="" line="897" attributes="volatile extern">
            <scalar name="UINT32" comment="" line="897" base_type="uint32" attributes="volatile extern" complete_type="uint32" init_mode="PERMANENT" init_modes_allowed="4" init_range="min..max" global_assert="disabled" assert_range="disabled"/>
         </struct>
         <struct name="CMP7E" comment="" line="897" attributes="volatile extern">
            <scalar name="UINT32" comment="" line="897" base_type="uint32" attributes="volatile extern" complete_type="uint32" init_mode="PERMANENT" init_modes_allowed="4" init_range="min..max" global_assert="disabled" assert_range="disabled"/>
         </struct>
         <struct name="CMPUE" comment="" line="897" attributes="volatile extern">
            <scalar name="UINT32" comment="" line="897" base_type="uint32" attributes="volatile extern" complete_type="uint32" init_mode="PERMANENT" init_modes_allowed="4" init_range="min..max" global_assert="disabled" assert_range="disabled"/>
         </struct>
         <struct name="CMPVE" comment="" line="897" attributes="volatile extern">
            <scalar name="UINT32" comment="" line="897" base_type="uint32" attributes="volatile extern" complete_type="uint32" init_mode="PERMANENT" init_modes_allowed="4" init_range="min..max" global_assert="disabled" assert_range="disabled"/>
         </struct>
         <struct name="CMPWE" comment="" line="897" attributes="volatile extern">
            <scalar name="UINT32" comment="" line="897" base_type="uint32" attributes="volatile extern" complete_type="uint32" init_mode="PERMANENT" init_modes_allowed="4" init_range="min..max" global_assert="disabled" assert_range="disabled"/>
         </struct>
         <scalar name="CNT" comment="" line="897" base_type="uint16" attributes="volatile extern const" complete_type="uint16" init_mode="PERMANENT" init_modes_allowed="4" init_range="min..max" global_assert="disabled" assert_range="disabled"/>
         <struct name="CTL0" comment="" line="897" attributes="volatile extern">
            <scalar name="UINT8" comment="" line="897" base_type="uint8" attributes="volatile extern" complete_type="uint8" init_mode="PERMANENT" init_modes_allowed="4" init_range="min..max" global_assert="disabled" assert_range="disabled"/>
         </struct>
         <struct name="CTL1" comment="" line="897" attributes="volatile extern">
            <scalar name="UINT16" comment="" line="897" base_type="uint16" attributes="volatile extern" complete_type="uint16" init_mode="PERMANENT" init_modes_allowed="4" init_range="min..max" global_assert="disabled" assert_range="disabled"/>
         </struct>
         <struct name="CTL2" comment="" line="897" attributes="volatile extern">
            <scalar name="UINT32" comment="" line="897" base_type="uint32" attributes="volatile extern" complete_type="uint32" init_mode="PERMANENT" init_modes_allowed="4" init_range="min..max" global_assert="disabled" assert_range="disabled"/>
         </struct>
         <struct name="CTL3" comment="" line="897" attributes="volatile extern">
            <scalar name="UINT8" comment="" line="897" base_type="uint8" attributes="volatile extern" complete_type="uint8" init_mode="PERMANENT" init_modes_allowed="4" init_range="min..max" global_assert="disabled" assert_range="disabled"/>
         </struct>
         <struct name="CTL4" comment="" line="897" attributes="volatile extern">
            <scalar name="UINT32" comment="" line="897" base_type="uint32" attributes="volatile extern" complete_type="uint32" init_mode="PERMANENT" init_modes_allowed="4" init_range="min..max" global_assert="disabled" assert_range="disabled"/>
         </struct>
         <struct name="CTL5" comment="" line="897" attributes="volatile extern">
            <scalar name="UINT16" comment="" line="897" base_type="uint16" attributes="volatile extern" complete_type="uint16" init_mode="PERMANENT" init_modes_allowed="4" init_range="min..max" global_assert="disabled" assert_range="disabled"/>
         </struct>
         <struct name="CTL6" comment="" line="897" attributes="volatile extern">
            <scalar name="UINT16" comment="" line="897" base_type="uint16" attributes="volatile extern" complete_type="uint16" init_mode="PERMANENT" init_modes_allowed="4" init_range="min..max" global_assert="disabled" assert_range="disabled"/>
         </struct>
         <struct name="DCMP0E" comment="" line="897" attributes="volatile extern">
            <scalar name="UINT32" comment="" line="897" base_type="uint32" attributes="volatile extern" complete_type="uint32" init_mode="PERMANENT" init_modes_allowed="4" init_range="min..max" global_assert="disabled" assert_range="disabled"/>
         </struct>
         <struct name="DCMP1E" comment="" line="897" attributes="volatile extern">
            <scalar name="UINT32" comment="" line="897" base_type="uint32" attributes="volatile extern" complete_type="uint32" init_mode="PERMANENT" init_modes_allowed="4" init_range="min..max" global_assert="disabled" assert_range="disabled"/>
         </struct>
         <struct name="DCMP2E" comment="" line="897" attributes="volatile extern">
            <scalar name="UINT32" comment="" line="897" base_type="uint32" attributes="volatile extern" complete_type="uint32" init_mode="PERMANENT" init_modes_allowed="4" init_range="min..max" global_assert="disabled" assert_range="disabled"/>
         </struct>
         <struct name="DTC0W" comment="" line="897" attributes="volatile extern">
            <struct name="BIT" comment="" line="897" attributes="volatile extern">
               <scalar name="DTC0" comment="" line="897" base_type="uint10" attributes="volatile extern" complete_type="uint10" init_mode="PERMANENT" init_modes_allowed="4" init_range="min..max" global_assert="disabled" assert_range="disabled"/>
            </struct>
            <scalar name="UINT32" comment="" line="897" base_type="uint32" attributes="volatile extern" complete_type="uint32" init_mode="PERMANENT" init_modes_allowed="4" init_range="min..max" global_assert="disabled" assert_range="disabled"/>
         </struct>
         <struct name="DTC1W" comment="" line="897" attributes="volatile extern">
            <struct name="BIT" comment="" line="897" attributes="volatile extern">
               <scalar name="DTC1" comment="" line="897" base_type="uint10" attributes="volatile extern" complete_type="uint10" init_mode="PERMANENT" init_modes_allowed="4" init_range="min..max" global_assert="disabled" assert_range="disabled"/>
            </struct>
            <scalar name="UINT32" comment="" line="897" base_type="uint32" attributes="volatile extern" complete_type="uint32" init_mode="PERMANENT" init_modes_allowed="4" init_range="min..max" global_assert="disabled" assert_range="disabled"/>
         </struct>
         <struct name="DTPR" comment="" line="897" attributes="volatile extern">
            <struct name="BIT" comment="" line="897" attributes="volatile extern">
               <scalar name="DTCM" comment="" line="897" base_type="uint1" attributes="volatile extern" complete_type="uint1" init_mode="PERMANENT" init_modes_allowed="4" init_range="min..max" global_assert="disabled" assert_range="disabled"/>
            </struct>
            <scalar name="UINT16" comment="" line="897" base_type="uint16" attributes="volatile extern" complete_type="uint16" init_mode="PERMANENT" init_modes_allowed="4" init_range="min..max" global_assert="disabled" assert_range="disabled"/>
         </struct>
         <struct name="IOC0" comment="" line="897" attributes="volatile extern">
            <scalar name="UINT8" comment="" line="897" base_type="uint8" attributes="volatile extern" complete_type="uint8" init_mode="PERMANENT" init_modes_allowed="4" init_range="min..max" global_assert="disabled" assert_range="disabled"/>
         </struct>
         <struct name="IOC1" comment="" line="897" attributes="volatile extern">
            <scalar name="UINT8" comment="" line="897" base_type="uint8" attributes="volatile extern" complete_type="uint8" init_mode="PERMANENT" init_modes_allowed="4" init_range="min..max" global_assert="disabled" assert_range="disabled"/>
         </struct>
         <struct name="IOC2" comment="" line="897" attributes="volatile extern">
            <scalar name="UINT16" comment="" line="897" base_type="uint16" attributes="volatile extern" complete_type="uint16" init_mode="PERMANENT" init_modes_allowed="4" init_range="min..max" global_assert="disabled" assert_range="disabled"/>
         </struct>
         <struct name="IOC3" comment="" line="897" attributes="volatile extern">
            <scalar name="UINT32" comment="" line="897" base_type="uint32" attributes="volatile extern" complete_type="uint32" init_mode="PERMANENT" init_modes_allowed="4" init_range="min..max" global_assert="disabled" assert_range="disabled"/>
         </struct>
         <struct name="STC" comment="" line="897" attributes="volatile extern">
            <scalar name="UINT16" comment="" line="897" base_type="uint16" attributes="volatile extern" complete_type="uint16" init_mode="PERMANENT" init_modes_allowed="4" init_range="min..max" global_assert="disabled" assert_range="disabled"/>
         </struct>
         <struct name="STR0" comment="" line="897" attributes="volatile extern const">
            <struct name="BIT" comment="" line="897" attributes="volatile extern const">
               <scalar name="CUF" comment="" line="897" base_type="uint1" attributes="volatile extern const" complete_type="uint1" init_mode="PERMANENT" init_modes_allowed="4" init_range="min..max" global_assert="disabled" assert_range="disabled"/>
            </struct>
         </struct>
         <struct name="TRG0" comment="" line="897" attributes="volatile extern">
            <struct name="BIT" comment="" line="897" attributes="volatile extern">
               <scalar name="TS" comment="" line="897" base_type="uint1" attributes="volatile extern" complete_type="uint1" init_mode="PERMANENT" init_modes_allowed="4" init_range="min..max" global_assert="disabled" assert_range="disabled"/>
            </struct>
         </struct>
         <struct name="TRG2" comment="" line="897" attributes="volatile extern">
            <scalar name="UINT8" comment="" line="897" base_type="uint8" attributes="volatile extern" complete_type="uint8" init_mode="PERMANENT" init_modes_allowed="4" init_range="min..max" global_assert="disabled" assert_range="disabled"/>
         </struct>
      </struct>
   </file>
   <file name="E:\\EA4NewTemplate\\CM475A_TSG31CfgAndUse_Impl\\include\\CDD_TSG31CfgAndUse_private.h" comment="">
      <function name="CnvNanoSecToTmrCnt" comment="" line="48" main_generator_called="MAIN_GENERATOR" attributes="static">
         <scalar name="arg1" comment="" line="48" base_type="uint32" attributes="static" complete_type="uint32" init_mode="MAIN_GENERATOR" init_modes_allowed="10" init_range="min..max" global_assert="unsupported" assert_range="unsupported"/>
         <scalar name="return" comment="" line="48" base_type="uint32" attributes="static" complete_type="uint32" init_mode="disabled" init_range="disabled" global_assert="unsupported" assert_range="unsupported"/>
      </function>
   </file>
   <file name="E:\\EA4NewTemplate\\CM475A_TSG31CfgAndUse_Impl\\src\\CDD_TSG31CfgAndUse.c" comment="">
      <function name="MapFetCtrlSigToGpioAndSetLow" comment="" line="748" main_generator_called="MAIN_GENERATOR" attributes="static"/>
      <function name="MapPinsToGpio" comment="" line="771" main_generator_called="MAIN_GENERATOR" attributes="static"/>
      <function name="NoTranSysStIsEn" comment="" line="591" main_generator_called="MAIN_GENERATOR" attributes="static">
         <scalar name="arg1" comment="" line="591" base_type="uint8" attributes="static" complete_type="uint8" init_mode="MAIN_GENERATOR" init_modes_allowed="10" init_range="min..max" global_assert="unsupported" assert_range="unsupported"/>
      </function>
      <function name="NoTranSysStNotEn" comment="" line="699" main_generator_called="MAIN_GENERATOR" attributes="static">
         <scalar name="arg1" comment="" line="699" base_type="uint8" attributes="static" complete_type="uint8" init_mode="MAIN_GENERATOR" init_modes_allowed="10" init_range="min..max" global_assert="unsupported" assert_range="unsupported"/>
         <scalar name="arg2" comment="" line="699" base_type="uint8" attributes="static" complete_type="uint8" init_mode="MAIN_GENERATOR" init_modes_allowed="10" init_range="min..max" global_assert="unsupported" assert_range="unsupported"/>
      </function>
      <function name="TSG31CfgAndUseInit1" comment="" line="241" main_generator_called="MAIN_GENERATOR"/>
      <function name="TSG31CfgAndUsePer2" comment="" line="514" main_generator_called="MAIN_GENERATOR"/>
      <function name="TranFromEn" comment="" line="661" main_generator_called="MAIN_GENERATOR" attributes="static"/>
      <function name="TranToEn" comment="" line="677" main_generator_called="MAIN_GENERATOR" attributes="static"/>
   </file>
   <file name="E:\\EA4NewTemplate\\CM475A_TSG31CfgAndUse_Impl\\src\\CDD_TSG31CfgAndUse_MotCtrl.c" comment="">
      <function name="MissUpdtCntrDiagc" comment="" line="168" main_generator_called="MAIN_GENERATOR" attributes="static"/>
      <function name="TSG31CfgAndUsePer1" comment="" line="50" main_generator_called="MAIN_GENERATOR"/>
   </file>
   <file name="E:\\EA4NewTemplate\\CM475A_TSG31CfgAndUse_Impl\\tools\\local\\generate\\Rte_Stubs.c" comment="">
      <function name="Rte_Call_CDD_TSG31CfgAndUse_IoHwAb_SetFctGpioPhaALowrCmd_Oper" comment="" line="18" main_generator_called="MAIN_GENERATOR">
         <scalar name="return" comment="" line="18" base_type="uint8" complete_type="uint8" init_mode="disabled" init_range="disabled" global_assert="unsupported" assert_range="unsupported"/>
      </function>
      <function name="Rte_Call_CDD_TSG31CfgAndUse_IoHwAb_SetFctGpioPhaAUpprCmd_Oper" comment="" line="23" main_generator_called="MAIN_GENERATOR">
         <scalar name="return" comment="" line="23" base_type="uint8" complete_type="uint8" init_mode="disabled" init_range="disabled" global_assert="unsupported" assert_range="unsupported"/>
      </function>
      <function name="Rte_Call_CDD_TSG31CfgAndUse_IoHwAb_SetFctGpioPhaBLowrCmd_Oper" comment="" line="28" main_generator_called="MAIN_GENERATOR">
         <scalar name="return" comment="" line="28" base_type="uint8" complete_type="uint8" init_mode="disabled" init_range="disabled" global_assert="unsupported" assert_range="unsupported"/>
      </function>
      <function name="Rte_Call_CDD_TSG31CfgAndUse_IoHwAb_SetFctGpioPhaBUpprCmd_Oper" comment="" line="33" main_generator_called="MAIN_GENERATOR">
         <scalar name="return" comment="" line="33" base_type="uint8" complete_type="uint8" init_mode="disabled" init_range="disabled" global_assert="unsupported" assert_range="unsupported"/>
      </function>
      <function name="Rte_Call_CDD_TSG31CfgAndUse_IoHwAb_SetFctGpioPhaCLowrCmd_Oper" comment="" line="38" main_generator_called="MAIN_GENERATOR">
         <scalar name="return" comment="" line="38" base_type="uint8" complete_type="uint8" init_mode="disabled" init_range="disabled" global_assert="unsupported" assert_range="unsupported"/>
      </function>
      <function name="Rte_Call_CDD_TSG31CfgAndUse_IoHwAb_SetFctGpioPhaCUpprCmd_Oper" comment="" line="43" main_generator_called="MAIN_GENERATOR">
         <scalar name="return" comment="" line="43" base_type="uint8" complete_type="uint8" init_mode="disabled" init_range="disabled" global_assert="unsupported" assert_range="unsupported"/>
      </function>
      <function name="Rte_Call_CDD_TSG31CfgAndUse_IoHwAb_SetFctPeriphPhaALowrCmd_Oper" comment="" line="48" main_generator_called="MAIN_GENERATOR">
         <scalar name="return" comment="" line="48" base_type="uint8" complete_type="uint8" init_mode="disabled" init_range="disabled" global_assert="unsupported" assert_range="unsupported"/>
      </function>
      <function name="Rte_Call_CDD_TSG31CfgAndUse_IoHwAb_SetFctPeriphPhaAUpprCmd_Oper" comment="" line="53" main_generator_called="MAIN_GENERATOR">
         <scalar name="return" comment="" line="53" base_type="uint8" complete_type="uint8" init_mode="disabled" init_range="disabled" global_assert="unsupported" assert_range="unsupported"/>
      </function>
      <function name="Rte_Call_CDD_TSG31CfgAndUse_IoHwAb_SetFctPeriphPhaBLowrCmd_Oper" comment="" line="58" main_generator_called="MAIN_GENERATOR">
         <scalar name="return" comment="" line="58" base_type="uint8" complete_type="uint8" init_mode="disabled" init_range="disabled" global_assert="unsupported" assert_range="unsupported"/>
      </function>
      <function name="Rte_Call_CDD_TSG31CfgAndUse_IoHwAb_SetFctPeriphPhaBUpprCmd_Oper" comment="" line="63" main_generator_called="MAIN_GENERATOR">
         <scalar name="return" comment="" line="63" base_type="uint8" complete_type="uint8" init_mode="disabled" init_range="disabled" global_assert="unsupported" assert_range="unsupported"/>
      </function>
      <function name="Rte_Call_CDD_TSG31CfgAndUse_IoHwAb_SetFctPeriphPhaCLowrCmd_Oper" comment="" line="68" main_generator_called="MAIN_GENERATOR">
         <scalar name="return" comment="" line="68" base_type="uint8" complete_type="uint8" init_mode="disabled" init_range="disabled" global_assert="unsupported" assert_range="unsupported"/>
      </function>
      <function name="Rte_Call_CDD_TSG31CfgAndUse_IoHwAb_SetFctPeriphPhaCUpprCmd_Oper" comment="" line="73" main_generator_called="MAIN_GENERATOR">
         <scalar name="return" comment="" line="73" base_type="uint8" complete_type="uint8" init_mode="disabled" init_range="disabled" global_assert="unsupported" assert_range="unsupported"/>
      </function>
      <function name="Rte_Call_CDD_TSG31CfgAndUse_IoHwAb_SetGpioPhaALowrCmd_Oper" comment="" line="78" main_generator_called="MAIN_GENERATOR">
         <scalar name="arg1" comment="" line="78" base_type="uint8" complete_type="uint8" init_mode="MAIN_GENERATOR" init_modes_allowed="10" init_range="min..max" global_assert="unsupported" assert_range="unsupported"/>
         <scalar name="return" comment="" line="78" base_type="uint8" complete_type="uint8" init_mode="disabled" init_range="disabled" global_assert="unsupported" assert_range="unsupported"/>
      </function>
      <function name="Rte_Call_CDD_TSG31CfgAndUse_IoHwAb_SetGpioPhaAUpprCmd_Oper" comment="" line="84" main_generator_called="MAIN_GENERATOR">
         <scalar name="arg1" comment="" line="84" base_type="uint8" complete_type="uint8" init_mode="MAIN_GENERATOR" init_modes_allowed="10" init_range="min..max" global_assert="unsupported" assert_range="unsupported"/>
         <scalar name="return" comment="" line="84" base_type="uint8" complete_type="uint8" init_mode="disabled" init_range="disabled" global_assert="unsupported" assert_range="unsupported"/>
      </function>
      <function name="Rte_Call_CDD_TSG31CfgAndUse_IoHwAb_SetGpioPhaBLowrCmd_Oper" comment="" line="90" main_generator_called="MAIN_GENERATOR">
         <scalar name="arg1" comment="" line="90" base_type="uint8" complete_type="uint8" init_mode="MAIN_GENERATOR" init_modes_allowed="10" init_range="min..max" global_assert="unsupported" assert_range="unsupported"/>
         <scalar name="return" comment="" line="90" base_type="uint8" complete_type="uint8" init_mode="disabled" init_range="disabled" global_assert="unsupported" assert_range="unsupported"/>
      </function>
      <function name="Rte_Call_CDD_TSG31CfgAndUse_IoHwAb_SetGpioPhaBUpprCmd_Oper" comment="" line="96" main_generator_called="MAIN_GENERATOR">
         <scalar name="arg1" comment="" line="96" base_type="uint8" complete_type="uint8" init_mode="MAIN_GENERATOR" init_modes_allowed="10" init_range="min..max" global_assert="unsupported" assert_range="unsupported"/>
         <scalar name="return" comment="" line="96" base_type="uint8" complete_type="uint8" init_mode="disabled" init_range="disabled" global_assert="unsupported" assert_range="unsupported"/>
      </function>
      <function name="Rte_Call_CDD_TSG31CfgAndUse_IoHwAb_SetGpioPhaCLowrCmd_Oper" comment="" line="102" main_generator_called="MAIN_GENERATOR">
         <scalar name="arg1" comment="" line="102" base_type="uint8" complete_type="uint8" init_mode="MAIN_GENERATOR" init_modes_allowed="10" init_range="min..max" global_assert="unsupported" assert_range="unsupported"/>
         <scalar name="return" comment="" line="102" base_type="uint8" complete_type="uint8" init_mode="disabled" init_range="disabled" global_assert="unsupported" assert_range="unsupported"/>
      </function>
      <function name="Rte_Call_CDD_TSG31CfgAndUse_IoHwAb_SetGpioPhaCUpprCmd_Oper" comment="" line="108" main_generator_called="MAIN_GENERATOR">
         <scalar name="arg1" comment="" line="108" base_type="uint8" complete_type="uint8" init_mode="MAIN_GENERATOR" init_modes_allowed="10" init_range="min..max" global_assert="unsupported" assert_range="unsupported"/>
         <scalar name="return" comment="" line="108" base_type="uint8" complete_type="uint8" init_mode="disabled" init_range="disabled" global_assert="unsupported" assert_range="unsupported"/>
      </function>
      <function name="Rte_Stub" comment="" line="117" main_generator_called="MAIN_GENERATOR" attributes="unused"/>
   </file>
   <file name="E:\\EA4NewTemplate\\CM475A_TSG31CfgAndUse_Impl\\tools\\local\\generate\\Rte_Stubs.h" comment="">
      <scalar name="TSG31CfgAndUse_Cal_CurrMeasEolFixdPwmPerd" comment="" line="30" base_type="uint32" attributes="extern const" complete_type="uint32" init_mode="PERMANENT" init_modes_allowed="6" init_range="55555..71429" global_assert="NO" assert_range=""/>
      <scalar name="TSG31CfgAndUse_Cal_CurrMeasEolOffsHiCmuOffs" comment="" line="31" base_type="uint32" attributes="extern const" complete_type="uint32" init_mode="PERMANENT" init_modes_allowed="6" init_range="35715..71429" global_assert="NO" assert_range=""/>
      <scalar name="TSG31CfgAndUse_Cal_CurrMeasEolOffsLoCmuOffs" comment="" line="32" base_type="uint32" attributes="extern const" complete_type="uint32" init_mode="PERMANENT" init_modes_allowed="6" init_range="0..35714" global_assert="NO" assert_range=""/>
      <scalar name="TSG31CfgAndUse_Cal_PhaDiscnctFixdPhaOnTi" comment="" line="33" base_type="uint32" attributes="extern const" complete_type="uint32" init_mode="PERMANENT" init_modes_allowed="6" init_range="555..32714" global_assert="NO" assert_range=""/>
      <scalar name="TSG31CfgAndUse_Cal_PhaDiscnctFixdPwmPerd" comment="" line="34" base_type="uint32" attributes="extern const" complete_type="uint32" init_mode="PERMANENT" init_modes_allowed="6" init_range="55555..71429" global_assert="NO" assert_range=""/>
      <scalar name="TSG31CfgAndUse_Cal_TSG31CfgAndUseAdcStrtOfCnvn2Offs" comment="" line="25" base_type="uint32" attributes="extern const" complete_type="uint32" init_mode="PERMANENT" init_modes_allowed="6" init_range="0..22726" global_assert="NO" assert_range=""/>
      <scalar name="TSG31CfgAndUse_Cal_TSG31CfgAndUseAdcStrtOfCnvnMotCtrlPeakOffs" comment="" line="26" base_type="uint32" attributes="extern const" complete_type="uint32" init_mode="PERMANENT" init_modes_allowed="6" init_range="0..22726" global_assert="NO" assert_range=""/>
      <scalar name="TSG31CfgAndUse_Cal_TSG31CfgAndUseAdcStrtOfCnvnMotCtrlVlyOffs" comment="" line="27" base_type="uint32" attributes="extern const" complete_type="uint32" init_mode="PERMANENT" init_modes_allowed="6" init_range="0..22726" global_assert="NO" assert_range=""/>
      <scalar name="TSG31CfgAndUse_Cal_TSG31CfgAndUseMtrAg0SPIStart" comment="" line="28" base_type="uint32" attributes="extern const" complete_type="uint32" init_mode="PERMANENT" init_modes_allowed="6" init_range="0..22726" global_assert="NO" assert_range=""/>
      <scalar name="TSG31CfgAndUse_Cal_TSG31CfgAndUsePwmDbnd" comment="" line="29" base_type="uint32" attributes="extern const" complete_type="uint32" init_mode="PERMANENT" init_modes_allowed="6" init_range="1..1000" global_assert="NO" assert_range=""/>
      <scalar name="TSG31CfgAndUse_Ip_MotCurrEolCalSt" comment="" line="20" base_type="uint8" attributes="extern" complete_type="uint8" init_mode="PERMANENT" init_modes_allowed="6" init_range="0..8" global_assert="NO" assert_range=""/>
      <scalar name="TSG31CfgAndUse_Ip_PhaDiscnctDiagcActv" comment="" line="21" base_type="uint8" attributes="extern" complete_type="uint8" init_mode="PERMANENT" init_modes_allowed="6" init_range="0..1" global_assert="NO" assert_range=""/>
      <scalar name="TSG31CfgAndUse_Ip_SysSt" comment="" line="22" base_type="uint8" attributes="extern" complete_type="uint8" init_mode="PERMANENT" init_modes_allowed="6" init_range="0..3" global_assert="NO" assert_range=""/>
      <scalar name="TSG31CfgAndUse_Pim_MissUpdCoarse" comment="" line="37" base_type="uint16" attributes="extern" complete_type="uint16" init_mode="PERMANENT" init_modes_allowed="6" init_range="0..65535" global_assert="NO" assert_range=""/>
      <scalar name="TSG31CfgAndUse_Pim_MissUpdFine" comment="" line="38" base_type="uint16" attributes="extern" complete_type="uint16" init_mode="PERMANENT" init_modes_allowed="6" init_range="0..65535" global_assert="NO" assert_range=""/>
      <scalar name="TSG31CfgAndUse_Pim_MissUpdIninCntr" comment="" line="39" base_type="uint8" attributes="extern" complete_type="uint8" init_mode="PERMANENT" init_modes_allowed="6" init_range="0..255" global_assert="NO" assert_range=""/>
      <scalar name="TSG31CfgAndUse_Pim_MissUpdMaxCntr" comment="" line="40" base_type="uint16" attributes="extern" complete_type="uint16" init_mode="PERMANENT" init_modes_allowed="6" init_range="0..65535" global_assert="NO" assert_range=""/>
      <scalar name="TSG31CfgAndUse_Pim_MissUpdMinCntr" comment="" line="41" base_type="uint16" attributes="extern" complete_type="uint16" init_mode="PERMANENT" init_modes_allowed="6" init_range="0..65535" global_assert="NO" assert_range=""/>
      <scalar name="TSG31CfgAndUse_Pim_TSG31CfgAndUseAdcStrtOfCnvnPeak" comment="" line="42" base_type="uint32" attributes="extern" complete_type="uint32" init_mode="PERMANENT" init_modes_allowed="6" init_range="0..2001" global_assert="NO" assert_range=""/>
      <scalar name="TSG31CfgAndUse_Pim_TSG31CfgAndUseMotAg0SPIStart" comment="" line="43" base_type="uint32" attributes="extern" complete_type="uint32" init_mode="PERMANENT" init_modes_allowed="6" init_range="0..2001" global_assert="NO" assert_range=""/>
      <scalar name="TSG31CfgAndUse_Pim_TSG31CfgAndUsePhaDiscntActvdStPrev" comment="" line="44" base_type="uint8" attributes="extern" complete_type="uint8" init_mode="PERMANENT" init_modes_allowed="6" init_range="0..1" global_assert="NO" assert_range=""/>
      <scalar name="TSG31CfgAndUse_Pim_TSG31CfgAndUseSysStEnaPrev" comment="" line="45" base_type="uint8" attributes="extern" complete_type="uint8" init_mode="PERMANENT" init_modes_allowed="6" init_range="0..1" global_assert="NO" assert_range=""/>
      <scalar name="TSG31CfgAndUse_Srv_IoHwAb_SetFctGpioPhaALowrCmd_Return" comment="" line="48" base_type="uint8" attributes="extern" complete_type="uint8" init_mode="PERMANENT" init_modes_allowed="6" init_range="0..1" global_assert="NO" assert_range=""/>
      <scalar name="TSG31CfgAndUse_Srv_IoHwAb_SetFctGpioPhaAUpprCmd_Return" comment="" line="49" base_type="uint8" attributes="extern" complete_type="uint8" init_mode="PERMANENT" init_modes_allowed="6" init_range="0..1" global_assert="NO" assert_range=""/>
      <scalar name="TSG31CfgAndUse_Srv_IoHwAb_SetFctGpioPhaBLowrCmd_Return" comment="" line="50" base_type="uint8" attributes="extern" complete_type="uint8" init_mode="PERMANENT" init_modes_allowed="6" init_range="0..1" global_assert="NO" assert_range=""/>
      <scalar name="TSG31CfgAndUse_Srv_IoHwAb_SetFctGpioPhaBUpprCmd_Return" comment="" line="51" base_type="uint8" attributes="extern" complete_type="uint8" init_mode="PERMANENT" init_modes_allowed="6" init_range="0..1" global_assert="NO" assert_range=""/>
      <scalar name="TSG31CfgAndUse_Srv_IoHwAb_SetFctGpioPhaCLowrCmd_Return" comment="" line="52" base_type="uint8" attributes="extern" complete_type="uint8" init_mode="PERMANENT" init_modes_allowed="6" init_range="0..1" global_assert="NO" assert_range=""/>
      <scalar name="TSG31CfgAndUse_Srv_IoHwAb_SetFctGpioPhaCUpprCmd_Return" comment="" line="53" base_type="uint8" attributes="extern" complete_type="uint8" init_mode="PERMANENT" init_modes_allowed="6" init_range="0..1" global_assert="NO" assert_range=""/>
      <scalar name="TSG31CfgAndUse_Srv_IoHwAb_SetFctPeriphPhaALowrCmd_Return" comment="" line="54" base_type="uint8" attributes="extern" complete_type="uint8" init_mode="PERMANENT" init_modes_allowed="6" init_range="0..1" global_assert="NO" assert_range=""/>
      <scalar name="TSG31CfgAndUse_Srv_IoHwAb_SetFctPeriphPhaAUpprCmd_Return" comment="" line="55" base_type="uint8" attributes="extern" complete_type="uint8" init_mode="PERMANENT" init_modes_allowed="6" init_range="0..1" global_assert="NO" assert_range=""/>
      <scalar name="TSG31CfgAndUse_Srv_IoHwAb_SetFctPeriphPhaBLowrCmd_Return" comment="" line="56" base_type="uint8" attributes="extern" complete_type="uint8" init_mode="PERMANENT" init_modes_allowed="6" init_range="0..1" global_assert="NO" assert_range=""/>
      <scalar name="TSG31CfgAndUse_Srv_IoHwAb_SetFctPeriphPhaBUpprCmd_Return" comment="" line="57" base_type="uint8" attributes="extern" complete_type="uint8" init_mode="PERMANENT" init_modes_allowed="6" init_range="0..1" global_assert="NO" assert_range=""/>
      <scalar name="TSG31CfgAndUse_Srv_IoHwAb_SetFctPeriphPhaCLowrCmd_Return" comment="" line="58" base_type="uint8" attributes="extern" complete_type="uint8" init_mode="PERMANENT" init_modes_allowed="6" init_range="0..1" global_assert="NO" assert_range=""/>
      <scalar name="TSG31CfgAndUse_Srv_IoHwAb_SetFctPeriphPhaCUpprCmd_Return" comment="" line="59" base_type="uint8" attributes="extern" complete_type="uint8" init_mode="PERMANENT" init_modes_allowed="6" init_range="0..1" global_assert="NO" assert_range=""/>
      <scalar name="TSG31CfgAndUse_Srv_IoHwAb_SetGpioPhaALowrCmd_PinSt" comment="" line="60" base_type="uint8" attributes="extern" complete_type="uint8" init_mode="PERMANENT" init_modes_allowed="6" init_range="0..1" global_assert="NO" assert_range=""/>
      <scalar name="TSG31CfgAndUse_Srv_IoHwAb_SetGpioPhaALowrCmd_Return" comment="" line="61" base_type="uint8" attributes="extern" complete_type="uint8" init_mode="PERMANENT" init_modes_allowed="6" init_range="0..1" global_assert="NO" assert_range=""/>
      <scalar name="TSG31CfgAndUse_Srv_IoHwAb_SetGpioPhaAUpprCmd_PinSt" comment="" line="62" base_type="uint8" attributes="extern" complete_type="uint8" init_mode="PERMANENT" init_modes_allowed="6" init_range="0..1" global_assert="NO" assert_range=""/>
      <scalar name="TSG31CfgAndUse_Srv_IoHwAb_SetGpioPhaAUpprCmd_Return" comment="" line="63" base_type="uint8" attributes="extern" complete_type="uint8" init_mode="PERMANENT" init_modes_allowed="6" init_range="0..1" global_assert="NO" assert_range=""/>
      <scalar name="TSG31CfgAndUse_Srv_IoHwAb_SetGpioPhaBLowrCmd_PinSt" comment="" line="64" base_type="uint8" attributes="extern" complete_type="uint8" init_mode="PERMANENT" init_modes_allowed="6" init_range="0..1" global_assert="NO" assert_range=""/>
      <scalar name="TSG31CfgAndUse_Srv_IoHwAb_SetGpioPhaBLowrCmd_Return" comment="" line="65" base_type="uint8" attributes="extern" complete_type="uint8" init_mode="PERMANENT" init_modes_allowed="6" init_range="0..1" global_assert="NO" assert_range=""/>
      <scalar name="TSG31CfgAndUse_Srv_IoHwAb_SetGpioPhaBUpprCmd_PinSt" comment="" line="66" base_type="uint8" attributes="extern" complete_type="uint8" init_mode="PERMANENT" init_modes_allowed="6" init_range="0..1" global_assert="NO" assert_range=""/>
      <scalar name="TSG31CfgAndUse_Srv_IoHwAb_SetGpioPhaBUpprCmd_Return" comment="" line="67" base_type="uint8" attributes="extern" complete_type="uint8" init_mode="PERMANENT" init_modes_allowed="6" init_range="0..1" global_assert="NO" assert_range=""/>
      <scalar name="TSG31CfgAndUse_Srv_IoHwAb_SetGpioPhaCLowrCmd_PinSt" comment="" line="68" base_type="uint8" attributes="extern" complete_type="uint8" init_mode="PERMANENT" init_modes_allowed="6" init_range="0..1" global_assert="NO" assert_range=""/>
      <scalar name="TSG31CfgAndUse_Srv_IoHwAb_SetGpioPhaCLowrCmd_Return" comment="" line="69" base_type="uint8" attributes="extern" complete_type="uint8" init_mode="PERMANENT" init_modes_allowed="6" init_range="0..1" global_assert="NO" assert_range=""/>
      <scalar name="TSG31CfgAndUse_Srv_IoHwAb_SetGpioPhaCUpprCmd_PinSt" comment="" line="70" base_type="uint8" attributes="extern" complete_type="uint8" init_mode="PERMANENT" init_modes_allowed="6" init_range="0..1" global_assert="NO" assert_range=""/>
      <scalar name="TSG31CfgAndUse_Srv_IoHwAb_SetGpioPhaCUpprCmd_Return" comment="" line="71" base_type="uint8" attributes="extern" complete_type="uint8" init_mode="PERMANENT" init_modes_allowed="6" init_range="0..1" global_assert="NO" assert_range=""/>
   </file>
   <file name="E:\\EA4NewTemplate\\CM475A_TSG31CfgAndUse_Impl\\tools\\local\\include\\CDD_MotCtrlMgr_Data.h" comment="">
      <scalar name="MOTCTRLMGR_MotCtrlMotCurrEolCalSt" comment="" line="24" base_type="uint8" attributes="extern" complete_type="uint8" init_mode="PERMANENT" init_modes_allowed="6" init_range="0..8" global_assert="NO" assert_range=""/>
      <scalar name="MOTCTRLMGR_MotCtrlPhaDiscnctDiagcActv" comment="" line="36" base_type="uint8" attributes="extern" complete_type="uint8" init_mode="PERMANENT" init_modes_allowed="6" init_range="0..1" global_assert="NO" assert_range=""/>
      <scalar name="MOTCTRLMGR_MotCtrlPhaDiscnctDiagcPwmVect" comment="" line="37" base_type="uint8" attributes="extern" complete_type="uint8" init_mode="PERMANENT" init_modes_allowed="6" init_range="min..max" global_assert="NO" assert_range=""/>
      <scalar name="MOTCTRLMGR_MotCtrlPhaOnTiA" comment="" line="26" base_type="uint32" attributes="extern" complete_type="uint32" init_mode="PERMANENT" init_modes_allowed="6" init_range="0..71429" global_assert="NO" assert_range=""/>
      <scalar name="MOTCTRLMGR_MotCtrlPhaOnTiB" comment="" line="27" base_type="uint32" attributes="extern" complete_type="uint32" init_mode="PERMANENT" init_modes_allowed="6" init_range="0..71429" global_assert="NO" assert_range=""/>
      <scalar name="MOTCTRLMGR_MotCtrlPhaOnTiC" comment="" line="28" base_type="uint32" attributes="extern" complete_type="uint32" init_mode="PERMANENT" init_modes_allowed="6" init_range="0..71429" global_assert="NO" assert_range=""/>
      <scalar name="MOTCTRLMGR_MotCtrlPwmPerd" comment="" line="25" base_type="uint32" attributes="extern" complete_type="uint32" init_mode="PERMANENT" init_modes_allowed="6" init_range="55555..71429" global_assert="NO" assert_range=""/>
      <scalar name="MOTCTRLMGR_MotCtrlTSG31CMP0E" comment="" line="33" base_type="uint32" attributes="extern" complete_type="uint32" init_mode="PERMANENT" init_modes_allowed="6" init_range="0..65535" global_assert="NO" assert_range=""/>
      <scalar name="MOTCTRLMGR_MotCtrlTSG31CMP12E" comment="" line="34" base_type="uint32" attributes="extern" complete_type="uint32" init_mode="PERMANENT" init_modes_allowed="6" init_range="0..262143" global_assert="NO" assert_range=""/>
      <scalar name="MOTCTRLMGR_MotCtrlTSG31CMPUE" comment="" line="30" base_type="uint32" attributes="extern" complete_type="uint32" init_mode="PERMANENT" init_modes_allowed="6" init_range="0..262143" global_assert="NO" assert_range=""/>
      <scalar name="MOTCTRLMGR_MotCtrlTSG31CMPVE" comment="" line="31" base_type="uint32" attributes="extern" complete_type="uint32" init_mode="PERMANENT" init_modes_allowed="6" init_range="0..262143" global_assert="NO" assert_range=""/>
      <scalar name="MOTCTRLMGR_MotCtrlTSG31CMPWE" comment="" line="32" base_type="uint32" attributes="extern" complete_type="uint32" init_mode="PERMANENT" init_modes_allowed="6" init_range="0..262143" global_assert="NO" assert_range=""/>
      <scalar name="MOTCTRLMGR_MotCtrlTSG31DCMP0E" comment="" line="29" base_type="uint32" attributes="extern" complete_type="uint32" init_mode="PERMANENT" init_modes_allowed="6" init_range="0..262143" global_assert="NO" assert_range=""/>
   </file>
   <file name="E:\\EA4NewTemplate\\CM475A_TSG31CfgAndUse_Impl\\tools\\local\\include\\ElecGlbPrm.h" comment="">
      <scalar name="ELECGLBPRM_MOTCTRLINTRPTTRIGSRC_CNT_U08" comment="" line="16" base_type="uint8" attributes="extern" complete_type="uint8" init_mode="INIT" init_modes_allowed="6" init_range="min..max" global_assert="NO" assert_range=""/>
   </file>
   <function name="atan2f" comment="" main_generator_called="MAIN_GENERATOR" non_applicable="1">
      <scalar name="return" comment="" init_mode="PERMANENT" init_range="-3.1412..3.1412" global_assert="NO" assert_range="min..max" non_applicable="1"/>
   </function>
   <function name="cosf" comment="" main_generator_called="MAIN_GENERATOR" non_applicable="1">
      <scalar name="return" comment="" init_mode="PERMANENT" init_range="-1..1" global_assert="NO" assert_range="min..max" non_applicable="1"/>
   </function>
   <function name="expf" comment="" main_generator_called="MAIN_GENERATOR" non_applicable="1">
      <scalar name="return" comment="" init_mode="PERMANENT" init_range="0..max" global_assert="NO" assert_range="min..max" non_applicable="1"/>
   </function>
   <function name="fmodf" comment="" main_generator_called="MAIN_GENERATOR" non_applicable="1">
      <scalar name="return" comment="" init_mode="PERMANENT" init_range="0..max" global_assert="NO" assert_range="min..max" non_applicable="1"/>
   </function>
   <function name="sinf" comment="" main_generator_called="MAIN_GENERATOR" non_applicable="1">
      <scalar name="return" comment="" init_mode="PERMANENT" init_range="-1..1" global_assert="NO" assert_range="min..max" non_applicable="1"/>
   </function>
   <function name="sqrtf" comment="" main_generator_called="MAIN_GENERATOR" non_applicable="1">
      <scalar name="return" comment="" init_mode="PERMANENT" init_range="0..max" global_assert="NO" assert_range="min..max" non_applicable="1"/>
   </function>
</global>
