<?xml version="1.0" encoding="UTF-8"?>

<MISRA-C-Report version="1.3">


<CodeStruct Name="" File="C:\_Synergy_Projects\Working\ses_dev_ea4\MM530A_BmwMsgSlot315Bas0Repn1BusFrChA_Impl\src\BmwMsgSlot315Bas0Repn1BusFrChA.c" Line="0" Column="0">

<Rule Name="5.1" Mode="required" Report="warning" Id="1">
<Loc File="C:\_Synergy_Projects\Working\ses_dev_ea4\MM530A_BmwMsgSlot315Bas0Repn1BusFrChA_Impl\src\BmwMsgSlot315Bas0Repn1BusFrChA.c" Line="211" Column="5">
</Loc>
<Message>
Identifiers "BmwMsgSlot315Bas0Repn1BusFrChA_Init1" (BmwMsgSlot315Bas0Repn1BusFrChA.c line 211 column 5) and "BmwMsgSlot315Bas0Repn1BusFrChA_START_SEC_CODE" (BmwMsgSlot315Bas0Repn1BusFrChA.c line 189 column 8) have the same first 31 characters.
</Message>
</Rule>

<Rule Name="5.1" Mode="required" Report="warning" Id="2">
<Loc File="C:\_Synergy_Projects\Working\ses_dev_ea4\MM530A_BmwMsgSlot315Bas0Repn1BusFrChA_Impl\src\BmwMsgSlot315Bas0Repn1BusFrChA.c" Line="287" Column="0">
</Loc>
<Message>
Identifier 'BmwMsgSlot315Bas0Repn1BusFrChA_Per1' should not rely on the significance of more than 31 characters.
(Other identifier : 'BmwMsgSlot315Bas0Repn1BusFrChA_Init1')
</Message>
</Rule>

<Rule Name="5.1" Mode="required" Report="warning" Id="3">
<Loc File="C:\_Synergy_Projects\Working\ses_dev_ea4\MM530A_BmwMsgSlot315Bas0Repn1BusFrChA_Impl\src\BmwMsgSlot315Bas0Repn1BusFrChA.c" Line="287" Column="5">
</Loc>
<Message>
Identifiers "BmwMsgSlot315Bas0Repn1BusFrChA_Init1" (BmwMsgSlot315Bas0Repn1BusFrChA.c line 211 column 5) and "BmwMsgSlot315Bas0Repn1BusFrChA_Per1" (BmwMsgSlot315Bas0Repn1BusFrChA.c line 287 column 5) have the same first 31 characters.
Identifiers "BmwMsgSlot315Bas0Repn1BusFrChA_Per1" (BmwMsgSlot315Bas0Repn1BusFrChA.c line 287 column 5) and "BmwMsgSlot315Bas0Repn1BusFrChA_START_SEC_CODE" (BmwMsgSlot315Bas0Repn1BusFrChA.c line 189 column 8) have the same first 31 characters.
</Message>
</Rule>

<Rule Name="5.1" Mode="required" Report="warning" Id="4">
<Loc File="C:\_Synergy_Projects\Working\ses_dev_ea4\MM530A_BmwMsgSlot315Bas0Repn1BusFrChA_Impl\src\BmwMsgSlot315Bas0Repn1BusFrChA.c" Line="439" Column="8">
</Loc>
<Message>
Identifiers "BmwMsgSlot315Bas0Repn1BusFrChA_Per1" (BmwMsgSlot315Bas0Repn1BusFrChA.c line 287 column 5) and "BmwMsgSlot315Bas0Repn1BusFrChA_STOP_SEC_CODE" (BmwMsgSlot315Bas0Repn1BusFrChA.c line 439 column 8) have the same first 31 characters.
Identifiers "BmwMsgSlot315Bas0Repn1BusFrChA_START_SEC_CODE" (BmwMsgSlot315Bas0Repn1BusFrChA.c line 189 column 8) and "BmwMsgSlot315Bas0Repn1BusFrChA_STOP_SEC_CODE" (BmwMsgSlot315Bas0Repn1BusFrChA.c line 439 column 8) have the same first 33 characters.
Identifiers "BmwMsgSlot315Bas0Repn1BusFrChA_Init1" (BmwMsgSlot315Bas0Repn1BusFrChA.c line 211 column 5) and "BmwMsgSlot315Bas0Repn1BusFrChA_STOP_SEC_CODE" (BmwMsgSlot315Bas0Repn1BusFrChA.c line 439 column 8) have the same first 31 characters.
</Message>
</Rule>

<Rule Name="19.1" Mode="advisory" Report="warning" Id="5">
<Loc File="C:\_Synergy_Projects\Working\ses_dev_ea4\MM530A_BmwMsgSlot315Bas0Repn1BusFrChA_Impl\src\BmwMsgSlot315Bas0Repn1BusFrChA.c" Line="440" Column="0">
</Loc>
<Message>
#include statements in a file shall only be preceded by other preprocessor directives or comments.
</Message>
</Rule>

</CodeStruct>

<CodeStruct Name="BmwMsgSlot315Bas0Repn1BusFrChA_Per1" File="C:\_Synergy_Projects\Working\ses_dev_ea4\MM530A_BmwMsgSlot315Bas0Repn1BusFrChA_Impl\src\BmwMsgSlot315Bas0Repn1BusFrChA.c" Line="287" Column="5">

<Rule Name="21.1" Mode="required" Report="warning" Id="6">
<Loc File="C:\_Synergy_Projects\Working\ses_dev_ea4\MM530A_BmwMsgSlot315Bas0Repn1BusFrChA_Impl\src\BmwMsgSlot315Bas0Repn1BusFrChA.c" Line="336" Column="8">
</Loc>
<Message>
Minimisation of run-time failures.
</Message>
</Rule>

<Rule Name="21.1" Mode="required" Report="warning" Id="7">
<Loc File="C:\_Synergy_Projects\Working\ses_dev_ea4\MM530A_BmwMsgSlot315Bas0Repn1BusFrChA_Impl\src\BmwMsgSlot315Bas0Repn1BusFrChA.c" Line="336" Column="49">
</Loc>
<Message>
Minimisation of run-time failures.
</Message>
</Rule>

<Rule Name="9.1" Mode="required" Report="warning" Id="8">
<Loc File="C:\_Synergy_Projects\Working\ses_dev_ea4\MM530A_BmwMsgSlot315Bas0Repn1BusFrChA_Impl\src\BmwMsgSlot315Bas0Repn1BusFrChA.c" Line="358" Column="49">
</Loc>
<Message>
All automatic variables shall have been assigned a value before being used.
</Message>
</Rule>

<Rule Name="9.1" Mode="required" Report="warning" Id="9">
<Loc File="C:\_Synergy_Projects\Working\ses_dev_ea4\MM530A_BmwMsgSlot315Bas0Repn1BusFrChA_Impl\src\BmwMsgSlot315Bas0Repn1BusFrChA.c" Line="360" Column="35">
</Loc>
<Message>
All automatic variables shall have been assigned a value before being used.
</Message>
</Rule>

<Rule Name="9.1" Mode="required" Report="warning" Id="10">
<Loc File="C:\_Synergy_Projects\Working\ses_dev_ea4\MM530A_BmwMsgSlot315Bas0Repn1BusFrChA_Impl\src\BmwMsgSlot315Bas0Repn1BusFrChA.c" Line="364" Column="38">
</Loc>
<Message>
All automatic variables shall have been assigned a value before being used.
</Message>
</Rule>

<Rule Name="9.1" Mode="required" Report="warning" Id="11">
<Loc File="C:\_Synergy_Projects\Working\ses_dev_ea4\MM530A_BmwMsgSlot315Bas0Repn1BusFrChA_Impl\src\BmwMsgSlot315Bas0Repn1BusFrChA.c" Line="368" Column="54">
</Loc>
<Message>
All automatic variables shall have been assigned a value before being used.
</Message>
</Rule>

<Rule Name="9.1" Mode="required" Report="warning" Id="12">
<Loc File="C:\_Synergy_Projects\Working\ses_dev_ea4\MM530A_BmwMsgSlot315Bas0Repn1BusFrChA_Impl\src\BmwMsgSlot315Bas0Repn1BusFrChA.c" Line="372" Column="47">
</Loc>
<Message>
All automatic variables shall have been assigned a value before being used.
</Message>
</Rule>

<Rule Name="9.1" Mode="required" Report="warning" Id="13">
<Loc File="C:\_Synergy_Projects\Working\ses_dev_ea4\MM530A_BmwMsgSlot315Bas0Repn1BusFrChA_Impl\src\BmwMsgSlot315Bas0Repn1BusFrChA.c" Line="376" Column="50">
</Loc>
<Message>
All automatic variables shall have been assigned a value before being used.
</Message>
</Rule>

<Rule Name="9.1" Mode="required" Report="warning" Id="14">
<Loc File="C:\_Synergy_Projects\Working\ses_dev_ea4\MM530A_BmwMsgSlot315Bas0Repn1BusFrChA_Impl\src\BmwMsgSlot315Bas0Repn1BusFrChA.c" Line="380" Column="41">
</Loc>
<Message>
All automatic variables shall have been assigned a value before being used.
</Message>
</Rule>

<Rule Name="9.1" Mode="required" Report="warning" Id="15">
<Loc File="C:\_Synergy_Projects\Working\ses_dev_ea4\MM530A_BmwMsgSlot315Bas0Repn1BusFrChA_Impl\src\BmwMsgSlot315Bas0Repn1BusFrChA.c" Line="384" Column="41">
</Loc>
<Message>
All automatic variables shall have been assigned a value before being used.
</Message>
</Rule>

<Rule Name="9.1" Mode="required" Report="warning" Id="16">
<Loc File="C:\_Synergy_Projects\Working\ses_dev_ea4\MM530A_BmwMsgSlot315Bas0Repn1BusFrChA_Impl\src\BmwMsgSlot315Bas0Repn1BusFrChA.c" Line="388" Column="41">
</Loc>
<Message>
All automatic variables shall have been assigned a value before being used.
</Message>
</Rule>

<Rule Name="9.1" Mode="required" Report="warning" Id="17">
<Loc File="C:\_Synergy_Projects\Working\ses_dev_ea4\MM530A_BmwMsgSlot315Bas0Repn1BusFrChA_Impl\src\BmwMsgSlot315Bas0Repn1BusFrChA.c" Line="392" Column="40">
</Loc>
<Message>
All automatic variables shall have been assigned a value before being used.
</Message>
</Rule>

<Rule Name="9.1" Mode="required" Report="warning" Id="18">
<Loc File="C:\_Synergy_Projects\Working\ses_dev_ea4\MM530A_BmwMsgSlot315Bas0Repn1BusFrChA_Impl\src\BmwMsgSlot315Bas0Repn1BusFrChA.c" Line="396" Column="40">
</Loc>
<Message>
All automatic variables shall have been assigned a value before being used.
</Message>
</Rule>

<Rule Name="9.1" Mode="required" Report="warning" Id="19">
<Loc File="C:\_Synergy_Projects\Working\ses_dev_ea4\MM530A_BmwMsgSlot315Bas0Repn1BusFrChA_Impl\src\BmwMsgSlot315Bas0Repn1BusFrChA.c" Line="400" Column="41">
</Loc>
<Message>
All automatic variables shall have been assigned a value before being used.
</Message>
</Rule>

<Rule Name="9.1" Mode="required" Report="warning" Id="20">
<Loc File="C:\_Synergy_Projects\Working\ses_dev_ea4\MM530A_BmwMsgSlot315Bas0Repn1BusFrChA_Impl\src\BmwMsgSlot315Bas0Repn1BusFrChA.c" Line="404" Column="49">
</Loc>
<Message>
All automatic variables shall have been assigned a value before being used.
</Message>
</Rule>

<Rule Name="9.1" Mode="required" Report="warning" Id="21">
<Loc File="C:\_Synergy_Projects\Working\ses_dev_ea4\MM530A_BmwMsgSlot315Bas0Repn1BusFrChA_Impl\src\BmwMsgSlot315Bas0Repn1BusFrChA.c" Line="423" Column="89">
</Loc>
<Message>
All automatic variables shall have been assigned a value before being used.
</Message>
</Rule>

</CodeStruct>

<CodeStruct Name="BmwMsgSlot315Bas0Repn1BusFrChA_Init1" File="C:\_Synergy_Projects\Working\ses_dev_ea4\MM530A_BmwMsgSlot315Bas0Repn1BusFrChA_Impl\src\BmwMsgSlot315Bas0Repn1BusFrChA.c" Line="211" Column="5">

<Rule Name="21.1" Mode="required" Report="warning" Id="22">
<Loc File="C:\_Synergy_Projects\Working\ses_dev_ea4\MM530A_BmwMsgSlot315Bas0Repn1BusFrChA_Impl\src\BmwMsgSlot315Bas0Repn1BusFrChA.c" Line="219" Column="4">
</Loc>
<Message>
Minimisation of run-time failures.
</Message>
</Rule>

<Rule Name="21.1" Mode="required" Report="warning" Id="23">
<Loc File="C:\_Synergy_Projects\Working\ses_dev_ea4\MM530A_BmwMsgSlot315Bas0Repn1BusFrChA_Impl\src\BmwMsgSlot315Bas0Repn1BusFrChA.c" Line="219" Column="45">
</Loc>
<Message>
Minimisation of run-time failures.
</Message>
</Rule>

</CodeStruct>

</MISRA-C-Report>
