<?xml version="1.0" encoding="UTF-8"?>
<MISRA-C-Report-Summary>
<File Mode="advisory" Error="0" Warning="2" Total="2">
<Name>
C:\_S\work\ses_dev_ea4\SF073A_ClsdLoopHys_Impl-z172399\SF073A_ClsdLoopHys_Impl\src\ClsdLoopHys.c</Name>
</File>
<File Mode="required" Error="0" Warning="17" Total="17">
<Name>
C:\_S\work\ses_dev_ea4\SF073A_ClsdLoopHys_Impl-z172399\SF073A_ClsdLoopHys_Impl\src\ClsdLoopHys.c</Name>
</File>
<Rule Name="11.5" Count="16" Mode="required" Severity="warning">
<Message>
A cast shall not be performed that removes any const or volatile qualification</Message>
</Rule>
<Rule Name="19.1" Count="2" Mode="advisory" Severity="warning">
<Message>
#include statements in a file shall only be preceded by other preprocessor directives or comments.</Message>
</Rule>
<Rule Name="5.1" Count="1" Mode="required" Severity="warning">
<Message>
Identifiers "ResClsdLoopHysSysFricOffsLimY_HwNwtMtr_T_u4p12" (ClsdLoopHys.c line ...</Message>
</Rule>
</MISRA-C-Report-Summary>
