<?xml version="1.0" encoding="UTF-8"?>
<MISRA-C-Report-Summary>
<File Mode="advisory" Error="0" Warning="2" Total="2">
<Name>
C:\_S\work\ses_dev_ea4\CF045A_BmwSplyCurrLim_Impl-z172399\CF045A_BmwSplyCurrLim_Impl\src\BmwSplyCurrLim.c</Name>
</File>
<File Mode="required" Error="0" Warning="20" Total="20">
<Name>
C:\_S\work\ses_dev_ea4\CF045A_BmwSplyCurrLim_Impl-z172399\CF045A_BmwSplyCurrLim_Impl\src\BmwSplyCurrLim.c</Name>
</File>
<Rule Name="11.5" Count="20" Mode="required" Severity="warning">
<Message>
A cast shall not be performed that removes any const or volatile qualification</Message>
</Rule>
<Rule Name="19.1" Count="2" Mode="advisory" Severity="warning">
<Message>
#include statements in a file shall only be preceded by other preprocessor directives or comments.</Message>
</Rule>
</MISRA-C-Report-Summary>
