<?xml version="1.0" encoding="UTF-8"?>

<project name="Polyspace" files="3" includes="32" ap_cg_cycle="0" ap_cg_direct_cycle="0" pshv="0" unpshv="0">
<file name="C:\Component\Working\CM640B_MotAg1Meas_Impl\tools\local\generate\Rte_Stubs.c" total_lines="107" lines_without_cmt="76" comf="6" fco="-7">
<function name="Rte_Stub" path="1" goto="0" vg="1" calling="0" calls="5" param="0" stmt="5" level="1" return="0" vocf="2.1" flin="5" fxln="5" ncalls="5">
</function>
<function name="Rte_Call_CDD_MotAg1Meas_SetNtcStsAndSnpshtData_Oper" path="1" goto="0" vg="1" calling="1" calls="0" param="7" stmt="8" level="1" return="1" vocf="1.9" flin="8" fxln="8" ncalls="0">
</function>
<function name="Rte_Call_CDD_MotAg1Meas_MotAg1CoeffTbl_SetRamBlockStatus" path="1" goto="0" vg="1" calling="1" calls="0" param="1" stmt="2" level="1" return="1" vocf="1.2" flin="2" fxln="2" ncalls="0">
</function>
<function name="Rte_Call_CDD_MotAg1Meas_MotAg1CoeffTbl_GetErrorStatus" path="1" goto="0" vg="1" calling="1" calls="0" param="1" stmt="2" level="1" return="1" vocf="1.2" flin="2" fxln="2" ncalls="0">
</function>
<function name="Rte_Call_CDD_MotAg1Meas_IoHwAb_SetGpioMotAg1Mosi_Oper" path="1" goto="0" vg="1" calling="1" calls="0" param="1" stmt="2" level="1" return="1" vocf="1.2" flin="2" fxln="2" ncalls="0">
</function>
<function name="Rte_Call_CDD_MotAg1Meas_IoHwAb_SetGpioMotAg1Cs_Oper" path="1" goto="0" vg="1" calling="1" calls="0" param="1" stmt="2" level="1" return="1" vocf="1.2" flin="2" fxln="2" ncalls="0">
</function>
<function name="Rte_Call_CDD_MotAg1Meas_IoHwAb_SetGpioMotAg1Clk_Oper" path="1" goto="0" vg="1" calling="1" calls="0" param="1" stmt="2" level="1" return="1" vocf="1.2" flin="2" fxln="2" ncalls="0">
</function>
<function name="Rte_Call_CDD_MotAg1Meas_IoHwAb_SetFctGpioMotAg1Mosi_Oper" path="1" goto="0" vg="1" calling="1" calls="0" param="0" stmt="1" level="1" return="1" vocf="1.0" flin="1" fxln="1" ncalls="0">
</function>
<function name="Rte_Call_CDD_MotAg1Meas_IoHwAb_SetFctGpioMotAg1Cs_Oper" path="1" goto="0" vg="1" calling="1" calls="0" param="0" stmt="1" level="1" return="1" vocf="1.0" flin="1" fxln="1" ncalls="0">
</function>
<function name="Rte_Call_CDD_MotAg1Meas_IoHwAb_SetFctGpioMotAg1Clk_Oper" path="1" goto="0" vg="1" calling="1" calls="0" param="0" stmt="1" level="1" return="1" vocf="1.0" flin="1" fxln="1" ncalls="0">
</function>
<function name="Rte_Call_CDD_MotAg1Meas_GetNtcQlfrSts_Oper" path="1" goto="0" vg="1" calling="1" calls="0" param="2" stmt="3" level="1" return="1" vocf="1.3" flin="3" fxln="3" ncalls="0">
</function>
<function name="Rte_Call_CDD_MotAg1Meas_CnvSnpshtData_u16_Oper" path="1" goto="0" vg="1" calling="1" calls="0" param="2" stmt="3" level="1" return="1" vocf="1.5" flin="3" fxln="3" ncalls="0">
</function>
<function name="Rte_Call_CDD_MotAg1Meas_CnvSnpshtData_s16_Oper" path="1" goto="0" vg="1" calling="1" calls="0" param="2" stmt="3" level="1" return="1" vocf="1.5" flin="3" fxln="3" ncalls="0">
</function>
<function name="fabsf" path="2" goto="0" vg="2" calling="2" calls="0" param="1" stmt="3" level="1" return="1" vocf="2.3" flin="0" fxln="0" ncalls="0">
</function>
</file>
<file name="C:\Component\Working\CM640B_MotAg1Meas_Impl\src\CDD_MotAg1Meas_MotCtrl.c" total_lines="306" lines_without_cmt="164" comf="33" fco="11">
<function name="CompensateMechMtrPos" path="1" goto="0" vg="1" calling="1" calls="0" param="1" stmt="10" level="1" return="1" vocf="4.8" flin="28" fxln="12" ncalls="0">
</function>
<function name="SPI_AngleRawProcess" path="8" goto="0" vg="5" calling="1" calls="0" param="1" stmt="19" level="1" return="0" vocf="3.9" flin="48" fxln="21" ncalls="0">
</function>
<function name="MotAg1CfgLoPwrMod" path="2" goto="0" vg="2" calling="0" calls="8" param="0" stmt="11" level="1" return="0" vocf="3.3" flin="19" fxln="10" ncalls="8">
</function>
<function name="MotAg1MeasPer1" path="8" goto="0" vg="4" calling="1" calls="4" param="0" stmt="31" level="1" return="0" vocf="5.5" flin="84" fxln="42" ncalls="6">
</function>
<function name="SinLookup" path="8" goto="0" vg="4" calling="0" calls="0" param="1" stmt="14" level="1" return="1" vocf="3.6" flin="0" fxln="0" ncalls="0">
</function>
<function name="SinCos_f32" path="16" goto="0" vg="17" calling="1" calls="0" param="3" stmt="56" level="1" return="0" vocf="10.9" flin="0" fxln="0" ncalls="0">
</function>
<function name="Mod_f32" path="1" goto="0" vg="1" calling="0" calls="1" param="2" stmt="1" level="1" return="1" vocf="1.7" flin="0" fxln="0" ncalls="1">
</function>
<function name="Sqrt_f32" path="1" goto="0" vg="1" calling="0" calls="1" param="1" stmt="1" level="1" return="1" vocf="1.5" flin="0" fxln="0" ncalls="1">
</function>
<function name="Exp_f32" path="1" goto="0" vg="1" calling="0" calls="1" param="1" stmt="1" level="1" return="1" vocf="1.5" flin="0" fxln="0" ncalls="1">
</function>
<function name="Cos_f32" path="1" goto="0" vg="1" calling="0" calls="1" param="1" stmt="1" level="1" return="1" vocf="1.5" flin="0" fxln="0" ncalls="1">
</function>
<function name="Sin_f32" path="1" goto="0" vg="1" calling="0" calls="1" param="1" stmt="1" level="1" return="1" vocf="1.5" flin="0" fxln="0" ncalls="1">
</function>
<function name="Arctan2_f32" path="1" goto="0" vg="1" calling="0" calls="1" param="2" stmt="1" level="1" return="1" vocf="1.7" flin="0" fxln="0" ncalls="1">
</function>
<function name="Lim_f32" path="1" goto="0" vg="3" calling="1" calls="0" param="3" stmt="1" level="1" return="1" vocf="3.1" flin="0" fxln="0" ncalls="0">
</function>
<function name="Lim_u32" path="1" goto="0" vg="3" calling="1" calls="0" param="3" stmt="1" level="1" return="1" vocf="3.1" flin="0" fxln="0" ncalls="0">
</function>
<function name="Lim_s32" path="1" goto="0" vg="3" calling="0" calls="0" param="3" stmt="1" level="1" return="1" vocf="3.1" flin="0" fxln="0" ncalls="0">
</function>
<function name="Lim_u16" path="1" goto="0" vg="3" calling="0" calls="0" param="3" stmt="1" level="1" return="1" vocf="3.1" flin="0" fxln="0" ncalls="0">
</function>
<function name="Lim_s16" path="1" goto="0" vg="3" calling="0" calls="0" param="3" stmt="1" level="1" return="1" vocf="3.1" flin="0" fxln="0" ncalls="0">
</function>
<function name="Lim_u08" path="1" goto="0" vg="3" calling="0" calls="0" param="3" stmt="1" level="1" return="1" vocf="3.1" flin="0" fxln="0" ncalls="0">
</function>
<function name="Lim_s08" path="1" goto="0" vg="3" calling="0" calls="0" param="3" stmt="1" level="1" return="1" vocf="3.1" flin="0" fxln="0" ncalls="0">
</function>
<function name="Max_f32" path="1" goto="0" vg="2" calling="0" calls="0" param="2" stmt="1" level="1" return="1" vocf="2.2" flin="0" fxln="0" ncalls="0">
</function>
<function name="Max_u32" path="1" goto="0" vg="2" calling="0" calls="0" param="2" stmt="1" level="1" return="1" vocf="2.2" flin="0" fxln="0" ncalls="0">
</function>
<function name="Max_s32" path="1" goto="0" vg="2" calling="0" calls="0" param="2" stmt="1" level="1" return="1" vocf="2.2" flin="0" fxln="0" ncalls="0">
</function>
<function name="Max_u16" path="1" goto="0" vg="2" calling="0" calls="0" param="2" stmt="1" level="1" return="1" vocf="2.2" flin="0" fxln="0" ncalls="0">
</function>
<function name="Max_s16" path="1" goto="0" vg="2" calling="0" calls="0" param="2" stmt="1" level="1" return="1" vocf="2.2" flin="0" fxln="0" ncalls="0">
</function>
<function name="Max_u08" path="1" goto="0" vg="2" calling="1" calls="0" param="2" stmt="1" level="1" return="1" vocf="2.2" flin="0" fxln="0" ncalls="0">
</function>
<function name="Max_s08" path="1" goto="0" vg="2" calling="0" calls="0" param="2" stmt="1" level="1" return="1" vocf="2.2" flin="0" fxln="0" ncalls="0">
</function>
<function name="Min_f32" path="1" goto="0" vg="2" calling="0" calls="0" param="2" stmt="1" level="1" return="1" vocf="2.2" flin="0" fxln="0" ncalls="0">
</function>
<function name="Min_u32" path="1" goto="0" vg="2" calling="0" calls="0" param="2" stmt="1" level="1" return="1" vocf="2.2" flin="0" fxln="0" ncalls="0">
</function>
<function name="Min_s32" path="1" goto="0" vg="2" calling="0" calls="0" param="2" stmt="1" level="1" return="1" vocf="2.2" flin="0" fxln="0" ncalls="0">
</function>
<function name="Min_u16" path="1" goto="0" vg="2" calling="0" calls="0" param="2" stmt="1" level="1" return="1" vocf="2.2" flin="0" fxln="0" ncalls="0">
</function>
<function name="Min_s16" path="1" goto="0" vg="2" calling="0" calls="0" param="2" stmt="1" level="1" return="1" vocf="2.2" flin="0" fxln="0" ncalls="0">
</function>
<function name="Min_u08" path="1" goto="0" vg="2" calling="0" calls="0" param="2" stmt="1" level="1" return="1" vocf="2.2" flin="0" fxln="0" ncalls="0">
</function>
<function name="Min_s08" path="1" goto="0" vg="2" calling="0" calls="0" param="2" stmt="1" level="1" return="1" vocf="2.2" flin="0" fxln="0" ncalls="0">
</function>
<function name="Sign_s08_f32" path="1" goto="0" vg="2" calling="0" calls="0" param="1" stmt="1" level="1" return="1" vocf="2.2" flin="0" fxln="0" ncalls="0">
</function>
<function name="Sign_s08_s32" path="1" goto="0" vg="2" calling="0" calls="0" param="1" stmt="1" level="1" return="1" vocf="2.2" flin="0" fxln="0" ncalls="0">
</function>
<function name="Sign_s08_s16" path="1" goto="0" vg="2" calling="0" calls="0" param="1" stmt="1" level="1" return="1" vocf="2.2" flin="0" fxln="0" ncalls="0">
</function>
<function name="Sign_s08_s08" path="1" goto="0" vg="2" calling="0" calls="0" param="1" stmt="1" level="1" return="1" vocf="2.3" flin="0" fxln="0" ncalls="0">
</function>
<function name="Abslt_f32_f32" path="1" goto="0" vg="1" calling="1" calls="1" param="1" stmt="1" level="1" return="1" vocf="1.5" flin="0" fxln="0" ncalls="1">
</function>
<function name="Abslt_u32_s32" path="1" goto="0" vg="2" calling="1" calls="0" param="1" stmt="1" level="1" return="1" vocf="2.8" flin="0" fxln="0" ncalls="0">
</function>
<function name="Abslt_u16_s16" path="1" goto="0" vg="2" calling="0" calls="0" param="1" stmt="1" level="1" return="1" vocf="2.8" flin="0" fxln="0" ncalls="0">
</function>
<function name="Abslt_u08_s08" path="1" goto="0" vg="2" calling="0" calls="0" param="1" stmt="1" level="1" return="1" vocf="2.8" flin="0" fxln="0" ncalls="0">
</function>
<function name="Blnd_f32" path="1" goto="0" vg="1" calling="0" calls="0" param="3" stmt="1" level="1" return="1" vocf="6.0" flin="0" fxln="0" ncalls="0">
</function>
<function name="fabsf" path="2" goto="0" vg="2" calling="2" calls="0" param="1" stmt="3" level="1" return="1" vocf="2.3" flin="0" fxln="0" ncalls="0">
</function>
</file>
<file name="C:\Component\Working\CM640B_MotAg1Meas_Impl\src\CDD_MotAg1Meas.c" total_lines="1880" lines_without_cmt="592" comf="43" fco="21">
<function name="CalcCorrnTbl" path="111" goto="0" vg="12" calling="1" calls="3" param="0" stmt="36" level="4" return="0" vocf="9.7" flin="140" fxln="48" ncalls="6">
</function>
<function name="CalculateMotAgTurnCntr" path="2" goto="0" vg="2" calling="1" calls="1" param="3" stmt="8" level="1" return="1" vocf="3.5" flin="18" fxln="8" ncalls="1">
</function>
<function name="SetMotAg1FltNtc" path="8" goto="0" vg="4" calling="1" calls="3" param="6" stmt="12" level="1" return="0" vocf="6.6" flin="80" fxln="57" ncalls="9">
</function>
<function name="CalcNtcPrm" path="256" goto="0" vg="12" calling="1" calls="0" param="8" stmt="25" level="1" return="0" vocf="7.8" flin="63" fxln="25" ncalls="0">
</function>
<function name="MotAgFaultProcessing" path="4" goto="0" vg="4" calling="1" calls="4" param="12" stmt="13" level="1" return="0" vocf="4.3" flin="49" fxln="27" ncalls="6">
</function>
<function name="SPIvsENCA" path="4" goto="0" vg="3" calling="1" calls="1" param="2" stmt="8" level="1" return="1" vocf="3.6" flin="22" fxln="9" ncalls="2">
</function>
<function name="ProcessErrorRegAndDieRevCtr" path="2" goto="0" vg="3" calling="1" calls="0" param="8" stmt="20" level="1" return="0" vocf="4.3" flin="42" fxln="21" ncalls="0">
</function>
<function name="MotAg1MeasPer2" path="1" goto="0" vg="1" calling="1" calls="4" param="0" stmt="17" level="1" return="0" vocf="5.3" flin="88" fxln="42" ncalls="4">
</function>
<function name="MotAg1MeasInit1" path="2" goto="0" vg="2" calling="1" calls="2" param="0" stmt="29" level="1" return="0" vocf="11.0" flin="130" fxln="79" ncalls="2">
</function>
<function name="MotAg1CoeffTblWr_Oper" path="2" goto="0" vg="2" calling="1" calls="1" param="1" stmt="3" level="1" return="0" vocf="4.0" flin="17" fxln="3" ncalls="1">
</function>
<function name="MotAg1CoeffTblRead_Oper" path="2" goto="0" vg="2" calling="1" calls="0" param="1" stmt="2" level="1" return="0" vocf="4.1" flin="15" fxln="2" ncalls="0">
</function>
<function name="FixdToFloat_f32_u32" path="1" goto="0" vg="1" calling="0" calls="0" param="2" stmt="1" level="1" return="1" vocf="1.9" flin="0" fxln="0" ncalls="0">
</function>
<function name="FixdToFloat_f32_u16" path="1" goto="0" vg="1" calling="0" calls="0" param="2" stmt="1" level="1" return="1" vocf="1.9" flin="0" fxln="0" ncalls="0">
</function>
<function name="FixdToFloat_f32_s32" path="1" goto="0" vg="1" calling="0" calls="0" param="2" stmt="1" level="1" return="1" vocf="1.9" flin="0" fxln="0" ncalls="0">
</function>
<function name="FixdToFloat_f32_s16" path="1" goto="0" vg="1" calling="0" calls="0" param="2" stmt="1" level="1" return="1" vocf="1.9" flin="0" fxln="0" ncalls="0">
</function>
<function name="FloatToFixd_u32_f32" path="1" goto="0" vg="1" calling="0" calls="0" param="2" stmt="1" level="1" return="1" vocf="2.1" flin="0" fxln="0" ncalls="0">
</function>
<function name="FloatToFixd_u16_f32" path="1" goto="0" vg="1" calling="0" calls="0" param="2" stmt="1" level="1" return="1" vocf="2.0" flin="0" fxln="0" ncalls="0">
</function>
<function name="FloatToFixd_s32_f32" path="1" goto="0" vg="1" calling="0" calls="0" param="2" stmt="1" level="1" return="1" vocf="1.9" flin="0" fxln="0" ncalls="0">
</function>
<function name="FloatToFixd_s16_f32" path="1" goto="0" vg="1" calling="1" calls="0" param="2" stmt="1" level="1" return="1" vocf="2.0" flin="0" fxln="0" ncalls="0">
</function>
<function name="FloatToFixdWithRound_u32_f32" path="1" goto="0" vg="1" calling="0" calls="0" param="2" stmt="1" level="1" return="1" vocf="1.9" flin="0" fxln="0" ncalls="0">
</function>
<function name="FloatToFixdWithRound_u16_f32" path="1" goto="0" vg="1" calling="0" calls="0" param="2" stmt="1" level="1" return="1" vocf="2.0" flin="0" fxln="0" ncalls="0">
</function>
<function name="FloatToFixdWithRound_s32_f32" path="1" goto="0" vg="2" calling="0" calls="0" param="2" stmt="1" level="1" return="1" vocf="2.8" flin="0" fxln="0" ncalls="0">
</function>
<function name="FloatToFixdWithRound_s16_f32" path="1" goto="0" vg="2" calling="0" calls="0" param="2" stmt="1" level="1" return="1" vocf="5.6" flin="0" fxln="0" ncalls="0">
</function>
<function name="SinLookup" path="8" goto="0" vg="4" calling="0" calls="0" param="1" stmt="14" level="1" return="1" vocf="3.6" flin="0" fxln="0" ncalls="0">
</function>
<function name="SinCos_f32" path="16" goto="0" vg="17" calling="1" calls="0" param="3" stmt="56" level="1" return="0" vocf="10.9" flin="0" fxln="0" ncalls="0">
</function>
<function name="Mod_f32" path="1" goto="0" vg="1" calling="0" calls="1" param="2" stmt="1" level="1" return="1" vocf="1.7" flin="0" fxln="0" ncalls="1">
</function>
<function name="Sqrt_f32" path="1" goto="0" vg="1" calling="0" calls="1" param="1" stmt="1" level="1" return="1" vocf="1.5" flin="0" fxln="0" ncalls="1">
</function>
<function name="Exp_f32" path="1" goto="0" vg="1" calling="0" calls="1" param="1" stmt="1" level="1" return="1" vocf="1.5" flin="0" fxln="0" ncalls="1">
</function>
<function name="Cos_f32" path="1" goto="0" vg="1" calling="0" calls="1" param="1" stmt="1" level="1" return="1" vocf="1.5" flin="0" fxln="0" ncalls="1">
</function>
<function name="Sin_f32" path="1" goto="0" vg="1" calling="0" calls="1" param="1" stmt="1" level="1" return="1" vocf="1.5" flin="0" fxln="0" ncalls="1">
</function>
<function name="Arctan2_f32" path="1" goto="0" vg="1" calling="0" calls="1" param="2" stmt="1" level="1" return="1" vocf="1.7" flin="0" fxln="0" ncalls="1">
</function>
<function name="Lim_f32" path="1" goto="0" vg="3" calling="1" calls="0" param="3" stmt="1" level="1" return="1" vocf="3.1" flin="0" fxln="0" ncalls="0">
</function>
<function name="Lim_u32" path="1" goto="0" vg="3" calling="1" calls="0" param="3" stmt="1" level="1" return="1" vocf="3.1" flin="0" fxln="0" ncalls="0">
</function>
<function name="Lim_s32" path="1" goto="0" vg="3" calling="0" calls="0" param="3" stmt="1" level="1" return="1" vocf="3.1" flin="0" fxln="0" ncalls="0">
</function>
<function name="Lim_u16" path="1" goto="0" vg="3" calling="0" calls="0" param="3" stmt="1" level="1" return="1" vocf="3.1" flin="0" fxln="0" ncalls="0">
</function>
<function name="Lim_s16" path="1" goto="0" vg="3" calling="0" calls="0" param="3" stmt="1" level="1" return="1" vocf="3.1" flin="0" fxln="0" ncalls="0">
</function>
<function name="Lim_u08" path="1" goto="0" vg="3" calling="0" calls="0" param="3" stmt="1" level="1" return="1" vocf="3.1" flin="0" fxln="0" ncalls="0">
</function>
<function name="Lim_s08" path="1" goto="0" vg="3" calling="0" calls="0" param="3" stmt="1" level="1" return="1" vocf="3.1" flin="0" fxln="0" ncalls="0">
</function>
<function name="Max_f32" path="1" goto="0" vg="2" calling="0" calls="0" param="2" stmt="1" level="1" return="1" vocf="2.2" flin="0" fxln="0" ncalls="0">
</function>
<function name="Max_u32" path="1" goto="0" vg="2" calling="0" calls="0" param="2" stmt="1" level="1" return="1" vocf="2.2" flin="0" fxln="0" ncalls="0">
</function>
<function name="Max_s32" path="1" goto="0" vg="2" calling="0" calls="0" param="2" stmt="1" level="1" return="1" vocf="2.2" flin="0" fxln="0" ncalls="0">
</function>
<function name="Max_u16" path="1" goto="0" vg="2" calling="0" calls="0" param="2" stmt="1" level="1" return="1" vocf="2.2" flin="0" fxln="0" ncalls="0">
</function>
<function name="Max_s16" path="1" goto="0" vg="2" calling="0" calls="0" param="2" stmt="1" level="1" return="1" vocf="2.2" flin="0" fxln="0" ncalls="0">
</function>
<function name="Max_u08" path="1" goto="0" vg="2" calling="1" calls="0" param="2" stmt="1" level="1" return="1" vocf="2.2" flin="0" fxln="0" ncalls="0">
</function>
<function name="Max_s08" path="1" goto="0" vg="2" calling="0" calls="0" param="2" stmt="1" level="1" return="1" vocf="2.2" flin="0" fxln="0" ncalls="0">
</function>
<function name="Min_f32" path="1" goto="0" vg="2" calling="0" calls="0" param="2" stmt="1" level="1" return="1" vocf="2.2" flin="0" fxln="0" ncalls="0">
</function>
<function name="Min_u32" path="1" goto="0" vg="2" calling="0" calls="0" param="2" stmt="1" level="1" return="1" vocf="2.2" flin="0" fxln="0" ncalls="0">
</function>
<function name="Min_s32" path="1" goto="0" vg="2" calling="0" calls="0" param="2" stmt="1" level="1" return="1" vocf="2.2" flin="0" fxln="0" ncalls="0">
</function>
<function name="Min_u16" path="1" goto="0" vg="2" calling="0" calls="0" param="2" stmt="1" level="1" return="1" vocf="2.2" flin="0" fxln="0" ncalls="0">
</function>
<function name="Min_s16" path="1" goto="0" vg="2" calling="0" calls="0" param="2" stmt="1" level="1" return="1" vocf="2.2" flin="0" fxln="0" ncalls="0">
</function>
<function name="Min_u08" path="1" goto="0" vg="2" calling="0" calls="0" param="2" stmt="1" level="1" return="1" vocf="2.2" flin="0" fxln="0" ncalls="0">
</function>
<function name="Min_s08" path="1" goto="0" vg="2" calling="0" calls="0" param="2" stmt="1" level="1" return="1" vocf="2.2" flin="0" fxln="0" ncalls="0">
</function>
<function name="Sign_s08_f32" path="1" goto="0" vg="2" calling="0" calls="0" param="1" stmt="1" level="1" return="1" vocf="2.2" flin="0" fxln="0" ncalls="0">
</function>
<function name="Sign_s08_s32" path="1" goto="0" vg="2" calling="0" calls="0" param="1" stmt="1" level="1" return="1" vocf="2.2" flin="0" fxln="0" ncalls="0">
</function>
<function name="Sign_s08_s16" path="1" goto="0" vg="2" calling="0" calls="0" param="1" stmt="1" level="1" return="1" vocf="2.2" flin="0" fxln="0" ncalls="0">
</function>
<function name="Sign_s08_s08" path="1" goto="0" vg="2" calling="0" calls="0" param="1" stmt="1" level="1" return="1" vocf="2.3" flin="0" fxln="0" ncalls="0">
</function>
<function name="Abslt_f32_f32" path="1" goto="0" vg="1" calling="1" calls="1" param="1" stmt="1" level="1" return="1" vocf="1.5" flin="0" fxln="0" ncalls="1">
</function>
<function name="Abslt_u32_s32" path="1" goto="0" vg="2" calling="1" calls="0" param="1" stmt="1" level="1" return="1" vocf="2.8" flin="0" fxln="0" ncalls="0">
</function>
<function name="Abslt_u16_s16" path="1" goto="0" vg="2" calling="0" calls="0" param="1" stmt="1" level="1" return="1" vocf="2.8" flin="0" fxln="0" ncalls="0">
</function>
<function name="Abslt_u08_s08" path="1" goto="0" vg="2" calling="0" calls="0" param="1" stmt="1" level="1" return="1" vocf="2.8" flin="0" fxln="0" ncalls="0">
</function>
<function name="Blnd_f32" path="1" goto="0" vg="1" calling="0" calls="0" param="3" stmt="1" level="1" return="1" vocf="6.0" flin="0" fxln="0" ncalls="0">
</function>
<function name="fabsf" path="2" goto="0" vg="2" calling="2" calls="0" param="1" stmt="3" level="1" return="1" vocf="2.3" flin="0" fxln="0" ncalls="0">
</function>
</file>
</project>
