<?xml version="1.0" encoding="UTF-8"?>
<Navig version="1.0">
<Files>
<F id="1" n="C:\Program Files\MATLAB\R2013b\polyspace\verifier\cxx\cinclude\stdarg.h"/>
<F id="2" n="C:\_S\work\ses_dev_ea4\CF082A_BmwPwrPrkgDampg_Impl-z172399\AR201A_ArCplrSuprt_Impl\include\ASR4.0.3\Platform_Types.h"/>
<F id="3" n="C:\_S\work\ses_dev_ea4\CF082A_BmwPwrPrkgDampg_Impl-z172399\AR200A_ArSuprt_Impl\include\ASR4.0.3\Std_Types.h"/>
<F id="4" n="C:\_S\work\ses_dev_ea4\CF082A_BmwPwrPrkgDampg_Impl-z172399\CF082A_BmwPwrPrkgDampg_Impl\tools\local\generate\Rte_Type.h"/>
<F id="5" n="C:\_S\work\ses_dev_ea4\CF082A_BmwPwrPrkgDampg_Impl-z172399\CF082A_BmwPwrPrkgDampg_Impl\tools\local\generate\Rte_BmwPwrPrkgDampg.h"/>
<F id="6" n="C:\_S\work\ses_dev_ea4\CF082A_BmwPwrPrkgDampg_Impl-z172399\TL103A_CplrSuprt\include\2013.5.5\ansi\math.h"/>
<F id="7" n="C:\_S\work\ses_dev_ea4\CF082A_BmwPwrPrkgDampg_Impl-z172399\CF082A_BmwPwrPrkgDampg_Impl\tools\local\generate\Rte_Stubs.h"/>
<F id="8" n="C:\_S\work\ses_dev_ea4\CF082A_BmwPwrPrkgDampg_Impl-z172399\AR100A_NxtrMath_Impl\include\NxtrMath.h"/>
<F id="9" n="C:\_S\work\ses_dev_ea4\CF082A_BmwPwrPrkgDampg_Impl-z172399\CF082A_BmwPwrPrkgDampg_Impl\tools\local\generate\math_stubs.h"/>
<F id="10" n="C:\_S\work\ses_dev_ea4\CF082A_BmwPwrPrkgDampg_Impl-z172399\AR103A_NxtrFixdPt_Impl\include\NxtrFixdPt.h"/>
<F id="11" n="C:\_S\work\ses_dev_ea4\CF082A_BmwPwrPrkgDampg_Impl-z172399\AR101A_NxtrIntrpn_Impl\include\NxtrIntrpn.h"/>
<F id="12" n="C:\_S\work\ses_dev_ea4\CF082A_BmwPwrPrkgDampg_Impl-z172399\CF082A_BmwPwrPrkgDampg_Impl\src\BmwPwrPrkgDampg.c"/>
<F id="13" n="C:\_S\work\ses_dev_ea4\CF082A_BmwPwrPrkgDampg_Impl-z172399\CF082A_BmwPwrPrkgDampg_Impl\tools\local\generate\Rte_Stubs.c"/>
<F id="14" n="C-STUBS\__polyspace__stdstubs.c"/>
<F id="15" n="C:\_S\work\ses_dev_ea4\CF082A_BmwPwrPrkgDampg_Impl-z172399\TL103A_CplrSuprt\include\2013.5.5\ansi\float.h"/>
<F id="16" n="C:\Program Files\MATLAB\R2013b\polyspace\verifier\cxx\cinclude\__polyspace__std_decls.h"/>
<F id="17" n="C:\Program Files\MATLAB\R2013b\polyspace\verifier\cxx\cinclude\assert.h"/>
<F id="18" n="C:\Program Files\MATLAB\R2013b\polyspace\verifier\cxx\cinclude\__polyspace__libc_defs.h"/>
<F id="19" n="C:\_S\work\ses_dev_ea4\CF082A_BmwPwrPrkgDampg_Impl-z172399\CF082A_BmwPwrPrkgDampg_Impl\tools\local\generate\Rte_BmwPwrPrkgDampg_Type.h"/>
<F id="20" n="C:\_S\work\ses_dev_ea4\CF082A_BmwPwrPrkgDampg_Impl-z172399\CF082A_BmwPwrPrkgDampg_Impl\tools\local\generate\Rte.h"/>
<F id="21" n="C:\_S\work\ses_dev_ea4\CF082A_BmwPwrPrkgDampg_Impl-z172399\AR201A_ArCplrSuprt_Impl\include\ASR4.0.3\Compiler.h"/>
<F id="22" n="C:\_S\work\ses_dev_ea4\CF082A_BmwPwrPrkgDampg_Impl-z172399\AR201A_ArCplrSuprt_Impl\tools\contract\Compiler_Cfg.h"/>
<F id="23" n="C:\_S\work\ses_dev_ea4\CF082A_BmwPwrPrkgDampg_Impl-z172399\AR201A_ArCplrSuprt_Impl\tools\contract\Renesas_Compiler.h"/>
<F id="24" n="C:\_S\work\ses_dev_ea4\CF082A_BmwPwrPrkgDampg_Impl-z172399\CF082A_BmwPwrPrkgDampg_Impl\tools\local\generate\Rte_DataHandleType.h"/>
<F id="25" n="C:\_S\work\ses_dev_ea4\CF082A_BmwPwrPrkgDampg_Impl-z172399\AR200A_ArSuprt_Impl\tools\contract\MemMap.h"/>
<F id="26" n="C:\_S\work\ses_dev_ea4\CF082A_BmwPwrPrkgDampg_Impl-z172399\CF082A_BmwPwrPrkgDampg_Impl\tools\local\generate\BmwPwrPrkgDampg_MemMap.h"/>
<F id="27" n="C:\_S\work\ses_dev_ea4\CF082A_BmwPwrPrkgDampg_Impl-z172399\AR999A_ArchGlbPrm_Impl\include\ArchGlbPrm.h"/>
</Files>
<Definitions>
<D id="1" f="12" l="270" c="12" n="PinionAgConf_Uls_T_f32" t="4" d="1"/>
<D id="2" f="12" l="280" c="12" n="DampgCmdPwrPrkg_HwNwtMtr_T_f32" t="4" d="1"/>
<D id="3" f="12" l="271" c="12" n="VehSpd_Kph_T_f32" t="4" d="1"/>
<D id="4" f="11" l="105" c="14" n="BilnrIntrpnWithRound_u16_u16CmnXu16MplY" t="2" d="0"/>
<D id="5" f="14" l="511" c="23" n="_polyspace_random_ulong" t="5" d="1"/>
<D id="6" f="12" l="272" c="12" n="DampgCmdPwrPrkgEna_Cnt_T_logl" t="4" d="1"/>
<D id="7" f="12" l="275" c="10" n="ScaFacY_Uls_T_u1p15" t="4" d="1"/>
<D id="8" f="14" l="503" c="14" n="_polyspace_random_long" t="5" d="1"/>
<D id="9" f="12" l="276" c="10" n="ScadDampgY_HwNwtMtr_T_u5p11" t="4" d="1"/>
<D id="10" f="10" l="204" c="16" n="FloatToFixdWithRound_s32_f32" t="2" d="1"/>
<D id="11" f="10" l="232" c="16" n="FloatToFixdWithRound_u32_f32" t="2" d="1"/>
<D id="12" f="10" l="303" c="44" n="Inp" t="4" d="1"/>
<D id="13" f="10" l="204" c="53" n="Inp" t="4" d="1"/>
<D id="14" f="10" l="303" c="17" n="FixdToFloat_f32_s16" t="2" d="1"/>
<D id="15" f="10" l="331" c="44" n="Inp" t="4" d="1"/>
<D id="16" f="10" l="232" c="53" n="Inp" t="4" d="1"/>
<D id="17" f="8" l="562" c="104" n="RngLo" t="4" d="1"/>
<D id="18" f="10" l="331" c="17" n="FixdToFloat_f32_u16" t="2" d="1"/>
<D id="19" f="10" l="261" c="16" n="FloatToFixd_s32_f32" t="2" d="1"/>
<D id="20" f="8" l="563" c="104" n="RngHi" t="4" d="1"/>
<D id="21" f="12" l="267" c="12" n="DampgCmdBas_HwNwtMtr_T_f32" t="4" d="1"/>
<D id="22" f="14" l="513" c="34" n="random" t="4" d="1"/>
<D id="23" f="10" l="190" c="16" n="FloatToFixdWithRound_s16_f32" t="2" d="1"/>
<D id="24" f="10" l="261" c="44" n="Inp" t="4" d="1"/>
<D id="25" f="12" l="277" c="12" n="ScadPwrPrkgDmpg_HwNwtMtr_T_f32" t="4" d="1"/>
<D id="26" f="10" l="190" c="53" n="Inp" t="4" d="1"/>
<D id="27" f="12" l="268" c="12" n="HwVel_HwRadPerSec_T_f32" t="4" d="1"/>
<D id="28" f="14" l="520" c="27" n="random" t="4" d="1"/>
<D id="29" f="14" l="505" c="25" n="random" t="4" d="1"/>
<D id="30" f="12" l="269" c="12" n="PinionAg_HwDeg_T_f32" t="4" d="1"/>
<D id="31" f="10" l="218" c="16" n="FloatToFixdWithRound_u16_f32" t="2" d="1"/>
<D id="32" f="8" l="638" c="104" n="Denom" t="4" d="1"/>
<D id="33" f="8" l="655" c="105" n="SinVal" t="4" d="1"/>
<D id="34" f="10" l="317" c="44" n="Inp" t="4" d="1"/>
<D id="35" f="10" l="218" c="53" n="Inp" t="4" d="1"/>
<D id="36" f="10" l="317" c="17" n="FixdToFloat_f32_s32" t="2" d="1"/>
<D id="37" f="10" l="345" c="44" n="Inp" t="4" d="1"/>
<D id="38" f="14" l="481" c="25" n="random" t="4" d="1"/>
<D id="39" f="8" l="656" c="105" n="CosVal" t="4" d="1"/>
<D id="40" f="10" l="247" c="16" n="FloatToFixd_s16_f32" t="2" d="1"/>
<D id="41" f="8" l="577" c="104" n="Denom" t="4" d="1"/>
<D id="42" f="10" l="345" c="17" n="FixdToFloat_f32_u32" t="2" d="1"/>
<D id="43" f="10" l="303" c="57" n="Mplr" t="4" d="1"/>
<D id="44" f="14" l="495" c="13" n="_polyspace_random_int" t="5" d="1"/>
<D id="45" f="10" l="204" c="66" n="Mplr" t="4" d="1"/>
<D id="46" f="10" l="275" c="16" n="FloatToFixd_u16_f32" t="2" d="1"/>
<D id="47" f="10" l="331" c="57" n="Mplr" t="4" d="1"/>
<D id="48" f="10" l="232" c="66" n="Mplr" t="4" d="1"/>
<D id="49" f="10" l="247" c="44" n="Inp" t="4" d="1"/>
<D id="50" f="10" l="275" c="44" n="Inp" t="4" d="1"/>
<D id="51" f="14" l="518" c="16" n="_polyspace_random_double" t="5" d="1"/>
<D id="52" f="10" l="261" c="57" n="Mplr" t="4" d="1"/>
<D id="53" f="14" l="487" c="23" n="_polyspace_random_uchar" t="5" d="1"/>
<D id="54" f="14" l="3565" c="4" n="__polyspace_nb_varargs" t="1" d="1"/>
<D id="55" f="10" l="190" c="66" n="Mplr" t="4" d="1"/>
<D id="56" f="14" l="479" c="14" n="_polyspace_random_char" t="5" d="1"/>
<D id="57" f="10" l="317" c="57" n="Mplr" t="4" d="1"/>
<D id="58" f="14" l="497" c="24" n="random" t="4" d="1"/>
<D id="59" f="10" l="218" c="66" n="Mplr" t="4" d="1"/>
<D id="60" f="10" l="289" c="16" n="FloatToFixd_u32_f32" t="2" d="1"/>
<D id="61" f="10" l="345" c="57" n="Mplr" t="4" d="1"/>
<D id="62" f="14" l="3564" c="7" n="__polyspace_vararg" t="1" d="1"/>
<D id="63" f="10" l="289" c="44" n="Inp" t="4" d="1"/>
<D id="64" f="10" l="247" c="57" n="Mplr" t="4" d="1"/>
<D id="65" f="10" l="275" c="57" n="Mplr" t="4" d="1"/>
<D id="66" f="14" l="489" c="34" n="random" t="4" d="1"/>
<D id="67" f="10" l="289" c="57" n="Mplr" t="4" d="1"/>
<D id="68" f="14" l="6910" c="14" n="_polyspace_compare_function_type" t="7" d="1"/>
<D id="69" f="5" l="50" c="7" n="Rte_CDS_BmwPwrPrkgDampg" t="6" d="1"/>
<D id="70" f="14" l="11370" c="21" n="HUGE_VAL" t="1" d="1"/>
<D id="71" f="14" l="11352" c="12" n="_polyspace_random_long_double" t="2" d="1"/>
<D id="72" f="14" l="11371" c="21" n="HUGE_VALF" t="1" d="1"/>
<D id="73" f="14" l="11372" c="21" n="HUGE_VALL" t="1" d="1"/>
<D id="74" f="14" l="12214" c="16" n="__polyspace_absolute_address" t="1" d="1"/>
<D id="75" f="14" l="11354" c="23" n="random" t="4" d="1"/>
<D id="76" f="7" l="31" c="19" n="BmwPwrPrkgDampg_Cal_BmwPwrPrkgDampgBasPwrPrkgDampgY" t="1" d="0"/>
<D id="77" f="7" l="33" c="19" n="BmwPwrPrkgDampg_Cal_BmwPwrPrkgDampgHwVelTblX" t="1" d="0"/>
<D id="78" f="3" l="141" c="2" n="Std_VersionInfoType" t="7" d="1"/>
<D id="79" f="7" l="32" c="21" n="BmwPwrPrkgDampg_Cal_BmwPwrPrkgDampgDiScadDampg" t="1" d="0"/>
<D id="80" f="5" l="53" c="11" n="Pim_DampgCmdPwrPrkgStVari" t="9" d="1"/>
<D id="81" f="7" l="36" c="19" n="BmwPwrPrkgDampg_Cal_BmwPwrPrkgDampgPinionAgSelnTbl" t="1" d="0"/>
<D id="82" f="9" l="22" c="31" n="Inp" t="4" d="1"/>
<D id="83" f="7" l="34" c="21" n="BmwPwrPrkgDampg_Cal_BmwPwrPrkgDampgMaxRate" t="1" d="0"/>
<D id="84" f="4" l="50" c="14" n="Ary1D_u12p4_9" t="7" d="1"/>
<D id="85" f="7" l="38" c="19" n="BmwPwrPrkgDampg_Cal_BmwPwrPrkgDampgVehSpdScaFacY" t="1" d="0"/>
<D id="86" f="7" l="20" c="15" n="BmwPwrPrkgDampg_Ip_DampgCmdBas" t="1" d="0"/>
<D id="87" f="7" l="35" c="21" n="BmwPwrPrkgDampg_Cal_BmwPwrPrkgDampgMinPinionAgConf" t="1" d="0"/>
<D id="88" f="4" l="62" c="13" n="Ary1D_u9p7_11" t="7" d="1"/>
<D id="89" f="7" l="21" c="15" n="BmwPwrPrkgDampg_Ip_DampgCmdPwrPrkgEna" t="1" d="0"/>
<D id="90" f="4" l="41" c="15" n="u5p11" t="7" d="1"/>
<D id="91" f="7" l="22" c="15" n="BmwPwrPrkgDampg_Ip_HwVel" t="1" d="0"/>
<D id="92" f="7" l="41" c="15" n="BmwPwrPrkgDampg_Pim_DampgCmdPwrPrkgStVari" t="1" d="0"/>
<D id="93" f="4" l="53" c="14" n="Ary1D_u1p15_11" t="7" d="1"/>
<D id="94" f="7" l="23" c="15" n="BmwPwrPrkgDampg_Ip_PinionAg" t="1" d="0"/>
<D id="95" f="1" l="45" c="14" n="__va_list" t="7" d="1"/>
<D id="96" f="4" l="65" c="22" n="Ary2D_u5p11_9_9" t="7" d="1"/>
<D id="97" f="7" l="24" c="15" n="BmwPwrPrkgDampg_Ip_PinionAgConf" t="1" d="0"/>
<D id="98" f="4" l="44" c="15" n="u6p10" t="7" d="1"/>
<D id="99" f="4" l="35" c="15" n="u12p4" t="7" d="1"/>
<D id="100" f="7" l="25" c="15" n="BmwPwrPrkgDampg_Ip_VehSpd" t="1" d="0"/>
<D id="101" f="4" l="56" c="14" n="Ary1D_u5p11_9" t="7" d="1"/>
<D id="102" f="1" l="50" c="18" n="__gnuc_va_list" t="7" d="1"/>
<D id="103" f="9" l="22" c="17" n="fabsf" t="2" d="1"/>
<D id="104" f="6" l="51" c="17" n="double_t" t="7" d="1"/>
<D id="105" f="13" l="18" c="5" n="Rte_Stub" t="2" d="1"/>
<D id="106" f="6" l="52" c="17" n="float_t" t="7" d="1"/>
<D id="107" f="6" l="731" c="6" n="expf" t="2" d="0"/>
<D id="108" f="4" l="47" c="15" n="u9p7" t="7" d="1"/>
<D id="109" f="4" l="38" c="15" n="u1p15" t="7" d="1"/>
<D id="110" f="7" l="28" c="15" n="BmwPwrPrkgDampg_Op_DampgCmdPwrPrkg" t="1" d="0"/>
<D id="111" f="6" l="741" c="6" n="sqrtf" t="2" d="0"/>
<D id="112" f="4" l="59" c="14" n="Ary1D_u6p10_9" t="7" d="1"/>
<D id="113" f="6" l="724" c="6" n="atan2f" t="2" d="0"/>
<D id="114" f="6" l="725" c="6" n="cosf" t="2" d="0"/>
<D id="115" f="6" l="726" c="6" n="sinf" t="2" d="0"/>
<D id="116" f="7" l="37" c="18" n="BmwPwrPrkgDampg_Cal_BmwPwrPrkgDampgVehSpdLnrSelnX" t="1" d="0"/>
<D id="117" f="5" l="65" c="46" n="Rte_Instance" t="7" d="1"/>
<D id="118" f="1" l="49" c="18" n="va_list" t="7" d="1"/>
<D id="119" f="6" l="748" c="6" n="fmodf" t="2" d="0"/>
<D id="120" f="3" l="140" c="10" n="sw_patch_version" t="9" d="1"/>
<D id="121" f="2" l="110" c="31" n="uint32" t="7" d="1"/>
<D id="122" f="2" l="112" c="31" n="sint8_least" t="7" d="1"/>
<D id="123" f="2" l="103" c="31" n="boolean" t="7" d="1"/>
<D id="124" f="2" l="113" c="31" n="uint8_least" t="7" d="1"/>
<D id="125" f="8" l="170" c="20" n="NXTRMATH_SINCNVNCONTBL_ULS_U16" t="1" d="0"/>
<D id="126" f="8" l="320" c="31" n="Inp1" t="4" d="1"/>
<D id="127" f="3" l="136" c="10" n="vendorID" t="9" d="1"/>
<D id="128" f="2" l="114" c="31" n="sint16_least" t="7" d="1"/>
<D id="129" f="8" l="411" c="31" n="Inp1" t="4" d="1"/>
<D id="130" f="2" l="105" c="31" n="sint8" t="7" d="1"/>
<D id="131" f="3" l="137" c="10" n="moduleID" t="9" d="1"/>
<D id="132" f="2" l="115" c="31" n="uint16_least" t="7" d="1"/>
<D id="133" f="2" l="106" c="31" n="uint8" t="7" d="1"/>
<D id="134" f="14" l="90" c="21" n="wchar_t" t="7" d="1"/>
<D id="135" f="3" l="138" c="10" n="sw_major_version" t="9" d="1"/>
<D id="136" f="8" l="307" c="29" n="Inp1" t="4" d="1"/>
<D id="137" f="8" l="234" c="39" n="Inp" t="4" d="1"/>
<D id="138" f="3" l="132" c="14" n="Std_ReturnType" t="7" d="1"/>
<D id="139" f="2" l="116" c="31" n="sint32_least" t="7" d="1"/>
<D id="140" f="2" l="107" c="31" n="sint16" t="7" d="1"/>
<D id="141" f="3" l="125" c="22" n="StatusType" t="7" d="1"/>
<D id="142" f="8" l="450" c="31" n="Inp1" t="4" d="1"/>
<D id="143" f="3" l="139" c="10" n="sw_minor_version" t="9" d="1"/>
<D id="144" f="11" l="43" c="14" n="LnrIntrpn_u16_u16VariXu16VariY" t="2" d="0"/>
<D id="145" f="2" l="117" c="31" n="uint32_least" t="7" d="1"/>
<D id="146" f="8" l="333" c="31" n="Inp1" t="4" d="1"/>
<D id="147" f="2" l="108" c="31" n="uint16" t="7" d="1"/>
<D id="148" f="8" l="491" c="29" n="Inp" t="4" d="1"/>
<D id="149" f="8" l="601" c="33" n="Inp" t="4" d="1"/>
<D id="150" f="2" l="127" c="31" n="sint64" t="7" d="1"/>
<D id="151" f="8" l="424" c="31" n="Inp1" t="4" d="1"/>
<D id="152" f="8" l="505" c="31" n="Inp" t="4" d="1"/>
<D id="153" f="2" l="109" c="31" n="sint32" t="7" d="1"/>
<D id="154" f="8" l="533" c="31" n="Inp" t="4" d="1"/>
<D id="155" f="8" l="320" c="16" n="Min_s16" t="2" d="1"/>
<D id="156" f="2" l="128" c="31" n="uint64" t="7" d="1"/>
<D id="157" f="8" l="221" c="16" n="Abslt_u32_s32" t="2" d="1"/>
<D id="158" f="8" l="294" c="29" n="Inp1" t="4" d="1"/>
<D id="159" f="8" l="411" c="16" n="Max_s16" t="2" d="1"/>
<D id="160" f="12" l="206" c="5" n="BmwPwrPrkgDampgInit1" t="2" d="1"/>
<D id="161" f="14" l="85" c="21" n="size_t" t="7" d="1"/>
<D id="162" f="2" l="138" c="31" n="float32" t="7" d="1"/>
<D id="163" f="8" l="385" c="29" n="Inp1" t="4" d="1"/>
<D id="164" f="14" l="461" c="4" n="errno" t="1" d="1"/>
<D id="165" f="8" l="270" c="15" n="Sign_s08_s32" t="2" d="1"/>
<D id="166" f="8" l="613" c="33" n="Inp" t="4" d="1"/>
<D id="167" f="2" l="139" c="31" n="float64" t="7" d="1"/>
<D id="168" f="8" l="346" c="31" n="Inp1" t="4" d="1"/>
<D id="169" f="8" l="601" c="17" n="Cos_f32" t="2" d="1"/>
<D id="170" f="8" l="450" c="16" n="Max_u32" t="2" d="1"/>
<D id="171" f="8" l="437" c="31" n="Inp1" t="4" d="1"/>
<D id="172" f="8" l="477" c="29" n="Inp" t="4" d="1"/>
<D id="173" f="14" l="87" c="12" n="ptrdiff_t" t="7" d="1"/>
<D id="174" f="8" l="561" c="33" n="Inp" t="4" d="1"/>
<D id="175" f="8" l="660" c="15" n="Normdn" t="4" d="1"/>
<D id="176" f="8" l="307" c="15" n="Min_u08" t="2" d="1"/>
<D id="177" f="8" l="333" c="16" n="Min_u16" t="2" d="1"/>
<D id="178" f="8" l="372" c="33" n="Inp1" t="4" d="1"/>
<D id="179" f="8" l="181" c="34" n="Inp1" t="4" d="1"/>
<D id="180" f="8" l="519" c="31" n="Inp" t="4" d="1"/>
<D id="181" f="8" l="282" c="15" n="Sign_s08_f32" t="2" d="1"/>
<D id="182" f="8" l="424" c="16" n="Max_u16" t="2" d="1"/>
<D id="183" f="8" l="505" c="16" n="Lim_s16" t="2" d="1"/>
<D id="184" f="8" l="270" c="35" n="Inp" t="4" d="1"/>
<D id="185" f="8" l="547" c="31" n="Inp" t="4" d="1"/>
<D id="186" f="8" l="221" c="37" n="Inp" t="4" d="1"/>
<D id="187" f="8" l="463" c="33" n="Inp1" t="4" d="1"/>
<D id="188" f="8" l="533" c="16" n="Lim_s32" t="2" d="1"/>
<D id="189" f="8" l="654" c="14" n="SinCos_f32" t="2" d="1"/>
<D id="190" f="8" l="398" c="29" n="Inp1" t="4" d="1"/>
<D id="191" f="8" l="246" c="15" n="Sign_s08_s08" t="2" d="1"/>
<D id="192" f="8" l="491" c="15" n="Lim_u08" t="2" d="1"/>
<D id="193" f="8" l="613" c="17" n="Exp_f32" t="2" d="1"/>
<D id="194" f="8" l="208" c="16" n="Abslt_u16_s16" t="2" d="1"/>
<D id="195" f="8" l="234" c="17" n="Abslt_f32_f32" t="2" d="1"/>
<D id="196" f="8" l="782" c="14" n="SignFlip_Cnt_T_s08" t="4" d="1"/>
<D id="197" f="8" l="181" c="17" n="Blnd_f32" t="2" d="1"/>
<D id="198" f="8" l="359" c="31" n="Inp1" t="4" d="1"/>
<D id="199" f="8" l="654" c="33" n="Inp" t="4" d="1"/>
<D id="200" f="8" l="625" c="34" n="Inp" t="4" d="1"/>
<D id="201" f="8" l="246" c="34" n="Inp" t="4" d="1"/>
<D id="202" f="8" l="781" c="15" n="Theta_Cnt_T_u16" t="4" d="1"/>
<D id="203" f="8" l="561" c="17" n="Lim_f32" t="2" d="1"/>
<D id="204" f="8" l="780" c="16" n="Theta_Rev_T_f32" t="4" d="1"/>
<D id="205" f="8" l="294" c="15" n="Min_s08" t="2" d="1"/>
<D id="206" f="8" l="346" c="16" n="Min_s32" t="2" d="1"/>
<D id="207" f="8" l="372" c="17" n="Min_f32" t="2" d="1"/>
<D id="208" f="8" l="637" c="33" n="Numer" t="4" d="1"/>
<D id="209" f="8" l="661" c="17" n="InpSqd" t="4" d="1"/>
<D id="210" f="8" l="195" c="15" n="Abslt_u08_s08" t="2" d="1"/>
<D id="211" f="8" l="258" c="15" n="Sign_s08_s16" t="2" d="1"/>
<D id="212" f="8" l="385" c="15" n="Max_s08" t="2" d="1"/>
<D id="213" f="8" l="437" c="16" n="Max_s32" t="2" d="1"/>
<D id="214" f="8" l="463" c="17" n="Max_f32" t="2" d="1"/>
<D id="215" f="8" l="625" c="17" n="Sqrt_f32" t="2" d="1"/>
<D id="216" f="8" l="662" c="17" n="SinA" t="4" d="1"/>
<D id="217" f="8" l="282" c="36" n="Inp" t="4" d="1"/>
<D id="218" f="8" l="519" c="16" n="Lim_u16" t="2" d="1"/>
<D id="219" f="12" l="259" c="5" n="BmwPwrPrkgDampgPer1" t="2" d="1"/>
<D id="220" f="8" l="663" c="17" n="CosA" t="4" d="1"/>
<D id="221" f="8" l="547" c="16" n="Lim_u32" t="2" d="1"/>
<D id="222" f="8" l="477" c="15" n="Lim_s08" t="2" d="1"/>
<D id="223" f="8" l="208" c="37" n="Inp" t="4" d="1"/>
<D id="224" f="8" l="783" c="16" n="SinVal_Uls_T_f32" t="4" d="1"/>
<D id="225" f="8" l="195" c="35" n="Inp" t="4" d="1"/>
<D id="226" f="8" l="321" c="95" n="Inp2" t="4" d="1"/>
<D id="227" f="8" l="664" c="17" n="Tmp" t="4" d="1"/>
<D id="228" f="8" l="520" c="95" n="RngLo" t="4" d="1"/>
<D id="229" f="8" l="258" c="35" n="Inp" t="4" d="1"/>
<D id="230" f="8" l="637" c="17" n="Mod_f32" t="2" d="1"/>
<D id="231" f="8" l="359" c="16" n="Min_u32" t="2" d="1"/>
<D id="232" f="8" l="412" c="95" n="Inp2" t="4" d="1"/>
<D id="233" f="8" l="521" c="95" n="RngHi" t="4" d="1"/>
<D id="234" f="8" l="398" c="15" n="Max_u08" t="2" d="1"/>
<D id="235" f="8" l="576" c="17" n="Arctan2_f32" t="2" d="1"/>
<D id="236" f="8" l="360" c="95" n="Inp2" t="4" d="1"/>
<D id="237" f="8" l="589" c="33" n="Inp" t="4" d="1"/>
<D id="238" f="8" l="659" c="16" n="n" t="4" d="1"/>
<D id="239" f="8" l="451" c="95" n="Inp2" t="4" d="1"/>
<D id="240" f="8" l="334" c="95" n="Inp2" t="4" d="1"/>
<D id="241" f="8" l="425" c="95" n="Inp2" t="4" d="1"/>
<D id="242" f="8" l="506" c="95" n="RngLo" t="4" d="1"/>
<D id="243" f="8" l="534" c="95" n="RngLo" t="4" d="1"/>
<D id="244" f="8" l="576" c="37" n="Numer" t="4" d="1"/>
<D id="245" f="8" l="308" c="86" n="Inp2" t="4" d="1"/>
<D id="246" f="8" l="492" c="94" n="RngLo" t="4" d="1"/>
<D id="247" f="8" l="507" c="95" n="RngHi" t="4" d="1"/>
<D id="248" f="8" l="589" c="17" n="Sin_f32" t="2" d="1"/>
<D id="249" f="8" l="535" c="95" n="RngHi" t="4" d="1"/>
<D id="250" f="8" l="493" c="94" n="RngHi" t="4" d="1"/>
<D id="251" f="8" l="778" c="36" n="Ag" t="4" d="1"/>
<D id="252" f="8" l="778" c="18" n="SinLookup" t="2" d="1"/>
<D id="253" f="8" l="347" c="95" n="Inp2" t="4" d="1"/>
<D id="254" f="8" l="373" c="96" n="Inp2" t="4" d="1"/>
<D id="255" f="8" l="182" c="97" n="Inp2" t="4" d="1"/>
<D id="256" f="8" l="438" c="95" n="Inp2" t="4" d="1"/>
<D id="257" f="8" l="464" c="96" n="Inp2" t="4" d="1"/>
<D id="258" f="8" l="183" c="97" n="Fac" t="4" d="1"/>
<D id="259" f="8" l="295" c="86" n="Inp2" t="4" d="1"/>
<D id="260" f="8" l="548" c="95" n="RngLo" t="4" d="1"/>
<D id="261" f="8" l="386" c="86" n="Inp2" t="4" d="1"/>
<D id="262" f="8" l="478" c="94" n="RngLo" t="4" d="1"/>
<D id="263" f="8" l="549" c="95" n="RngHi" t="4" d="1"/>
<D id="264" f="8" l="479" c="94" n="RngHi" t="4" d="1"/>
<D id="265" f="8" l="399" c="86" n="Inp2" t="4" d="1"/>
</Definitions>
<Uses>
<U id="1" f="10" l="220" c="10" d="147" a="0"/>
<U id="2" f="10" l="303" c="9" d="162" a="0"/>
<U id="3" f="10" l="204" c="9" d="153" a="0"/>
<U id="4" f="10" l="331" c="9" d="162" a="0"/>
<U id="5" f="10" l="232" c="9" d="121" a="0"/>
<U id="6" f="10" l="261" c="9" d="153" a="0"/>
<U id="7" f="12" l="302" c="20" d="46" a="0"/>
<U id="8" f="10" l="190" c="9" d="140" a="0"/>
<U id="9" f="12" l="321" c="11" d="92" a="1"/>
<U id="10" f="10" l="305" c="10" d="162" a="0"/>
<U id="11" f="12" l="323" c="19" d="92" a="1"/>
<U id="12" f="10" l="333" c="10" d="162" a="0"/>
<U id="13" f="12" l="311" c="12" d="25" a="1"/>
<U id="14" f="10" l="234" c="10" d="121" a="0"/>
<U id="15" f="10" l="305" c="29" d="12" a="0"/>
<U id="16" f="12" l="324" c="19" d="92" a="1"/>
<U id="17" f="10" l="317" c="9" d="162" a="0"/>
<U id="18" f="10" l="305" c="20" d="162" a="0"/>
<U id="19" f="12" l="300" c="23" d="116" a="1"/>
<U id="20" f="10" l="218" c="9" d="147" a="0"/>
<U id="21" f="10" l="333" c="29" d="15" a="0"/>
<U id="22" f="12" l="302" c="40" d="3" a="0"/>
<U id="23" f="14" l="521" c="11" d="28" a="0"/>
<U id="24" f="10" l="303" c="49" d="162" a="0"/>
<U id="25" f="10" l="345" c="9" d="162" a="0"/>
<U id="26" f="10" l="333" c="20" d="162" a="0"/>
<U id="27" f="10" l="234" c="29" d="16" a="0"/>
<U id="28" f="12" l="305" c="20" d="46" a="0"/>
<U id="29" f="12" l="340" c="12" d="2" a="0"/>
<U id="30" f="10" l="331" c="49" d="162" a="0"/>
<U id="31" f="10" l="263" c="10" d="153" a="0"/>
<U id="32" f="12" l="301" c="23" d="85" a="1"/>
<U id="33" f="12" l="304" c="12" d="9" a="1"/>
<U id="34" f="10" l="291" c="10" d="121" a="0"/>
<U id="35" f="12" l="306" c="20" d="46" a="0"/>
<U id="36" f="10" l="247" c="9" d="140" a="0"/>
<U id="37" f="10" l="275" c="9" d="147" a="0"/>
<U id="38" f="12" l="334" c="11" d="92" a="1"/>
<U id="39" f="14" l="514" c="11" d="22" a="0"/>
<U id="40" f="10" l="291" c="29" d="63" a="0"/>
<U id="41" f="10" l="261" c="49" d="162" a="0"/>
<U id="42" f="12" l="312" c="23" d="162" a="0"/>
<U id="43" f="10" l="220" c="43" d="59" a="0"/>
<U id="44" f="12" l="305" c="40" d="195" a="0"/>
<U id="45" f="10" l="206" c="13" d="13" a="0"/>
<U id="46" f="10" l="319" c="10" d="162" a="0"/>
<U id="47" f="14" l="506" c="11" d="29" a="0"/>
<U id="48" f="10" l="347" c="10" d="162" a="0"/>
<U id="49" f="12" l="306" c="40" d="195" a="0"/>
<U id="50" f="12" l="312" c="33" d="181" a="0"/>
<U id="51" f="14" l="490" c="11" d="66" a="0"/>
<U id="52" f="10" l="319" c="29" d="34" a="0"/>
<U id="53" f="10" l="319" c="20" d="162" a="0"/>
<U id="54" f="10" l="220" c="26" d="162" a="0"/>
<U id="55" f="10" l="347" c="29" d="37" a="0"/>
<U id="56" f="12" l="317" c="12" d="25" a="1"/>
<U id="57" f="10" l="317" c="49" d="162" a="0"/>
<U id="58" f="10" l="249" c="10" d="140" a="0"/>
<U id="59" f="10" l="347" c="20" d="162" a="0"/>
<U id="60" f="12" l="304" c="42" d="4" a="0"/>
<U id="61" f="12" l="345" c="12" d="110" a="1"/>
<U id="62" f="14" l="482" c="11" d="38" a="0"/>
<U id="63" f="10" l="345" c="49" d="162" a="0"/>
<U id="64" f="11" l="142" c="79" d="147" a="0"/>
<U id="65" f="10" l="277" c="10" d="147" a="0"/>
<U id="66" f="10" l="192" c="13" d="26" a="0"/>
<U id="67" f="10" l="220" c="18" d="121" a="0"/>
<U id="68" f="10" l="206" c="70" d="153" a="0"/>
<U id="69" f="12" l="322" c="16" d="25" a="0"/>
<U id="70" f="10" l="247" c="49" d="162" a="0"/>
<U id="71" f="10" l="289" c="9" d="121" a="0"/>
<U id="72" f="12" l="307" c="23" d="81" a="1"/>
<U id="73" f="11" l="171" c="79" d="147" a="0"/>
<U id="74" f="10" l="275" c="49" d="162" a="0"/>
<U id="75" f="12" l="311" c="45" d="18" a="0"/>
<U id="76" f="11" l="144" c="79" d="147" a="0"/>
<U id="77" f="10" l="220" c="37" d="35" a="0"/>
<U id="78" f="12" l="285" c="39" d="94" a="0"/>
<U id="79" f="12" l="345" c="50" d="2" a="0"/>
<U id="80" f="11" l="121" c="55" d="147" a="0"/>
<U id="81" f="10" l="206" c="89" d="13" a="0"/>
<U id="82" f="12" l="308" c="23" d="77" a="1"/>
<U id="83" f="10" l="204" c="45" d="162" a="0"/>
<U id="84" f="11" l="110" c="84" d="147" a="0"/>
<U id="85" f="10" l="206" c="53" d="45" a="0"/>
<U id="86" f="10" l="305" c="35" d="43" a="0"/>
<U id="87" f="10" l="232" c="45" d="162" a="0"/>
<U id="88" f="12" l="309" c="23" d="76" a="1"/>
<U id="89" f="11" l="113" c="55" d="147" a="0"/>
<U id="90" f="10" l="333" c="35" d="47" a="0"/>
<U id="91" f="10" l="234" c="35" d="48" a="0"/>
<U id="92" f="10" l="263" c="34" d="52" a="0"/>
<U id="93" f="10" l="303" c="37" d="140" a="0"/>
<U id="94" f="10" l="192" c="61" d="55" a="0"/>
<U id="95" f="12" l="312" c="46" d="27" a="0"/>
<U id="96" f="10" l="331" c="37" d="147" a="0"/>
<U id="97" f="12" l="311" c="65" d="7" a="0"/>
<U id="98" f="11" l="105" c="55" d="147" a="0"/>
<U id="99" f="10" l="261" c="36" d="162" a="0"/>
<U id="100" f="10" l="206" c="36" d="162" a="0"/>
<U id="101" f="12" l="305" c="54" d="30" a="0"/>
<U id="102" f="12" l="307" c="80" d="147" a="0"/>
<U id="103" f="11" l="147" c="79" d="147" a="0"/>
<U id="104" f="12" l="283" c="15" d="21" a="1"/>
<U id="105" f="12" l="312" c="74" d="18" a="0"/>
<U id="106" f="12" l="326" c="89" d="21" a="0"/>
<U id="107" f="10" l="190" c="45" d="162" a="0"/>
<U id="108" f="11" l="141" c="56" d="147" a="0"/>
<U id="109" f="12" l="284" c="42" d="91" a="0"/>
<U id="110" f="12" l="321" c="56" d="203" a="0"/>
<U id="111" f="11" l="131" c="84" d="147" a="0"/>
<U id="112" f="11" l="166" c="79" d="147" a="0"/>
<U id="113" f="10" l="234" c="18" d="162" a="0"/>
<U id="114" f="10" l="291" c="35" d="67" a="0"/>
<U id="115" f="12" l="306" c="54" d="27" a="0"/>
<U id="116" f="10" l="192" c="44" d="162" a="0"/>
<U id="117" f="12" l="284" c="15" d="27" a="1"/>
<U id="118" f="12" l="286" c="41" d="97" a="0"/>
<U id="119" f="12" l="326" c="44" d="92" a="1"/>
<U id="120" f="10" l="206" c="28" d="153" a="0"/>
<U id="121" f="10" l="249" c="42" d="64" a="0"/>
<U id="122" f="10" l="289" c="49" d="162" a="0"/>
<U id="123" f="14" l="498" c="11" d="58" a="0"/>
<U id="124" f="11" l="123" c="84" d="147" a="0"/>
<U id="125" f="10" l="277" c="42" d="65" a="0"/>
<U id="126" f="12" l="285" c="15" d="30" a="1"/>
<U id="127" f="10" l="263" c="18" d="162" a="0"/>
<U id="128" f="11" l="151" c="84" d="147" a="0"/>
<U id="129" f="12" l="296" c="14" d="79" a="0"/>
<U id="130" f="12" l="299" c="12" d="7" a="1"/>
<U id="131" f="10" l="218" c="45" d="162" a="0"/>
<U id="132" f="11" l="133" c="84" d="140" a="0"/>
<U id="133" f="11" l="168" c="79" d="147" a="0"/>
<U id="134" f="10" l="192" c="36" d="153" a="0"/>
<U id="135" f="10" l="206" c="47" d="13" a="0"/>
<U id="136" f="10" l="291" c="18" d="162" a="0"/>
<U id="137" f="10" l="319" c="35" d="57" a="0"/>
<U id="138" f="11" l="115" c="84" d="147" a="0"/>
<U id="139" f="12" l="286" c="15" d="1" a="1"/>
<U id="140" f="12" l="312" c="94" d="9" a="0"/>
<U id="141" f="11" l="161" c="84" d="140" a="0"/>
<U id="142" f="10" l="347" c="35" d="61" a="0"/>
<U id="143" f="10" l="204" c="58" d="162" a="0"/>
<U id="144" f="10" l="263" c="28" d="24" a="0"/>
<U id="145" f="11" l="111" c="78" d="147" a="0"/>
<U id="146" f="11" l="134" c="84" d="147" a="0"/>
<U id="147" f="10" l="317" c="37" d="153" a="0"/>
<U id="148" f="11" l="125" c="84" d="140" a="0"/>
<U id="149" f="10" l="192" c="55" d="26" a="0"/>
<U id="150" f="12" l="323" c="66" d="83" a="0"/>
<U id="151" f="10" l="232" c="58" d="162" a="0"/>
<U id="152" f="12" l="283" c="45" d="86" a="0"/>
<U id="153" f="12" l="287" c="15" d="3" a="1"/>
<U id="154" f="10" l="247" c="36" d="162" a="0"/>
<U id="155" f="11" l="107" c="84" d="147" a="0"/>
<U id="156" f="11" l="162" c="84" d="140" a="0"/>
<U id="157" f="10" l="345" c="37" d="121" a="0"/>
<U id="158" f="11" l="130" c="78" d="140" a="0"/>
<U id="159" f="11" l="153" c="84" d="140" a="0"/>
<U id="160" f="10" l="192" c="28" d="140" a="0"/>
<U id="161" f="11" l="170" c="85" d="140" a="0"/>
<U id="162" f="12" l="301" c="78" d="147" a="0"/>
<U id="163" f="10" l="275" c="36" d="162" a="0"/>
<U id="164" f="11" l="126" c="84" d="140" a="0"/>
<U id="165" f="10" l="249" c="26" d="162" a="0"/>
<U id="166" f="12" l="324" c="66" d="83" a="0"/>
<U id="167" f="11" l="117" c="84" d="147" a="0"/>
<U id="168" f="11" l="143" c="85" d="147" a="0"/>
<U id="169" f="12" l="288" c="15" d="6" a="1"/>
<U id="170" f="11" l="129" c="55" d="147" a="0"/>
<U id="171" f="11" l="154" c="84" d="147" a="0"/>
<U id="172" f="10" l="277" c="26" d="162" a="0"/>
<U id="173" f="11" l="122" c="78" d="140" a="0"/>
<U id="174" f="12" l="301" c="97" d="88" a="0"/>
<U id="175" f="11" l="157" c="55" d="147" a="0"/>
<U id="176" f="11" l="118" c="84" d="140" a="0"/>
<U id="177" f="11" l="150" c="78" d="140" a="0"/>
<U id="178" f="11" l="109" c="84" d="147" a="0"/>
<U id="179" f="11" l="165" c="56" d="147" a="0"/>
<U id="180" f="10" l="249" c="36" d="49" a="0"/>
<U id="181" f="10" l="190" c="58" d="162" a="0"/>
<U id="182" f="11" l="132" c="78" d="147" a="0"/>
<U id="183" f="10" l="206" c="95" d="45" a="0"/>
<U id="184" f="10" l="249" c="18" d="153" a="0"/>
<U id="185" f="11" l="114" c="78" d="147" a="0"/>
<U id="186" f="10" l="277" c="36" d="50" a="0"/>
<U id="187" f="12" l="287" c="35" d="100" a="0"/>
<U id="188" f="11" l="160" c="78" d="147" a="0"/>
<U id="189" f="11" l="145" c="85" d="147" a="0"/>
<U id="190" f="11" l="149" c="55" d="147" a="0"/>
<U id="191" f="10" l="277" c="18" d="121" a="0"/>
<U id="192" f="11" l="124" c="78" d="147" a="0"/>
<U id="193" f="10" l="192" c="94" d="162" a="0"/>
<U id="194" f="11" l="106" c="78" d="147" a="0"/>
<U id="195" f="12" l="309" c="84" d="147" a="0"/>
<U id="196" f="11" l="146" c="85" d="147" a="0"/>
<U id="197" f="11" l="152" c="78" d="147" a="0"/>
<U id="198" f="12" l="299" c="34" d="144" a="0"/>
<U id="199" f="10" l="206" c="78" d="162" a="0"/>
<U id="200" f="12" l="339" c="37" d="203" a="0"/>
<U id="201" f="10" l="218" c="58" d="162" a="0"/>
<U id="202" f="11" l="116" c="78" d="147" a="0"/>
<U id="203" f="12" l="296" c="73" d="1" a="0"/>
<U id="204" f="11" l="135" c="78" d="147" a="0"/>
<U id="205" f="10" l="192" c="86" d="153" a="0"/>
<U id="206" f="10" l="289" c="36" d="162" a="0"/>
<U id="207" f="11" l="108" c="78" d="147" a="0"/>
<U id="208" f="11" l="163" c="78" d="147" a="0"/>
<U id="209" f="11" l="159" c="84" d="147" a="0"/>
<U id="210" f="11" l="127" c="78" d="147" a="0"/>
<U id="211" f="11" l="167" c="85" d="147" a="0"/>
<U id="212" f="11" l="155" c="78" d="147" a="0"/>
<U id="213" f="10" l="192" c="78" d="140" a="0"/>
<U id="214" f="11" l="119" c="78" d="147" a="0"/>
<U id="215" f="11" l="169" c="85" d="147" a="0"/>
<U id="216" f="12" l="288" c="48" d="89" a="0"/>
<U id="217" f="11" l="158" c="78" d="140" a="0"/>
<U id="218" f="12" l="307" c="99" d="84" a="0"/>
<U id="219" f="10" l="192" c="111" d="55" a="0"/>
<U id="220" f="12" l="301" c="124" d="116" a="1"/>
<U id="221" f="12" l="309" c="219" d="77" a="1"/>
<U id="222" f="12" l="296" c="100" d="87" a="0"/>
<U id="223" f="12" l="307" c="221" d="81" a="1"/>
<U id="224" f="12" l="309" c="130" d="77" a="1"/>
<U id="225" f="12" l="309" c="103" d="112" a="0"/>
<U id="226" f="10" l="192" c="105" d="26" a="0"/>
<U id="227" f="12" l="301" c="191" d="88" a="0"/>
<U id="228" f="12" l="301" c="218" d="116" a="1"/>
<U id="229" f="12" l="307" c="126" d="81" a="1"/>
<U id="230" f="12" l="309" c="192" d="112" a="0"/>
<U id="231" f="12" l="307" c="194" d="84" a="0"/>
<U id="232" f="5" l="90" c="0" d="138" a="0"/>
<U id="233" f="5" l="91" c="0" d="138" a="0"/>
<U id="234" f="5" l="92" c="0" d="138" a="0"/>
<U id="235" f="5" l="53" c="2" d="162" a="0"/>
<U id="236" f="5" l="93" c="0" d="138" a="0"/>
<U id="237" f="5" l="94" c="0" d="162" a="0"/>
<U id="238" f="5" l="95" c="0" d="162" a="0"/>
<U id="239" f="7" l="20" c="7" d="162" a="0"/>
<U id="240" f="5" l="96" c="0" d="123" a="0"/>
<U id="241" f="5" l="87" c="0" d="138" a="0"/>
<U id="242" f="7" l="21" c="7" d="123" a="0"/>
<U id="243" f="5" l="88" c="0" d="138" a="0"/>
<U id="244" f="7" l="22" c="7" d="162" a="0"/>
<U id="245" f="1" l="50" c="8" d="95" a="0"/>
<U id="246" f="7" l="41" c="7" d="162" a="0"/>
<U id="247" f="5" l="89" c="0" d="138" a="0"/>
<U id="248" f="4" l="50" c="8" d="99" a="0"/>
<U id="249" f="7" l="23" c="7" d="162" a="0"/>
<U id="250" f="4" l="41" c="8" d="147" a="0"/>
<U id="251" f="7" l="24" c="7" d="162" a="0"/>
<U id="252" f="9" l="24" c="7" d="82" a="0"/>
<U id="253" f="7" l="25" c="7" d="162" a="0"/>
<U id="254" f="4" l="62" c="8" d="108" a="0"/>
<U id="255" f="4" l="53" c="8" d="109" a="0"/>
<U id="256" f="4" l="44" c="8" d="147" a="0"/>
<U id="257" f="4" l="35" c="8" d="147" a="0"/>
<U id="258" f="1" l="84" c="7" d="118" a="0"/>
<U id="259" f="7" l="28" c="7" d="162" a="0"/>
<U id="260" f="9" l="26" c="8" d="82" a="1"/>
<U id="261" f="4" l="65" c="8" d="101" a="0"/>
<U id="262" f="4" l="56" c="8" d="90" a="0"/>
<U id="263" f="4" l="47" c="8" d="147" a="0"/>
<U id="264" f="4" l="38" c="8" d="147" a="0"/>
<U id="265" f="1" l="49" c="8" d="95" a="0"/>
<U id="266" f="5" l="98" c="6" d="90" a="0"/>
<U id="267" f="4" l="59" c="8" d="98" a="0"/>
<U id="268" f="14" l="11355" c="9" d="75" a="0"/>
<U id="269" f="9" l="22" c="9" d="162" a="0"/>
<U id="270" f="13" l="20" c="4" d="160" a="0"/>
<U id="271" f="3" l="140" c="3" d="133" a="0"/>
<U id="272" f="13" l="21" c="4" d="219" a="0"/>
<U id="273" f="7" l="31" c="13" d="90" a="0"/>
<U id="274" f="7" l="32" c="13" d="123" a="0"/>
<U id="275" f="7" l="33" c="13" d="98" a="0"/>
<U id="276" f="9" l="22" c="23" d="162" a="0"/>
<U id="277" f="1" l="84" c="39" d="118" a="0"/>
<U id="278" f="7" l="34" c="13" d="162" a="0"/>
<U id="279" f="5" l="65" c="21" d="69" a="0"/>
<U id="280" f="7" l="35" c="13" d="162" a="0"/>
<U id="281" f="5" l="103" c="6" d="98" a="0"/>
<U id="282" f="5" l="223" c="5" d="160" a="0"/>
<U id="283" f="3" l="136" c="3" d="147" a="0"/>
<U id="284" f="7" l="36" c="13" d="99" a="0"/>
<U id="285" f="5" l="113" c="6" d="108" a="0"/>
<U id="286" f="7" l="37" c="13" d="108" a="0"/>
<U id="287" f="9" l="29" c="12" d="82" a="0"/>
<U id="288" f="3" l="137" c="3" d="147" a="0"/>
<U id="289" f="7" l="38" c="13" d="109" a="0"/>
<U id="290" f="3" l="138" c="3" d="133" a="0"/>
<U id="291" f="5" l="92" c="51" d="162" a="0"/>
<U id="292" f="11" l="43" c="7" d="147" a="0"/>
<U id="293" f="11" l="34" c="7" d="140" a="0"/>
<U id="294" f="9" l="26" c="15" d="82" a="0"/>
<U id="295" f="3" l="132" c="8" d="133" a="0"/>
<U id="296" f="3" l="139" c="3" d="133" a="0"/>
<U id="297" f="5" l="90" c="53" d="162" a="0"/>
<U id="298" f="11" l="53" c="7" d="140" a="0"/>
<U id="299" f="11" l="81" c="7" d="147" a="0"/>
<U id="300" f="11" l="72" c="7" d="140" a="0"/>
<U id="301" f="5" l="93" c="61" d="162" a="0"/>
<U id="302" f="5" l="108" c="6" d="99" a="0"/>
<U id="303" f="11" l="91" c="7" d="140" a="0"/>
<U id="304" f="5" l="118" c="6" d="109" a="0"/>
<U id="305" f="5" l="256" c="5" d="219" a="0"/>
<U id="306" f="5" l="89" c="50" d="162" a="0"/>
<U id="307" f="11" l="29" c="7" d="147" a="0"/>
<U id="308" f="11" l="48" c="7" d="147" a="0"/>
<U id="309" f="8" l="660" c="8" d="133" a="0"/>
<U id="310" f="8" l="813" c="8" d="202" a="1"/>
<U id="311" f="11" l="67" c="7" d="147" a="0"/>
<U id="312" f="11" l="58" c="7" d="140" a="0"/>
<U id="313" f="8" l="670" c="8" d="175" a="1"/>
<U id="314" f="8" l="661" c="8" d="162" a="0"/>
<U id="315" f="11" l="86" c="7" d="147" a="0"/>
<U id="316" f="11" l="96" c="7" d="140" a="0"/>
<U id="317" f="8" l="662" c="8" d="162" a="0"/>
<U id="318" f="5" l="91" c="57" d="162" a="0"/>
<U id="319" f="8" l="780" c="8" d="162" a="0"/>
<U id="320" f="8" l="815" c="8" d="224" a="1"/>
<U id="321" f="8" l="672" c="8" d="209" a="1"/>
<U id="322" f="8" l="663" c="8" d="162" a="0"/>
<U id="323" f="8" l="781" c="8" d="147" a="0"/>
<U id="324" f="8" l="664" c="8" d="162" a="0"/>
<U id="325" f="5" l="88" c="64" d="123" a="0"/>
<U id="326" f="8" l="782" c="8" d="130" a="0"/>
<U id="327" f="8" l="674" c="8" d="216" a="1"/>
<U id="328" f="5" l="87" c="56" d="162" a="0"/>
<U id="329" f="8" l="783" c="8" d="162" a="0"/>
<U id="330" f="8" l="818" c="8" d="224" a="1"/>
<U id="331" f="8" l="675" c="8" d="220" a="1"/>
<U id="332" f="8" l="667" c="8" d="227" a="1"/>
<U id="333" f="8" l="785" c="8" d="204" a="1"/>
<U id="334" f="8" l="668" c="8" d="238" a="1"/>
<U id="335" f="8" l="659" c="8" d="153" a="0"/>
<U id="336" f="8" l="669" c="8" d="199" a="1"/>
<U id="337" f="8" l="787" c="8" d="204" a="1"/>
<U id="338" f="8" l="320" c="9" d="140" a="0"/>
<U id="339" f="8" l="221" c="9" d="121" a="0"/>
<U id="340" f="8" l="411" c="9" d="140" a="0"/>
<U id="341" f="8" l="601" c="9" d="162" a="0"/>
<U id="342" f="8" l="450" c="9" d="121" a="0"/>
<U id="343" f="8" l="270" c="9" d="130" a="0"/>
<U id="344" f="8" l="310" c="30" d="136" a="0"/>
<U id="345" f="8" l="333" c="9" d="147" a="0"/>
<U id="346" f="8" l="613" c="9" d="162" a="0"/>
<U id="347" f="8" l="234" c="9" d="162" a="0"/>
<U id="348" f="8" l="401" c="30" d="190" a="0"/>
<U id="349" f="8" l="181" c="9" d="162" a="0"/>
<U id="350" f="8" l="424" c="9" d="147" a="0"/>
<U id="351" f="8" l="505" c="9" d="140" a="0"/>
<U id="352" f="8" l="221" c="30" d="153" a="0"/>
<U id="353" f="8" l="533" c="9" d="153" a="0"/>
<U id="354" f="8" l="307" c="9" d="133" a="0"/>
<U id="355" f="8" l="561" c="9" d="162" a="0"/>
<U id="356" f="8" l="211" c="40" d="147" a="0"/>
<U id="357" f="8" l="310" c="22" d="245" a="0"/>
<U id="358" f="8" l="208" c="9" d="147" a="0"/>
<U id="359" f="8" l="372" c="9" d="162" a="0"/>
<U id="360" f="8" l="282" c="9" d="130" a="0"/>
<U id="361" f="8" l="401" c="22" d="265" a="0"/>
<U id="362" f="8" l="211" c="59" d="223" a="0"/>
<U id="363" f="8" l="440" c="30" d="171" a="0"/>
<U id="364" f="8" l="463" c="9" d="162" a="0"/>
<U id="365" f="8" l="625" c="9" d="162" a="0"/>
<U id="366" f="11" l="31" c="69" d="147" a="0"/>
<U id="367" f="8" l="246" c="9" d="130" a="0"/>
<U id="368" f="8" l="491" c="9" d="133" a="0"/>
<U id="369" f="8" l="310" c="14" d="136" a="0"/>
<U id="370" f="8" l="323" c="30" d="126" a="0"/>
<U id="371" f="11" l="50" c="69" d="147" a="0"/>
<U id="372" f="8" l="346" c="9" d="153" a="0"/>
<U id="373" f="8" l="211" c="14" d="223" a="0"/>
<U id="374" f="11" l="32" c="69" d="147" a="0"/>
<U id="375" f="8" l="401" c="14" d="190" a="0"/>
<U id="376" f="8" l="603" c="12" d="114" a="0"/>
<U id="377" f="8" l="414" c="30" d="129" a="0"/>
<U id="378" f="8" l="640" c="12" d="119" a="0"/>
<U id="379" f="11" l="60" c="69" d="147" a="0"/>
<U id="380" f="8" l="437" c="9" d="153" a="0"/>
<U id="381" f="8" l="440" c="22" d="256" a="0"/>
<U id="382" f="11" l="51" c="69" d="140" a="0"/>
<U id="383" f="8" l="523" c="30" d="233" a="0"/>
<U id="384" f="8" l="211" c="33" d="223" a="0"/>
<U id="385" f="8" l="523" c="21" d="233" a="0"/>
<U id="386" f="8" l="294" c="9" d="130" a="0"/>
<U id="387" f="8" l="211" c="24" d="147" a="0"/>
<U id="388" f="8" l="551" c="30" d="263" a="0"/>
<U id="389" f="8" l="170" c="13" d="147" a="0"/>
<U id="390" f="8" l="224" c="40" d="121" a="0"/>
<U id="391" f="8" l="323" c="22" d="226" a="0"/>
<U id="392" f="8" l="551" c="21" d="263" a="0"/>
<U id="393" f="11" l="61" c="69" d="147" a="0"/>
<U id="394" f="8" l="195" c="9" d="133" a="0"/>
<U id="395" f="8" l="320" c="24" d="140" a="0"/>
<U id="396" f="8" l="519" c="9" d="147" a="0"/>
<U id="397" f="8" l="637" c="9" d="162" a="0"/>
<U id="398" f="8" l="362" c="30" d="198" a="0"/>
<U id="399" f="8" l="258" c="9" d="130" a="0"/>
<U id="400" f="8" l="385" c="9" d="130" a="0"/>
<U id="401" f="8" l="547" c="9" d="121" a="0"/>
<U id="402" f="8" l="711" c="50" d="216" a="0"/>
<U id="403" f="8" l="414" c="22" d="232" a="0"/>
<U id="404" f="8" l="523" c="40" d="180" a="0"/>
<U id="405" f="11" l="121" c="7" d="140" a="0"/>
<U id="406" f="8" l="208" c="30" d="140" a="0"/>
<U id="407" f="8" l="234" c="31" d="162" a="0"/>
<U id="408" f="8" l="411" c="24" d="140" a="0"/>
<U id="409" f="8" l="440" c="14" d="171" a="0"/>
<U id="410" f="8" l="224" c="59" d="186" a="0"/>
<U id="411" f="8" l="453" c="30" d="142" a="0"/>
<U id="412" f="8" l="551" c="40" d="185" a="0"/>
<U id="413" f="12" l="270" c="4" d="162" a="0"/>
<U id="414" f="8" l="260" c="14" d="229" a="0"/>
<U id="415" f="8" l="481" c="30" d="264" a="0"/>
<U id="416" f="8" l="615" c="12" d="107" a="0"/>
<U id="417" f="8" l="712" c="50" d="216" a="0"/>
<U id="418" f="8" l="236" c="12" d="103" a="0"/>
<U id="419" f="8" l="323" c="14" d="126" a="0"/>
<U id="420" f="8" l="481" c="21" d="264" a="0"/>
<U id="421" f="8" l="576" c="9" d="162" a="0"/>
<U id="422" f="8" l="336" c="30" d="146" a="0"/>
<U id="423" f="8" l="359" c="9" d="121" a="0"/>
<U id="424" f="8" l="185" c="29" d="258" a="0"/>
<U id="425" f="8" l="224" c="14" d="186" a="0"/>
<U id="426" f="8" l="362" c="22" d="236" a="0"/>
<U id="427" f="8" l="731" c="50" d="216" a="0"/>
<U id="428" f="12" l="280" c="4" d="162" a="0"/>
<U id="429" f="11" l="113" c="7" d="140" a="0"/>
<U id="430" f="8" l="477" c="9" d="130" a="0"/>
<U id="431" f="12" l="271" c="4" d="162" a="0"/>
<U id="432" f="11" l="43" c="52" d="147" a="0"/>
<U id="433" f="11" l="45" c="69" d="147" a="0"/>
<U id="434" f="8" l="414" c="14" d="129" a="0"/>
<U id="435" f="11" l="36" c="69" d="147" a="0"/>
<U id="436" f="8" l="260" c="24" d="130" a="0"/>
<U id="437" f="8" l="427" c="30" d="151" a="0"/>
<U id="438" f="8" l="195" c="29" d="130" a="0"/>
<U id="439" f="8" l="601" c="25" d="162" a="0"/>
<U id="440" f="8" l="453" c="22" d="239" a="0"/>
<U id="441" f="8" l="481" c="40" d="172" a="0"/>
<U id="442" f="8" l="523" c="14" d="180" a="0"/>
<U id="443" f="8" l="806" c="12" d="204" a="0"/>
<U id="444" f="8" l="450" c="24" d="121" a="0"/>
<U id="445" f="8" l="732" c="50" d="216" a="0"/>
<U id="446" f="11" l="53" c="52" d="140" a="0"/>
<U id="447" f="11" l="55" c="69" d="147" a="0"/>
<U id="448" f="8" l="224" c="33" d="186" a="0"/>
<U id="449" f="8" l="551" c="14" d="185" a="0"/>
<U id="450" f="8" l="591" c="12" d="115" a="0"/>
<U id="451" f="8" l="701" c="34" d="220" a="0"/>
<U id="452" f="11" l="46" c="69" d="147" a="0"/>
<U id="453" f="11" l="81" c="61" d="147" a="0"/>
<U id="454" f="8" l="224" c="24" d="121" a="0"/>
<U id="455" f="8" l="701" c="25" d="33" a="0"/>
<U id="456" f="12" l="272" c="4" d="123" a="0"/>
<U id="457" f="11" l="37" c="69" d="147" a="0"/>
<U id="458" f="11" l="105" c="7" d="147" a="0"/>
<U id="459" f="8" l="336" c="22" d="240" a="0"/>
<U id="460" f="8" l="509" c="30" d="247" a="0"/>
<U id="461" f="8" l="751" c="50" d="216" a="0"/>
<U id="462" f="8" l="307" c="23" d="133" a="0"/>
<U id="463" f="8" l="333" c="24" d="147" a="0"/>
<U id="464" f="8" l="362" c="14" d="198" a="0"/>
<U id="465" f="8" l="509" c="21" d="247" a="0"/>
<U id="466" f="8" l="272" c="14" d="184" a="0"/>
<U id="467" f="8" l="375" c="30" d="178" a="0"/>
<U id="468" f="8" l="537" c="30" d="249" a="0"/>
<U id="469" f="11" l="56" c="69" d="140" a="0"/>
<U id="470" f="11" l="91" c="61" d="140" a="0"/>
<U id="471" f="8" l="398" c="9" d="133" a="0"/>
<U id="472" f="8" l="537" c="21" d="249" a="0"/>
<U id="473" f="8" l="627" c="12" d="111" a="0"/>
<U id="474" f="8" l="711" c="25" d="33" a="0"/>
<U id="475" f="8" l="821" c="15" d="224" a="0"/>
<U id="476" f="11" l="141" c="8" d="147" a="0"/>
<U id="477" f="8" l="427" c="22" d="241" a="0"/>
<U id="478" f="8" l="565" c="30" d="20" a="0"/>
<U id="479" f="8" l="702" c="25" d="39" a="0"/>
<U id="480" f="8" l="424" c="24" d="147" a="0"/>
<U id="481" f="8" l="505" c="24" d="140" a="0"/>
<U id="482" f="8" l="576" c="29" d="162" a="0"/>
<U id="483" f="8" l="284" c="40" d="130" a="0"/>
<U id="484" f="8" l="453" c="14" d="142" a="0"/>
<U id="485" f="8" l="565" c="21" d="20" a="0"/>
<U id="486" f="8" l="691" c="49" d="216" a="0"/>
<U id="487" f="8" l="706" c="50" d="216" a="0"/>
<U id="488" f="8" l="752" c="50" d="216" a="0"/>
<U id="489" f="8" l="466" c="30" d="187" a="0"/>
<U id="490" f="8" l="813" c="42" d="162" a="0"/>
<U id="491" f="8" l="533" c="24" d="153" a="0"/>
<U id="492" f="8" l="481" c="14" d="172" a="0"/>
<U id="493" f="8" l="509" c="40" d="152" a="0"/>
<U id="494" f="8" l="640" c="25" d="32" a="0"/>
<U id="495" f="8" l="721" c="25" d="33" a="0"/>
<U id="496" f="8" l="712" c="25" d="39" a="0"/>
<U id="497" f="8" l="272" c="24" d="130" a="0"/>
<U id="498" f="8" l="310" c="37" d="245" a="0"/>
<U id="499" f="8" l="336" c="14" d="146" a="0"/>
<U id="500" f="8" l="537" c="40" d="154" a="0"/>
<U id="501" f="8" l="716" c="50" d="216" a="0"/>
<U id="502" f="8" l="491" c="23" d="133" a="0"/>
<U id="503" f="8" l="589" c="9" d="162" a="0"/>
<U id="504" f="8" l="613" c="25" d="162" a="0"/>
<U id="505" f="8" l="349" c="30" d="168" a="0"/>
<U id="506" f="8" l="707" c="50" d="216" a="0"/>
<U id="507" f="8" l="375" c="22" d="254" a="0"/>
<U id="508" f="8" l="565" c="40" d="174" a="0"/>
<U id="509" f="8" l="702" c="35" d="216" a="0"/>
<U id="510" f="8" l="731" c="25" d="33" a="0"/>
<U id="511" f="8" l="722" c="25" d="39" a="0"/>
<U id="512" f="11" l="30" c="75" d="147" a="0"/>
<U id="513" f="8" l="401" c="37" d="265" a="0"/>
<U id="514" f="8" l="427" c="14" d="151" a="0"/>
<U id="515" f="8" l="495" c="30" d="250" a="0"/>
<U id="516" f="8" l="579" c="19" d="244" a="0"/>
<U id="517" f="8" l="672" c="23" d="199" a="0"/>
<U id="518" f="8" l="726" c="50" d="216" a="0"/>
<U id="519" f="8" l="803" c="16" d="196" a="1"/>
<U id="520" f="8" l="813" c="52" d="204" a="0"/>
<U id="521" f="8" l="495" c="21" d="250" a="0"/>
<U id="522" f="8" l="674" c="31" d="209" a="0"/>
<U id="523" f="8" l="717" c="50" d="216" a="0"/>
<U id="524" f="8" l="721" c="35" d="216" a="0"/>
<U id="525" f="8" l="778" c="10" d="162" a="0"/>
<U id="526" f="8" l="466" c="22" d="257" a="0"/>
<U id="527" f="8" l="603" c="17" d="149" a="0"/>
<U id="528" f="8" l="668" c="20" d="227" a="0"/>
<U id="529" f="8" l="741" c="25" d="33" a="0"/>
<U id="530" f="8" l="813" c="34" d="121" a="0"/>
<U id="531" f="8" l="284" c="14" d="217" a="0"/>
<U id="532" f="8" l="732" c="25" d="39" a="0"/>
<U id="533" f="8" l="561" c="25" d="162" a="0"/>
<U id="534" f="8" l="297" c="30" d="158" a="0"/>
<U id="535" f="8" l="736" c="50" d="216" a="0"/>
<U id="536" f="12" l="275" c="4" d="109" a="0"/>
<U id="537" f="8" l="185" c="14" d="179" a="0"/>
<U id="538" f="8" l="198" c="39" d="133" a="0"/>
<U id="539" f="8" l="509" c="14" d="152" a="0"/>
<U id="540" f="8" l="670" c="34" d="238" a="0"/>
<U id="541" f="8" l="692" c="50" d="216" a="0"/>
<U id="542" f="8" l="727" c="50" d="216" a="0"/>
<U id="543" f="11" l="48" c="52" d="140" a="0"/>
<U id="544" f="8" l="182" c="89" d="162" a="0"/>
<U id="545" f="8" l="294" c="23" d="130" a="0"/>
<U id="546" f="8" l="349" c="22" d="253" a="0"/>
<U id="547" f="8" l="722" c="35" d="220" a="0"/>
<U id="548" f="8" l="751" c="25" d="33" a="0"/>
<U id="549" f="8" l="808" c="41" d="204" a="0"/>
<U id="550" f="11" l="34" c="46" d="147" a="0"/>
<U id="551" f="8" l="346" c="24" d="153" a="0"/>
<U id="552" f="8" l="372" c="25" d="162" a="0"/>
<U id="553" f="8" l="248" c="14" d="201" a="0"/>
<U id="554" f="8" l="375" c="14" d="178" a="0"/>
<U id="555" f="8" l="495" c="40" d="148" a="0"/>
<U id="556" f="8" l="537" c="14" d="154" a="0"/>
<U id="557" f="8" l="742" c="25" d="39" a="0"/>
<U id="558" f="8" l="181" c="26" d="162" a="0"/>
<U id="559" f="8" l="388" c="30" d="163" a="0"/>
<U id="560" f="8" l="746" c="50" d="216" a="0"/>
<U id="561" f="12" l="333" c="8" d="2" a="1"/>
<U id="562" f="8" l="565" c="14" d="174" a="0"/>
<U id="563" f="8" l="737" c="50" d="216" a="0"/>
<U id="564" f="8" l="741" c="35" d="220" a="0"/>
<U id="565" f="11" l="58" c="52" d="147" a="0"/>
<U id="566" f="8" l="385" c="23" d="130" a="0"/>
<U id="567" f="12" l="276" c="4" d="90" a="0"/>
<U id="568" f="11" l="86" c="61" d="140" a="0"/>
<U id="569" f="8" l="183" c="89" d="162" a="0"/>
<U id="570" f="8" l="308" c="80" d="133" a="0"/>
<U id="571" f="8" l="437" c="24" d="153" a="0"/>
<U id="572" f="8" l="463" c="25" d="162" a="0"/>
<U id="573" f="8" l="440" c="37" d="256" a="0"/>
<U id="574" f="8" l="466" c="14" d="187" a="0"/>
<U id="575" f="8" l="640" c="18" d="208" a="0"/>
<U id="576" f="8" l="668" c="12" d="153" a="0"/>
<U id="577" f="8" l="706" c="25" d="33" a="0"/>
<U id="578" f="8" l="752" c="25" d="39" a="0"/>
<U id="579" f="8" l="813" c="26" d="147" a="0"/>
<U id="580" f="12" l="267" c="4" d="162" a="0"/>
<U id="581" f="11" l="72" c="55" d="147" a="0"/>
<U id="582" f="12" l="339" c="4" d="2" a="1"/>
<U id="583" f="8" l="211" c="48" d="140" a="0"/>
<U id="584" f="8" l="260" c="37" d="130" a="0"/>
<U id="585" f="8" l="297" c="22" d="259" a="0"/>
<U id="586" f="8" l="686" c="49" d="216" a="0"/>
<U id="587" f="8" l="747" c="50" d="216" a="0"/>
<U id="588" f="8" l="248" c="24" d="130" a="0"/>
<U id="589" f="8" l="669" c="30" d="238" a="0"/>
<U id="590" f="8" l="670" c="26" d="121" a="0"/>
<U id="591" f="8" l="681" c="34" d="216" a="0"/>
<U id="592" f="8" l="742" c="35" d="216" a="0"/>
<U id="593" f="11" l="96" c="61" d="147" a="0"/>
<U id="594" f="8" l="323" c="37" d="226" a="0"/>
<U id="595" f="8" l="349" c="14" d="168" a="0"/>
<U id="596" f="8" l="669" c="21" d="162" a="0"/>
<U id="597" f="8" l="670" c="17" d="133" a="0"/>
<U id="598" f="8" l="675" c="23" d="209" a="0"/>
<U id="599" f="8" l="681" c="25" d="33" a="0"/>
<U id="600" f="8" l="716" c="25" d="33" a="0"/>
<U id="601" f="8" l="519" c="24" d="147" a="0"/>
<U id="602" f="8" l="615" c="17" d="166" a="0"/>
<U id="603" f="8" l="707" c="25" d="39" a="0"/>
<U id="604" f="8" l="796" c="12" d="204" a="0"/>
<U id="605" f="12" l="277" c="4" d="162" a="0"/>
<U id="606" f="8" l="388" c="22" d="261" a="0"/>
<U id="607" f="8" l="579" c="12" d="113" a="0"/>
<U id="608" f="8" l="696" c="49" d="216" a="0"/>
<U id="609" f="8" l="711" c="74" d="220" a="0"/>
<U id="610" f="8" l="757" c="50" d="216" a="0"/>
<U id="611" f="12" l="268" c="4" d="162" a="0"/>
<U id="612" f="8" l="270" c="28" d="153" a="0"/>
<U id="613" f="8" l="547" c="24" d="121" a="0"/>
<U id="614" f="8" l="654" c="25" d="162" a="0"/>
<U id="615" f="8" l="495" c="14" d="148" a="0"/>
<U id="616" f="8" l="523" c="64" d="180" a="0"/>
<U id="617" f="8" l="477" c="23" d="130" a="0"/>
<U id="618" f="8" l="625" c="26" d="162" a="0"/>
<U id="619" f="8" l="414" c="37" d="232" a="0"/>
<U id="620" f="8" l="674" c="15" d="199" a="0"/>
<U id="621" f="8" l="682" c="34" d="220" a="0"/>
<U id="622" f="8" l="691" c="25" d="33" a="0"/>
<U id="623" f="8" l="726" c="25" d="33" a="0"/>
<U id="624" f="8" l="551" c="64" d="185" a="0"/>
<U id="625" f="8" l="667" c="32" d="199" a="0"/>
<U id="626" f="8" l="682" c="25" d="39" a="0"/>
<U id="627" f="8" l="717" c="25" d="39" a="0"/>
<U id="628" f="11" l="129" c="7" d="147" a="0"/>
<U id="629" f="12" l="326" c="8" d="2" a="1"/>
<U id="630" f="8" l="198" c="32" d="225" a="0"/>
<U id="631" f="8" l="297" c="14" d="158" a="0"/>
<U id="632" f="8" l="712" c="74" d="220" a="0"/>
<U id="633" f="8" l="758" c="50" d="216" a="0"/>
<U id="634" f="12" l="291" c="8" d="6" a="0"/>
<U id="635" f="8" l="736" c="25" d="33" a="0"/>
<U id="636" f="8" l="791" c="16" d="204" a="1"/>
<U id="637" f="12" l="269" c="4" d="162" a="0"/>
<U id="638" f="11" l="44" c="75" d="147" a="0"/>
<U id="639" f="11" l="157" c="7" d="140" a="0"/>
<U id="640" f="8" l="198" c="14" d="225" a="0"/>
<U id="641" f="8" l="692" c="25" d="39" a="0"/>
<U id="642" f="8" l="727" c="25" d="39" a="0"/>
<U id="643" f="11" l="35" c="75" d="140" a="0"/>
<U id="644" f="11" l="165" c="8" d="140" a="0"/>
<U id="645" f="8" l="637" c="25" d="162" a="0"/>
<U id="646" f="8" l="236" c="18" d="137" a="0"/>
<U id="647" f="8" l="591" c="17" d="237" a="0"/>
<U id="648" f="8" l="672" c="17" d="199" a="0"/>
<U id="649" f="8" l="731" c="74" d="220" a="0"/>
<U id="650" f="8" l="808" c="16" d="204" a="1"/>
<U id="651" f="8" l="359" c="24" d="121" a="0"/>
<U id="652" f="8" l="362" c="37" d="236" a="0"/>
<U id="653" f="8" l="388" c="14" d="163" a="0"/>
<U id="654" f="8" l="687" c="50" d="216" a="0"/>
<U id="655" f="8" l="272" c="37" d="130" a="0"/>
<U id="656" f="8" l="523" c="56" d="228" a="0"/>
<U id="657" f="8" l="746" c="25" d="33" a="0"/>
<U id="658" f="8" l="789" c="12" d="204" a="0"/>
<U id="659" f="11" l="29" c="46" d="147" a="0"/>
<U id="660" f="11" l="54" c="75" d="140" a="0"/>
<U id="661" f="8" l="523" c="47" d="228" a="0"/>
<U id="662" f="8" l="737" c="25" d="39" a="0"/>
<U id="663" f="11" l="82" c="84" d="147" a="0"/>
<U id="664" f="8" l="295" c="80" d="130" a="0"/>
<U id="665" f="8" l="398" c="23" d="133" a="0"/>
<U id="666" f="8" l="481" c="64" d="172" a="0"/>
<U id="667" f="8" l="551" c="56" d="260" a="0"/>
<U id="668" f="11" l="73" c="84" d="140" a="0"/>
<U id="669" f="8" l="453" c="37" d="239" a="0"/>
<U id="670" f="8" l="551" c="47" d="260" a="0"/>
<U id="671" f="8" l="667" c="15" d="199" a="0"/>
<U id="672" f="8" l="691" c="72" d="220" a="0"/>
<U id="673" f="8" l="697" c="50" d="216" a="0"/>
<U id="674" f="8" l="706" c="73" d="220" a="0"/>
<U id="675" f="8" l="732" c="74" d="220" a="0"/>
<U id="676" f="11" l="149" c="7" d="147" a="0"/>
<U id="677" f="8" l="198" c="24" d="133" a="0"/>
<U id="678" f="8" l="282" c="28" d="162" a="0"/>
<U id="679" f="8" l="224" c="48" d="153" a="0"/>
<U id="680" f="8" l="669" c="14" d="199" a="0"/>
<U id="681" f="8" l="747" c="25" d="39" a="0"/>
<U id="682" f="11" l="67" c="55" d="147" a="0"/>
<U id="683" f="11" l="92" c="84" d="140" a="0"/>
<U id="684" f="8" l="386" c="80" d="130" a="0"/>
<U id="685" f="8" l="751" c="74" d="220" a="0"/>
<U id="686" f="8" l="185" c="45" d="258" a="0"/>
<U id="687" f="8" l="284" c="27" d="130" a="0"/>
<U id="688" f="8" l="336" c="37" d="240" a="0"/>
<U id="689" f="8" l="716" c="73" d="220" a="0"/>
<U id="690" f="8" l="246" c="28" d="130" a="0"/>
<U id="691" f="8" l="757" c="25" d="33" a="0"/>
<U id="692" f="8" l="815" c="37" d="125" a="1"/>
<U id="693" f="8" l="815" c="28" d="162" a="0"/>
<U id="694" f="8" l="427" c="37" d="241" a="0"/>
<U id="695" f="8" l="481" c="56" d="262" a="0"/>
<U id="696" f="8" l="627" c="18" d="200" a="0"/>
<U id="697" f="8" l="752" c="74" d="220" a="0"/>
<U id="698" f="8" l="481" c="47" d="262" a="0"/>
<U id="699" f="11" l="70" c="78" d="147" a="0"/>
<U id="700" f="8" l="509" c="64" d="152" a="0"/>
<U id="701" f="8" l="686" c="25" d="33" a="0"/>
<U id="702" f="8" l="758" c="25" d="39" a="0"/>
<U id="703" f="8" l="537" c="64" d="154" a="0"/>
<U id="704" f="8" l="692" c="73" d="220" a="0"/>
<U id="705" f="8" l="707" c="74" d="220" a="0"/>
<U id="706" f="8" l="565" c="64" d="174" a="0"/>
<U id="707" f="8" l="696" c="25" d="33" a="0"/>
<U id="708" f="8" l="818" c="27" d="224" a="0"/>
<U id="709" f="8" l="248" c="37" d="130" a="0"/>
<U id="710" f="8" l="375" c="37" d="254" a="0"/>
<U id="711" f="8" l="687" c="25" d="39" a="0"/>
<U id="712" f="8" l="726" c="74" d="220" a="0"/>
<U id="713" f="8" l="785" c="26" d="251" a="0"/>
<U id="714" f="8" l="717" c="74" d="220" a="0"/>
<U id="715" f="8" l="321" c="88" d="140" a="0"/>
<U id="716" f="11" l="49" c="75" d="147" a="0"/>
<U id="717" f="8" l="520" c="88" d="147" a="0"/>
<U id="718" f="8" l="466" c="37" d="257" a="0"/>
<U id="719" f="8" l="509" c="56" d="242" a="0"/>
<U id="720" f="8" l="697" c="25" d="39" a="0"/>
<U id="721" f="8" l="818" c="55" d="196" a="0"/>
<U id="722" f="8" l="258" c="28" d="140" a="0"/>
<U id="723" f="8" l="509" c="47" d="242" a="0"/>
<U id="724" f="8" l="736" c="74" d="220" a="0"/>
<U id="725" f="8" l="818" c="46" d="162" a="0"/>
<U id="726" f="11" l="68" c="84" d="147" a="0"/>
<U id="727" f="8" l="185" c="38" d="255" a="0"/>
<U id="728" f="8" l="537" c="56" d="243" a="0"/>
<U id="729" f="8" l="686" c="72" d="220" a="0"/>
<U id="730" f="8" l="727" c="74" d="220" a="0"/>
<U id="731" f="8" l="399" c="80" d="133" a="0"/>
<U id="732" f="8" l="412" c="88" d="140" a="0"/>
<U id="733" f="8" l="589" c="25" d="162" a="0"/>
<U id="734" f="8" l="537" c="47" d="243" a="0"/>
<U id="735" f="11" l="59" c="75" d="140" a="0"/>
<U id="736" f="8" l="349" c="37" d="253" a="0"/>
<U id="737" f="8" l="495" c="64" d="148" a="0"/>
<U id="738" f="8" l="565" c="56" d="17" a="0"/>
<U id="739" f="11" l="87" c="84" d="147" a="0"/>
<U id="740" f="8" l="521" c="88" d="147" a="0"/>
<U id="741" f="8" l="565" c="47" d="17" a="0"/>
<U id="742" f="8" l="746" c="74" d="220" a="0"/>
<U id="743" f="8" l="678" c="17" d="175" a="0"/>
<U id="744" f="8" l="696" c="72" d="220" a="0"/>
<U id="745" f="8" l="737" c="74" d="220" a="0"/>
<U id="746" f="8" l="579" c="26" d="41" a="0"/>
<U id="747" f="8" l="787" c="26" d="204" a="0"/>
<U id="748" f="11" l="97" c="84" d="140" a="0"/>
<U id="749" f="8" l="798" c="16" d="196" a="1"/>
<U id="750" f="11" l="83" c="78" d="147" a="0"/>
<U id="751" f="8" l="360" c="88" d="121" a="0"/>
<U id="752" f="8" l="747" c="74" d="220" a="0"/>
<U id="753" f="11" l="74" c="78" d="147" a="0"/>
<U id="754" f="8" l="297" c="37" d="259" a="0"/>
<U id="755" f="8" l="787" c="63" d="204" a="0"/>
<U id="756" f="8" l="198" c="46" d="130" a="0"/>
<U id="757" f="8" l="495" c="56" d="246" a="0"/>
<U id="758" f="8" l="787" c="45" d="162" a="0"/>
<U id="759" f="11" l="93" c="78" d="147" a="0"/>
<U id="760" f="8" l="451" c="88" d="121" a="0"/>
<U id="761" f="8" l="495" c="47" d="246" a="0"/>
<U id="762" f="8" l="757" c="74" d="220" a="0"/>
<U id="763" f="8" l="799" c="16" d="204" a="1"/>
<U id="764" f="11" l="84" c="78" d="147" a="0"/>
<U id="765" f="8" l="388" c="37" d="261" a="0"/>
<U id="766" f="8" l="687" c="73" d="220" a="0"/>
<U id="767" f="11" l="75" c="78" d="147" a="0"/>
<U id="768" f="8" l="815" c="68" d="202" a="0"/>
<U id="769" f="8" l="562" c="96" d="162" a="0"/>
<U id="770" f="8" l="334" c="88" d="147" a="0"/>
<U id="771" f="11" l="94" c="78" d="140" a="0"/>
<U id="772" f="8" l="198" c="56" d="225" a="0"/>
<U id="773" f="8" l="697" c="73" d="220" a="0"/>
<U id="774" f="8" l="758" c="74" d="220" a="0"/>
<U id="775" f="8" l="787" c="55" d="153" a="0"/>
<U id="776" f="8" l="425" c="88" d="147" a="0"/>
<U id="777" f="8" l="506" c="88" d="140" a="0"/>
<U id="778" f="8" l="563" c="96" d="162" a="0"/>
<U id="779" f="8" l="534" c="88" d="153" a="0"/>
<U id="780" f="8" l="778" c="28" d="162" a="0"/>
<U id="781" f="8" l="667" c="66" d="199" a="0"/>
<U id="782" f="8" l="507" c="88" d="140" a="0"/>
<U id="783" f="8" l="373" c="88" d="162" a="0"/>
<U id="784" f="8" l="535" c="88" d="153" a="0"/>
<U id="785" f="8" l="655" c="96" d="162" a="0"/>
<U id="786" f="11" l="69" c="78" d="147" a="0"/>
<U id="787" f="8" l="464" c="88" d="162" a="0"/>
<U id="788" f="11" l="88" c="78" d="147" a="0"/>
<U id="789" f="8" l="492" c="88" d="133" a="0"/>
<U id="790" f="8" l="656" c="96" d="162" a="0"/>
<U id="791" f="8" l="347" c="88" d="153" a="0"/>
<U id="792" f="8" l="638" c="96" d="162" a="0"/>
<U id="793" f="11" l="98" c="78" d="147" a="0"/>
<U id="794" f="11" l="89" c="78" d="140" a="0"/>
<U id="795" f="8" l="493" c="88" d="133" a="0"/>
<U id="796" f="8" l="438" c="88" d="153" a="0"/>
<U id="797" f="11" l="99" c="78" d="147" a="0"/>
<U id="798" f="8" l="577" c="96" d="162" a="0"/>
<U id="799" f="8" l="548" c="88" d="121" a="0"/>
<U id="800" f="8" l="549" c="88" d="121" a="0"/>
<U id="801" f="8" l="478" c="88" d="130" a="0"/>
<U id="802" f="8" l="479" c="88" d="130" a="0"/>
</Uses>
<Blocks>
<B id="1" t="routine" f="13" l="18" c="5">
<BEGIN l="19" c="0"/>
<END l="22" c="0"/>
</B>
<B id="2" t="ppcif" f="15" l="13" c="0">
<BEGIN l="13" c="16"/>
<END l="133" c="0"/>
</B>
<B id="3" t="ppcrmif" f="15" l="14" c="0">
<BEGIN l="14" c="14"/>
<END l="16" c="0"/>
</B>
<B id="4" t="ppcif" f="15" l="18" c="0">
<BEGIN l="18" c="23"/>
<END l="129" c="0"/>
</B>
<B id="5" t="ppcrmif" f="15" l="25" c="0">
<BEGIN l="25" c="70"/>
<END l="27" c="0"/>
</B>
<B id="6" t="ppcelse" f="15" l="27" c="0">
<BEGIN l="27" c="5"/>
<END l="29" c="0"/>
</B>
<B id="7" t="ppcrmif" f="15" l="31" c="0">
<BEGIN l="31" c="67"/>
<END l="32" c="0"/>
</B>
<B id="8" t="ppcrmelif" f="15" l="32" c="0">
<BEGIN l="32" c="5"/>
<END l="35" c="0"/>
</B>
<B id="9" t="ppcrmelif" f="15" l="35" c="0">
<BEGIN l="35" c="5"/>
<END l="40" c="0"/>
</B>
<B id="10" t="ppcrmelse" f="15" l="40" c="0">
<BEGIN l="40" c="5"/>
<END l="42" c="0"/>
</B>
<B id="11" t="ppcrmif" f="15" l="54" c="0">
<BEGIN l="54" c="23"/>
<END l="55" c="0"/>
</B>
<B id="12" t="ppcrmelif" f="15" l="55" c="0">
<BEGIN l="55" c="5"/>
<END l="76" c="0"/>
</B>
<B id="13" t="ppcrmelse" f="15" l="76" c="0">
<BEGIN l="76" c="26"/>
<END l="123" c="0"/>
</B>
<B id="14" t="ppcrmif" f="15" l="89" c="0">
<BEGIN l="89" c="51"/>
<END l="100" c="0"/>
</B>
<B id="15" t="ppcrmelif" f="15" l="100" c="0">
<BEGIN l="100" c="5"/>
<END l="110" c="0"/>
</B>
<B id="16" t="ppcrmelse" f="15" l="110" c="0">
<BEGIN l="110" c="62"/>
<END l="121" c="0"/>
</B>
<B id="17" t="ppcif" f="15" l="125" c="0">
<BEGIN l="125" c="19"/>
<END l="127" c="0"/>
</B>
<B id="18" t="ppcrmif" f="15" l="130" c="0">
<BEGIN l="130" c="14"/>
<END l="132" c="0"/>
</B>
<B id="19" t="routine" f="12" l="206" c="5">
<BEGIN l="207" c="0"/>
<END l="218" c="0"/>
</B>
<B id="20" t="else" f="12" l="314" c="8">
<BEGIN l="315" c="8"/>
<END l="318" c="8"/>
</B>
<B id="21" t="if" f="12" l="296" c="8">
<BEGIN l="297" c="8"/>
<END l="313" c="8"/>
<ELSE d="20"/>
</B>
<B id="22" t="else" f="12" l="330" c="4">
<BEGIN l="331" c="4"/>
<END l="335" c="4"/>
</B>
<B id="23" t="if" f="12" l="291" c="4">
<BEGIN l="292" c="4"/>
<END l="329" c="4"/>
<SUB d="21"/>
<ELSE d="22"/>
</B>
<B id="24" t="routine" f="12" l="259" c="5">
<BEGIN l="260" c="0"/>
<END l="350" c="0"/>
<SUB d="23"/>
</B>
<B id="25" t="ppcif" f="16" l="15" c="0">
<BEGIN l="15" c="27"/>
<END l="330" c="0"/>
</B>
<B id="26" t="ppcif" f="16" l="25" c="0">
<BEGIN l="25" c="19"/>
<END l="155" c="0"/>
</B>
<B id="27" t="ppcrmif" f="16" l="46" c="0">
<BEGIN l="46" c="93"/>
<END l="91" c="0"/>
</B>
<B id="28" t="ppcrmif" f="16" l="94" c="0">
<BEGIN l="94" c="91"/>
<END l="153" c="0"/>
</B>
<B id="29" t="ppcrmelse" f="16" l="155" c="0">
<BEGIN l="155" c="35"/>
<END l="328" c="0"/>
</B>
<B id="30" t="ppcif" f="17" l="11" c="0">
<BEGIN l="11" c="27"/>
<END l="36" c="0"/>
</B>
<B id="31" t="ppcrmif" f="17" l="14" c="0">
<BEGIN l="14" c="19"/>
<END l="29" c="0"/>
</B>
<B id="32" t="ppcelse" f="17" l="29" c="0">
<BEGIN l="29" c="5"/>
<END l="33" c="0"/>
</B>
<B id="33" t="ppcif" f="1" l="22" c="0">
<BEGIN l="22" c="17"/>
<END l="109" c="0"/>
</B>
<B id="34" t="ppcrmif" f="1" l="39" c="0">
<BEGIN l="39" c="66"/>
<END l="43" c="0"/>
</B>
<B id="35" t="ppcelse" f="1" l="43" c="0">
<BEGIN l="43" c="60"/>
<END l="47" c="0"/>
</B>
<B id="36" t="ppcrmif" f="1" l="52" c="0">
<BEGIN l="52" c="18"/>
<END l="58" c="0"/>
</B>
<B id="37" t="ppcrmif" f="1" l="62" c="0">
<BEGIN l="62" c="33"/>
<END l="80" c="0"/>
</B>
<B id="38" t="ppcelse" f="1" l="80" c="0">
<BEGIN l="80" c="31"/>
<END l="93" c="0"/>
</B>
<B id="39" t="ppcrmif" f="1" l="96" c="0">
<BEGIN l="96" c="14"/>
<END l="106" c="0"/>
</B>
<B id="40" t="ppcif" f="18" l="3" c="0">
<BEGIN l="3" c="29"/>
<END l="348" c="0"/>
</B>
<B id="41" t="ppcif" f="18" l="61" c="0">
<BEGIN l="63" c="27"/>
<END l="66" c="0"/>
</B>
<B id="42" t="ppcrmif" f="18" l="165" c="0">
<BEGIN l="165" c="17"/>
<END l="206" c="0"/>
</B>
<B id="43" t="ppcrmif" f="18" l="209" c="0">
<BEGIN l="209" c="37"/>
<END l="211" c="0"/>
</B>
<B id="44" t="ppcrmif" f="18" l="213" c="0">
<BEGIN l="213" c="44"/>
<END l="321" c="0"/>
</B>
<B id="45" t="ppcif" f="18" l="323" c="0">
<BEGIN l="323" c="18"/>
<END l="346" c="0"/>
</B>
<B id="46" t="ppcrmif" f="18" l="326" c="0">
<BEGIN l="326" c="18"/>
<END l="328" c="0"/>
</B>
<B id="47" t="ppcrmif" f="18" l="329" c="0">
<BEGIN l="329" c="63"/>
<END l="331" c="0"/>
</B>
<B id="48" t="ppcrmif" f="18" l="332" c="0">
<BEGIN l="332" c="64"/>
<END l="334" c="0"/>
</B>
<B id="49" t="ppcrmif" f="18" l="335" c="0">
<BEGIN l="335" c="16"/>
<END l="340" c="0"/>
</B>
<B id="50" t="ppcif" f="18" l="343" c="0">
<BEGIN l="343" c="57"/>
<END l="345" c="0"/>
</B>
<B id="51" t="type" f="5" l="50" c="7">
<BEGIN l="50" c="29"/>
<END l="55" c="0"/>
</B>
<B id="52" t="ppcif" f="5" l="24" c="0">
<BEGIN l="24" c="30"/>
<END l="265" c="0"/>
</B>
<B id="53" t="ppcrmif" f="5" l="27" c="0">
<BEGIN l="27" c="35"/>
<END l="29" c="0"/>
</B>
<B id="54" t="ppcif" f="5" l="31" c="0">
<BEGIN l="31" c="38"/>
<END l="33" c="0"/>
</B>
<B id="55" t="ppcrmif" f="5" l="35" c="0">
<BEGIN l="35" c="19"/>
<END l="38" c="0"/>
</B>
<B id="56" t="ppcif" f="5" l="97" c="0">
<BEGIN l="97" c="37"/>
<END l="99" c="0"/>
</B>
<B id="57" t="ppcrmelse" f="5" l="99" c="0">
<BEGIN l="99" c="6"/>
<END l="101" c="0"/>
</B>
<B id="58" t="ppcif" f="5" l="102" c="0">
<BEGIN l="102" c="37"/>
<END l="104" c="0"/>
</B>
<B id="59" t="ppcrmelse" f="5" l="104" c="0">
<BEGIN l="104" c="6"/>
<END l="106" c="0"/>
</B>
<B id="60" t="ppcif" f="5" l="107" c="0">
<BEGIN l="107" c="37"/>
<END l="109" c="0"/>
</B>
<B id="61" t="ppcrmelse" f="5" l="109" c="0">
<BEGIN l="109" c="6"/>
<END l="111" c="0"/>
</B>
<B id="62" t="ppcif" f="5" l="112" c="0">
<BEGIN l="112" c="37"/>
<END l="114" c="0"/>
</B>
<B id="63" t="ppcrmelse" f="5" l="114" c="0">
<BEGIN l="114" c="6"/>
<END l="116" c="0"/>
</B>
<B id="64" t="ppcif" f="5" l="117" c="0">
<BEGIN l="117" c="37"/>
<END l="119" c="0"/>
</B>
<B id="65" t="ppcrmelse" f="5" l="119" c="0">
<BEGIN l="119" c="6"/>
<END l="121" c="0"/>
</B>
<B id="66" t="ppcrmif" f="5" l="261" c="0">
<BEGIN l="261" c="19"/>
<END l="263" c="0"/>
</B>
<B id="67" t="ppcif" f="19" l="24" c="0">
<BEGIN l="24" c="35"/>
<END l="39" c="0"/>
</B>
<B id="68" t="ppcrmif" f="19" l="27" c="0">
<BEGIN l="27" c="19"/>
<END l="30" c="0"/>
</B>
<B id="69" t="ppcrmif" f="19" l="35" c="0">
<BEGIN l="35" c="19"/>
<END l="37" c="0"/>
</B>
<B id="70" t="ppcif" f="4" l="24" c="0">
<BEGIN l="24" c="19"/>
<END l="72" c="0"/>
</B>
<B id="71" t="ppcif" f="20" l="25" c="0">
<BEGIN l="25" c="14"/>
<END l="96" c="0"/>
</B>
<B id="72" t="ppcrmif" f="20" l="41" c="0">
<BEGIN l="41" c="33"/>
<END l="43" c="0"/>
</B>
<B id="73" t="ppcrmif" f="20" l="45" c="0">
<BEGIN l="45" c="46"/>
<END l="47" c="0"/>
</B>
<B id="74" t="ppcrmif" f="20" l="49" c="0">
<BEGIN l="49" c="28"/>
<END l="51" c="0"/>
</B>
<B id="75" t="type" f="3" l="135" c="0">
<BEGIN l="135" c="0"/>
<END l="141" c="0"/>
</B>
<B id="76" t="ppcif" f="3" l="56" c="0">
<BEGIN l="56" c="19"/>
<END l="154" c="0"/>
</B>
<B id="77" t="ppcif" f="3" l="122" c="0">
<BEGIN l="122" c="26"/>
<END l="126" c="0"/>
</B>
<B id="78" t="ppcif" f="2" l="43" c="0">
<BEGIN l="43" c="24"/>
<END l="150" c="0"/>
</B>
<B id="79" t="ppcif" f="2" l="81" c="0">
<BEGIN l="81" c="13"/>
<END l="83" c="0"/>
</B>
<B id="80" t="ppcif" f="2" l="85" c="0">
<BEGIN l="85" c="14"/>
<END l="87" c="0"/>
</B>
<B id="81" t="ppcrmif" f="2" l="119" c="0">
<BEGIN l="119" c="46"/>
<END l="125" c="0"/>
</B>
<B id="82" t="ppcelse" f="2" l="125" c="0">
<BEGIN l="125" c="6"/>
<END l="129" c="0"/>
</B>
<B id="83" t="ppcrmif" f="2" l="131" c="0">
<BEGIN l="131" c="46"/>
<END l="137" c="0"/>
</B>
<B id="84" t="ppcelse" f="2" l="137" c="0">
<BEGIN l="137" c="6"/>
<END l="140" c="0"/>
</B>
<B id="85" t="ppcif" f="21" l="43" c="0">
<BEGIN l="43" c="18"/>
<END l="202" c="0"/>
</B>
<B id="86" t="ppcif" f="21" l="88" c="0">
<BEGIN l="88" c="17"/>
<END l="90" c="0"/>
</B>
<B id="87" t="ppcif" f="22" l="19" c="0">
<BEGIN l="19" c="22"/>
<END l="23" c="0"/>
</B>
<B id="88" t="ppcif" f="23" l="19" c="0">
<BEGIN l="19" c="26"/>
<END l="23" c="0"/>
</B>
<B id="89" t="ppcif" f="24" l="24" c="0">
<BEGIN l="24" c="31"/>
<END l="27" c="0"/>
</B>
<B id="90" t="ppcif" f="25" l="19" c="0">
<BEGIN l="19" c="16"/>
<END l="24" c="0"/>
</B>
<B id="91" t="ppcif" f="26" l="53" c="0">
<BEGIN l="53" c="37"/>
<END l="57" c="0"/>
</B>
<B id="92" t="ppcrmif" f="26" l="67" c="0">
<BEGIN l="67" c="50"/>
<END l="71" c="0"/>
</B>
<B id="93" t="ppcrmif" f="26" l="81" c="0">
<BEGIN l="81" c="55"/>
<END l="85" c="0"/>
</B>
<B id="94" t="ppcrmif" f="26" l="95" c="0">
<BEGIN l="95" c="53"/>
<END l="99" c="0"/>
</B>
<B id="95" t="ppcrmif" f="26" l="109" c="0">
<BEGIN l="109" c="58"/>
<END l="113" c="0"/>
</B>
<B id="96" t="ppcif" f="26" l="125" c="0">
<BEGIN l="125" c="36"/>
<END l="129" c="0"/>
</B>
<B id="97" t="ppcrmif" f="26" l="139" c="0">
<BEGIN l="139" c="49"/>
<END l="143" c="0"/>
</B>
<B id="98" t="ppcrmif" f="26" l="153" c="0">
<BEGIN l="153" c="54"/>
<END l="157" c="0"/>
</B>
<B id="99" t="ppcrmif" f="26" l="167" c="0">
<BEGIN l="167" c="52"/>
<END l="171" c="0"/>
</B>
<B id="100" t="ppcrmif" f="26" l="181" c="0">
<BEGIN l="181" c="57"/>
<END l="185" c="0"/>
</B>
<B id="101" t="ppcif" f="7" l="12" c="0">
<BEGIN l="12" c="19"/>
<END l="175" c="0"/>
</B>
<B id="102" t="ppcif" f="7" l="48" c="0">
<BEGIN l="48" c="31"/>
<END l="50" c="0"/>
</B>
<B id="103" t="ppcrmelse" f="7" l="50" c="0">
<BEGIN l="50" c="5"/>
<END l="52" c="0"/>
</B>
<B id="104" t="ppcif" f="7" l="55" c="0">
<BEGIN l="55" c="39"/>
<END l="57" c="0"/>
</B>
<B id="105" t="ppcrmelse" f="7" l="57" c="0">
<BEGIN l="57" c="5"/>
<END l="59" c="0"/>
</B>
<B id="106" t="ppcif" f="7" l="62" c="0">
<BEGIN l="62" c="25"/>
<END l="64" c="0"/>
</B>
<B id="107" t="ppcrmelse" f="7" l="64" c="0">
<BEGIN l="64" c="5"/>
<END l="66" c="0"/>
</B>
<B id="108" t="ppcif" f="7" l="69" c="0">
<BEGIN l="69" c="28"/>
<END l="71" c="0"/>
</B>
<B id="109" t="ppcrmelse" f="7" l="71" c="0">
<BEGIN l="71" c="5"/>
<END l="73" c="0"/>
</B>
<B id="110" t="ppcif" f="7" l="76" c="0">
<BEGIN l="76" c="32"/>
<END l="78" c="0"/>
</B>
<B id="111" t="ppcrmelse" f="7" l="78" c="0">
<BEGIN l="78" c="5"/>
<END l="80" c="0"/>
</B>
<B id="112" t="ppcif" f="7" l="83" c="0">
<BEGIN l="83" c="26"/>
<END l="85" c="0"/>
</B>
<B id="113" t="ppcrmelse" f="7" l="85" c="0">
<BEGIN l="85" c="5"/>
<END l="87" c="0"/>
</B>
<B id="114" t="ppcif" f="7" l="93" c="0">
<BEGIN l="93" c="36"/>
<END l="95" c="0"/>
</B>
<B id="115" t="ppcrmelse" f="7" l="95" c="0">
<BEGIN l="95" c="5"/>
<END l="97" c="0"/>
</B>
<B id="116" t="ppcif" f="7" l="103" c="0">
<BEGIN l="103" c="52"/>
<END l="105" c="0"/>
</B>
<B id="117" t="ppcrmelse" f="7" l="105" c="0">
<BEGIN l="105" c="5"/>
<END l="107" c="0"/>
</B>
<B id="118" t="ppcif" f="7" l="110" c="0">
<BEGIN l="110" c="46"/>
<END l="112" c="0"/>
</B>
<B id="119" t="ppcrmelse" f="7" l="112" c="0">
<BEGIN l="112" c="5"/>
<END l="114" c="0"/>
</B>
<B id="120" t="ppcif" f="7" l="117" c="0">
<BEGIN l="117" c="45"/>
<END l="119" c="0"/>
</B>
<B id="121" t="ppcrmelse" f="7" l="119" c="0">
<BEGIN l="119" c="5"/>
<END l="121" c="0"/>
</B>
<B id="122" t="ppcif" f="7" l="124" c="0">
<BEGIN l="124" c="41"/>
<END l="126" c="0"/>
</B>
<B id="123" t="ppcrmelse" f="7" l="126" c="0">
<BEGIN l="126" c="5"/>
<END l="128" c="0"/>
</B>
<B id="124" t="ppcif" f="7" l="131" c="0">
<BEGIN l="131" c="49"/>
<END l="133" c="0"/>
</B>
<B id="125" t="ppcrmelse" f="7" l="133" c="0">
<BEGIN l="133" c="5"/>
<END l="135" c="0"/>
</B>
<B id="126" t="ppcif" f="7" l="138" c="0">
<BEGIN l="138" c="51"/>
<END l="140" c="0"/>
</B>
<B id="127" t="ppcrmelse" f="7" l="140" c="0">
<BEGIN l="140" c="5"/>
<END l="142" c="0"/>
</B>
<B id="128" t="ppcif" f="7" l="145" c="0">
<BEGIN l="145" c="50"/>
<END l="147" c="0"/>
</B>
<B id="129" t="ppcrmelse" f="7" l="147" c="0">
<BEGIN l="147" c="5"/>
<END l="149" c="0"/>
</B>
<B id="130" t="ppcif" f="7" l="152" c="0">
<BEGIN l="152" c="49"/>
<END l="154" c="0"/>
</B>
<B id="131" t="ppcrmelse" f="7" l="154" c="0">
<BEGIN l="154" c="5"/>
<END l="156" c="0"/>
</B>
<B id="132" t="ppcif" f="7" l="162" c="0">
<BEGIN l="162" c="36"/>
<END l="164" c="0"/>
</B>
<B id="133" t="ppcrmelse" f="7" l="164" c="0">
<BEGIN l="164" c="5"/>
<END l="166" c="0"/>
</B>
<B id="134" t="if" f="9" l="24" c="4">
<BEGIN l="25" c="4"/>
<END l="27" c="4"/>
</B>
<B id="135" t="routine" f="9" l="22" c="17">
<BEGIN l="23" c="0"/>
<END l="30" c="0"/>
<SUB d="134"/>
</B>
<B id="136" t="ppcif" f="10" l="20" c="0">
<BEGIN l="20" c="20"/>
<END l="351" c="0"/>
</B>
<B id="137" t="routine" f="10" l="190" c="16">
<BEGIN l="191" c="0"/>
<END l="193" c="0"/>
</B>
<B id="138" t="else" f="10" l="206" c="70">
<BEGIN l="206" c="70"/>
<END l="206" c="107"/>
</B>
<B id="139" t="if" f="10" l="206" c="25">
<BEGIN l="206" c="28"/>
<END l="206" c="65"/>
<ELSE d="138"/>
</B>
<B id="140" t="routine" f="10" l="204" c="16">
<BEGIN l="205" c="0"/>
<END l="207" c="0"/>
<SUB d="139"/>
</B>
<B id="141" t="routine" f="10" l="218" c="16">
<BEGIN l="219" c="0"/>
<END l="221" c="0"/>
</B>
<B id="142" t="routine" f="10" l="232" c="16">
<BEGIN l="233" c="0"/>
<END l="235" c="0"/>
</B>
<B id="143" t="routine" f="10" l="247" c="16">
<BEGIN l="248" c="0"/>
<END l="250" c="0"/>
</B>
<B id="144" t="routine" f="10" l="261" c="16">
<BEGIN l="262" c="0"/>
<END l="264" c="0"/>
</B>
<B id="145" t="routine" f="10" l="275" c="16">
<BEGIN l="276" c="0"/>
<END l="278" c="0"/>
</B>
<B id="146" t="routine" f="10" l="289" c="16">
<BEGIN l="290" c="0"/>
<END l="292" c="0"/>
</B>
<B id="147" t="routine" f="10" l="303" c="17">
<BEGIN l="304" c="0"/>
<END l="306" c="0"/>
</B>
<B id="148" t="routine" f="10" l="317" c="17">
<BEGIN l="318" c="0"/>
<END l="320" c="0"/>
</B>
<B id="149" t="routine" f="10" l="331" c="17">
<BEGIN l="332" c="0"/>
<END l="334" c="0"/>
</B>
<B id="150" t="routine" f="10" l="345" c="17">
<BEGIN l="346" c="0"/>
<END l="348" c="0"/>
</B>
<B id="151" t="ppcif" f="11" l="20" c="0">
<BEGIN l="20" c="20"/>
<END l="173" c="0"/>
</B>
<B id="152" t="ppcif" f="8" l="25" c="0">
<BEGIN l="25" c="18"/>
<END l="824" c="0"/>
</B>
<B id="153" t="routine" f="8" l="181" c="17">
<BEGIN l="184" c="0"/>
<END l="186" c="0"/>
</B>
<B id="154" t="routine" f="8" l="195" c="15">
<BEGIN l="196" c="0"/>
<END l="199" c="0"/>
</B>
<B id="155" t="routine" f="8" l="208" c="16">
<BEGIN l="209" c="0"/>
<END l="212" c="0"/>
</B>
<B id="156" t="else" f="8" l="224" c="40">
<BEGIN l="224" c="40"/>
<END l="224" c="63"/>
</B>
<B id="157" t="if" f="8" l="224" c="22">
<BEGIN l="224" c="24"/>
<END l="224" c="36"/>
<ELSE d="156"/>
</B>
<B id="158" t="routine" f="8" l="221" c="16">
<BEGIN l="222" c="0"/>
<END l="225" c="0"/>
<SUB d="157"/>
</B>
<B id="159" t="routine" f="8" l="234" c="17">
<BEGIN l="235" c="0"/>
<END l="237" c="0"/>
</B>
<B id="160" t="else" f="8" l="248" c="37">
<BEGIN l="248" c="37"/>
<END l="248" c="45"/>
</B>
<B id="161" t="if" f="8" l="248" c="22">
<BEGIN l="248" c="24"/>
<END l="248" c="32"/>
<ELSE d="160"/>
</B>
<B id="162" t="routine" f="8" l="246" c="15">
<BEGIN l="247" c="0"/>
<END l="249" c="0"/>
<SUB d="161"/>
</B>
<B id="163" t="else" f="8" l="260" c="37">
<BEGIN l="260" c="37"/>
<END l="260" c="45"/>
</B>
<B id="164" t="if" f="8" l="260" c="22">
<BEGIN l="260" c="24"/>
<END l="260" c="32"/>
<ELSE d="163"/>
</B>
<B id="165" t="routine" f="8" l="258" c="15">
<BEGIN l="259" c="0"/>
<END l="261" c="0"/>
<SUB d="164"/>
</B>
<B id="166" t="else" f="8" l="272" c="37">
<BEGIN l="272" c="37"/>
<END l="272" c="45"/>
</B>
<B id="167" t="if" f="8" l="272" c="22">
<BEGIN l="272" c="24"/>
<END l="272" c="32"/>
<ELSE d="166"/>
</B>
<B id="168" t="routine" f="8" l="270" c="15">
<BEGIN l="271" c="0"/>
<END l="273" c="0"/>
<SUB d="167"/>
</B>
<B id="169" t="else" f="8" l="284" c="40">
<BEGIN l="284" c="40"/>
<END l="284" c="48"/>
</B>
<B id="170" t="if" f="8" l="284" c="25">
<BEGIN l="284" c="27"/>
<END l="284" c="35"/>
<ELSE d="169"/>
</B>
<B id="171" t="routine" f="8" l="282" c="15">
<BEGIN l="283" c="0"/>
<END l="285" c="0"/>
<SUB d="170"/>
</B>
<B id="172" t="routine" f="8" l="294" c="15">
<BEGIN l="296" c="0"/>
<END l="298" c="0"/>
</B>
<B id="173" t="routine" f="8" l="307" c="15">
<BEGIN l="309" c="0"/>
<END l="311" c="0"/>
</B>
<B id="174" t="routine" f="8" l="320" c="16">
<BEGIN l="322" c="0"/>
<END l="324" c="0"/>
</B>
<B id="175" t="routine" f="8" l="333" c="16">
<BEGIN l="335" c="0"/>
<END l="337" c="0"/>
</B>
<B id="176" t="else" f="8" l="349" c="37">
<BEGIN l="349" c="37"/>
<END l="349" c="40"/>
</B>
<B id="177" t="if" f="8" l="349" c="28">
<BEGIN l="349" c="30"/>
<END l="349" c="33"/>
<ELSE d="176"/>
</B>
<B id="178" t="routine" f="8" l="346" c="16">
<BEGIN l="348" c="0"/>
<END l="350" c="0"/>
<SUB d="177"/>
</B>
<B id="179" t="else" f="8" l="362" c="37">
<BEGIN l="362" c="37"/>
<END l="362" c="40"/>
</B>
<B id="180" t="if" f="8" l="362" c="28">
<BEGIN l="362" c="30"/>
<END l="362" c="33"/>
<ELSE d="179"/>
</B>
<B id="181" t="routine" f="8" l="359" c="16">
<BEGIN l="361" c="0"/>
<END l="363" c="0"/>
<SUB d="180"/>
</B>
<B id="182" t="else" f="8" l="375" c="37">
<BEGIN l="375" c="37"/>
<END l="375" c="40"/>
</B>
<B id="183" t="if" f="8" l="375" c="28">
<BEGIN l="375" c="30"/>
<END l="375" c="33"/>
<ELSE d="182"/>
</B>
<B id="184" t="routine" f="8" l="372" c="17">
<BEGIN l="374" c="0"/>
<END l="376" c="0"/>
<SUB d="183"/>
</B>
<B id="185" t="routine" f="8" l="385" c="15">
<BEGIN l="387" c="0"/>
<END l="389" c="0"/>
</B>
<B id="186" t="routine" f="8" l="398" c="15">
<BEGIN l="400" c="0"/>
<END l="402" c="0"/>
</B>
<B id="187" t="routine" f="8" l="411" c="16">
<BEGIN l="413" c="0"/>
<END l="415" c="0"/>
</B>
<B id="188" t="routine" f="8" l="424" c="16">
<BEGIN l="426" c="0"/>
<END l="428" c="0"/>
</B>
<B id="189" t="else" f="8" l="440" c="37">
<BEGIN l="440" c="37"/>
<END l="440" c="40"/>
</B>
<B id="190" t="if" f="8" l="440" c="28">
<BEGIN l="440" c="30"/>
<END l="440" c="33"/>
<ELSE d="189"/>
</B>
<B id="191" t="routine" f="8" l="437" c="16">
<BEGIN l="439" c="0"/>
<END l="441" c="0"/>
<SUB d="190"/>
</B>
<B id="192" t="else" f="8" l="453" c="37">
<BEGIN l="453" c="37"/>
<END l="453" c="40"/>
</B>
<B id="193" t="if" f="8" l="453" c="28">
<BEGIN l="453" c="30"/>
<END l="453" c="33"/>
<ELSE d="192"/>
</B>
<B id="194" t="routine" f="8" l="450" c="16">
<BEGIN l="452" c="0"/>
<END l="454" c="0"/>
<SUB d="193"/>
</B>
<B id="195" t="else" f="8" l="466" c="37">
<BEGIN l="466" c="37"/>
<END l="466" c="40"/>
</B>
<B id="196" t="if" f="8" l="466" c="28">
<BEGIN l="466" c="30"/>
<END l="466" c="33"/>
<ELSE d="195"/>
</B>
<B id="197" t="routine" f="8" l="463" c="17">
<BEGIN l="465" c="0"/>
<END l="467" c="0"/>
<SUB d="196"/>
</B>
<B id="198" t="routine" f="8" l="477" c="15">
<BEGIN l="480" c="0"/>
<END l="482" c="0"/>
</B>
<B id="199" t="routine" f="8" l="491" c="15">
<BEGIN l="494" c="0"/>
<END l="496" c="0"/>
</B>
<B id="200" t="routine" f="8" l="505" c="16">
<BEGIN l="508" c="0"/>
<END l="510" c="0"/>
</B>
<B id="201" t="routine" f="8" l="519" c="16">
<BEGIN l="522" c="0"/>
<END l="524" c="0"/>
</B>
<B id="202" t="else" f="8" l="537" c="38">
<BEGIN l="537" c="38"/>
<END l="537" c="67"/>
</B>
<B id="203" t="if" f="8" l="537" c="28">
<BEGIN l="537" c="30"/>
<END l="537" c="34"/>
<ELSE d="202"/>
</B>
<B id="204" t="routine" f="8" l="533" c="16">
<BEGIN l="536" c="0"/>
<END l="538" c="0"/>
<SUB d="203"/>
</B>
<B id="205" t="else" f="8" l="551" c="38">
<BEGIN l="551" c="38"/>
<END l="551" c="67"/>
</B>
<B id="206" t="if" f="8" l="551" c="28">
<BEGIN l="551" c="30"/>
<END l="551" c="34"/>
<ELSE d="205"/>
</B>
<B id="207" t="routine" f="8" l="547" c="16">
<BEGIN l="550" c="0"/>
<END l="552" c="0"/>
<SUB d="206"/>
</B>
<B id="208" t="else" f="8" l="565" c="38">
<BEGIN l="565" c="38"/>
<END l="565" c="67"/>
</B>
<B id="209" t="if" f="8" l="565" c="28">
<BEGIN l="565" c="30"/>
<END l="565" c="34"/>
<ELSE d="208"/>
</B>
<B id="210" t="routine" f="8" l="561" c="17">
<BEGIN l="564" c="0"/>
<END l="566" c="0"/>
<SUB d="209"/>
</B>
<B id="211" t="routine" f="8" l="576" c="17">
<BEGIN l="578" c="0"/>
<END l="580" c="0"/>
</B>
<B id="212" t="routine" f="8" l="589" c="17">
<BEGIN l="590" c="0"/>
<END l="592" c="0"/>
</B>
<B id="213" t="routine" f="8" l="601" c="17">
<BEGIN l="602" c="0"/>
<END l="604" c="0"/>
</B>
<B id="214" t="routine" f="8" l="613" c="17">
<BEGIN l="614" c="0"/>
<END l="616" c="0"/>
</B>
<B id="215" t="routine" f="8" l="625" c="17">
<BEGIN l="626" c="0"/>
<END l="628" c="0"/>
</B>
<B id="216" t="routine" f="8" l="637" c="17">
<BEGIN l="639" c="0"/>
<END l="641" c="0"/>
</B>
<B id="217" t="case" f="8" l="756" c="16">
<BEGIN l="757" c="24"/>
<END l="759" c="29"/>
</B>
<B id="218" t="case" f="8" l="750" c="16">
<BEGIN l="751" c="24"/>
<END l="753" c="29"/>
</B>
<B id="219" t="case" f="8" l="745" c="16">
<BEGIN l="746" c="24"/>
<END l="748" c="29"/>
</B>
<B id="220" t="case" f="8" l="740" c="16">
<BEGIN l="741" c="24"/>
<END l="743" c="29"/>
</B>
<B id="221" t="case" f="8" l="735" c="16">
<BEGIN l="736" c="24"/>
<END l="738" c="29"/>
</B>
<B id="222" t="case" f="8" l="730" c="16">
<BEGIN l="731" c="24"/>
<END l="733" c="29"/>
</B>
<B id="223" t="case" f="8" l="725" c="16">
<BEGIN l="726" c="24"/>
<END l="728" c="29"/>
</B>
<B id="224" t="case" f="8" l="720" c="16">
<BEGIN l="721" c="24"/>
<END l="723" c="29"/>
</B>
<B id="225" t="case" f="8" l="715" c="16">
<BEGIN l="716" c="24"/>
<END l="718" c="29"/>
</B>
<B id="226" t="case" f="8" l="710" c="16">
<BEGIN l="711" c="24"/>
<END l="713" c="29"/>
</B>
<B id="227" t="case" f="8" l="705" c="16">
<BEGIN l="706" c="24"/>
<END l="708" c="29"/>
</B>
<B id="228" t="case" f="8" l="700" c="16">
<BEGIN l="701" c="24"/>
<END l="703" c="29"/>
</B>
<B id="229" t="case" f="8" l="695" c="16">
<BEGIN l="696" c="24"/>
<END l="698" c="29"/>
</B>
<B id="230" t="case" f="8" l="690" c="16">
<BEGIN l="691" c="24"/>
<END l="693" c="29"/>
</B>
<B id="231" t="case" f="8" l="685" c="16">
<BEGIN l="686" c="24"/>
<END l="688" c="29"/>
</B>
<B id="232" t="case" f="8" l="680" c="16">
<BEGIN l="681" c="24"/>
<END l="683" c="29"/>
</B>
<B id="233" t="switch" f="8" l="678" c="8">
<BEGIN l="679" c="8"/>
<END l="761" c="8"/>
<CASE d="217"/>
<CASE d="218"/>
<CASE d="219"/>
<CASE d="220"/>
<CASE d="221"/>
<CASE d="222"/>
<CASE d="223"/>
<CASE d="224"/>
<CASE d="225"/>
<CASE d="226"/>
<CASE d="227"/>
<CASE d="228"/>
<CASE d="229"/>
<CASE d="230"/>
<CASE d="231"/>
<CASE d="232"/>
</B>
<B id="234" t="else" f="8" l="667" c="65">
<BEGIN l="667" c="65"/>
<END l="667" c="90"/>
</B>
<B id="235" t="if" f="8" l="667" c="27">
<BEGIN l="667" c="31"/>
<END l="667" c="56"/>
<ELSE d="234"/>
</B>
<B id="236" t="routine" f="8" l="654" c="14">
<BEGIN l="657" c="0"/>
<END l="763" c="0"/>
<SUB d="233"/>
<SUB d="235"/>
</B>
<B id="237" t="if" f="8" l="806" c="8">
<BEGIN l="807" c="8"/>
<END l="809" c="8"/>
</B>
<B id="238" t="else" f="8" l="801" c="8">
<BEGIN l="802" c="8"/>
<END l="804" c="8"/>
</B>
<B id="239" t="if" f="8" l="796" c="8">
<BEGIN l="797" c="8"/>
<END l="800" c="8"/>
<ELSE d="238"/>
</B>
<B id="240" t="if" f="8" l="789" c="8">
<BEGIN l="790" c="8"/>
<END l="792" c="8"/>
</B>
<B id="241" t="routine" f="8" l="778" c="18">
<BEGIN l="779" c="0"/>
<END l="822" c="0"/>
<SUB d="237"/>
<SUB d="239"/>
<SUB d="240"/>
</B>
<B id="242" t="ppcif" f="6" l="13" c="0">
<BEGIN l="13" c="16"/>
<END l="823" c="0"/>
</B>
<B id="243" t="ppcrmif" f="6" l="14" c="0">
<BEGIN l="14" c="14"/>
<END l="16" c="0"/>
</B>
<B id="244" t="ppcif" f="6" l="18" c="0">
<BEGIN l="18" c="23"/>
<END l="819" c="0"/>
</B>
<B id="245" t="ppcrmif" f="6" l="20" c="0">
<BEGIN l="20" c="18"/>
<END l="22" c="0"/>
</B>
<B id="246" t="ppcrmif" f="6" l="26" c="0">
<BEGIN l="26" c="67"/>
<END l="28" c="0"/>
</B>
<B id="247" t="ppcrmelif" f="6" l="28" c="0">
<BEGIN l="28" c="5"/>
<END l="30" c="0"/>
</B>
<B id="248" t="ppcrmelif" f="6" l="30" c="0">
<BEGIN l="30" c="5"/>
<END l="33" c="0"/>
</B>
<B id="249" t="ppcrmelif" f="6" l="33" c="0">
<BEGIN l="33" c="5"/>
<END l="38" c="0"/>
</B>
<B id="250" t="ppcrmelse" f="6" l="38" c="0">
<BEGIN l="38" c="5"/>
<END l="40" c="0"/>
</B>
<B id="251" t="ppcrmif" f="6" l="42" c="0">
<BEGIN l="42" c="23"/>
<END l="44" c="0"/>
</B>
<B id="252" t="ppcrmelif" f="6" l="44" c="0">
<BEGIN l="44" c="5"/>
<END l="47" c="0"/>
</B>
<B id="253" t="ppcrmelif" f="6" l="47" c="0">
<BEGIN l="47" c="5"/>
<END l="50" c="0"/>
</B>
<B id="254" t="ppcrmelse" f="6" l="50" c="0">
<BEGIN l="50" c="5"/>
<END l="53" c="0"/>
</B>
<B id="255" t="ppcif" f="6" l="65" c="0">
<BEGIN l="65" c="20"/>
<END l="68" c="0"/>
</B>
<B id="256" t="ppcrmelse" f="6" l="68" c="0">
<BEGIN l="68" c="5"/>
<END l="76" c="0"/>
</B>
<B id="257" t="ppcrmif" f="6" l="78" c="0">
<BEGIN l="78" c="106"/>
<END l="82" c="0"/>
</B>
<B id="258" t="ppcelse" f="6" l="82" c="0">
<BEGIN l="82" c="5"/>
<END l="86" c="0"/>
</B>
<B id="259" t="ppcif" f="6" l="115" c="0">
<BEGIN l="116" c="51"/>
<END l="119" c="0"/>
</B>
<B id="260" t="ppcif" f="6" l="121" c="0">
<BEGIN l="121" c="68"/>
<END l="123" c="0"/>
</B>
<B id="261" t="ppcrmelse" f="6" l="123" c="0">
<BEGIN l="123" c="5"/>
<END l="126" c="0"/>
</B>
<B id="262" t="ppcrmif" f="6" l="128" c="0">
<BEGIN l="128" c="53"/>
<END l="131" c="0"/>
</B>
<B id="263" t="ppcrmif" f="6" l="133" c="0">
<BEGIN l="133" c="51"/>
<END l="135" c="0"/>
</B>
<B id="264" t="ppcif" f="6" l="137" c="0">
<BEGIN l="137" c="24"/>
<END l="265" c="0"/>
</B>
<B id="265" t="ppcif" f="6" l="138" c="0">
<BEGIN l="138" c="56"/>
<END l="140" c="0"/>
</B>
<B id="266" t="ppcrmif" f="6" l="171" c="0">
<BEGIN l="171" c="24"/>
<END l="173" c="0"/>
</B>
<B id="267" t="ppcrmif" f="6" l="188" c="0">
<BEGIN l="188" c="24"/>
<END l="190" c="0"/>
</B>
<B id="268" t="ppcif" f="6" l="196" c="0">
<BEGIN l="196" c="56"/>
<END l="263" c="0"/>
</B>
<B id="269" t="ppcrmif" f="6" l="217" c="0">
<BEGIN l="217" c="24"/>
<END l="219" c="0"/>
</B>
<B id="270" t="ppcrmif" f="6" l="260" c="0">
<BEGIN l="260" c="24"/>
<END l="262" c="0"/>
</B>
<B id="271" t="ppcrmif" f="6" l="268" c="0">
<BEGIN l="268" c="24"/>
<END l="270" c="0"/>
</B>
<B id="272" t="ppcrmif" f="6" l="284" c="0">
<BEGIN l="284" c="24"/>
<END l="286" c="0"/>
</B>
<B id="273" t="ppcif" f="6" l="291" c="0">
<BEGIN l="291" c="20"/>
<END l="750" c="0"/>
</B>
<B id="274" t="ppcif" f="6" l="292" c="0">
<BEGIN l="292" c="24"/>
<END l="307" c="0"/>
</B>
<B id="275" t="ppcrmif" f="6" l="310" c="0">
<BEGIN l="310" c="43"/>
<END l="317" c="0"/>
</B>
<B id="276" t="ppcelif" f="6" l="317" c="0">
<BEGIN l="317" c="5"/>
<END l="324" c="0"/>
</B>
<B id="277" t="ppcrmelif" f="6" l="324" c="0">
<BEGIN l="324" c="5"/>
<END l="337" c="0"/>
</B>
<B id="278" t="ppcrmelse" f="6" l="337" c="0">
<BEGIN l="337" c="5"/>
<END l="345" c="0"/>
</B>
<B id="279" t="ppcrmif" f="6" l="348" c="0">
<BEGIN l="348" c="43"/>
<END l="355" c="0"/>
</B>
<B id="280" t="ppcelif" f="6" l="355" c="0">
<BEGIN l="355" c="5"/>
<END l="364" c="0"/>
</B>
<B id="281" t="ppcrmelse" f="6" l="364" c="0">
<BEGIN l="364" c="5"/>
<END l="372" c="0"/>
</B>
<B id="282" t="ppcrmif" f="6" l="375" c="0">
<BEGIN l="375" c="23"/>
<END l="377" c="0"/>
</B>
<B id="283" t="ppcrmelif" f="6" l="377" c="0">
<BEGIN l="377" c="6"/>
<END l="379" c="0"/>
</B>
<B id="284" t="ppcrmelif" f="6" l="379" c="0">
<BEGIN l="379" c="6"/>
<END l="381" c="0"/>
</B>
<B id="285" t="ppcif" f="6" l="383" c="0">
<BEGIN l="383" c="64"/>
<END l="402" c="0"/>
</B>
<B id="286" t="ppcif" f="6" l="386" c="0">
<BEGIN l="386" c="24"/>
<END l="397" c="0"/>
</B>
<B id="287" t="ppcrmelse" f="6" l="402" c="0">
<BEGIN l="402" c="5"/>
<END l="682" c="0"/>
</B>
<B id="288" t="ppcif" f="6" l="685" c="0">
<BEGIN l="685" c="24"/>
<END l="698" c="0"/>
</B>
<B id="289" t="ppcif" f="6" l="695" c="0">
<BEGIN l="695" c="56"/>
<END l="697" c="0"/>
</B>
<B id="290" t="ppcrmif" f="6" l="708" c="0">
<BEGIN l="708" c="143"/>
<END l="716" c="0"/>
</B>
<B id="291" t="ppcif" f="6" l="740" c="0">
<BEGIN l="740" c="63"/>
<END l="743" c="0"/>
</B>
<B id="292" t="ppcrmif" f="6" l="752" c="0">
<BEGIN l="752" c="95"/>
<END l="772" c="0"/>
</B>
<B id="293" t="ppcrmif" f="6" l="774" c="0">
<BEGIN l="774" c="42"/>
<END l="776" c="0"/>
</B>
<B id="294" t="ppcrmif" f="6" l="778" c="0">
<BEGIN l="778" c="51"/>
<END l="780" c="0"/>
</B>
<B id="295" t="ppcrmif" f="6" l="782" c="0">
<BEGIN l="782" c="18"/>
<END l="816" c="0"/>
</B>
<B id="296" t="ppcrmif" f="6" l="820" c="0">
<BEGIN l="820" c="14"/>
<END l="822" c="0"/>
</B>
<B id="297" t="ppcif" f="27" l="21" c="0">
<BEGIN l="21" c="20"/>
<END l="76" c="0"/>
</B>
</Blocks>
</Navig>
