<?xml version="1.0" encoding="UTF-8"?>
<!--EDRS Version 1.0-->
<global>
   <file name="C:\\_Synergy_Projects\\Working\\ses_dev_ea4\\MM098A_BmwMsgSlot55Bas3Repn4BusFrChA_Impl\\src\\BmwMsgSlot55Bas3Repn4BusFrChA.c" comment="">
      <function name="BmwMsgSlot55Bas3Repn4BusFrChAInit1" comment="" line="753" main_generator_called="MAIN_GENERATOR" attributes="unused"/>
      <function name="V_VEH_Missing_Oper" comment="" line="824" main_generator_called="MAIN_GENERATOR" attributes="unused"/>
      <function name="V_VEH_Received_Oper" comment="" line="949" main_generator_called="MAIN_GENERATOR" attributes="unused"/>
   </file>
   <file name="C:\\_Synergy_Projects\\Working\\ses_dev_ea4\\MM098A_BmwMsgSlot55Bas3Repn4BusFrChA_Impl\\tools\\local\\generate\\Rte_BmwMsgSlot55Bas3Repn4BusFrChA.h" comment="">
      <function name="Rte_Call_BmwMsgSlot55Bas3Repn4BusFrChA_SetNtcSts_Oper" comment="" line="112" main_generator_called="disabled" attributes="extern">
         <scalar name="arg1" comment="" line="112" base_type="uint16" complete_type="uint16" init_mode="disabled" init_range="disabled" global_assert="unsupported" assert_range="unsupported"/>
         <scalar name="arg2" comment="" line="112" base_type="uint8" complete_type="uint8" init_mode="disabled" init_range="disabled" global_assert="unsupported" assert_range="unsupported"/>
         <scalar name="arg3" comment="" line="112" base_type="uint8" complete_type="uint8" init_mode="disabled" init_range="disabled" global_assert="unsupported" assert_range="unsupported"/>
         <scalar name="arg4" comment="" line="112" base_type="uint16" complete_type="uint16" init_mode="disabled" init_range="disabled" global_assert="unsupported" assert_range="unsupported"/>
         <scalar name="return" comment="" line="112" base_type="uint8" complete_type="uint8" init_mode="PERMANENT" init_modes_allowed="4" init_range="min..max" global_assert="unsupported" assert_range="unsupported"/>
      </function>
      <pointer name="Rte_Inst_BmwMsgSlot55Bas3Repn4BusFrChA" comment="" line="76" attributes="extern const" complete_type="const struct Rte_CDS_BmwMsgSlot55Bas3Repn4BusFrChA *" init_mode="INIT" init_modes_allowed="2" initialize_pointer="May-be NULL" number_allocated="max" init_pointed="MULTI">
         <struct comment="" line="76" complete_type="struct Rte_CDS_BmwMsgSlot55Bas3Repn4BusFrChA" attributes="extern const">
            <pointer name="Pim_AlvFaildCnt" comment="" line="76" attributes="extern const" complete_type="uint8 *" init_mode="INIT" init_modes_allowed="2" initialize_pointer="May-be NULL" number_allocated="max" init_pointed="MULTI">
               <scalar comment="" line="76" base_type="uint8" attributes="extern" complete_type="uint8" init_mode="INIT" init_modes_allowed="2" init_range="min..max" global_assert="unsupported" assert_range="unsupported"/>
            </pointer>
            <pointer name="Pim_AlvPassdCnt" comment="" line="76" attributes="extern const" complete_type="uint8 *" init_mode="INIT" init_modes_allowed="2" initialize_pointer="May-be NULL" number_allocated="max" init_pointed="MULTI">
               <scalar comment="" line="76" base_type="uint8" attributes="extern" complete_type="uint8" init_mode="INIT" init_modes_allowed="2" init_range="min..max" global_assert="unsupported" assert_range="unsupported"/>
            </pointer>
            <pointer name="Pim_BmwCogVehSpdPrev" comment="" line="76" attributes="extern const" complete_type="float32 *" init_mode="INIT" init_modes_allowed="2" initialize_pointer="May-be NULL" number_allocated="max" init_pointed="MULTI">
               <scalar comment="" line="76" base_type="float32" attributes="extern" complete_type="float32" init_mode="INIT" init_modes_allowed="2" init_range="min..max" global_assert="unsupported" assert_range="unsupported"/>
            </pointer>
            <pointer name="Pim_BmwCogVehSpdQlfrPrev" comment="" line="76" attributes="extern const" complete_type="uint8 *" init_mode="INIT" init_modes_allowed="2" initialize_pointer="May-be NULL" number_allocated="max" init_pointed="MULTI">
               <scalar comment="" line="76" base_type="uint8" attributes="extern" complete_type="uint8" init_mode="INIT" init_modes_allowed="2" init_range="min..max" global_assert="unsupported" assert_range="unsupported"/>
            </pointer>
            <pointer name="Pim_BmwNearStillVehSpdStsPrev" comment="" line="76" attributes="extern const" complete_type="uint8 *" init_mode="INIT" init_modes_allowed="2" initialize_pointer="May-be NULL" number_allocated="max" init_pointed="MULTI">
               <scalar comment="" line="76" base_type="uint8" attributes="extern" complete_type="uint8" init_mode="INIT" init_modes_allowed="2" init_range="min..max" global_assert="unsupported" assert_range="unsupported"/>
            </pointer>
            <pointer name="Pim_CrcFaildCnt" comment="" line="76" attributes="extern const" complete_type="uint8 *" init_mode="INIT" init_modes_allowed="2" initialize_pointer="May-be NULL" number_allocated="max" init_pointed="MULTI">
               <scalar comment="" line="76" base_type="uint8" attributes="extern" complete_type="uint8" init_mode="INIT" init_modes_allowed="2" init_range="min..max" global_assert="unsupported" assert_range="unsupported"/>
            </pointer>
            <pointer name="Pim_CrcPassdCnt" comment="" line="76" attributes="extern const" complete_type="uint8 *" init_mode="INIT" init_modes_allowed="2" initialize_pointer="May-be NULL" number_allocated="max" init_pointed="MULTI">
               <scalar comment="" line="76" base_type="uint8" attributes="extern" complete_type="uint8" init_mode="INIT" init_modes_allowed="2" init_range="min..max" global_assert="unsupported" assert_range="unsupported"/>
            </pointer>
            <pointer name="Pim_MissMsgCnt" comment="" line="76" attributes="extern const" complete_type="uint8 *" init_mode="INIT" init_modes_allowed="2" initialize_pointer="May-be NULL" number_allocated="max" init_pointed="MULTI">
               <scalar comment="" line="76" base_type="uint8" attributes="extern" complete_type="uint8" init_mode="INIT" init_modes_allowed="2" init_range="min..max" global_assert="unsupported" assert_range="unsupported"/>
            </pointer>
            <pointer name="Pim_QlfrCogFaildCnt" comment="" line="76" attributes="extern const" complete_type="uint8 *" init_mode="INIT" init_modes_allowed="2" initialize_pointer="May-be NULL" number_allocated="max" init_pointed="MULTI">
               <scalar comment="" line="76" base_type="uint8" attributes="extern" complete_type="uint8" init_mode="INIT" init_modes_allowed="2" init_range="min..max" global_assert="unsupported" assert_range="unsupported"/>
            </pointer>
            <pointer name="Pim_QlfrCogPassdCnt" comment="" line="76" attributes="extern const" complete_type="uint8 *" init_mode="INIT" init_modes_allowed="2" initialize_pointer="May-be NULL" number_allocated="max" init_pointed="MULTI">
               <scalar comment="" line="76" base_type="uint8" attributes="extern" complete_type="uint8" init_mode="INIT" init_modes_allowed="2" init_range="min..max" global_assert="unsupported" assert_range="unsupported"/>
            </pointer>
            <pointer name="Pim_RxdMsgCnt" comment="" line="76" attributes="extern const" complete_type="uint8 *" init_mode="INIT" init_modes_allowed="2" initialize_pointer="May-be NULL" number_allocated="max" init_pointed="MULTI">
               <scalar comment="" line="76" base_type="uint8" attributes="extern" complete_type="uint8" init_mode="INIT" init_modes_allowed="2" init_range="min..max" global_assert="unsupported" assert_range="unsupported"/>
            </pointer>
            <pointer name="Pim_StVehNearStillFailCnt" comment="" line="76" attributes="extern const" complete_type="uint8 *" init_mode="INIT" init_modes_allowed="2" initialize_pointer="May-be NULL" number_allocated="max" init_pointed="MULTI">
               <scalar comment="" line="76" base_type="uint8" attributes="extern" complete_type="uint8" init_mode="INIT" init_modes_allowed="2" init_range="min..max" global_assert="unsupported" assert_range="unsupported"/>
            </pointer>
            <pointer name="Pim_StVehNearStillPassCnt" comment="" line="76" attributes="extern const" complete_type="uint8 *" init_mode="INIT" init_modes_allowed="2" initialize_pointer="May-be NULL" number_allocated="max" init_pointed="MULTI">
               <scalar comment="" line="76" base_type="uint8" attributes="extern" complete_type="uint8" init_mode="INIT" init_modes_allowed="2" init_range="min..max" global_assert="unsupported" assert_range="unsupported"/>
            </pointer>
            <pointer name="Pim_VehCogFaildCnt" comment="" line="76" attributes="extern const" complete_type="uint8 *" init_mode="INIT" init_modes_allowed="2" initialize_pointer="May-be NULL" number_allocated="max" init_pointed="MULTI">
               <scalar comment="" line="76" base_type="uint8" attributes="extern" complete_type="uint8" init_mode="INIT" init_modes_allowed="2" init_range="min..max" global_assert="unsupported" assert_range="unsupported"/>
            </pointer>
            <pointer name="Pim_VehCogPassdCnt" comment="" line="76" attributes="extern const" complete_type="uint8 *" init_mode="INIT" init_modes_allowed="2" initialize_pointer="May-be NULL" number_allocated="max" init_pointed="MULTI">
               <scalar comment="" line="76" base_type="uint8" attributes="extern" complete_type="uint8" init_mode="INIT" init_modes_allowed="2" init_range="min..max" global_assert="unsupported" assert_range="unsupported"/>
            </pointer>
         </struct>
      </pointer>
      <function name="Rte_Read_BmwMsgSlot55Bas3Repn4BusFrChA_FltCodEnad_Logl" comment="" line="103" main_generator_called="disabled" attributes="extern">
         <pointer name="arg1" comment="" line="103" complete_type="uint8 *" init_mode="disabled" initialize_pointer="disabled" number_allocated="disabled" init_pointed="MULTI">
            <scalar comment="" line="103" base_type="uint8" complete_type="uint8" init_mode="PERMANENT" init_modes_allowed="4" init_range="min..max" global_assert="unsupported" assert_range="unsupported"/>
         </pointer>
         <scalar name="return" comment="" line="103" base_type="uint8" complete_type="uint8" init_mode="PERMANENT" init_modes_allowed="4" init_range="min..max" global_assert="unsupported" assert_range="unsupported"/>
      </function>
      <function name="Rte_Write_BmwMsgSlot55Bas3Repn4BusFrChA_BmwCogVehSpdQlfrVld_Logl" comment="" line="108" main_generator_called="disabled" attributes="extern">
         <scalar name="arg1" comment="" line="108" base_type="uint8" complete_type="uint8" init_mode="disabled" init_range="disabled" global_assert="unsupported" assert_range="unsupported"/>
         <scalar name="return" comment="" line="108" base_type="uint8" complete_type="uint8" init_mode="PERMANENT" init_modes_allowed="4" init_range="min..max" global_assert="unsupported" assert_range="unsupported"/>
      </function>
      <function name="Rte_Write_BmwMsgSlot55Bas3Repn4BusFrChA_BmwCogVehSpdQlfr_Val" comment="" line="107" main_generator_called="disabled" attributes="extern">
         <scalar name="arg1" comment="" line="107" base_type="uint8" complete_type="uint8" init_mode="disabled" init_range="disabled" global_assert="unsupported" assert_range="unsupported"/>
         <scalar name="return" comment="" line="107" base_type="uint8" complete_type="uint8" init_mode="PERMANENT" init_modes_allowed="4" init_range="min..max" global_assert="unsupported" assert_range="unsupported"/>
      </function>
      <function name="Rte_Write_BmwMsgSlot55Bas3Repn4BusFrChA_BmwCogVehSpdVld_Logl" comment="" line="109" main_generator_called="disabled" attributes="extern">
         <scalar name="arg1" comment="" line="109" base_type="uint8" complete_type="uint8" init_mode="disabled" init_range="disabled" global_assert="unsupported" assert_range="unsupported"/>
         <scalar name="return" comment="" line="109" base_type="uint8" complete_type="uint8" init_mode="PERMANENT" init_modes_allowed="4" init_range="min..max" global_assert="unsupported" assert_range="unsupported"/>
      </function>
      <function name="Rte_Write_BmwMsgSlot55Bas3Repn4BusFrChA_BmwCogVehSpd_Val" comment="" line="106" main_generator_called="disabled" attributes="extern">
         <scalar name="arg1" comment="" line="106" base_type="float32" complete_type="float32" init_mode="disabled" init_range="disabled" global_assert="unsupported" assert_range="unsupported"/>
         <scalar name="return" comment="" line="106" base_type="uint8" complete_type="uint8" init_mode="PERMANENT" init_modes_allowed="4" init_range="min..max" global_assert="unsupported" assert_range="unsupported"/>
      </function>
      <function name="Rte_Write_BmwMsgSlot55Bas3Repn4BusFrChA_BmwNearStillVehSpdStsVld_Logl" comment="" line="111" main_generator_called="disabled" attributes="extern">
         <scalar name="arg1" comment="" line="111" base_type="uint8" complete_type="uint8" init_mode="disabled" init_range="disabled" global_assert="unsupported" assert_range="unsupported"/>
         <scalar name="return" comment="" line="111" base_type="uint8" complete_type="uint8" init_mode="PERMANENT" init_modes_allowed="4" init_range="min..max" global_assert="unsupported" assert_range="unsupported"/>
      </function>
      <function name="Rte_Write_BmwMsgSlot55Bas3Repn4BusFrChA_BmwNearStillVehSpdSts_Val" comment="" line="110" main_generator_called="disabled" attributes="extern">
         <scalar name="arg1" comment="" line="110" base_type="uint8" complete_type="uint8" init_mode="disabled" init_range="disabled" global_assert="unsupported" assert_range="unsupported"/>
         <scalar name="return" comment="" line="110" base_type="uint8" complete_type="uint8" init_mode="PERMANENT" init_modes_allowed="4" init_range="min..max" global_assert="unsupported" assert_range="unsupported"/>
      </function>
   </file>
   <file name="C:\\_Synergy_Projects\\Working\\ses_dev_ea4\\MM098A_BmwMsgSlot55Bas3Repn4BusFrChA_Impl\\tools\\local\\include\\E2EPW_BmwMsgSlot55Bas3Repn4BusFrChA_sigGroup_V_VEH_sigGroup_V_VEH_rx.h" comment="">
      <function name="E2EPW_Read_sigGroup_V_VEH_sigGroup_V_VEH" comment="" line="53" main_generator_called="disabled" attributes="extern">
         <pointer name="arg1" comment="" line="53" complete_type="struct  *" init_mode="disabled" initialize_pointer="disabled" number_allocated="disabled" init_pointed="MULTI">
            <struct comment="" line="53">
               <scalar name="ALIV_V_VEH" comment="" line="53" base_type="uint8" complete_type="uint8" init_mode="PERMANENT" init_modes_allowed="4" init_range="min..max" global_assert="unsupported" assert_range="unsupported"/>
               <scalar name="QU_V_VEH_COG" comment="" line="53" base_type="uint8" complete_type="uint8" init_mode="PERMANENT" init_modes_allowed="4" init_range="min..max" global_assert="unsupported" assert_range="unsupported"/>
               <scalar name="ST_V_VEH_NSS" comment="" line="53" base_type="uint8" complete_type="uint8" init_mode="PERMANENT" init_modes_allowed="4" init_range="min..max" global_assert="unsupported" assert_range="unsupported"/>
               <scalar name="V_VEH_COG" comment="" line="53" base_type="uint16" complete_type="uint16" init_mode="PERMANENT" init_modes_allowed="4" init_range="min..max" global_assert="unsupported" assert_range="unsupported"/>
            </struct>
         </pointer>
         <scalar name="return" comment="" line="53" base_type="uint32" complete_type="uint32" init_mode="PERMANENT" init_modes_allowed="4" init_range="min..max" global_assert="unsupported" assert_range="unsupported"/>
      </function>
   </file>
</global>
