<?xml version="1.0" encoding="UTF-8"?>
<MISRA-C-Report-Summary>
<File Mode="advisory" Error="0" Warning="1" Total="1">
<Name>
C:\Workspace\_EA4\_Components\NM010B_ProgMfgSrv_Impl-kzdyfh\NM010B_ProgMfgSrv_Impl\src\ProgMfgSrv.c</Name>
</File>
<File Mode="required" Error="0" Warning="2" Total="2">
<Name>
C:\Workspace\_EA4\_Components\NM010B_ProgMfgSrv_Impl-kzdyfh\NM010B_ProgMfgSrv_Impl\src\SrvFED0.c</Name>
</File>
<Rule Name="21.1" Count="2" Mode="required" Severity="warning">
<Message>
Minimisation of run-time failures.</Message>
</Rule>
<Rule Name="19.1" Count="1" Mode="advisory" Severity="warning">
<Message>
#include statements in a file shall only be preceded by other preprocessor directives or comments.</Message>
</Rule>
</MISRA-C-Report-Summary>
