<?xml version="1.0" encoding="UTF-8"?>
<Navig version="1.0">
<Files>
<F id="1" n="C:\Program Files\MATLAB\R2013b\polyspace\verifier\cxx\cinclude\stdarg.h"/>
<F id="2" n="C:\_PratikJadhav\_Synergy_Projects\Working\AR201A_ArCplrSuprt_Impl\include\ASR4.0.3\Platform_Types.h"/>
<F id="3" n="C:\_PratikJadhav\_Synergy_Projects\Working\AR200A_ArSuprt_Impl\include\ASR4.0.3\Std_Types.h"/>
<F id="4" n="C:\_PratikJadhav\_Synergy_Projects\Working\MM522A_BmwMsgSlot49Bas1Repn2BusFrChA_Impl\tools\local\generate\Rte_Type.h"/>
<F id="5" n="C:\_PratikJadhav\_Synergy_Projects\Working\MM522A_BmwMsgSlot49Bas1Repn2BusFrChA_Impl\tools\local\generate\Rte_BmwMsgSlot49Bas1Repn2BusFrChA.h"/>
<F id="6" n="C:\_PratikJadhav\_Synergy_Projects\Working\MM522A_BmwMsgSlot49Bas1Repn2BusFrChA_Impl\tools\local\include\Crc.h"/>
<F id="7" n="C:\_PratikJadhav\_Synergy_Projects\Working\MM522A_BmwMsgSlot49Bas1Repn2BusFrChA_Impl\tools\local\include\E2E_SM.h"/>
<F id="8" n="C:\_PratikJadhav\_Synergy_Projects\Working\MM522A_BmwMsgSlot49Bas1Repn2BusFrChA_Impl\tools\local\include\E2E_P01.h"/>
<F id="9" n="C:\_PratikJadhav\_Synergy_Projects\Working\TL103A_CplrSuprt\include\2013.5.5\ansi\math.h"/>
<F id="10" n="C:\_PratikJadhav\_Synergy_Projects\Working\AR100A_NxtrMath_Impl\include\NxtrMath.h"/>
<F id="11" n="C:\_PratikJadhav\_Synergy_Projects\Working\MM522A_BmwMsgSlot49Bas1Repn2BusFrChA_Impl\tools\local\include\E2E.h"/>
<F id="12" n="C:\_PratikJadhav\_Synergy_Projects\Working\MM522A_BmwMsgSlot49Bas1Repn2BusFrChA_Impl\tools\local\include\E2EPW_BmwMsgSlot49Bas1Repn2BusFrChA_sigGroup_DT_EST_sigGroup_DT_EST_tx.h"/>
<F id="13" n="C:\_PratikJadhav\_Synergy_Projects\Working\MM522A_BmwMsgSlot49Bas1Repn2BusFrChA_Impl\src\BmwMsgSlot49Bas1Repn2BusFrChA.c"/>
<F id="14" n="C-STUBS\__polyspace__stdstubs.c"/>
<F id="15" n="C:\_PratikJadhav\_Synergy_Projects\Working\MM522A_BmwMsgSlot49Bas1Repn2BusFrChA_Impl\tools\Polyspace\~CodeProver\C-ALL\C-STUBS\pst_stub_types.h"/>
<F id="16" n="C-STUBS\pst_stubs_0.c"/>
<F id="17" n="C-STUBS\__polyspace_main.c"/>
<F id="18" n="C:\Program Files\MATLAB\R2013b\polyspace\verifier\cxx\cinclude\__polyspace__std_decls.h"/>
<F id="19" n="C:\Program Files\MATLAB\R2013b\polyspace\verifier\cxx\cinclude\assert.h"/>
<F id="20" n="C:\Program Files\MATLAB\R2013b\polyspace\verifier\cxx\cinclude\__polyspace__libc_defs.h"/>
<F id="21" n="C:\_PratikJadhav\_Synergy_Projects\Working\MM522A_BmwMsgSlot49Bas1Repn2BusFrChA_Impl\tools\local\generate\Rte_BmwMsgSlot49Bas1Repn2BusFrChA_Type.h"/>
<F id="22" n="C:\_PratikJadhav\_Synergy_Projects\Working\MM522A_BmwMsgSlot49Bas1Repn2BusFrChA_Impl\tools\local\generate\Rte.h"/>
<F id="23" n="C:\_PratikJadhav\_Synergy_Projects\Working\AR201A_ArCplrSuprt_Impl\include\ASR4.0.3\Compiler.h"/>
<F id="24" n="C:\_PratikJadhav\_Synergy_Projects\Working\AR201A_ArCplrSuprt_Impl\tools\contract\Compiler_Cfg.h"/>
<F id="25" n="C:\_PratikJadhav\_Synergy_Projects\Working\AR201A_ArCplrSuprt_Impl\tools\contract\Renesas_Compiler.h"/>
<F id="26" n="C:\_PratikJadhav\_Synergy_Projects\Working\MM522A_BmwMsgSlot49Bas1Repn2BusFrChA_Impl\tools\local\generate\Rte_DataHandleType.h"/>
<F id="27" n="C:\_PratikJadhav\_Synergy_Projects\Working\AR200A_ArSuprt_Impl\tools\contract\MemMap.h"/>
<F id="28" n="C:\_PratikJadhav\_Synergy_Projects\Working\MM522A_BmwMsgSlot49Bas1Repn2BusFrChA_Impl\tools\local\generate\BmwMsgSlot49Bas1Repn2BusFrChA_MemMap.h"/>
<F id="29" n="C:\_PratikJadhav\_Synergy_Projects\Working\MM522A_BmwMsgSlot49Bas1Repn2BusFrChA_Impl\tools\local\include\Crc_Cfg.h"/>
<F id="30" n="C:\_PratikJadhav\_Synergy_Projects\Working\AR999A_ArchGlbPrm_Impl\include\ArchGlbPrm.h"/>
</Files>
<Definitions>
<D id="1" f="13" l="240" c="19" n="EpsCurrLimSts_Cnt_T_enum" t="4" d="1"/>
<D id="2" f="16" l="120" c="30" n="real_random_for_return" t="4" d="1"/>
<D id="3" f="10" l="170" c="20" n="NXTRMATH_SINCNVNCONTBL_ULS_U16" t="1" d="0"/>
<D id="4" f="10" l="320" c="31" n="Inp1" t="4" d="1"/>
<D id="5" f="16" l="121" c="21" n="random_for_return" t="4" d="1"/>
<D id="6" f="10" l="411" c="31" n="Inp1" t="4" d="1"/>
<D id="7" f="16" l="103" c="13" n="Rte_Read_BmwMsgSlot49Bas1Repn2BusFrChA_EpsCurrLimSts_Val" t="2" d="1"/>
<D id="8" f="10" l="307" c="29" n="Inp1" t="4" d="1"/>
<D id="9" f="10" l="234" c="39" n="Inp" t="4" d="1"/>
<D id="10" f="10" l="450" c="31" n="Inp1" t="4" d="1"/>
<D id="11" f="13" l="243" c="21" n="SigGroup_Cnt_T_enum" t="4" d="1"/>
<D id="12" f="10" l="333" c="31" n="Inp1" t="4" d="1"/>
<D id="13" f="16" l="151" c="31" n="real_random_for_return" t="4" d="1"/>
<D id="14" f="16" l="131" c="14" n="E2EPW_Write_sigGroup_DT_EST_sigGroup_DT_EST" t="2" d="1"/>
<D id="15" f="10" l="601" c="33" n="Inp" t="4" d="1"/>
<D id="16" f="10" l="491" c="29" n="Inp" t="4" d="1"/>
<D id="17" f="10" l="424" c="31" n="Inp1" t="4" d="1"/>
<D id="18" f="10" l="505" c="31" n="Inp" t="4" d="1"/>
<D id="19" f="10" l="320" c="16" n="Min_s16" t="2" d="1"/>
<D id="20" f="10" l="221" c="16" n="Abslt_u32_s32" t="2" d="1"/>
<D id="21" f="10" l="533" c="31" n="Inp" t="4" d="1"/>
<D id="22" f="16" l="152" c="22" n="random_for_return" t="4" d="1"/>
<D id="23" f="10" l="411" c="16" n="Max_s16" t="2" d="1"/>
<D id="24" f="16" l="136" c="21" n="p_addr" t="4" d="1"/>
<D id="25" f="10" l="294" c="29" n="Inp1" t="4" d="1"/>
<D id="26" f="14" l="450" c="14" n="_polyspace_random_char" t="5" d="1"/>
<D id="27" f="10" l="270" c="15" n="Sign_s08_s32" t="2" d="1"/>
<D id="28" f="10" l="385" c="29" n="Inp1" t="4" d="1"/>
<D id="29" f="10" l="613" c="33" n="Inp" t="4" d="1"/>
<D id="30" f="10" l="601" c="17" n="Cos_f32" t="2" d="1"/>
<D id="31" f="10" l="346" c="31" n="Inp1" t="4" d="1"/>
<D id="32" f="16" l="131" c="71" n="P_0" t="4" d="1"/>
<D id="33" f="10" l="450" c="16" n="Max_u32" t="2" d="1"/>
<D id="34" f="13" l="238" c="12" n="BattRtnCurrAmpr_Amp_T_f32" t="4" d="1"/>
<D id="35" f="10" l="437" c="31" n="Inp1" t="4" d="1"/>
<D id="36" f="10" l="307" c="15" n="Min_u08" t="2" d="1"/>
<D id="37" f="10" l="333" c="16" n="Min_u16" t="2" d="1"/>
<D id="38" f="10" l="561" c="33" n="Inp" t="4" d="1"/>
<D id="39" f="10" l="660" c="15" n="Normdn" t="4" d="1"/>
<D id="40" f="10" l="477" c="29" n="Inp" t="4" d="1"/>
<D id="41" f="10" l="181" c="34" n="Inp1" t="4" d="1"/>
<D id="42" f="10" l="372" c="33" n="Inp1" t="4" d="1"/>
<D id="43" f="10" l="221" c="37" n="Inp" t="4" d="1"/>
<D id="44" f="10" l="424" c="16" n="Max_u16" t="2" d="1"/>
<D id="45" f="10" l="505" c="16" n="Lim_s16" t="2" d="1"/>
<D id="46" f="10" l="270" c="35" n="Inp" t="4" d="1"/>
<D id="47" f="10" l="519" c="31" n="Inp" t="4" d="1"/>
<D id="48" f="10" l="282" c="15" n="Sign_s08_f32" t="2" d="1"/>
<D id="49" f="14" l="460" c="34" n="random" t="4" d="1"/>
<D id="50" f="10" l="533" c="16" n="Lim_s32" t="2" d="1"/>
<D id="51" f="10" l="463" c="33" n="Inp1" t="4" d="1"/>
<D id="52" f="10" l="547" c="31" n="Inp" t="4" d="1"/>
<D id="53" f="10" l="246" c="15" n="Sign_s08_s08" t="2" d="1"/>
<D id="54" f="10" l="654" c="14" n="SinCos_f32" t="2" d="1"/>
<D id="55" f="10" l="208" c="16" n="Abslt_u16_s16" t="2" d="1"/>
<D id="56" f="10" l="234" c="17" n="Abslt_f32_f32" t="2" d="1"/>
<D id="57" f="10" l="613" c="17" n="Exp_f32" t="2" d="1"/>
<D id="58" f="14" l="482" c="23" n="_polyspace_random_ulong" t="5" d="1"/>
<D id="59" f="10" l="491" c="15" n="Lim_u08" t="2" d="1"/>
<D id="60" f="10" l="398" c="29" n="Inp1" t="4" d="1"/>
<D id="61" f="10" l="181" c="17" n="Blnd_f32" t="2" d="1"/>
<D id="62" f="14" l="452" c="25" n="random" t="4" d="1"/>
<D id="63" f="10" l="246" c="34" n="Inp" t="4" d="1"/>
<D id="64" f="10" l="359" c="31" n="Inp1" t="4" d="1"/>
<D id="65" f="10" l="625" c="34" n="Inp" t="4" d="1"/>
<D id="66" f="10" l="654" c="33" n="Inp" t="4" d="1"/>
<D id="67" f="10" l="782" c="14" n="SignFlip_Cnt_T_s08" t="4" d="1"/>
<D id="68" f="16" l="103" c="83" n="P_0" t="4" d="1"/>
<D id="69" f="14" l="466" c="13" n="_polyspace_random_int" t="5" d="1"/>
<D id="70" f="14" l="474" c="14" n="_polyspace_random_long" t="5" d="1"/>
<D id="71" f="10" l="561" c="17" n="Lim_f32" t="2" d="1"/>
<D id="72" f="10" l="781" c="15" n="Theta_Cnt_T_u16" t="4" d="1"/>
<D id="73" f="10" l="294" c="15" n="Min_s08" t="2" d="1"/>
<D id="74" f="10" l="346" c="16" n="Min_s32" t="2" d="1"/>
<D id="75" f="10" l="372" c="17" n="Min_f32" t="2" d="1"/>
<D id="76" f="10" l="780" c="16" n="Theta_Rev_T_f32" t="4" d="1"/>
<D id="77" f="10" l="661" c="17" n="InpSqd" t="4" d="1"/>
<D id="78" f="10" l="195" c="15" n="Abslt_u08_s08" t="2" d="1"/>
<D id="79" f="10" l="637" c="33" n="Numer" t="4" d="1"/>
<D id="80" f="10" l="258" c="15" n="Sign_s08_s16" t="2" d="1"/>
<D id="81" f="10" l="385" c="15" n="Max_s08" t="2" d="1"/>
<D id="82" f="10" l="437" c="16" n="Max_s32" t="2" d="1"/>
<D id="83" f="10" l="463" c="17" n="Max_f32" t="2" d="1"/>
<D id="84" f="10" l="625" c="17" n="Sqrt_f32" t="2" d="1"/>
<D id="85" f="10" l="662" c="17" n="SinA" t="4" d="1"/>
<D id="86" f="10" l="282" c="36" n="Inp" t="4" d="1"/>
<D id="87" f="14" l="3536" c="4" n="__polyspace_nb_varargs" t="1" d="1"/>
<D id="88" f="14" l="458" c="23" n="_polyspace_random_uchar" t="5" d="1"/>
<D id="89" f="10" l="519" c="16" n="Lim_u16" t="2" d="1"/>
<D id="90" f="10" l="208" c="37" n="Inp" t="4" d="1"/>
<D id="91" f="10" l="663" c="17" n="CosA" t="4" d="1"/>
<D id="92" f="10" l="547" c="16" n="Lim_u32" t="2" d="1"/>
<D id="93" f="13" l="239" c="25" n="BattRtnCurrAmprQlfr_Cnt_T_enum" t="4" d="1"/>
<D id="94" f="10" l="321" c="95" n="Inp2" t="4" d="1"/>
<D id="95" f="10" l="477" c="15" n="Lim_s08" t="2" d="1"/>
<D id="96" f="10" l="520" c="95" n="RngLo" t="4" d="1"/>
<D id="97" f="14" l="484" c="34" n="random" t="4" d="1"/>
<D id="98" f="10" l="195" c="35" n="Inp" t="4" d="1"/>
<D id="99" f="10" l="783" c="16" n="SinVal_Uls_T_f32" t="4" d="1"/>
<D id="100" f="10" l="664" c="17" n="Tmp" t="4" d="1"/>
<D id="101" f="10" l="258" c="35" n="Inp" t="4" d="1"/>
<D id="102" f="10" l="412" c="95" n="Inp2" t="4" d="1"/>
<D id="103" f="10" l="637" c="17" n="Mod_f32" t="2" d="1"/>
<D id="104" f="10" l="359" c="16" n="Min_u32" t="2" d="1"/>
<D id="105" f="10" l="521" c="95" n="RngHi" t="4" d="1"/>
<D id="106" f="14" l="491" c="27" n="random" t="4" d="1"/>
<D id="107" f="14" l="468" c="24" n="random" t="4" d="1"/>
<D id="108" f="14" l="476" c="25" n="random" t="4" d="1"/>
<D id="109" f="10" l="398" c="15" n="Max_u08" t="2" d="1"/>
<D id="110" f="14" l="3535" c="7" n="__polyspace_vararg" t="1" d="1"/>
<D id="111" f="10" l="360" c="95" n="Inp2" t="4" d="1"/>
<D id="112" f="10" l="576" c="17" n="Arctan2_f32" t="2" d="1"/>
<D id="113" f="10" l="451" c="95" n="Inp2" t="4" d="1"/>
<D id="114" f="10" l="589" c="33" n="Inp" t="4" d="1"/>
<D id="115" f="10" l="659" c="16" n="n" t="4" d="1"/>
<D id="116" f="10" l="334" c="95" n="Inp2" t="4" d="1"/>
<D id="117" f="10" l="425" c="95" n="Inp2" t="4" d="1"/>
<D id="118" f="10" l="506" c="95" n="RngLo" t="4" d="1"/>
<D id="119" f="10" l="534" c="95" n="RngLo" t="4" d="1"/>
<D id="120" f="10" l="308" c="86" n="Inp2" t="4" d="1"/>
<D id="121" f="10" l="576" c="37" n="Numer" t="4" d="1"/>
<D id="122" f="10" l="507" c="95" n="RngHi" t="4" d="1"/>
<D id="123" f="14" l="489" c="16" n="_polyspace_random_double" t="5" d="1"/>
<D id="124" f="10" l="492" c="94" n="RngLo" t="4" d="1"/>
<D id="125" f="10" l="535" c="95" n="RngHi" t="4" d="1"/>
<D id="126" f="10" l="589" c="17" n="Sin_f32" t="2" d="1"/>
<D id="127" f="10" l="493" c="94" n="RngHi" t="4" d="1"/>
<D id="128" f="10" l="778" c="36" n="Ag" t="4" d="1"/>
<D id="129" f="10" l="778" c="18" n="SinLookup" t="2" d="1"/>
<D id="130" f="10" l="182" c="97" n="Inp2" t="4" d="1"/>
<D id="131" f="10" l="347" c="95" n="Inp2" t="4" d="1"/>
<D id="132" f="10" l="373" c="96" n="Inp2" t="4" d="1"/>
<D id="133" f="10" l="438" c="95" n="Inp2" t="4" d="1"/>
<D id="134" f="10" l="464" c="96" n="Inp2" t="4" d="1"/>
<D id="135" f="10" l="183" c="97" n="Fac" t="4" d="1"/>
<D id="136" f="10" l="295" c="86" n="Inp2" t="4" d="1"/>
<D id="137" f="10" l="548" c="95" n="RngLo" t="4" d="1"/>
<D id="138" f="10" l="386" c="86" n="Inp2" t="4" d="1"/>
<D id="139" f="10" l="478" c="94" n="RngLo" t="4" d="1"/>
<D id="140" f="10" l="549" c="95" n="RngHi" t="4" d="1"/>
<D id="141" f="10" l="479" c="94" n="RngHi" t="4" d="1"/>
<D id="142" f="10" l="399" c="86" n="Inp2" t="4" d="1"/>
<D id="143" f="10" l="562" c="104" n="RngLo" t="4" d="1"/>
<D id="144" f="10" l="563" c="104" n="RngHi" t="4" d="1"/>
<D id="145" f="10" l="638" c="104" n="Denom" t="4" d="1"/>
<D id="146" f="10" l="655" c="105" n="SinVal" t="4" d="1"/>
<D id="147" f="10" l="656" c="105" n="CosVal" t="4" d="1"/>
<D id="148" f="10" l="577" c="104" n="Denom" t="4" d="1"/>
<D id="149" f="14" l="6881" c="14" n="_polyspace_compare_function_type" t="7" d="1"/>
<D id="150" f="8" l="41" c="2" n="E2E_P01DataIDMode" t="7" d="1"/>
<D id="151" f="7" l="61" c="2" n="E2E_PCheckStatusType" t="7" d="1"/>
<D id="152" f="8" l="80" c="2" n="E2E_P01CheckStateType" t="7" d="1"/>
<D id="153" f="4" l="73" c="2" n="sigGroup_DT_EST1" t="7" d="1"/>
<D id="154" f="8" l="54" c="2" n="E2E_P01ConfigType" t="7" d="1"/>
<D id="155" f="7" l="93" c="2" n="E2E_SMCheckStateType" t="7" d="1"/>
<D id="156" f="7" l="84" c="2" n="E2E_SMStateType" t="7" d="1"/>
<D id="157" f="7" l="75" c="2" n="E2E_SMConfigType" t="7" d="1"/>
<D id="158" f="5" l="50" c="7" n="Rte_CDS_BmwMsgSlot49Bas1Repn2BusFrChA" t="6" d="1"/>
<D id="159" f="8" l="58" c="2" n="E2E_P01ProtectStateType" t="7" d="1"/>
<D id="160" f="8" l="69" c="2" n="E2E_P01CheckStatusType" t="7" d="1"/>
<D id="161" f="5" l="53" c="8" n="_dummy" t="9" d="1"/>
<D id="162" f="14" l="11341" c="21" n="HUGE_VAL" t="1" d="1"/>
<D id="163" f="14" l="11323" c="12" n="_polyspace_random_long_double" t="2" d="1"/>
<D id="164" f="14" l="11342" c="21" n="HUGE_VALF" t="1" d="1"/>
<D id="165" f="14" l="11343" c="21" n="HUGE_VALL" t="1" d="1"/>
<D id="166" f="14" l="11325" c="23" n="random" t="4" d="1"/>
<D id="167" f="14" l="12185" c="16" n="__polyspace_absolute_address" t="1" d="1"/>
<D id="168" f="15" l="3" c="20" n="__PST__SINT8" t="7" d="1"/>
<D id="169" f="15" l="5" c="19" n="__PST__SINT32" t="7" d="1"/>
<D id="170" f="7" l="70" c="10" n="MinOkStateValid" t="9" d="1"/>
<D id="171" f="7" l="71" c="10" n="MaxErrorStateValid" t="9" d="1"/>
<D id="172" f="3" l="141" c="2" n="Std_VersionInfoType" t="7" d="1"/>
<D id="173" f="15" l="1" c="13" n="__PST__CHAR" t="7" d="1"/>
<D id="174" f="15" l="2" c="13" n="__PST__VOID" t="7" d="1"/>
<D id="175" f="15" l="4" c="21" n="__PST__SINT16" t="7" d="1"/>
<D id="176" f="4" l="50" c="22" n="DT_EST_dummy_96_1271" t="7" d="1"/>
<D id="177" f="4" l="41" c="22" n="DT_EST_dummy_12_151" t="7" d="1"/>
<D id="178" f="7" l="73" c="10" n="MinOkStateInvalid" t="9" d="1"/>
<D id="179" f="7" l="90" c="11" n="OkCount" t="9" d="1"/>
<D id="180" f="8" l="50" c="22" n="MaxDeltaCounterInit" t="9" d="1"/>
<D id="181" f="7" l="74" c="10" n="MaxErrorStateInvalid" t="9" d="1"/>
<D id="182" f="7" l="65" c="10" n="WindowSize" t="9" d="1"/>
<D id="183" f="7" l="91" c="11" n="ErrorCount" t="9" d="1"/>
<D id="184" f="8" l="51" c="22" n="MaxNoNewOrRepeatedData" t="9" d="1"/>
<D id="185" f="7" l="92" c="20" n="SMState" t="9" d="1"/>
<D id="186" f="4" l="53" c="22" n="AVL_I_ACT_EST1" t="7" d="1"/>
<D id="187" f="8" l="52" c="22" n="SyncCounterInit" t="9" d="1"/>
<D id="188" f="4" l="44" c="22" n="DT_EST_dummy_16_471" t="7" d="1"/>
<D id="189" f="4" l="66" c="20" n="QU_AVL_I_ACT_EST" t="9" d="1"/>
<D id="190" f="4" l="35" c="22" n="ALIV_DT_EST1" t="7" d="1"/>
<D id="191" f="4" l="70" c="14" n="CRC_DT_EST" t="9" d="1"/>
<D id="192" f="4" l="72" c="22" n="DT_EST_dummy_16_47" t="9" d="1"/>
<D id="193" f="7" l="67" c="10" n="MinOkStateInit" t="9" d="1"/>
<D id="194" f="4" l="71" c="23" n="DT_EST_dummy_96_127" t="9" d="1"/>
<D id="195" f="8" l="44" c="22" n="CounterOffset" t="9" d="1"/>
<D id="196" f="15" l="7" c="22" n="__PST__UINT8" t="7" d="1"/>
<D id="197" f="7" l="68" c="10" n="MaxErrorStateInit" t="9" d="1"/>
<D id="198" f="15" l="9" c="21" n="__PST__UINT32" t="7" d="1"/>
<D id="199" f="8" l="57" c="11" n="Counter" t="9" d="1"/>
<D id="200" f="8" l="45" c="22" n="CRCOffset" t="9" d="1"/>
<D id="201" f="1" l="45" c="14" n="__va_list" t="7" d="1"/>
<D id="202" f="4" l="65" c="22" n="DT_EST_dummy_64_95" t="9" d="1"/>
<D id="203" f="4" l="56" c="22" n="QU_AVL_I_ACT_EST1" t="7" d="1"/>
<D id="204" f="4" l="47" c="22" n="DT_EST_dummy_64_951" t="7" d="1"/>
<D id="205" f="8" l="46" c="22" n="DataID" t="9" d="1"/>
<D id="206" f="4" l="38" c="22" n="CRC_DT_EST1" t="7" d="1"/>
<D id="207" f="17" l="42" c="5" n="main" t="2" d="1"/>
<D id="208" f="15" l="8" c="23" n="__PST__UINT16" t="7" d="1"/>
<D id="209" f="8" l="47" c="22" n="DataIDNibbleOffset" t="9" d="1"/>
<D id="210" f="5" l="64" c="60" n="Rte_Instance" t="7" d="1"/>
<D id="211" f="4" l="67" c="22" n="DT_EST_dummy_12_15" t="9" d="1"/>
<D id="212" f="7" l="88" c="11" n="ProfileStatusWindow" t="9" d="1"/>
<D id="213" f="1" l="50" c="18" n="__gnuc_va_list" t="7" d="1"/>
<D id="214" f="8" l="48" c="22" n="DataIDMode" t="9" d="1"/>
<D id="215" f="4" l="64" c="15" n="ST_CULI_EST" t="9" d="1"/>
<D id="216" f="15" l="6" c="25" n="__PST__SINT64" t="7" d="1"/>
<D id="217" f="7" l="89" c="11" n="WindowTopIndex" t="9" d="1"/>
<D id="218" f="4" l="59" c="22" n="ST_CULI_EST1" t="7" d="1"/>
<D id="219" f="6" l="88" c="21" n="Crc_DataRefType" t="7" d="1"/>
<D id="220" f="8" l="49" c="22" n="DataLength" t="9" d="1"/>
<D id="221" f="4" l="76" c="14" n="BattRtnCurrAmprQlfr1" t="7" d="1"/>
<D id="222" f="9" l="51" c="17" n="double_t" t="7" d="1"/>
<D id="223" f="9" l="52" c="17" n="float_t" t="7" d="1"/>
<D id="224" f="9" l="731" c="6" n="expf" t="2" d="0"/>
<D id="225" f="9" l="741" c="6" n="sqrtf" t="2" d="0"/>
<D id="226" f="4" l="79" c="14" n="EpsCurrLimSts1" t="7" d="1"/>
<D id="227" f="9" l="742" c="6" n="fabsf" t="2" d="0"/>
<D id="228" f="8" l="72" c="27" n="LastValidCounter" t="9" d="1"/>
<D id="229" f="9" l="724" c="6" n="atan2f" t="2" d="0"/>
<D id="230" f="4" l="69" c="15" n="ALIV_DT_EST" t="9" d="1"/>
<D id="231" f="8" l="73" c="27" n="MaxDeltaCounter" t="9" d="1"/>
<D id="232" f="9" l="725" c="6" n="cosf" t="2" d="0"/>
<D id="233" f="15" l="28" c="7" n="__PST__g__29" t="6" d="1"/>
<D id="234" f="8" l="74" c="27" n="WaitForFirstData" t="9" d="1"/>
<D id="235" f="9" l="726" c="6" n="sinf" t="2" d="0"/>
<D id="236" f="4" l="68" c="17" n="AVL_I_ACT_EST" t="9" d="1"/>
<D id="237" f="8" l="75" c="27" n="NewDataAvailable" t="9" d="1"/>
<D id="238" f="1" l="49" c="18" n="va_list" t="7" d="1"/>
<D id="239" f="8" l="76" c="27" n="LostData" t="9" d="1"/>
<D id="240" f="8" l="77" c="27" n="Status" t="9" d="1"/>
<D id="241" f="8" l="78" c="27" n="SyncCounter" t="9" d="1"/>
<D id="242" f="8" l="79" c="27" n="NoNewOrRepeatedDataCounter" t="9" d="1"/>
<D id="243" f="9" l="748" c="6" n="fmodf" t="2" d="0"/>
<D id="244" f="3" l="140" c="10" n="sw_patch_version" t="9" d="1"/>
<D id="245" f="15" l="20" c="20" n="__PST__g__22" t="7" d="1"/>
<D id="246" f="2" l="110" c="31" n="uint32" t="7" d="1"/>
<D id="247" f="15" l="12" c="21" n="__PST__g__11" t="7" d="1"/>
<D id="248" f="15" l="14" c="20" n="__PST__g__15" t="7" d="1"/>
<D id="249" f="2" l="112" c="31" n="sint8_least" t="7" d="1"/>
<D id="250" f="15" l="22" c="21" n="__PST__g__23" t="7" d="1"/>
<D id="251" f="2" l="103" c="31" n="boolean" t="7" d="1"/>
<D id="252" f="15" l="50" c="21" n="__PST__g__44" t="7" d="1"/>
<D id="253" f="2" l="113" c="31" n="uint8_least" t="7" d="1"/>
<D id="254" f="15" l="25" c="29" n="__PST__g__28" t="7" d="1"/>
<D id="255" f="15" l="51" c="30" n="__PST__g__45" t="7" d="1"/>
<D id="256" f="3" l="136" c="10" n="vendorID" t="9" d="1"/>
<D id="257" f="15" l="11" c="14" n="__PST__FLOAT32" t="7" d="1"/>
<D id="258" f="16" l="25" c="20" n="pst_random_int" t="3" d="1"/>
<D id="259" f="14" l="61" c="21" n="wchar_t" t="7" d="1"/>
<D id="260" f="2" l="114" c="31" n="sint16_least" t="7" d="1"/>
<D id="261" f="15" l="24" c="21" n="__PST__g__25" t="7" d="1"/>
<D id="262" f="2" l="105" c="31" n="sint8" t="7" d="1"/>
<D id="263" f="17" l="25" c="20" n="pst_random_int" t="3" d="1"/>
<D id="264" f="3" l="137" c="10" n="moduleID" t="9" d="1"/>
<D id="265" f="15" l="23" c="22" n="__PST__g__26" t="7" d="1"/>
<D id="266" f="2" l="115" c="31" n="uint16_least" t="7" d="1"/>
<D id="267" f="2" l="106" c="31" n="uint8" t="7" d="1"/>
<D id="268" f="3" l="138" c="10" n="sw_major_version" t="9" d="1"/>
<D id="269" f="3" l="132" c="14" n="Std_ReturnType" t="7" d="1"/>
<D id="270" f="15" l="21" c="24" n="__PST__g__24" t="7" d="1"/>
<D id="271" f="2" l="116" c="31" n="sint32_least" t="7" d="1"/>
<D id="272" f="15" l="52" c="22" n="__PST__g__46" t="7" d="1"/>
<D id="273" f="2" l="107" c="31" n="sint16" t="7" d="1"/>
<D id="274" f="3" l="125" c="22" n="StatusType" t="7" d="1"/>
<D id="275" f="15" l="43" c="22" n="__PST__g__32" t="7" d="1"/>
<D id="276" f="3" l="139" c="10" n="sw_minor_version" t="9" d="1"/>
<D id="277" f="16" l="28" c="29" n="pst_random_g_6" t="3" d="1"/>
<D id="278" f="13" l="231" c="5" n="BmwMsgSlot49Bas1Repn2BusFrChAPer1" t="2" d="1"/>
<D id="279" f="15" l="16" c="22" n="__PST__g__18" t="7" d="1"/>
<D id="280" f="15" l="42" c="23" n="__PST__g__31" t="7" d="1"/>
<D id="281" f="2" l="117" c="31" n="uint32_least" t="7" d="1"/>
<D id="282" f="15" l="27" c="21" n="__PST__g__30" t="7" d="1"/>
<D id="283" f="15" l="53" c="22" n="__PST__g__47" t="7" d="1"/>
<D id="284" f="2" l="108" c="31" n="uint16" t="7" d="1"/>
<D id="285" f="15" l="13" c="15" n="__PST__FLOAT64" t="7" d="1"/>
<D id="286" f="15" l="44" c="22" n="__PST__g__33" t="7" d="1"/>
<D id="287" f="15" l="15" c="23" n="__PST__g__16" t="7" d="1"/>
<D id="288" f="16" l="64" c="30" n="real_random_for_return" t="4" d="1"/>
<D id="289" f="15" l="26" c="22" n="__PST__g__27" t="7" d="1"/>
<D id="290" f="2" l="127" c="31" n="sint64" t="7" d="1"/>
<D id="291" f="15" l="54" c="31" n="__PST__g__48" t="7" d="1"/>
<D id="292" f="16" l="92" c="30" n="real_random_for_return" t="4" d="1"/>
<D id="293" f="15" l="19" c="30" n="__PST__g__20" t="7" d="1"/>
<D id="294" f="14" l="56" c="21" n="size_t" t="7" d="1"/>
<D id="295" f="2" l="109" c="31" n="sint32" t="7" d="1"/>
<D id="296" f="15" l="45" c="22" n="__PST__g__34" t="7" d="1"/>
<D id="297" f="14" l="432" c="4" n="errno" t="1" d="1"/>
<D id="298" f="16" l="65" c="21" n="random_for_return" t="4" d="1"/>
<D id="299" f="2" l="128" c="31" n="uint64" t="7" d="1"/>
<D id="300" f="15" l="10" c="27" n="__PST__UINT64" t="7" d="1"/>
<D id="301" f="15" l="18" c="22" n="__PST__g__21" t="7" d="1"/>
<D id="302" f="16" l="27" c="31" n="pst_random_g_10" t="3" d="1"/>
<D id="303" f="15" l="30" c="17" n="ST_CULI_EST" t="9" d="1"/>
<D id="304" f="16" l="93" c="21" n="random_for_return" t="4" d="1"/>
<D id="305" f="15" l="17" c="32" n="__PST__g__19" t="7" d="1"/>
<D id="306" f="15" l="46" c="22" n="__PST__g__35" t="7" d="1"/>
<D id="307" f="2" l="138" c="31" n="float32" t="7" d="1"/>
<D id="308" f="15" l="48" c="21" n="__PST__g__42" t="7" d="1"/>
<D id="309" f="15" l="31" c="17" n="__pst_unused_field___pstfiller1" t="9" d="1"/>
<D id="310" f="15" l="47" c="31" n="__PST__g__36" t="7" d="1"/>
<D id="311" f="14" l="58" c="12" n="ptrdiff_t" t="7" d="1"/>
<D id="312" f="15" l="49" c="30" n="__PST__g__43" t="7" d="1"/>
<D id="313" f="2" l="139" c="31" n="float64" t="7" d="1"/>
<D id="314" f="16" l="47" c="13" n="Rte_Read_BmwMsgSlot49Bas1Repn2BusFrChA_BattRtnCurrAmpr_Val" t="2" d="1"/>
<D id="315" f="16" l="75" c="13" n="Rte_Read_BmwMsgSlot49Bas1Repn2BusFrChA_BattRtnCurrAmprQlfr_Val" t="2" d="1"/>
<D id="316" f="15" l="40" c="18" n="__pst_unused_field_10" t="9" d="1"/>
<D id="317" f="15" l="33" c="17" n="QU_AVL_I_ACT_EST" t="9" d="1"/>
<D id="318" f="13" l="182" c="5" n="BmwMsgSlot49Bas1Repn2BusFrChAInit1" t="2" d="1"/>
<D id="319" f="16" l="163" c="5" n="__PST__MAIN__ENTRY__POINT__" t="2" d="1"/>
<D id="320" f="15" l="32" c="18" n="__pst_unused_field_2" t="9" d="1"/>
<D id="321" f="15" l="34" c="17" n="__pst_unused_field_4" t="9" d="1"/>
<D id="322" f="15" l="35" c="17" n="AVL_I_ACT_EST" t="9" d="1"/>
<D id="323" f="16" l="23" c="28" n="pst_random_char" t="3" d="1"/>
<D id="324" f="17" l="23" c="28" n="pst_random_char" t="3" d="1"/>
<D id="325" f="15" l="36" c="17" n="__pst_unused_field_6" t="9" d="1"/>
<D id="326" f="15" l="37" c="17" n="__pst_unused_field_7" t="9" d="1"/>
<D id="327" f="16" l="75" c="89" n="P_0" t="4" d="1"/>
<D id="328" f="15" l="38" c="17" n="__pst_unused_field___pstfiller2" t="9" d="1"/>
<D id="329" f="15" l="39" c="18" n="__pst_unused_field_9" t="9" d="1"/>
<D id="330" f="16" l="47" c="85" n="P_0" t="4" d="1"/>
</Definitions>
<Uses>
<U id="1" f="10" l="320" c="9" d="273" a="0"/>
<U id="2" f="10" l="221" c="9" d="246" a="0"/>
<U id="3" f="10" l="411" c="9" d="273" a="0"/>
<U id="4" f="10" l="601" c="9" d="307" a="0"/>
<U id="5" f="10" l="450" c="9" d="246" a="0"/>
<U id="6" f="10" l="310" c="30" d="8" a="0"/>
<U id="7" f="10" l="270" c="9" d="262" a="0"/>
<U id="8" f="10" l="333" c="9" d="284" a="0"/>
<U id="9" f="10" l="234" c="9" d="307" a="0"/>
<U id="10" f="10" l="613" c="9" d="307" a="0"/>
<U id="11" f="10" l="401" c="30" d="60" a="0"/>
<U id="12" f="10" l="221" c="30" d="295" a="0"/>
<U id="13" f="10" l="181" c="9" d="307" a="0"/>
<U id="14" f="10" l="424" c="9" d="284" a="0"/>
<U id="15" f="10" l="505" c="9" d="273" a="0"/>
<U id="16" f="10" l="211" c="40" d="284" a="0"/>
<U id="17" f="10" l="310" c="22" d="120" a="0"/>
<U id="18" f="10" l="533" c="9" d="295" a="0"/>
<U id="19" f="10" l="307" c="9" d="267" a="0"/>
<U id="20" f="10" l="208" c="9" d="284" a="0"/>
<U id="21" f="10" l="561" c="9" d="307" a="0"/>
<U id="22" f="10" l="401" c="22" d="142" a="0"/>
<U id="23" f="10" l="372" c="9" d="307" a="0"/>
<U id="24" f="10" l="211" c="59" d="90" a="0"/>
<U id="25" f="16" l="112" c="12" d="68" a="0"/>
<U id="26" f="10" l="282" c="9" d="262" a="0"/>
<U id="27" f="10" l="440" c="30" d="35" a="0"/>
<U id="28" f="10" l="310" c="14" d="8" a="0"/>
<U id="29" f="10" l="246" c="9" d="262" a="0"/>
<U id="30" f="10" l="463" c="9" d="307" a="0"/>
<U id="31" f="10" l="625" c="9" d="307" a="0"/>
<U id="32" f="10" l="211" c="14" d="90" a="0"/>
<U id="33" f="10" l="323" c="30" d="4" a="0"/>
<U id="34" f="6" l="192" c="100" d="251" a="0"/>
<U id="35" f="10" l="491" c="9" d="267" a="0"/>
<U id="36" f="10" l="401" c="14" d="60" a="0"/>
<U id="37" f="10" l="346" c="9" d="295" a="0"/>
<U id="38" f="10" l="603" c="12" d="232" a="0"/>
<U id="39" f="6" l="215" c="102" d="251" a="0"/>
<U id="40" f="10" l="414" c="30" d="6" a="0"/>
<U id="41" f="10" l="211" c="33" d="90" a="0"/>
<U id="42" f="10" l="440" c="22" d="133" a="0"/>
<U id="43" f="10" l="640" c="12" d="243" a="0"/>
<U id="44" f="10" l="211" c="24" d="284" a="0"/>
<U id="45" f="10" l="437" c="9" d="295" a="0"/>
<U id="46" f="10" l="523" c="30" d="105" a="0"/>
<U id="47" f="16" l="121" c="41" d="2" a="0"/>
<U id="48" f="6" l="144" c="102" d="251" a="0"/>
<U id="49" f="10" l="523" c="21" d="105" a="0"/>
<U id="50" f="16" l="110" c="15" d="258" a="0"/>
<U id="51" f="10" l="170" c="13" d="284" a="0"/>
<U id="52" f="6" l="238" c="100" d="251" a="0"/>
<U id="53" f="10" l="320" c="24" d="273" a="0"/>
<U id="54" f="10" l="224" c="40" d="246" a="0"/>
<U id="55" f="10" l="323" c="22" d="94" a="0"/>
<U id="56" f="10" l="551" c="30" d="140" a="0"/>
<U id="57" f="10" l="294" c="9" d="262" a="0"/>
<U id="58" f="10" l="551" c="21" d="140" a="0"/>
<U id="59" f="14" l="461" c="11" d="49" a="0"/>
<U id="60" f="13" l="251" c="40" d="34" a="0"/>
<U id="61" f="10" l="195" c="9" d="267" a="0"/>
<U id="62" f="10" l="519" c="9" d="284" a="0"/>
<U id="63" f="10" l="362" c="30" d="64" a="0"/>
<U id="64" f="13" l="246" c="10" d="314" a="0"/>
<U id="65" f="10" l="411" c="24" d="273" a="0"/>
<U id="66" f="10" l="414" c="22" d="102" a="0"/>
<U id="67" f="10" l="711" c="50" d="85" a="0"/>
<U id="68" f="10" l="208" c="30" d="273" a="0"/>
<U id="69" f="10" l="234" c="31" d="307" a="0"/>
<U id="70" f="10" l="258" c="9" d="262" a="0"/>
<U id="71" f="10" l="637" c="9" d="307" a="0"/>
<U id="72" f="10" l="440" c="14" d="35" a="0"/>
<U id="73" f="10" l="523" c="40" d="47" a="0"/>
<U id="74" f="10" l="385" c="9" d="262" a="0"/>
<U id="75" f="10" l="547" c="9" d="246" a="0"/>
<U id="76" f="10" l="224" c="59" d="43" a="0"/>
<U id="77" f="10" l="260" c="14" d="101" a="0"/>
<U id="78" f="6" l="168" c="100" d="251" a="0"/>
<U id="79" f="10" l="453" c="30" d="10" a="0"/>
<U id="80" f="10" l="551" c="40" d="52" a="0"/>
<U id="81" f="13" l="252" c="40" d="186" a="0"/>
<U id="82" f="14" l="453" c="11" d="62" a="0"/>
<U id="83" f="10" l="323" c="14" d="4" a="0"/>
<U id="84" f="13" l="247" c="10" d="315" a="0"/>
<U id="85" f="10" l="236" c="12" d="227" a="0"/>
<U id="86" f="10" l="615" c="12" d="224" a="0"/>
<U id="87" f="10" l="712" c="50" d="85" a="0"/>
<U id="88" f="10" l="224" c="14" d="43" a="0"/>
<U id="89" f="10" l="481" c="30" d="141" a="0"/>
<U id="90" f="10" l="336" c="30" d="12" a="0"/>
<U id="91" f="10" l="481" c="21" d="141" a="0"/>
<U id="92" f="13" l="251" c="32" d="71" a="0"/>
<U id="93" f="10" l="362" c="22" d="111" a="0"/>
<U id="94" f="10" l="185" c="29" d="135" a="0"/>
<U id="95" f="10" l="414" c="14" d="6" a="0"/>
<U id="96" f="10" l="731" c="50" d="85" a="0"/>
<U id="97" f="13" l="257" c="10" d="14" a="0"/>
<U id="98" f="16" l="103" c="70" d="265" a="0"/>
<U id="99" f="10" l="359" c="9" d="246" a="0"/>
<U id="100" f="10" l="576" c="9" d="307" a="0"/>
<U id="101" f="10" l="260" c="24" d="262" a="0"/>
<U id="102" f="13" l="248" c="10" d="7" a="0"/>
<U id="103" f="16" l="122" c="15" d="5" a="0"/>
<U id="104" f="16" l="136" c="30" d="173" a="0"/>
<U id="105" f="10" l="601" c="25" d="307" a="0"/>
<U id="106" f="10" l="477" c="9" d="262" a="0"/>
<U id="107" f="10" l="427" c="30" d="17" a="0"/>
<U id="108" f="10" l="523" c="14" d="47" a="0"/>
<U id="109" f="16" l="112" c="34" d="277" a="0"/>
<U id="110" f="10" l="450" c="24" d="246" a="0"/>
<U id="111" f="10" l="224" c="33" d="43" a="0"/>
<U id="112" f="10" l="453" c="22" d="113" a="0"/>
<U id="113" f="16" l="144" c="22" d="173" a="0"/>
<U id="114" f="10" l="195" c="29" d="262" a="0"/>
<U id="115" f="10" l="224" c="24" d="246" a="0"/>
<U id="116" f="10" l="481" c="40" d="40" a="0"/>
<U id="117" f="10" l="701" c="34" d="91" a="0"/>
<U id="118" f="10" l="806" c="12" d="76" a="0"/>
<U id="119" f="16" l="112" c="16" d="258" a="0"/>
<U id="120" f="16" l="144" c="13" d="24" a="0"/>
<U id="121" f="10" l="551" c="14" d="52" a="0"/>
<U id="122" f="10" l="701" c="25" d="146" a="0"/>
<U id="123" f="10" l="732" c="50" d="85" a="0"/>
<U id="124" f="16" l="120" c="17" d="196" a="0"/>
<U id="125" f="10" l="307" c="23" d="267" a="0"/>
<U id="126" f="10" l="333" c="24" d="284" a="0"/>
<U id="127" f="10" l="336" c="22" d="116" a="0"/>
<U id="128" f="10" l="591" c="12" d="235" a="0"/>
<U id="129" f="16" l="166" c="20" d="207" a="0"/>
<U id="130" f="16" l="140" c="16" d="258" a="0"/>
<U id="131" f="16" l="142" c="42" d="24" a="0"/>
<U id="132" f="14" l="492" c="11" d="106" a="0"/>
<U id="133" f="10" l="362" c="14" d="64" a="0"/>
<U id="134" f="10" l="509" c="30" d="122" a="0"/>
<U id="135" f="10" l="272" c="14" d="46" a="0"/>
<U id="136" f="10" l="509" c="21" d="122" a="0"/>
<U id="137" f="10" l="751" c="50" d="85" a="0"/>
<U id="138" f="10" l="711" c="25" d="146" a="0"/>
<U id="139" f="10" l="375" c="30" d="42" a="0"/>
<U id="140" f="10" l="537" c="30" d="125" a="0"/>
<U id="141" f="10" l="702" c="25" d="147" a="0"/>
<U id="142" f="10" l="821" c="15" d="99" a="0"/>
<U id="143" f="10" l="424" c="24" d="284" a="0"/>
<U id="144" f="10" l="505" c="24" d="273" a="0"/>
<U id="145" f="10" l="427" c="22" d="117" a="0"/>
<U id="146" f="10" l="537" c="21" d="125" a="0"/>
<U id="147" f="10" l="627" c="12" d="225" a="0"/>
<U id="148" f="16" l="152" c="42" d="13" a="0"/>
<U id="149" f="10" l="453" c="14" d="10" a="0"/>
<U id="150" f="13" l="252" c="24" d="236" a="0"/>
<U id="151" f="10" l="398" c="9" d="267" a="0"/>
<U id="152" f="10" l="284" c="40" d="262" a="0"/>
<U id="153" f="10" l="310" c="37" d="120" a="0"/>
<U id="154" f="10" l="565" c="30" d="144" a="0"/>
<U id="155" f="10" l="706" c="50" d="85" a="0"/>
<U id="156" f="10" l="533" c="24" d="295" a="0"/>
<U id="157" f="10" l="565" c="21" d="144" a="0"/>
<U id="158" f="10" l="640" c="25" d="145" a="0"/>
<U id="159" f="10" l="721" c="25" d="146" a="0"/>
<U id="160" f="10" l="752" c="50" d="85" a="0"/>
<U id="161" f="10" l="813" c="42" d="307" a="0"/>
<U id="162" f="10" l="576" c="29" d="307" a="0"/>
<U id="163" f="10" l="466" c="30" d="51" a="0"/>
<U id="164" f="10" l="481" c="14" d="40" a="0"/>
<U id="165" f="10" l="509" c="40" d="18" a="0"/>
<U id="166" f="10" l="691" c="49" d="85" a="0"/>
<U id="167" f="10" l="712" c="25" d="147" a="0"/>
<U id="168" f="10" l="272" c="24" d="262" a="0"/>
<U id="169" f="10" l="336" c="14" d="12" a="0"/>
<U id="170" f="10" l="613" c="25" d="307" a="0"/>
<U id="171" f="10" l="401" c="37" d="142" a="0"/>
<U id="172" f="10" l="537" c="40" d="21" a="0"/>
<U id="173" f="10" l="702" c="35" d="85" a="0"/>
<U id="174" f="10" l="716" c="50" d="85" a="0"/>
<U id="175" f="13" l="253" c="24" d="215" a="0"/>
<U id="176" f="16" l="142" c="16" d="24" a="1"/>
<U id="177" f="10" l="491" c="23" d="267" a="0"/>
<U id="178" f="10" l="349" c="30" d="31" a="0"/>
<U id="179" f="10" l="707" c="50" d="85" a="0"/>
<U id="180" f="10" l="731" c="25" d="146" a="0"/>
<U id="181" f="16" l="139" c="12" d="24" a="1"/>
<U id="182" f="14" l="485" c="11" d="97" a="0"/>
<U id="183" f="10" l="375" c="22" d="132" a="0"/>
<U id="184" f="10" l="722" c="25" d="147" a="0"/>
<U id="185" f="16" l="153" c="15" d="22" a="0"/>
<U id="186" f="10" l="427" c="14" d="17" a="0"/>
<U id="187" f="10" l="565" c="40" d="38" a="0"/>
<U id="188" f="10" l="803" c="16" d="67" a="1"/>
<U id="189" f="10" l="589" c="9" d="307" a="0"/>
<U id="190" f="10" l="603" c="17" d="15" a="0"/>
<U id="191" f="10" l="721" c="35" d="85" a="0"/>
<U id="192" f="10" l="813" c="52" d="76" a="0"/>
<U id="193" f="10" l="672" c="23" d="66" a="0"/>
<U id="194" f="10" l="726" c="50" d="85" a="0"/>
<U id="195" f="10" l="495" c="30" d="127" a="0"/>
<U id="196" f="10" l="717" c="50" d="85" a="0"/>
<U id="197" f="10" l="741" c="25" d="146" a="0"/>
<U id="198" f="10" l="813" c="34" d="246" a="0"/>
<U id="199" f="13" l="254" c="24" d="189" a="0"/>
<U id="200" f="16" l="114" c="17" d="277" a="0"/>
<U id="201" f="10" l="284" c="14" d="86" a="0"/>
<U id="202" f="10" l="466" c="22" d="134" a="0"/>
<U id="203" f="10" l="495" c="21" d="127" a="0"/>
<U id="204" f="10" l="579" c="19" d="121" a="0"/>
<U id="205" f="10" l="674" c="31" d="77" a="0"/>
<U id="206" f="10" l="732" c="25" d="147" a="0"/>
<U id="207" f="10" l="561" c="25" d="307" a="0"/>
<U id="208" f="16" l="151" c="17" d="198" a="0"/>
<U id="209" f="16" l="142" c="26" d="173" a="0"/>
<U id="210" f="14" l="477" c="11" d="108" a="0"/>
<U id="211" f="10" l="185" c="14" d="41" a="0"/>
<U id="212" f="10" l="509" c="14" d="18" a="0"/>
<U id="213" f="10" l="668" c="20" d="100" a="0"/>
<U id="214" f="16" l="139" c="22" d="258" a="0"/>
<U id="215" f="10" l="182" c="89" d="307" a="0"/>
<U id="216" f="10" l="778" c="10" d="307" a="0"/>
<U id="217" f="10" l="297" c="30" d="25" a="0"/>
<U id="218" f="10" l="670" c="34" d="115" a="0"/>
<U id="219" f="10" l="722" c="35" d="91" a="0"/>
<U id="220" f="10" l="736" c="50" d="85" a="0"/>
<U id="221" f="10" l="181" c="26" d="307" a="0"/>
<U id="222" f="10" l="294" c="23" d="262" a="0"/>
<U id="223" f="10" l="346" c="24" d="295" a="0"/>
<U id="224" f="10" l="372" c="25" d="307" a="0"/>
<U id="225" f="10" l="198" c="39" d="267" a="0"/>
<U id="226" f="10" l="248" c="14" d="63" a="0"/>
<U id="227" f="10" l="349" c="22" d="131" a="0"/>
<U id="228" f="10" l="727" c="50" d="85" a="0"/>
<U id="229" f="10" l="751" c="25" d="146" a="0"/>
<U id="230" f="10" l="375" c="14" d="42" a="0"/>
<U id="231" f="10" l="537" c="14" d="21" a="0"/>
<U id="232" f="10" l="692" c="50" d="85" a="0"/>
<U id="233" f="10" l="742" c="25" d="147" a="0"/>
<U id="234" f="10" l="808" c="41" d="76" a="0"/>
<U id="235" f="13" l="254" c="43" d="93" a="0"/>
<U id="236" f="10" l="211" c="48" d="273" a="0"/>
<U id="237" f="10" l="440" c="37" d="133" a="0"/>
<U id="238" f="10" l="495" c="40" d="16" a="0"/>
<U id="239" f="10" l="741" c="35" d="91" a="0"/>
<U id="240" f="10" l="308" c="80" d="267" a="0"/>
<U id="241" f="10" l="388" c="30" d="28" a="0"/>
<U id="242" f="10" l="565" c="14" d="38" a="0"/>
<U id="243" f="10" l="640" c="18" d="79" a="0"/>
<U id="244" f="10" l="746" c="50" d="85" a="0"/>
<U id="245" f="14" l="469" c="11" d="107" a="0"/>
<U id="246" f="10" l="183" c="89" d="307" a="0"/>
<U id="247" f="10" l="385" c="23" d="262" a="0"/>
<U id="248" f="10" l="437" c="24" d="295" a="0"/>
<U id="249" f="10" l="463" c="25" d="307" a="0"/>
<U id="250" f="10" l="260" c="37" d="262" a="0"/>
<U id="251" f="10" l="706" c="25" d="146" a="0"/>
<U id="252" f="10" l="737" c="50" d="85" a="0"/>
<U id="253" f="10" l="813" c="26" d="284" a="0"/>
<U id="254" f="16" l="137" c="15" d="258" a="0"/>
<U id="255" f="10" l="466" c="14" d="51" a="0"/>
<U id="256" f="10" l="752" c="25" d="147" a="0"/>
<U id="257" f="13" l="246" c="70" d="34" a="1"/>
<U id="258" f="10" l="323" c="37" d="94" a="0"/>
<U id="259" f="10" l="248" c="24" d="262" a="0"/>
<U id="260" f="10" l="668" c="12" d="295" a="0"/>
<U id="261" f="16" l="144" c="35" d="323" a="0"/>
<U id="262" f="10" l="297" c="22" d="136" a="0"/>
<U id="263" f="10" l="670" c="26" d="246" a="0"/>
<U id="264" f="10" l="742" c="35" d="85" a="0"/>
<U id="265" f="10" l="349" c="14" d="31" a="0"/>
<U id="266" f="10" l="615" c="17" d="29" a="0"/>
<U id="267" f="10" l="670" c="17" d="267" a="0"/>
<U id="268" f="10" l="681" c="34" d="85" a="0"/>
<U id="269" f="10" l="716" c="25" d="146" a="0"/>
<U id="270" f="10" l="747" c="50" d="85" a="0"/>
<U id="271" f="10" l="270" c="28" d="295" a="0"/>
<U id="272" f="10" l="519" c="24" d="284" a="0"/>
<U id="273" f="10" l="681" c="25" d="146" a="0"/>
<U id="274" f="10" l="686" c="49" d="85" a="0"/>
<U id="275" f="10" l="707" c="25" d="147" a="0"/>
<U id="276" f="10" l="711" c="74" d="91" a="0"/>
<U id="277" f="10" l="414" c="37" d="102" a="0"/>
<U id="278" f="10" l="523" c="64" d="47" a="0"/>
<U id="279" f="10" l="669" c="30" d="115" a="0"/>
<U id="280" f="10" l="675" c="23" d="77" a="0"/>
<U id="281" f="10" l="669" c="21" d="307" a="0"/>
<U id="282" f="10" l="547" c="24" d="246" a="0"/>
<U id="283" f="10" l="625" c="26" d="307" a="0"/>
<U id="284" f="10" l="654" c="25" d="307" a="0"/>
<U id="285" f="10" l="388" c="22" d="138" a="0"/>
<U id="286" f="10" l="495" c="14" d="16" a="0"/>
<U id="287" f="10" l="551" c="64" d="52" a="0"/>
<U id="288" f="10" l="579" c="12" d="229" a="0"/>
<U id="289" f="10" l="726" c="25" d="146" a="0"/>
<U id="290" f="10" l="757" c="50" d="85" a="0"/>
<U id="291" f="10" l="796" c="12" d="76" a="0"/>
<U id="292" f="10" l="477" c="23" d="262" a="0"/>
<U id="293" f="10" l="674" c="15" d="66" a="0"/>
<U id="294" f="10" l="682" c="34" d="91" a="0"/>
<U id="295" f="10" l="691" c="25" d="146" a="0"/>
<U id="296" f="10" l="696" c="49" d="85" a="0"/>
<U id="297" f="10" l="717" c="25" d="147" a="0"/>
<U id="298" f="10" l="682" c="25" d="147" a="0"/>
<U id="299" f="10" l="712" c="74" d="91" a="0"/>
<U id="300" f="10" l="667" c="32" d="66" a="0"/>
<U id="301" f="10" l="198" c="32" d="98" a="0"/>
<U id="302" f="10" l="236" c="18" d="9" a="0"/>
<U id="303" f="10" l="297" c="14" d="25" a="0"/>
<U id="304" f="10" l="736" c="25" d="146" a="0"/>
<U id="305" f="10" l="198" c="14" d="98" a="0"/>
<U id="306" f="10" l="362" c="37" d="111" a="0"/>
<U id="307" f="10" l="727" c="25" d="147" a="0"/>
<U id="308" f="10" l="731" c="74" d="91" a="0"/>
<U id="309" f="10" l="758" c="50" d="85" a="0"/>
<U id="310" f="10" l="791" c="16" d="76" a="1"/>
<U id="311" f="10" l="637" c="25" d="307" a="0"/>
<U id="312" f="10" l="272" c="37" d="262" a="0"/>
<U id="313" f="10" l="523" c="56" d="96" a="0"/>
<U id="314" f="10" l="591" c="17" d="114" a="0"/>
<U id="315" f="10" l="672" c="17" d="66" a="0"/>
<U id="316" f="10" l="692" c="25" d="147" a="0"/>
<U id="317" f="10" l="808" c="16" d="76" a="1"/>
<U id="318" f="10" l="359" c="24" d="246" a="0"/>
<U id="319" f="10" l="523" c="47" d="96" a="0"/>
<U id="320" f="10" l="388" c="14" d="28" a="0"/>
<U id="321" f="10" l="551" c="56" d="137" a="0"/>
<U id="322" f="10" l="746" c="25" d="146" a="0"/>
<U id="323" f="13" l="252" c="56" d="34" a="0"/>
<U id="324" f="10" l="224" c="48" d="295" a="0"/>
<U id="325" f="10" l="453" c="37" d="113" a="0"/>
<U id="326" f="10" l="481" c="64" d="40" a="0"/>
<U id="327" f="10" l="551" c="47" d="137" a="0"/>
<U id="328" f="10" l="687" c="50" d="85" a="0"/>
<U id="329" f="10" l="737" c="25" d="147" a="0"/>
<U id="330" f="10" l="295" c="80" d="262" a="0"/>
<U id="331" f="10" l="706" c="73" d="91" a="0"/>
<U id="332" f="10" l="732" c="74" d="91" a="0"/>
<U id="333" f="10" l="282" c="28" d="307" a="0"/>
<U id="334" f="10" l="398" c="23" d="267" a="0"/>
<U id="335" f="10" l="789" c="12" d="76" a="0"/>
<U id="336" f="16" l="131" c="58" d="254" a="0"/>
<U id="337" f="10" l="198" c="24" d="267" a="0"/>
<U id="338" f="10" l="667" c="15" d="66" a="0"/>
<U id="339" f="10" l="691" c="72" d="91" a="0"/>
<U id="340" f="10" l="336" c="37" d="116" a="0"/>
<U id="341" f="10" l="185" c="45" d="135" a="0"/>
<U id="342" f="10" l="284" c="27" d="262" a="0"/>
<U id="343" f="10" l="697" c="50" d="85" a="0"/>
<U id="344" f="10" l="747" c="25" d="147" a="0"/>
<U id="345" f="10" l="751" c="74" d="91" a="0"/>
<U id="346" f="10" l="246" c="28" d="262" a="0"/>
<U id="347" f="10" l="386" c="80" d="262" a="0"/>
<U id="348" f="10" l="669" c="14" d="66" a="0"/>
<U id="349" f="10" l="716" c="73" d="91" a="0"/>
<U id="350" f="16" l="136" c="46" d="32" a="1"/>
<U id="351" f="13" l="253" c="38" d="1" a="0"/>
<U id="352" f="10" l="815" c="37" d="3" a="1"/>
<U id="353" f="10" l="427" c="37" d="117" a="0"/>
<U id="354" f="10" l="815" c="28" d="307" a="0"/>
<U id="355" f="10" l="481" c="56" d="139" a="0"/>
<U id="356" f="10" l="627" c="18" d="65" a="0"/>
<U id="357" f="10" l="757" c="25" d="146" a="0"/>
<U id="358" f="10" l="481" c="47" d="139" a="0"/>
<U id="359" f="10" l="752" c="74" d="91" a="0"/>
<U id="360" f="10" l="509" c="64" d="18" a="0"/>
<U id="361" f="10" l="537" c="64" d="21" a="0"/>
<U id="362" f="10" l="686" c="25" d="146" a="0"/>
<U id="363" f="10" l="707" c="74" d="91" a="0"/>
<U id="364" f="10" l="758" c="25" d="147" a="0"/>
<U id="365" f="10" l="248" c="37" d="262" a="0"/>
<U id="366" f="10" l="321" c="88" d="273" a="0"/>
<U id="367" f="10" l="375" c="37" d="132" a="0"/>
<U id="368" f="10" l="565" c="64" d="38" a="0"/>
<U id="369" f="10" l="692" c="73" d="91" a="0"/>
<U id="370" f="10" l="818" c="27" d="99" a="0"/>
<U id="371" f="10" l="520" c="88" d="284" a="0"/>
<U id="372" f="10" l="696" c="25" d="146" a="0"/>
<U id="373" f="10" l="726" c="74" d="91" a="0"/>
<U id="374" f="13" l="257" c="55" d="11" a="1"/>
<U id="375" f="10" l="687" c="25" d="147" a="0"/>
<U id="376" f="10" l="717" c="74" d="91" a="0"/>
<U id="377" f="10" l="509" c="56" d="118" a="0"/>
<U id="378" f="10" l="785" c="26" d="128" a="0"/>
<U id="379" f="13" l="247" c="74" d="93" a="1"/>
<U id="380" f="10" l="258" c="28" d="273" a="0"/>
<U id="381" f="10" l="412" c="88" d="273" a="0"/>
<U id="382" f="10" l="466" c="37" d="134" a="0"/>
<U id="383" f="10" l="509" c="47" d="118" a="0"/>
<U id="384" f="10" l="185" c="38" d="130" a="0"/>
<U id="385" f="10" l="818" c="55" d="67" a="0"/>
<U id="386" f="10" l="537" c="56" d="119" a="0"/>
<U id="387" f="10" l="736" c="74" d="91" a="0"/>
<U id="388" f="10" l="818" c="46" d="307" a="0"/>
<U id="389" f="10" l="521" c="88" d="284" a="0"/>
<U id="390" f="10" l="537" c="47" d="119" a="0"/>
<U id="391" f="10" l="697" c="25" d="147" a="0"/>
<U id="392" f="10" l="727" c="74" d="91" a="0"/>
<U id="393" f="10" l="349" c="37" d="131" a="0"/>
<U id="394" f="10" l="565" c="56" d="143" a="0"/>
<U id="395" f="10" l="686" c="72" d="91" a="0"/>
<U id="396" f="10" l="399" c="80" d="267" a="0"/>
<U id="397" f="10" l="589" c="25" d="307" a="0"/>
<U id="398" f="10" l="495" c="64" d="16" a="0"/>
<U id="399" f="10" l="565" c="47" d="143" a="0"/>
<U id="400" f="10" l="746" c="74" d="91" a="0"/>
<U id="401" f="10" l="737" c="74" d="91" a="0"/>
<U id="402" f="10" l="360" c="88" d="246" a="0"/>
<U id="403" f="10" l="678" c="17" d="39" a="0"/>
<U id="404" f="10" l="579" c="26" d="148" a="0"/>
<U id="405" f="10" l="696" c="72" d="91" a="0"/>
<U id="406" f="10" l="787" c="26" d="76" a="0"/>
<U id="407" f="10" l="297" c="37" d="136" a="0"/>
<U id="408" f="10" l="747" c="74" d="91" a="0"/>
<U id="409" f="10" l="451" c="88" d="246" a="0"/>
<U id="410" f="10" l="198" c="46" d="262" a="0"/>
<U id="411" f="10" l="798" c="16" d="67" a="1"/>
<U id="412" f="10" l="495" c="56" d="124" a="0"/>
<U id="413" f="10" l="787" c="63" d="76" a="0"/>
<U id="414" f="10" l="495" c="47" d="124" a="0"/>
<U id="415" f="10" l="334" c="88" d="284" a="0"/>
<U id="416" f="10" l="388" c="37" d="138" a="0"/>
<U id="417" f="10" l="757" c="74" d="91" a="0"/>
<U id="418" f="10" l="787" c="45" d="307" a="0"/>
<U id="419" f="10" l="815" c="68" d="72" a="0"/>
<U id="420" f="10" l="562" c="96" d="307" a="0"/>
<U id="421" f="10" l="687" c="73" d="91" a="0"/>
<U id="422" f="10" l="799" c="16" d="76" a="1"/>
<U id="423" f="10" l="198" c="56" d="98" a="0"/>
<U id="424" f="10" l="425" c="88" d="284" a="0"/>
<U id="425" f="10" l="506" c="88" d="273" a="0"/>
<U id="426" f="10" l="758" c="74" d="91" a="0"/>
<U id="427" f="10" l="563" c="96" d="307" a="0"/>
<U id="428" f="10" l="697" c="73" d="91" a="0"/>
<U id="429" f="10" l="534" c="88" d="295" a="0"/>
<U id="430" f="10" l="787" c="55" d="295" a="0"/>
<U id="431" f="10" l="507" c="88" d="273" a="0"/>
<U id="432" f="10" l="667" c="66" d="66" a="0"/>
<U id="433" f="10" l="778" c="28" d="307" a="0"/>
<U id="434" f="10" l="373" c="88" d="307" a="0"/>
<U id="435" f="10" l="535" c="88" d="295" a="0"/>
<U id="436" f="13" l="248" c="68" d="1" a="1"/>
<U id="437" f="10" l="655" c="96" d="307" a="0"/>
<U id="438" f="10" l="464" c="88" d="307" a="0"/>
<U id="439" f="10" l="492" c="88" d="267" a="0"/>
<U id="440" f="10" l="347" c="88" d="295" a="0"/>
<U id="441" f="10" l="656" c="96" d="307" a="0"/>
<U id="442" f="10" l="638" c="96" d="307" a="0"/>
<U id="443" f="10" l="438" c="88" d="295" a="0"/>
<U id="444" f="10" l="493" c="88" d="267" a="0"/>
<U id="445" f="10" l="577" c="96" d="307" a="0"/>
<U id="446" f="10" l="548" c="88" d="246" a="0"/>
<U id="447" f="10" l="549" c="88" d="246" a="0"/>
<U id="448" f="10" l="478" c="88" d="262" a="0"/>
<U id="449" f="10" l="479" c="88" d="262" a="0"/>
<U id="450" f="4" l="70" c="2" d="206" a="0"/>
<U id="451" f="5" l="82" c="0" d="269" a="0"/>
<U id="452" f="4" l="71" c="2" d="176" a="0"/>
<U id="453" f="5" l="83" c="0" d="269" a="0"/>
<U id="454" f="5" l="53" c="2" d="267" a="0"/>
<U id="455" f="4" l="72" c="2" d="188" a="0"/>
<U id="456" f="5" l="84" c="0" d="269" a="0"/>
<U id="457" f="8" l="50" c="4" d="267" a="0"/>
<U id="458" f="5" l="85" c="0" d="269" a="0"/>
<U id="459" f="4" l="64" c="2" d="218" a="0"/>
<U id="460" f="8" l="51" c="4" d="267" a="0"/>
<U id="461" f="7" l="70" c="4" d="267" a="0"/>
<U id="462" f="4" l="65" c="2" d="204" a="0"/>
<U id="463" f="8" l="52" c="4" d="267" a="0"/>
<U id="464" f="7" l="71" c="4" d="267" a="0"/>
<U id="465" f="4" l="66" c="2" d="203" a="0"/>
<U id="466" f="7" l="90" c="4" d="267" a="0"/>
<U id="467" f="8" l="44" c="4" d="284" a="0"/>
<U id="468" f="8" l="72" c="4" d="267" a="0"/>
<U id="469" f="4" l="67" c="2" d="177" a="0"/>
<U id="470" f="7" l="91" c="4" d="267" a="0"/>
<U id="471" f="1" l="50" c="8" d="201" a="0"/>
<U id="472" f="7" l="73" c="4" d="267" a="0"/>
<U id="473" f="8" l="45" c="4" d="284" a="0"/>
<U id="474" f="8" l="73" c="4" d="267" a="0"/>
<U id="475" f="4" l="68" c="2" d="186" a="0"/>
<U id="476" f="7" l="92" c="4" d="156" a="0"/>
<U id="477" f="7" l="74" c="4" d="267" a="0"/>
<U id="478" f="8" l="46" c="4" d="284" a="0"/>
<U id="479" f="7" l="65" c="4" d="267" a="0"/>
<U id="480" f="8" l="74" c="4" d="251" a="0"/>
<U id="481" f="4" l="69" c="2" d="190" a="0"/>
<U id="482" f="8" l="47" c="4" d="284" a="0"/>
<U id="483" f="8" l="75" c="4" d="251" a="0"/>
<U id="484" f="8" l="57" c="4" d="267" a="0"/>
<U id="485" f="8" l="48" c="4" d="150" a="0"/>
<U id="486" f="7" l="67" c="4" d="267" a="0"/>
<U id="487" f="8" l="76" c="4" d="267" a="0"/>
<U id="488" f="8" l="49" c="4" d="284" a="0"/>
<U id="489" f="7" l="68" c="4" d="267" a="0"/>
<U id="490" f="8" l="77" c="4" d="160" a="0"/>
<U id="491" f="1" l="84" c="7" d="238" a="0"/>
<U id="492" f="8" l="78" c="4" d="267" a="0"/>
<U id="493" f="7" l="88" c="4" d="267" a="0"/>
<U id="494" f="8" l="79" c="4" d="267" a="0"/>
<U id="495" f="7" l="89" c="4" d="267" a="0"/>
<U id="496" f="1" l="49" c="8" d="201" a="0"/>
<U id="497" f="4" l="76" c="8" d="267" a="0"/>
<U id="498" f="4" l="79" c="8" d="267" a="0"/>
<U id="499" f="14" l="11326" c="9" d="166" a="0"/>
<U id="500" f="6" l="120" c="0" d="267" a="0"/>
<U id="501" f="8" l="111" c="0" d="269" a="0"/>
<U id="502" f="8" l="131" c="0" d="269" a="0"/>
<U id="503" f="7" l="123" c="0" d="269" a="0"/>
<U id="504" f="6" l="215" c="0" d="246" a="0"/>
<U id="505" f="3" l="140" c="3" d="267" a="0"/>
<U id="506" f="6" l="144" c="0" d="267" a="0"/>
<U id="507" f="7" l="144" c="0" d="269" a="0"/>
<U id="508" f="15" l="30" c="4" d="196" a="0"/>
<U id="509" f="8" l="154" c="0" d="269" a="0"/>
<U id="510" f="15" l="40" c="4" d="198" a="0"/>
<U id="511" f="15" l="31" c="4" d="282" a="0"/>
<U id="512" f="6" l="192" c="0" d="246" a="0"/>
<U id="513" f="15" l="32" c="4" d="198" a="0"/>
<U id="514" f="8" l="174" c="0" d="269" a="0"/>
<U id="515" f="5" l="64" c="21" d="158" a="0"/>
<U id="516" f="1" l="84" c="39" d="238" a="0"/>
<U id="517" f="16" l="47" c="0" d="196" a="0"/>
<U id="518" f="15" l="33" c="4" d="196" a="0"/>
<U id="519" f="16" l="75" c="0" d="196" a="0"/>
<U id="520" f="6" l="238" c="0" d="299" a="0"/>
<U id="521" f="15" l="34" c="4" d="196" a="0"/>
<U id="522" f="3" l="136" c="3" d="284" a="0"/>
<U id="523" f="15" l="20" c="8" d="174" a="0"/>
<U id="524" f="6" l="168" c="0" d="284" a="0"/>
<U id="525" f="12" l="53" c="5" d="153" a="0"/>
<U id="526" f="15" l="35" c="4" d="196" a="0"/>
<U id="527" f="3" l="137" c="3" d="284" a="0"/>
<U id="528" f="15" l="21" c="8" d="257" a="0"/>
<U id="529" f="15" l="12" c="8" d="174" a="0"/>
<U id="530" f="15" l="36" c="4" d="196" a="0"/>
<U id="531" f="3" l="138" c="3" d="267" a="0"/>
<U id="532" f="5" l="82" c="15" d="314" a="0"/>
<U id="533" f="8" l="197" c="0" d="151" a="0"/>
<U id="534" f="12" l="52" c="7" d="246" a="0"/>
<U id="535" f="15" l="22" c="8" d="196" a="0"/>
<U id="536" f="5" l="83" c="15" d="315" a="0"/>
<U id="537" f="15" l="37" c="4" d="196" a="0"/>
<U id="538" f="3" l="132" c="8" d="267" a="0"/>
<U id="539" f="3" l="139" c="3" d="267" a="0"/>
<U id="540" f="15" l="50" c="8" d="196" a="0"/>
<U id="541" f="5" l="84" c="15" d="7" a="0"/>
<U id="542" f="15" l="23" c="8" d="196" a="0"/>
<U id="543" f="15" l="14" c="8" d="174" a="0"/>
<U id="544" f="15" l="38" c="4" d="282" a="0"/>
<U id="545" f="15" l="42" c="8" d="257" a="0"/>
<U id="546" f="16" l="51" c="8" d="330" a="0"/>
<U id="547" f="15" l="24" c="8" d="196" a="0"/>
<U id="548" f="15" l="15" c="8" d="285" a="0"/>
<U id="549" f="15" l="39" c="4" d="198" a="0"/>
<U id="550" f="12" l="36" c="7" d="159" a="0"/>
<U id="551" f="15" l="52" c="8" d="169" a="0"/>
<U id="552" f="15" l="43" c="8" d="250" a="0"/>
<U id="553" f="16" l="52" c="8" d="258" a="0"/>
<U id="554" f="6" l="88" c="14" d="267" a="0"/>
<U id="555" f="15" l="16" c="8" d="247" a="0"/>
<U id="556" f="16" l="80" c="8" d="258" a="0"/>
<U id="557" f="15" l="53" c="8" d="198" a="0"/>
<U id="558" f="15" l="44" c="8" d="261" a="0"/>
<U id="559" f="15" l="26" c="8" d="198" a="0"/>
<U id="560" f="5" l="84" c="72" d="226" a="0"/>
<U id="561" f="15" l="45" c="8" d="280" a="0"/>
<U id="562" f="15" l="27" c="8" d="168" a="0"/>
<U id="563" f="15" l="18" c="8" d="168" a="0"/>
<U id="564" f="5" l="82" c="74" d="307" a="0"/>
<U id="565" f="15" l="46" c="8" d="289" a="0"/>
<U id="566" f="16" l="65" c="8" d="196" a="0"/>
<U id="567" f="16" l="93" c="8" d="196" a="0"/>
<U id="568" f="15" l="48" c="8" d="168" a="0"/>
<U id="569" f="5" l="85" c="93" d="153" a="0"/>
<U id="570" f="16" l="58" c="8" d="330" a="0"/>
<U id="571" f="16" l="86" c="8" d="327" a="0"/>
<U id="572" f="16" l="79" c="8" d="327" a="0"/>
<U id="573" f="5" l="83" c="78" d="221" a="0"/>
<U id="574" f="16" l="103" c="0" d="196" a="0"/>
<U id="575" f="16" l="131" c="0" d="198" a="0"/>
<U id="576" f="17" l="62" c="19" d="174" a="0"/>
<U id="577" f="6" l="215" c="29" d="219" a="0"/>
<U id="578" f="17" l="54" c="19" d="174" a="0"/>
<U id="579" f="17" l="60" c="12" d="263" a="0"/>
<U id="580" f="15" l="20" c="33" d="169" a="0"/>
<U id="581" f="13" l="240" c="4" d="226" a="0"/>
<U id="582" f="17" l="52" c="12" d="263" a="0"/>
<U id="583" f="6" l="120" c="25" d="219" a="0"/>
<U id="584" f="12" l="52" c="14" d="14" a="0"/>
<U id="585" f="17" l="46" c="11" d="263" a="0"/>
<U id="586" f="13" l="251" c="4" d="34" a="1"/>
<U id="587" f="17" l="62" c="31" d="278" a="0"/>
<U id="588" f="17" l="64" c="12" d="278" a="0"/>
<U id="589" f="15" l="22" c="34" d="270" a="0"/>
<U id="590" f="13" l="252" c="4" d="11" a="1"/>
<U id="591" f="7" l="124" c="51" d="157" a="0"/>
<U id="592" f="13" l="243" c="4" d="153" a="0"/>
<U id="593" f="17" l="54" c="31" d="318" a="0"/>
<U id="594" f="7" l="144" c="32" d="155" a="0"/>
<U id="595" f="16" l="56" c="12" d="330" a="0"/>
<U id="596" f="6" l="120" c="54" d="246" a="0"/>
<U id="597" f="17" l="56" c="12" d="318" a="0"/>
<U id="598" f="15" l="42" c="52" d="257" a="0"/>
<U id="599" f="16" l="84" c="12" d="327" a="0"/>
<U id="600" f="13" l="253" c="4" d="11" a="1"/>
<U id="601" f="15" l="25" c="15" d="233" a="0"/>
<U id="602" f="16" l="23" c="16" d="173" a="0"/>
<U id="603" f="8" l="131" c="35" d="159" a="0"/>
<U id="604" f="15" l="24" c="34" d="265" a="0"/>
<U id="605" f="6" l="120" c="73" d="267" a="0"/>
<U id="606" f="17" l="23" c="16" d="173" a="0"/>
<U id="607" f="13" l="254" c="4" d="11" a="1"/>
<U id="608" f="16" l="121" c="8" d="196" a="0"/>
<U id="609" f="16" l="65" c="41" d="288" a="0"/>
<U id="610" f="15" l="51" c="17" d="196" a="0"/>
<U id="611" f="8" l="111" c="37" d="154" a="0"/>
<U id="612" f="16" l="54" c="15" d="258" a="0"/>
<U id="613" f="16" l="93" c="41" d="292" a="0"/>
<U id="614" f="16" l="82" c="15" d="258" a="0"/>
<U id="615" f="15" l="42" c="36" d="257" a="0"/>
<U id="616" f="11" l="85" c="24" d="172" a="0"/>
<U id="617" f="8" l="174" c="33" d="152" a="0"/>
<U id="618" f="16" l="114" c="8" d="68" a="0"/>
<U id="619" f="13" l="238" c="4" d="307" a="0"/>
<U id="620" f="15" l="26" c="35" d="254" a="0"/>
<U id="621" f="16" l="27" c="16" d="257" a="0"/>
<U id="622" f="15" l="17" c="17" d="285" a="0"/>
<U id="623" f="7" l="123" c="28" d="151" a="0"/>
<U id="624" f="7" l="125" c="45" d="155" a="0"/>
<U id="625" f="15" l="54" c="17" d="198" a="0"/>
<U id="626" f="16" l="66" c="15" d="298" a="0"/>
<U id="627" f="8" l="154" c="35" d="154" a="0"/>
<U id="628" f="8" l="156" c="52" d="267" a="0"/>
<U id="629" f="13" l="239" c="4" d="221" a="0"/>
<U id="630" f="16" l="152" c="8" d="198" a="0"/>
<U id="631" f="16" l="28" c="16" d="196" a="0"/>
<U id="632" f="16" l="56" c="34" d="302" a="0"/>
<U id="633" f="16" l="94" c="15" d="304" a="0"/>
<U id="634" f="10" l="660" c="8" d="267" a="0"/>
<U id="635" f="16" l="56" c="16" d="258" a="0"/>
<U id="636" f="16" l="84" c="34" d="277" a="0"/>
<U id="637" f="10" l="813" c="8" d="72" a="1"/>
<U id="638" f="8" l="112" c="48" d="159" a="0"/>
<U id="639" f="16" l="64" c="17" d="196" a="0"/>
<U id="640" f="16" l="84" c="16" d="258" a="0"/>
<U id="641" f="16" l="107" c="8" d="68" a="0"/>
<U id="642" f="16" l="92" c="17" d="196" a="0"/>
<U id="643" f="10" l="670" c="8" d="39" a="1"/>
<U id="644" f="15" l="19" c="17" d="301" a="0"/>
<U id="645" f="6" l="257" c="25" d="172" a="0"/>
<U id="646" f="10" l="661" c="8" d="307" a="0"/>
<U id="647" f="8" l="113" c="48" d="267" a="0"/>
<U id="648" f="15" l="47" c="17" d="169" a="0"/>
<U id="649" f="6" l="144" c="28" d="219" a="0"/>
<U id="650" f="16" l="108" c="8" d="258" a="0"/>
<U id="651" f="6" l="192" c="27" d="219" a="0"/>
<U id="652" f="7" l="145" c="55" d="157" a="0"/>
<U id="653" f="16" l="47" c="72" d="270" a="0"/>
<U id="654" f="10" l="662" c="8" d="307" a="0"/>
<U id="655" f="16" l="136" c="8" d="173" a="0"/>
<U id="656" f="6" l="120" c="96" d="251" a="0"/>
<U id="657" f="10" l="815" c="8" d="99" a="1"/>
<U id="658" f="8" l="198" c="60" d="160" a="0"/>
<U id="659" f="10" l="780" c="8" d="307" a="0"/>
<U id="660" f="8" l="155" c="46" d="152" a="0"/>
<U id="661" f="10" l="672" c="8" d="77" a="1"/>
<U id="662" f="15" l="49" c="17" d="168" a="0"/>
<U id="663" f="10" l="663" c="8" d="307" a="0"/>
<U id="664" f="16" l="58" c="17" d="302" a="0"/>
<U id="665" f="6" l="238" c="27" d="219" a="0"/>
<U id="666" f="8" l="197" c="43" d="269" a="0"/>
<U id="667" f="8" l="199" c="60" d="251" a="0"/>
<U id="668" f="10" l="781" c="8" d="284" a="0"/>
<U id="669" f="16" l="86" c="17" d="277" a="0"/>
<U id="670" f="6" l="144" c="57" d="246" a="0"/>
<U id="671" f="6" l="192" c="56" d="246" a="0"/>
<U id="672" f="10" l="664" c="8" d="307" a="0"/>
<U id="673" f="6" l="215" c="58" d="246" a="0"/>
<U id="674" f="15" l="42" c="68" d="257" a="0"/>
<U id="675" f="10" l="782" c="8" d="262" a="0"/>
<U id="676" f="6" l="144" c="76" d="267" a="0"/>
<U id="677" f="16" l="166" c="8" d="174" a="0"/>
<U id="678" f="6" l="168" c="27" d="219" a="0"/>
<U id="679" f="6" l="192" c="75" d="246" a="0"/>
<U id="680" f="10" l="674" c="8" d="85" a="1"/>
<U id="681" f="6" l="215" c="77" d="246" a="0"/>
<U id="682" f="10" l="818" c="8" d="99" a="1"/>
<U id="683" f="6" l="238" c="56" d="246" a="0"/>
<U id="684" f="10" l="783" c="8" d="307" a="0"/>
<U id="685" f="10" l="675" c="8" d="91" a="1"/>
<U id="686" f="6" l="238" c="75" d="299" a="0"/>
<U id="687" f="16" l="168" c="8" d="207" a="0"/>
<U id="688" f="6" l="168" c="56" d="246" a="0"/>
<U id="689" f="10" l="667" c="8" d="100" a="1"/>
<U id="690" f="10" l="785" c="8" d="76" a="1"/>
<U id="691" f="16" l="75" c="76" d="265" a="0"/>
<U id="692" f="6" l="168" c="75" d="284" a="0"/>
<U id="693" f="10" l="668" c="8" d="115" a="1"/>
<U id="694" f="10" l="659" c="8" d="295" a="0"/>
<U id="695" f="10" l="669" c="8" d="66" a="1"/>
<U id="696" f="10" l="787" c="8" d="76" a="1"/>
</Uses>
<Blocks>
<B id="1" t="routine" f="13" l="182" c="5">
<BEGIN l="183" c="0"/>
<END l="193" c="0"/>
</B>
<B id="2" t="routine" f="13" l="231" c="5">
<BEGIN l="232" c="0"/>
<END l="263" c="0"/>
</B>
<B id="3" t="ppcif" f="18" l="15" c="0">
<BEGIN l="15" c="27"/>
<END l="330" c="0"/>
</B>
<B id="4" t="ppcif" f="18" l="25" c="0">
<BEGIN l="25" c="19"/>
<END l="155" c="0"/>
</B>
<B id="5" t="ppcrmif" f="18" l="46" c="0">
<BEGIN l="46" c="93"/>
<END l="91" c="0"/>
</B>
<B id="6" t="ppcrmif" f="18" l="94" c="0">
<BEGIN l="94" c="91"/>
<END l="153" c="0"/>
</B>
<B id="7" t="ppcrmelse" f="18" l="155" c="0">
<BEGIN l="155" c="35"/>
<END l="328" c="0"/>
</B>
<B id="8" t="ppcif" f="19" l="11" c="0">
<BEGIN l="11" c="27"/>
<END l="36" c="0"/>
</B>
<B id="9" t="ppcrmif" f="19" l="14" c="0">
<BEGIN l="14" c="19"/>
<END l="29" c="0"/>
</B>
<B id="10" t="ppcelse" f="19" l="29" c="0">
<BEGIN l="29" c="5"/>
<END l="33" c="0"/>
</B>
<B id="11" t="ppcif" f="1" l="22" c="0">
<BEGIN l="22" c="17"/>
<END l="109" c="0"/>
</B>
<B id="12" t="ppcrmif" f="1" l="39" c="0">
<BEGIN l="39" c="66"/>
<END l="43" c="0"/>
</B>
<B id="13" t="ppcelse" f="1" l="43" c="0">
<BEGIN l="43" c="60"/>
<END l="47" c="0"/>
</B>
<B id="14" t="ppcrmif" f="1" l="52" c="0">
<BEGIN l="52" c="18"/>
<END l="58" c="0"/>
</B>
<B id="15" t="ppcrmif" f="1" l="62" c="0">
<BEGIN l="62" c="33"/>
<END l="80" c="0"/>
</B>
<B id="16" t="ppcelse" f="1" l="80" c="0">
<BEGIN l="80" c="31"/>
<END l="93" c="0"/>
</B>
<B id="17" t="ppcrmif" f="1" l="96" c="0">
<BEGIN l="96" c="14"/>
<END l="106" c="0"/>
</B>
<B id="18" t="ppcif" f="20" l="3" c="0">
<BEGIN l="3" c="29"/>
<END l="348" c="0"/>
</B>
<B id="19" t="ppcif" f="20" l="61" c="0">
<BEGIN l="63" c="27"/>
<END l="66" c="0"/>
</B>
<B id="20" t="ppcrmif" f="20" l="165" c="0">
<BEGIN l="165" c="17"/>
<END l="206" c="0"/>
</B>
<B id="21" t="ppcrmif" f="20" l="209" c="0">
<BEGIN l="209" c="37"/>
<END l="211" c="0"/>
</B>
<B id="22" t="ppcrmif" f="20" l="213" c="0">
<BEGIN l="213" c="44"/>
<END l="321" c="0"/>
</B>
<B id="23" t="ppcif" f="20" l="323" c="0">
<BEGIN l="323" c="18"/>
<END l="346" c="0"/>
</B>
<B id="24" t="ppcrmif" f="20" l="326" c="0">
<BEGIN l="326" c="18"/>
<END l="328" c="0"/>
</B>
<B id="25" t="ppcrmif" f="20" l="329" c="0">
<BEGIN l="329" c="63"/>
<END l="331" c="0"/>
</B>
<B id="26" t="ppcrmif" f="20" l="332" c="0">
<BEGIN l="332" c="64"/>
<END l="334" c="0"/>
</B>
<B id="27" t="ppcrmif" f="20" l="335" c="0">
<BEGIN l="335" c="16"/>
<END l="340" c="0"/>
</B>
<B id="28" t="ppcif" f="20" l="343" c="0">
<BEGIN l="343" c="57"/>
<END l="345" c="0"/>
</B>
<B id="29" t="type" f="5" l="50" c="7">
<BEGIN l="50" c="43"/>
<END l="54" c="0"/>
</B>
<B id="30" t="ppcif" f="5" l="24" c="0">
<BEGIN l="24" c="44"/>
<END l="162" c="0"/>
</B>
<B id="31" t="ppcrmif" f="5" l="27" c="0">
<BEGIN l="27" c="35"/>
<END l="29" c="0"/>
</B>
<B id="32" t="ppcif" f="5" l="31" c="0">
<BEGIN l="31" c="38"/>
<END l="33" c="0"/>
</B>
<B id="33" t="ppcrmif" f="5" l="35" c="0">
<BEGIN l="35" c="19"/>
<END l="38" c="0"/>
</B>
<B id="34" t="ppcrmif" f="5" l="158" c="0">
<BEGIN l="158" c="19"/>
<END l="160" c="0"/>
</B>
<B id="35" t="ppcif" f="21" l="24" c="0">
<BEGIN l="24" c="49"/>
<END l="143" c="0"/>
</B>
<B id="36" t="ppcrmif" f="21" l="27" c="0">
<BEGIN l="27" c="19"/>
<END l="30" c="0"/>
</B>
<B id="37" t="ppcif" f="21" l="38" c="0">
<BEGIN l="38" c="63"/>
<END l="40" c="0"/>
</B>
<B id="38" t="ppcif" f="21" l="42" c="0">
<BEGIN l="42" c="42"/>
<END l="44" c="0"/>
</B>
<B id="39" t="ppcif" f="21" l="46" c="0">
<BEGIN l="46" c="37"/>
<END l="48" c="0"/>
</B>
<B id="40" t="ppcif" f="21" l="50" c="0">
<BEGIN l="50" c="39"/>
<END l="52" c="0"/>
</B>
<B id="41" t="ppcif" f="21" l="54" c="0">
<BEGIN l="54" c="41"/>
<END l="56" c="0"/>
</B>
<B id="42" t="ppcif" f="21" l="58" c="0">
<BEGIN l="58" c="39"/>
<END l="60" c="0"/>
</B>
<B id="43" t="ppcif" f="21" l="62" c="0">
<BEGIN l="62" c="40"/>
<END l="64" c="0"/>
</B>
<B id="44" t="ppcif" f="21" l="66" c="0">
<BEGIN l="66" c="34"/>
<END l="68" c="0"/>
</B>
<B id="45" t="ppcif" f="21" l="70" c="0">
<BEGIN l="70" c="34"/>
<END l="72" c="0"/>
</B>
<B id="46" t="ppcif" f="21" l="74" c="0">
<BEGIN l="74" c="36"/>
<END l="76" c="0"/>
</B>
<B id="47" t="ppcif" f="21" l="78" c="0">
<BEGIN l="78" c="35"/>
<END l="80" c="0"/>
</B>
<B id="48" t="ppcif" f="21" l="82" c="0">
<BEGIN l="82" c="34"/>
<END l="84" c="0"/>
</B>
<B id="49" t="ppcif" f="21" l="86" c="0">
<BEGIN l="86" c="31"/>
<END l="88" c="0"/>
</B>
<B id="50" t="ppcif" f="21" l="90" c="0">
<BEGIN l="90" c="32"/>
<END l="92" c="0"/>
</B>
<B id="51" t="ppcif" f="21" l="94" c="0">
<BEGIN l="94" c="55"/>
<END l="96" c="0"/>
</B>
<B id="52" t="ppcif" f="21" l="98" c="0">
<BEGIN l="98" c="58"/>
<END l="100" c="0"/>
</B>
<B id="53" t="ppcif" f="21" l="102" c="0">
<BEGIN l="102" c="59"/>
<END l="104" c="0"/>
</B>
<B id="54" t="ppcif" f="21" l="106" c="0">
<BEGIN l="106" c="52"/>
<END l="108" c="0"/>
</B>
<B id="55" t="ppcif" f="21" l="110" c="0">
<BEGIN l="110" c="48"/>
<END l="112" c="0"/>
</B>
<B id="56" t="ppcif" f="21" l="114" c="0">
<BEGIN l="114" c="42"/>
<END l="116" c="0"/>
</B>
<B id="57" t="ppcif" f="21" l="118" c="0">
<BEGIN l="118" c="44"/>
<END l="120" c="0"/>
</B>
<B id="58" t="ppcif" f="21" l="122" c="0">
<BEGIN l="122" c="45"/>
<END l="124" c="0"/>
</B>
<B id="59" t="ppcif" f="21" l="126" c="0">
<BEGIN l="126" c="48"/>
<END l="128" c="0"/>
</B>
<B id="60" t="ppcif" f="21" l="130" c="0">
<BEGIN l="130" c="38"/>
<END l="132" c="0"/>
</B>
<B id="61" t="ppcif" f="21" l="134" c="0">
<BEGIN l="134" c="38"/>
<END l="136" c="0"/>
</B>
<B id="62" t="ppcrmif" f="21" l="139" c="0">
<BEGIN l="139" c="19"/>
<END l="141" c="0"/>
</B>
<B id="63" t="type" f="4" l="63" c="0">
<BEGIN l="63" c="0"/>
<END l="73" c="0"/>
</B>
<B id="64" t="ppcif" f="4" l="24" c="0">
<BEGIN l="24" c="19"/>
<END l="81" c="0"/>
</B>
<B id="65" t="ppcif" f="22" l="25" c="0">
<BEGIN l="25" c="14"/>
<END l="96" c="0"/>
</B>
<B id="66" t="ppcrmif" f="22" l="41" c="0">
<BEGIN l="41" c="33"/>
<END l="43" c="0"/>
</B>
<B id="67" t="ppcrmif" f="22" l="45" c="0">
<BEGIN l="45" c="46"/>
<END l="47" c="0"/>
</B>
<B id="68" t="ppcrmif" f="22" l="49" c="0">
<BEGIN l="49" c="28"/>
<END l="51" c="0"/>
</B>
<B id="69" t="type" f="3" l="135" c="0">
<BEGIN l="135" c="0"/>
<END l="141" c="0"/>
</B>
<B id="70" t="ppcif" f="3" l="56" c="0">
<BEGIN l="56" c="19"/>
<END l="154" c="0"/>
</B>
<B id="71" t="ppcif" f="3" l="122" c="0">
<BEGIN l="122" c="26"/>
<END l="126" c="0"/>
</B>
<B id="72" t="ppcif" f="2" l="43" c="0">
<BEGIN l="43" c="24"/>
<END l="150" c="0"/>
</B>
<B id="73" t="ppcif" f="2" l="81" c="0">
<BEGIN l="81" c="13"/>
<END l="83" c="0"/>
</B>
<B id="74" t="ppcif" f="2" l="85" c="0">
<BEGIN l="85" c="14"/>
<END l="87" c="0"/>
</B>
<B id="75" t="ppcrmif" f="2" l="119" c="0">
<BEGIN l="119" c="46"/>
<END l="125" c="0"/>
</B>
<B id="76" t="ppcelse" f="2" l="125" c="0">
<BEGIN l="125" c="6"/>
<END l="129" c="0"/>
</B>
<B id="77" t="ppcrmif" f="2" l="131" c="0">
<BEGIN l="131" c="46"/>
<END l="137" c="0"/>
</B>
<B id="78" t="ppcelse" f="2" l="137" c="0">
<BEGIN l="137" c="6"/>
<END l="140" c="0"/>
</B>
<B id="79" t="ppcif" f="23" l="43" c="0">
<BEGIN l="43" c="18"/>
<END l="202" c="0"/>
</B>
<B id="80" t="ppcif" f="23" l="88" c="0">
<BEGIN l="88" c="17"/>
<END l="90" c="0"/>
</B>
<B id="81" t="ppcif" f="24" l="19" c="0">
<BEGIN l="19" c="22"/>
<END l="23" c="0"/>
</B>
<B id="82" t="ppcif" f="25" l="19" c="0">
<BEGIN l="19" c="26"/>
<END l="23" c="0"/>
</B>
<B id="83" t="ppcif" f="26" l="24" c="0">
<BEGIN l="24" c="31"/>
<END l="27" c="0"/>
</B>
<B id="84" t="ppcif" f="27" l="19" c="0">
<BEGIN l="19" c="16"/>
<END l="24" c="0"/>
</B>
<B id="85" t="ppcif" f="28" l="53" c="0">
<BEGIN l="53" c="51"/>
<END l="57" c="0"/>
</B>
<B id="86" t="ppcrmif" f="28" l="67" c="0">
<BEGIN l="67" c="64"/>
<END l="71" c="0"/>
</B>
<B id="87" t="ppcrmif" f="28" l="81" c="0">
<BEGIN l="81" c="69"/>
<END l="85" c="0"/>
</B>
<B id="88" t="ppcrmif" f="28" l="95" c="0">
<BEGIN l="95" c="67"/>
<END l="99" c="0"/>
</B>
<B id="89" t="ppcrmif" f="28" l="109" c="0">
<BEGIN l="109" c="72"/>
<END l="113" c="0"/>
</B>
<B id="90" t="ppcif" f="28" l="125" c="0">
<BEGIN l="125" c="50"/>
<END l="129" c="0"/>
</B>
<B id="91" t="ppcrmif" f="28" l="139" c="0">
<BEGIN l="139" c="63"/>
<END l="143" c="0"/>
</B>
<B id="92" t="ppcrmif" f="28" l="153" c="0">
<BEGIN l="153" c="68"/>
<END l="157" c="0"/>
</B>
<B id="93" t="ppcrmif" f="28" l="167" c="0">
<BEGIN l="167" c="66"/>
<END l="171" c="0"/>
</B>
<B id="94" t="ppcrmif" f="28" l="181" c="0">
<BEGIN l="181" c="71"/>
<END l="185" c="0"/>
</B>
<B id="95" t="ppcif" f="12" l="7" c="0">
<BEGIN l="7" c="80"/>
<END l="58" c="0"/>
</B>
<B id="96" t="type" f="8" l="36" c="8">
<BEGIN l="36" c="13"/>
<END l="41" c="0"/>
</B>
<B id="97" t="type" f="8" l="43" c="15">
<BEGIN l="43" c="15"/>
<END l="54" c="0"/>
</B>
<B id="98" t="type" f="8" l="56" c="15">
<BEGIN l="56" c="15"/>
<END l="58" c="0"/>
</B>
<B id="99" t="type" f="8" l="60" c="8">
<BEGIN l="60" c="13"/>
<END l="69" c="0"/>
</B>
<B id="100" t="type" f="8" l="71" c="15">
<BEGIN l="71" c="15"/>
<END l="80" c="0"/>
</B>
<B id="101" t="ppcif" f="8" l="24" c="0">
<BEGIN l="24" c="24"/>
<END l="204" c="0"/>
</B>
<B id="102" t="ppcif" f="11" l="41" c="0">
<BEGIN l="41" c="20"/>
<END l="91" c="0"/>
</B>
<B id="103" t="ppcif" f="6" l="56" c="0">
<BEGIN l="56" c="18"/>
<END l="264" c="0"/>
</B>
<B id="104" t="ppcif" f="6" l="241" c="0">
<BEGIN l="241" c="37"/>
<END l="258" c="0"/>
</B>
<B id="105" t="ppcif" f="29" l="42" c="0">
<BEGIN l="42" c="24"/>
<END l="102" c="0"/>
</B>
<B id="106" t="type" f="7" l="54" c="8">
<BEGIN l="55" c="0"/>
<END l="61" c="0"/>
</B>
<B id="107" t="type" f="7" l="64" c="0">
<BEGIN l="64" c="0"/>
<END l="75" c="0"/>
</B>
<B id="108" t="type" f="7" l="77" c="8">
<BEGIN l="78" c="0"/>
<END l="84" c="0"/>
</B>
<B id="109" t="type" f="7" l="87" c="0">
<BEGIN l="87" c="0"/>
<END l="93" c="0"/>
</B>
<B id="110" t="ppcif" f="7" l="26" c="0">
<BEGIN l="26" c="23"/>
<END l="150" c="0"/>
</B>
<B id="111" t="ppcif" f="10" l="25" c="0">
<BEGIN l="25" c="18"/>
<END l="824" c="0"/>
</B>
<B id="112" t="routine" f="10" l="181" c="17">
<BEGIN l="184" c="0"/>
<END l="186" c="0"/>
</B>
<B id="113" t="routine" f="10" l="195" c="15">
<BEGIN l="196" c="0"/>
<END l="199" c="0"/>
</B>
<B id="114" t="routine" f="10" l="208" c="16">
<BEGIN l="209" c="0"/>
<END l="212" c="0"/>
</B>
<B id="115" t="else" f="10" l="224" c="40">
<BEGIN l="224" c="40"/>
<END l="224" c="63"/>
</B>
<B id="116" t="if" f="10" l="224" c="22">
<BEGIN l="224" c="24"/>
<END l="224" c="36"/>
<ELSE d="115"/>
</B>
<B id="117" t="routine" f="10" l="221" c="16">
<BEGIN l="222" c="0"/>
<END l="225" c="0"/>
<SUB d="116"/>
</B>
<B id="118" t="routine" f="10" l="234" c="17">
<BEGIN l="235" c="0"/>
<END l="237" c="0"/>
</B>
<B id="119" t="else" f="10" l="248" c="37">
<BEGIN l="248" c="37"/>
<END l="248" c="45"/>
</B>
<B id="120" t="if" f="10" l="248" c="22">
<BEGIN l="248" c="24"/>
<END l="248" c="32"/>
<ELSE d="119"/>
</B>
<B id="121" t="routine" f="10" l="246" c="15">
<BEGIN l="247" c="0"/>
<END l="249" c="0"/>
<SUB d="120"/>
</B>
<B id="122" t="else" f="10" l="260" c="37">
<BEGIN l="260" c="37"/>
<END l="260" c="45"/>
</B>
<B id="123" t="if" f="10" l="260" c="22">
<BEGIN l="260" c="24"/>
<END l="260" c="32"/>
<ELSE d="122"/>
</B>
<B id="124" t="routine" f="10" l="258" c="15">
<BEGIN l="259" c="0"/>
<END l="261" c="0"/>
<SUB d="123"/>
</B>
<B id="125" t="else" f="10" l="272" c="37">
<BEGIN l="272" c="37"/>
<END l="272" c="45"/>
</B>
<B id="126" t="if" f="10" l="272" c="22">
<BEGIN l="272" c="24"/>
<END l="272" c="32"/>
<ELSE d="125"/>
</B>
<B id="127" t="routine" f="10" l="270" c="15">
<BEGIN l="271" c="0"/>
<END l="273" c="0"/>
<SUB d="126"/>
</B>
<B id="128" t="else" f="10" l="284" c="40">
<BEGIN l="284" c="40"/>
<END l="284" c="48"/>
</B>
<B id="129" t="if" f="10" l="284" c="25">
<BEGIN l="284" c="27"/>
<END l="284" c="35"/>
<ELSE d="128"/>
</B>
<B id="130" t="routine" f="10" l="282" c="15">
<BEGIN l="283" c="0"/>
<END l="285" c="0"/>
<SUB d="129"/>
</B>
<B id="131" t="routine" f="10" l="294" c="15">
<BEGIN l="296" c="0"/>
<END l="298" c="0"/>
</B>
<B id="132" t="routine" f="10" l="307" c="15">
<BEGIN l="309" c="0"/>
<END l="311" c="0"/>
</B>
<B id="133" t="routine" f="10" l="320" c="16">
<BEGIN l="322" c="0"/>
<END l="324" c="0"/>
</B>
<B id="134" t="routine" f="10" l="333" c="16">
<BEGIN l="335" c="0"/>
<END l="337" c="0"/>
</B>
<B id="135" t="else" f="10" l="349" c="37">
<BEGIN l="349" c="37"/>
<END l="349" c="40"/>
</B>
<B id="136" t="if" f="10" l="349" c="28">
<BEGIN l="349" c="30"/>
<END l="349" c="33"/>
<ELSE d="135"/>
</B>
<B id="137" t="routine" f="10" l="346" c="16">
<BEGIN l="348" c="0"/>
<END l="350" c="0"/>
<SUB d="136"/>
</B>
<B id="138" t="else" f="10" l="362" c="37">
<BEGIN l="362" c="37"/>
<END l="362" c="40"/>
</B>
<B id="139" t="if" f="10" l="362" c="28">
<BEGIN l="362" c="30"/>
<END l="362" c="33"/>
<ELSE d="138"/>
</B>
<B id="140" t="routine" f="10" l="359" c="16">
<BEGIN l="361" c="0"/>
<END l="363" c="0"/>
<SUB d="139"/>
</B>
<B id="141" t="else" f="10" l="375" c="37">
<BEGIN l="375" c="37"/>
<END l="375" c="40"/>
</B>
<B id="142" t="if" f="10" l="375" c="28">
<BEGIN l="375" c="30"/>
<END l="375" c="33"/>
<ELSE d="141"/>
</B>
<B id="143" t="routine" f="10" l="372" c="17">
<BEGIN l="374" c="0"/>
<END l="376" c="0"/>
<SUB d="142"/>
</B>
<B id="144" t="routine" f="10" l="385" c="15">
<BEGIN l="387" c="0"/>
<END l="389" c="0"/>
</B>
<B id="145" t="routine" f="10" l="398" c="15">
<BEGIN l="400" c="0"/>
<END l="402" c="0"/>
</B>
<B id="146" t="routine" f="10" l="411" c="16">
<BEGIN l="413" c="0"/>
<END l="415" c="0"/>
</B>
<B id="147" t="routine" f="10" l="424" c="16">
<BEGIN l="426" c="0"/>
<END l="428" c="0"/>
</B>
<B id="148" t="else" f="10" l="440" c="37">
<BEGIN l="440" c="37"/>
<END l="440" c="40"/>
</B>
<B id="149" t="if" f="10" l="440" c="28">
<BEGIN l="440" c="30"/>
<END l="440" c="33"/>
<ELSE d="148"/>
</B>
<B id="150" t="routine" f="10" l="437" c="16">
<BEGIN l="439" c="0"/>
<END l="441" c="0"/>
<SUB d="149"/>
</B>
<B id="151" t="else" f="10" l="453" c="37">
<BEGIN l="453" c="37"/>
<END l="453" c="40"/>
</B>
<B id="152" t="if" f="10" l="453" c="28">
<BEGIN l="453" c="30"/>
<END l="453" c="33"/>
<ELSE d="151"/>
</B>
<B id="153" t="routine" f="10" l="450" c="16">
<BEGIN l="452" c="0"/>
<END l="454" c="0"/>
<SUB d="152"/>
</B>
<B id="154" t="else" f="10" l="466" c="37">
<BEGIN l="466" c="37"/>
<END l="466" c="40"/>
</B>
<B id="155" t="if" f="10" l="466" c="28">
<BEGIN l="466" c="30"/>
<END l="466" c="33"/>
<ELSE d="154"/>
</B>
<B id="156" t="routine" f="10" l="463" c="17">
<BEGIN l="465" c="0"/>
<END l="467" c="0"/>
<SUB d="155"/>
</B>
<B id="157" t="routine" f="10" l="477" c="15">
<BEGIN l="480" c="0"/>
<END l="482" c="0"/>
</B>
<B id="158" t="routine" f="10" l="491" c="15">
<BEGIN l="494" c="0"/>
<END l="496" c="0"/>
</B>
<B id="159" t="routine" f="10" l="505" c="16">
<BEGIN l="508" c="0"/>
<END l="510" c="0"/>
</B>
<B id="160" t="routine" f="10" l="519" c="16">
<BEGIN l="522" c="0"/>
<END l="524" c="0"/>
</B>
<B id="161" t="else" f="10" l="537" c="38">
<BEGIN l="537" c="38"/>
<END l="537" c="67"/>
</B>
<B id="162" t="if" f="10" l="537" c="28">
<BEGIN l="537" c="30"/>
<END l="537" c="34"/>
<ELSE d="161"/>
</B>
<B id="163" t="routine" f="10" l="533" c="16">
<BEGIN l="536" c="0"/>
<END l="538" c="0"/>
<SUB d="162"/>
</B>
<B id="164" t="else" f="10" l="551" c="38">
<BEGIN l="551" c="38"/>
<END l="551" c="67"/>
</B>
<B id="165" t="if" f="10" l="551" c="28">
<BEGIN l="551" c="30"/>
<END l="551" c="34"/>
<ELSE d="164"/>
</B>
<B id="166" t="routine" f="10" l="547" c="16">
<BEGIN l="550" c="0"/>
<END l="552" c="0"/>
<SUB d="165"/>
</B>
<B id="167" t="else" f="10" l="565" c="38">
<BEGIN l="565" c="38"/>
<END l="565" c="67"/>
</B>
<B id="168" t="if" f="10" l="565" c="28">
<BEGIN l="565" c="30"/>
<END l="565" c="34"/>
<ELSE d="167"/>
</B>
<B id="169" t="routine" f="10" l="561" c="17">
<BEGIN l="564" c="0"/>
<END l="566" c="0"/>
<SUB d="168"/>
</B>
<B id="170" t="routine" f="10" l="576" c="17">
<BEGIN l="578" c="0"/>
<END l="580" c="0"/>
</B>
<B id="171" t="routine" f="10" l="589" c="17">
<BEGIN l="590" c="0"/>
<END l="592" c="0"/>
</B>
<B id="172" t="routine" f="10" l="601" c="17">
<BEGIN l="602" c="0"/>
<END l="604" c="0"/>
</B>
<B id="173" t="routine" f="10" l="613" c="17">
<BEGIN l="614" c="0"/>
<END l="616" c="0"/>
</B>
<B id="174" t="routine" f="10" l="625" c="17">
<BEGIN l="626" c="0"/>
<END l="628" c="0"/>
</B>
<B id="175" t="routine" f="10" l="637" c="17">
<BEGIN l="639" c="0"/>
<END l="641" c="0"/>
</B>
<B id="176" t="case" f="10" l="756" c="16">
<BEGIN l="757" c="24"/>
<END l="759" c="29"/>
</B>
<B id="177" t="case" f="10" l="750" c="16">
<BEGIN l="751" c="24"/>
<END l="753" c="29"/>
</B>
<B id="178" t="case" f="10" l="745" c="16">
<BEGIN l="746" c="24"/>
<END l="748" c="29"/>
</B>
<B id="179" t="case" f="10" l="740" c="16">
<BEGIN l="741" c="24"/>
<END l="743" c="29"/>
</B>
<B id="180" t="case" f="10" l="735" c="16">
<BEGIN l="736" c="24"/>
<END l="738" c="29"/>
</B>
<B id="181" t="case" f="10" l="730" c="16">
<BEGIN l="731" c="24"/>
<END l="733" c="29"/>
</B>
<B id="182" t="case" f="10" l="725" c="16">
<BEGIN l="726" c="24"/>
<END l="728" c="29"/>
</B>
<B id="183" t="case" f="10" l="720" c="16">
<BEGIN l="721" c="24"/>
<END l="723" c="29"/>
</B>
<B id="184" t="case" f="10" l="715" c="16">
<BEGIN l="716" c="24"/>
<END l="718" c="29"/>
</B>
<B id="185" t="case" f="10" l="710" c="16">
<BEGIN l="711" c="24"/>
<END l="713" c="29"/>
</B>
<B id="186" t="case" f="10" l="705" c="16">
<BEGIN l="706" c="24"/>
<END l="708" c="29"/>
</B>
<B id="187" t="case" f="10" l="700" c="16">
<BEGIN l="701" c="24"/>
<END l="703" c="29"/>
</B>
<B id="188" t="case" f="10" l="695" c="16">
<BEGIN l="696" c="24"/>
<END l="698" c="29"/>
</B>
<B id="189" t="case" f="10" l="690" c="16">
<BEGIN l="691" c="24"/>
<END l="693" c="29"/>
</B>
<B id="190" t="case" f="10" l="685" c="16">
<BEGIN l="686" c="24"/>
<END l="688" c="29"/>
</B>
<B id="191" t="case" f="10" l="680" c="16">
<BEGIN l="681" c="24"/>
<END l="683" c="29"/>
</B>
<B id="192" t="switch" f="10" l="678" c="8">
<BEGIN l="679" c="8"/>
<END l="761" c="8"/>
<CASE d="176"/>
<CASE d="177"/>
<CASE d="178"/>
<CASE d="179"/>
<CASE d="180"/>
<CASE d="181"/>
<CASE d="182"/>
<CASE d="183"/>
<CASE d="184"/>
<CASE d="185"/>
<CASE d="186"/>
<CASE d="187"/>
<CASE d="188"/>
<CASE d="189"/>
<CASE d="190"/>
<CASE d="191"/>
</B>
<B id="193" t="else" f="10" l="667" c="65">
<BEGIN l="667" c="65"/>
<END l="667" c="90"/>
</B>
<B id="194" t="if" f="10" l="667" c="27">
<BEGIN l="667" c="31"/>
<END l="667" c="56"/>
<ELSE d="193"/>
</B>
<B id="195" t="routine" f="10" l="654" c="14">
<BEGIN l="657" c="0"/>
<END l="763" c="0"/>
<SUB d="192"/>
<SUB d="194"/>
</B>
<B id="196" t="if" f="10" l="806" c="8">
<BEGIN l="807" c="8"/>
<END l="809" c="8"/>
</B>
<B id="197" t="else" f="10" l="801" c="8">
<BEGIN l="802" c="8"/>
<END l="804" c="8"/>
</B>
<B id="198" t="if" f="10" l="796" c="8">
<BEGIN l="797" c="8"/>
<END l="800" c="8"/>
<ELSE d="197"/>
</B>
<B id="199" t="if" f="10" l="789" c="8">
<BEGIN l="790" c="8"/>
<END l="792" c="8"/>
</B>
<B id="200" t="routine" f="10" l="778" c="18">
<BEGIN l="779" c="0"/>
<END l="822" c="0"/>
<SUB d="196"/>
<SUB d="198"/>
<SUB d="199"/>
</B>
<B id="201" t="ppcif" f="9" l="13" c="0">
<BEGIN l="13" c="16"/>
<END l="823" c="0"/>
</B>
<B id="202" t="ppcrmif" f="9" l="14" c="0">
<BEGIN l="14" c="14"/>
<END l="16" c="0"/>
</B>
<B id="203" t="ppcif" f="9" l="18" c="0">
<BEGIN l="18" c="23"/>
<END l="819" c="0"/>
</B>
<B id="204" t="ppcrmif" f="9" l="20" c="0">
<BEGIN l="20" c="18"/>
<END l="22" c="0"/>
</B>
<B id="205" t="ppcrmif" f="9" l="26" c="0">
<BEGIN l="26" c="67"/>
<END l="28" c="0"/>
</B>
<B id="206" t="ppcrmelif" f="9" l="28" c="0">
<BEGIN l="28" c="5"/>
<END l="30" c="0"/>
</B>
<B id="207" t="ppcrmelif" f="9" l="30" c="0">
<BEGIN l="30" c="5"/>
<END l="33" c="0"/>
</B>
<B id="208" t="ppcrmelif" f="9" l="33" c="0">
<BEGIN l="33" c="5"/>
<END l="38" c="0"/>
</B>
<B id="209" t="ppcrmelse" f="9" l="38" c="0">
<BEGIN l="38" c="5"/>
<END l="40" c="0"/>
</B>
<B id="210" t="ppcrmif" f="9" l="42" c="0">
<BEGIN l="42" c="23"/>
<END l="44" c="0"/>
</B>
<B id="211" t="ppcrmelif" f="9" l="44" c="0">
<BEGIN l="44" c="5"/>
<END l="47" c="0"/>
</B>
<B id="212" t="ppcrmelif" f="9" l="47" c="0">
<BEGIN l="47" c="5"/>
<END l="50" c="0"/>
</B>
<B id="213" t="ppcrmelse" f="9" l="50" c="0">
<BEGIN l="50" c="5"/>
<END l="53" c="0"/>
</B>
<B id="214" t="ppcif" f="9" l="65" c="0">
<BEGIN l="65" c="20"/>
<END l="68" c="0"/>
</B>
<B id="215" t="ppcrmelse" f="9" l="68" c="0">
<BEGIN l="68" c="5"/>
<END l="76" c="0"/>
</B>
<B id="216" t="ppcrmif" f="9" l="78" c="0">
<BEGIN l="78" c="106"/>
<END l="82" c="0"/>
</B>
<B id="217" t="ppcelse" f="9" l="82" c="0">
<BEGIN l="82" c="5"/>
<END l="86" c="0"/>
</B>
<B id="218" t="ppcif" f="9" l="115" c="0">
<BEGIN l="116" c="51"/>
<END l="119" c="0"/>
</B>
<B id="219" t="ppcif" f="9" l="121" c="0">
<BEGIN l="121" c="68"/>
<END l="123" c="0"/>
</B>
<B id="220" t="ppcrmelse" f="9" l="123" c="0">
<BEGIN l="123" c="5"/>
<END l="126" c="0"/>
</B>
<B id="221" t="ppcrmif" f="9" l="128" c="0">
<BEGIN l="128" c="53"/>
<END l="131" c="0"/>
</B>
<B id="222" t="ppcrmif" f="9" l="133" c="0">
<BEGIN l="133" c="51"/>
<END l="135" c="0"/>
</B>
<B id="223" t="ppcif" f="9" l="137" c="0">
<BEGIN l="137" c="24"/>
<END l="265" c="0"/>
</B>
<B id="224" t="ppcif" f="9" l="138" c="0">
<BEGIN l="138" c="56"/>
<END l="140" c="0"/>
</B>
<B id="225" t="ppcrmif" f="9" l="171" c="0">
<BEGIN l="171" c="24"/>
<END l="173" c="0"/>
</B>
<B id="226" t="ppcrmif" f="9" l="188" c="0">
<BEGIN l="188" c="24"/>
<END l="190" c="0"/>
</B>
<B id="227" t="ppcif" f="9" l="196" c="0">
<BEGIN l="196" c="56"/>
<END l="263" c="0"/>
</B>
<B id="228" t="ppcrmif" f="9" l="217" c="0">
<BEGIN l="217" c="24"/>
<END l="219" c="0"/>
</B>
<B id="229" t="ppcrmif" f="9" l="260" c="0">
<BEGIN l="260" c="24"/>
<END l="262" c="0"/>
</B>
<B id="230" t="ppcrmif" f="9" l="268" c="0">
<BEGIN l="268" c="24"/>
<END l="270" c="0"/>
</B>
<B id="231" t="ppcrmif" f="9" l="284" c="0">
<BEGIN l="284" c="24"/>
<END l="286" c="0"/>
</B>
<B id="232" t="ppcif" f="9" l="291" c="0">
<BEGIN l="291" c="20"/>
<END l="750" c="0"/>
</B>
<B id="233" t="ppcif" f="9" l="292" c="0">
<BEGIN l="292" c="24"/>
<END l="307" c="0"/>
</B>
<B id="234" t="ppcrmif" f="9" l="310" c="0">
<BEGIN l="310" c="43"/>
<END l="317" c="0"/>
</B>
<B id="235" t="ppcelif" f="9" l="317" c="0">
<BEGIN l="317" c="5"/>
<END l="324" c="0"/>
</B>
<B id="236" t="ppcrmelif" f="9" l="324" c="0">
<BEGIN l="324" c="5"/>
<END l="337" c="0"/>
</B>
<B id="237" t="ppcrmelse" f="9" l="337" c="0">
<BEGIN l="337" c="5"/>
<END l="345" c="0"/>
</B>
<B id="238" t="ppcrmif" f="9" l="348" c="0">
<BEGIN l="348" c="43"/>
<END l="355" c="0"/>
</B>
<B id="239" t="ppcelif" f="9" l="355" c="0">
<BEGIN l="355" c="5"/>
<END l="364" c="0"/>
</B>
<B id="240" t="ppcrmelse" f="9" l="364" c="0">
<BEGIN l="364" c="5"/>
<END l="372" c="0"/>
</B>
<B id="241" t="ppcrmif" f="9" l="375" c="0">
<BEGIN l="375" c="23"/>
<END l="377" c="0"/>
</B>
<B id="242" t="ppcrmelif" f="9" l="377" c="0">
<BEGIN l="377" c="6"/>
<END l="379" c="0"/>
</B>
<B id="243" t="ppcrmelif" f="9" l="379" c="0">
<BEGIN l="379" c="6"/>
<END l="381" c="0"/>
</B>
<B id="244" t="ppcif" f="9" l="383" c="0">
<BEGIN l="383" c="64"/>
<END l="402" c="0"/>
</B>
<B id="245" t="ppcif" f="9" l="386" c="0">
<BEGIN l="386" c="24"/>
<END l="397" c="0"/>
</B>
<B id="246" t="ppcrmelse" f="9" l="402" c="0">
<BEGIN l="402" c="5"/>
<END l="682" c="0"/>
</B>
<B id="247" t="ppcif" f="9" l="685" c="0">
<BEGIN l="685" c="24"/>
<END l="698" c="0"/>
</B>
<B id="248" t="ppcif" f="9" l="695" c="0">
<BEGIN l="695" c="56"/>
<END l="697" c="0"/>
</B>
<B id="249" t="ppcrmif" f="9" l="708" c="0">
<BEGIN l="708" c="143"/>
<END l="716" c="0"/>
</B>
<B id="250" t="ppcif" f="9" l="740" c="0">
<BEGIN l="740" c="63"/>
<END l="743" c="0"/>
</B>
<B id="251" t="ppcrmif" f="9" l="752" c="0">
<BEGIN l="752" c="95"/>
<END l="772" c="0"/>
</B>
<B id="252" t="ppcrmif" f="9" l="774" c="0">
<BEGIN l="774" c="42"/>
<END l="776" c="0"/>
</B>
<B id="253" t="ppcrmif" f="9" l="778" c="0">
<BEGIN l="778" c="51"/>
<END l="780" c="0"/>
</B>
<B id="254" t="ppcrmif" f="9" l="782" c="0">
<BEGIN l="782" c="18"/>
<END l="816" c="0"/>
</B>
<B id="255" t="ppcrmif" f="9" l="820" c="0">
<BEGIN l="820" c="14"/>
<END l="822" c="0"/>
</B>
<B id="256" t="ppcif" f="30" l="20" c="0">
<BEGIN l="20" c="20"/>
<END l="75" c="0"/>
</B>
</Blocks>
</Navig>
