<?pst parser version="1.0" encoding="UTF-8"?>
<DiffFile>
<Header>
--
-- File created by Polyspace / Comments Diff
-- Copyright 1999-2018 MathWorks, Inc.
--
</Header>

<File Name="" NewName="math_stubs.h">
    <Added/>

    <CodeStruct NewName="math_stubs.fabsf__inlined_Rte_Stubs" NewFile="math_stubs.h" NewLine="22" NewCol="17">
        <Added/>
    </CodeStruct>

    <CodeStruct NewName="math_stubs.fabsf__inlined_CDD_MotAg3Meas" NewFile="math_stubs.h" NewLine="22" NewCol="17">
        <Added/>
    </CodeStruct>
</File>
</DiffFile>
