<?xml version="1.0" encoding="UTF-8"?>

<project name="Polyspace" files="2" includes="18" ap_cg_cycle="0" ap_cg_direct_cycle="0" pshv="0" unpshv="0">
<file name="C:\Workspace\_EA4\_Components\NM002C_CmnMfgSrvIf_Impl-kzdyfh\NM002C_CmnMfgSrvIf_Impl\tools\local\generate\Rte_Stubs.c" total_lines="22" lines_without_cmt="6" comf="100" fco="1">
<function name="Rte_Stub" path="1" goto="0" vg="1" calling="0" calls="1" param="0" stmt="1" level="1" return="0" vocf="1.4" flin="1" fxln="1" ncalls="1">
</function>
</file>
<file name="C:\Workspace\_EA4\_Components\NM002C_CmnMfgSrvIf_Impl-kzdyfh\NM002C_CmnMfgSrvIf_Impl\src\CmnMfgSrvIf.c" total_lines="137" lines_without_cmt="8" comf="100" fco="0">
<function name="CmnMfgSrvIfInit1" path="1" goto="0" vg="1" calling="1" calls="0" param="0" stmt="0" level="1" return="0" vocf="1.2" flin="10" fxln="0" ncalls="0">
</function>
</file>
</project>
