<?xml version="1.0" encoding="UTF-8"?>
<MISRA-C-Report-Summary>
<File Mode="advisory" Error="0" Warning="2" Total="2">
<Name>
C:\Users\nz3893\Documents\Synergy\EA4\Working\CM103A_RamMem_Impl\src\CDD_RamMem.c</Name>
</File>
<File Mode="advisory" Error="0" Warning="3" Total="3">
<Name>
C:\Users\nz3893\Documents\Synergy\EA4\Working\CM103A_RamMem_Impl\src\CDD_RamMemNonRte.c</Name>
</File>
<File Mode="required" Error="0" Warning="1" Total="1">
<Name>
C:\Users\nz3893\Documents\Synergy\EA4\Working\CM103A_RamMem_Impl\src\CDD_RamMemNonRte.c</Name>
</File>
<Rule Name="19.1" Count="4" Mode="advisory" Severity="warning">
<Message>
#include statements in a file shall only be preceded by other preprocessor directives or comments.</Message>
</Rule>
<Rule Name="11.3" Count="1" Mode="advisory" Severity="warning">
<Message>
A cast should not be performed between a pointer type and an integral type.</Message>
</Rule>
<Rule Name="21.1" Count="1" Mode="required" Severity="warning">
<Message>
Minimisation of run-time failures.</Message>
</Rule>
</MISRA-C-Report-Summary>
