<?xml version="1.0" encoding="UTF-8"?>

<project name="Polyspace" files="2" includes="20" ap_cg_cycle="0" ap_cg_direct_cycle="0" pshv="0" unpshv="0">
<file name="C:\Component\BMW_001A_ChkPt_Impl-cz7lt6\BMW_001A_ChkPt_Impl\src\CDD_ChkPt_Bsw.c" total_lines="68" lines_without_cmt="16" comf="100" fco="1">
<function name="ChkPt_10msBswAppl10End" path="1" goto="0" vg="1" calling="0" calls="1" param="0" stmt="1" level="1" return="0" vocf="1.9" flin="2" fxln="1" ncalls="1">
</function>
<function name="ChkPt_10msBswAppl10Strt" path="1" goto="0" vg="1" calling="0" calls="1" param="0" stmt="1" level="1" return="0" vocf="1.9" flin="2" fxln="1" ncalls="1">
</function>
</file>
<file name="C:\Component\BMW_001A_ChkPt_Impl-cz7lt6\BMW_001A_ChkPt_Impl\src\CDD_ChkPtAppl10.c" total_lines="495" lines_without_cmt="46" comf="100" fco="1">
<function name="ChkPt_4msAppl10Strt" path="1" goto="0" vg="1" calling="0" calls="1" param="0" stmt="1" level="1" return="0" vocf="1.8" flin="11" fxln="1" ncalls="1">
</function>
<function name="ChkPt_4msAppl10End" path="1" goto="0" vg="1" calling="0" calls="1" param="0" stmt="1" level="1" return="0" vocf="1.8" flin="11" fxln="1" ncalls="1">
</function>
<function name="ChkPt_2msBAppl10Strt" path="1" goto="0" vg="1" calling="0" calls="1" param="0" stmt="1" level="1" return="0" vocf="1.8" flin="9" fxln="1" ncalls="1">
</function>
<function name="ChkPt_2msBAppl10End" path="1" goto="0" vg="1" calling="0" calls="1" param="0" stmt="1" level="1" return="0" vocf="1.8" flin="9" fxln="1" ncalls="1">
</function>
<function name="ChkPt_2msAAppl10Strt" path="1" goto="0" vg="1" calling="0" calls="1" param="0" stmt="1" level="1" return="0" vocf="1.8" flin="9" fxln="1" ncalls="1">
</function>
<function name="ChkPt_2msAAppl10End" path="1" goto="0" vg="1" calling="0" calls="1" param="0" stmt="1" level="1" return="0" vocf="1.8" flin="11" fxln="1" ncalls="1">
</function>
<function name="ChkPt_10msAppl10Strt" path="1" goto="0" vg="1" calling="0" calls="1" param="0" stmt="1" level="1" return="0" vocf="1.8" flin="11" fxln="1" ncalls="1">
</function>
<function name="ChkPt_10msAppl10End" path="1" goto="0" vg="1" calling="0" calls="1" param="0" stmt="1" level="1" return="0" vocf="1.8" flin="10" fxln="1" ncalls="1">
</function>
<function name="ChkPt_100msAppl10Strt" path="1" goto="0" vg="1" calling="0" calls="1" param="0" stmt="1" level="1" return="0" vocf="1.8" flin="11" fxln="1" ncalls="1">
</function>
<function name="ChkPt_100msAppl10End" path="1" goto="0" vg="1" calling="0" calls="1" param="0" stmt="1" level="1" return="0" vocf="1.8" flin="11" fxln="1" ncalls="1">
</function>
</file>
</project>
