<?pst parser version="1.0" encoding="UTF-8"?>
<DiffFile>
<Header>
--
-- File created by Polyspace / Comments Diff
-- Copyright 1999-2017 MathWorks, Inc.
--
</Header>

<File Name="None" NewName="None">

    <CodeStruct Name="?extern.StrtErrInjCntr_Oper" File="None" Line="0" Col="0" NewFile="None" NewLine="0">
        <Removed/>
    </CodeStruct>

    <CodeStruct Name="?extern.ReadErrInjReg_Oper" File="None" Line="0" Col="0" NewFile="None" NewLine="0">
        <Removed/>
    </CodeStruct>
</File>

<File Name="CDD_AdcDiagc.c" NewName="CDD_AdcDiagc.c">

    <CodeStruct Name="CDD_AdcDiagc.InjAdcErr" File="CDD_AdcDiagc.c" Line="1552" Col="5" NewFile="CDD_AdcDiagc.c" NewLine="1552">
        <Removed/>
    </CodeStruct>

    <CodeStruct Name="CDD_AdcDiagc._init_globals" File="CDD_AdcDiagc.c" Line="1" Col="0" NewFile="CDD_AdcDiagc.c" NewLine="1">
        <Removed/>
    </CodeStruct>
</File>
</DiffFile>
