<?xml version="1.0" encoding="UTF-8"?>
<Navig version="1.0">
<Files>
<F id="1" n="C:\Program Files\MATLAB\R2013b\polyspace\verifier\cxx\cinclude\stdarg.h"/>
<F id="2" n="C:\Users\nz2999\Documents\Synergy\ccm_wa\ses_dev_ea4\CF070A_BmwFltHndlg_Impl-nz2999\AR201A_ArCplrSuprt_Impl\include\ASR4.0.3\Platform_Types.h"/>
<F id="3" n="C:\Users\nz2999\Documents\Synergy\ccm_wa\ses_dev_ea4\CF070A_BmwFltHndlg_Impl-nz2999\AR200A_ArSuprt_Impl\include\ASR4.0.3\Std_Types.h"/>
<F id="4" n="C:\Users\nz2999\Documents\Synergy\ccm_wa\ses_dev_ea4\CF070A_BmwFltHndlg_Impl-nz2999\CF070A_BmwFltHndlg_Impl\tools\local\generate\Rte_Type.h"/>
<F id="5" n="C:\Users\nz2999\Documents\Synergy\ccm_wa\ses_dev_ea4\CF070A_BmwFltHndlg_Impl-nz2999\CF070A_BmwFltHndlg_Impl\tools\local\generate\Rte_BmwFltHndlg.h"/>
<F id="6" n="C:\Users\nz2999\Documents\Synergy\ccm_wa\ses_dev_ea4\CF070A_BmwFltHndlg_Impl-nz2999\CF070A_BmwFltHndlg_Impl\tools\local\include\Dem.h"/>
<F id="7" n="C:\Users\nz2999\Documents\Synergy\ccm_wa\ses_dev_ea4\CF070A_BmwFltHndlg_Impl-nz2999\CF070A_BmwFltHndlg_Impl\tools\local\generate\Rte_Stubs.h"/>
<F id="8" n="C:\Users\nz2999\Documents\Synergy\ccm_wa\ses_dev_ea4\CF070A_BmwFltHndlg_Impl-nz2999\CF070A_BmwFltHndlg_Impl\tools\local\generate\math_stubs.h"/>
<F id="9" n="C:\Users\nz2999\Documents\Synergy\ccm_wa\ses_dev_ea4\CF070A_BmwFltHndlg_Impl-nz2999\CF070A_BmwFltHndlg_Impl\src\BmwFltHndlg.c"/>
<F id="10" n="C:\Users\nz2999\Documents\Synergy\ccm_wa\ses_dev_ea4\CF070A_BmwFltHndlg_Impl-nz2999\CF070A_BmwFltHndlg_Impl\tools\local\generate\Rte_Stubs.c"/>
<F id="11" n="C-STUBS\__polyspace__stdstubs.c"/>
<F id="12" n="C:\Users\nz2999\Documents\Synergy\ccm_wa\ses_dev_ea4\CF070A_BmwFltHndlg_Impl-nz2999\CF070A_BmwFltHndlg_Impl\tools\Polyspace\~CodeProver\C-ALL\C-STUBS\pst_stub_types.h"/>
<F id="13" n="C-STUBS\pst_stubs_1.c"/>
<F id="14" n="C-STUBS\pst_stubs_0.c"/>
<F id="15" n="C-STUBS\__polyspace_main.c"/>
<F id="16" n="C:\Users\nz2999\Documents\Synergy\ccm_wa\ses_dev_ea4\CF070A_BmwFltHndlg_Impl-nz2999\TL103A_CplrSuprt\include\2013.5.5\ansi\float.h"/>
<F id="17" n="C:\Program Files\MATLAB\R2013b\polyspace\verifier\cxx\cinclude\__polyspace__std_decls.h"/>
<F id="18" n="C:\Program Files\MATLAB\R2013b\polyspace\verifier\cxx\cinclude\assert.h"/>
<F id="19" n="C:\Program Files\MATLAB\R2013b\polyspace\verifier\cxx\cinclude\__polyspace__libc_defs.h"/>
<F id="20" n="C:\Users\nz2999\Documents\Synergy\ccm_wa\ses_dev_ea4\CF070A_BmwFltHndlg_Impl-nz2999\CF070A_BmwFltHndlg_Impl\tools\local\generate\Rte_BmwFltHndlg_Type.h"/>
<F id="21" n="C:\Users\nz2999\Documents\Synergy\ccm_wa\ses_dev_ea4\CF070A_BmwFltHndlg_Impl-nz2999\CF070A_BmwFltHndlg_Impl\tools\local\generate\Rte.h"/>
<F id="22" n="C:\Users\nz2999\Documents\Synergy\ccm_wa\ses_dev_ea4\CF070A_BmwFltHndlg_Impl-nz2999\AR201A_ArCplrSuprt_Impl\include\ASR4.0.3\Compiler.h"/>
<F id="23" n="C:\Users\nz2999\Documents\Synergy\ccm_wa\ses_dev_ea4\CF070A_BmwFltHndlg_Impl-nz2999\AR201A_ArCplrSuprt_Impl\tools\contract\Compiler_Cfg.h"/>
<F id="24" n="C:\Users\nz2999\Documents\Synergy\ccm_wa\ses_dev_ea4\CF070A_BmwFltHndlg_Impl-nz2999\AR201A_ArCplrSuprt_Impl\tools\contract\Renesas_Compiler.h"/>
<F id="25" n="C:\Users\nz2999\Documents\Synergy\ccm_wa\ses_dev_ea4\CF070A_BmwFltHndlg_Impl-nz2999\CF070A_BmwFltHndlg_Impl\tools\local\generate\Rte_DataHandleType.h"/>
<F id="26" n="C:\Users\nz2999\Documents\Synergy\ccm_wa\ses_dev_ea4\CF070A_BmwFltHndlg_Impl-nz2999\AR200A_ArSuprt_Impl\tools\contract\MemMap.h"/>
<F id="27" n="C:\Users\nz2999\Documents\Synergy\ccm_wa\ses_dev_ea4\CF070A_BmwFltHndlg_Impl-nz2999\CF070A_BmwFltHndlg_Impl\tools\local\generate\BmwFltHndlg_MemMap.h"/>
</Files>
<Definitions>
<D id="1" f="11" l="430" c="13" n="_polyspace_random_int" t="5" d="1"/>
<D id="2" f="11" l="3500" c="4" n="__polyspace_nb_varargs" t="1" d="1"/>
<D id="3" f="11" l="422" c="23" n="_polyspace_random_uchar" t="5" d="1"/>
<D id="4" f="11" l="414" c="14" n="_polyspace_random_char" t="5" d="1"/>
<D id="5" f="11" l="432" c="24" n="random" t="4" d="1"/>
<D id="6" f="11" l="440" c="25" n="random" t="4" d="1"/>
<D id="7" f="11" l="424" c="34" n="random" t="4" d="1"/>
<D id="8" f="11" l="446" c="23" n="_polyspace_random_ulong" t="5" d="1"/>
<D id="9" f="11" l="416" c="25" n="random" t="4" d="1"/>
<D id="10" f="11" l="453" c="16" n="_polyspace_random_double" t="5" d="1"/>
<D id="11" f="11" l="438" c="14" n="_polyspace_random_long" t="5" d="1"/>
<D id="12" f="11" l="448" c="34" n="random" t="4" d="1"/>
<D id="13" f="11" l="455" c="27" n="random" t="4" d="1"/>
<D id="14" f="11" l="3499" c="7" n="__polyspace_vararg" t="1" d="1"/>
<D id="15" f="11" l="6845" c="14" n="_polyspace_compare_function_type" t="7" d="1"/>
<D id="16" f="5" l="50" c="7" n="Rte_CDS_BmwFltHndlg" t="6" d="1"/>
<D id="17" f="5" l="53" c="8" n="_dummy" t="9" d="1"/>
<D id="18" f="11" l="11305" c="21" n="HUGE_VAL" t="1" d="1"/>
<D id="19" f="11" l="11306" c="21" n="HUGE_VALF" t="1" d="1"/>
<D id="20" f="11" l="11307" c="21" n="HUGE_VALL" t="1" d="1"/>
<D id="21" f="11" l="11287" c="12" n="_polyspace_random_long_double" t="2" d="1"/>
<D id="22" f="11" l="12149" c="16" n="__polyspace_absolute_address" t="1" d="1"/>
<D id="23" f="11" l="11289" c="23" n="random" t="4" d="1"/>
<D id="24" f="12" l="3" c="20" n="__PST__SINT8" t="7" d="1"/>
<D id="25" f="12" l="5" c="19" n="__PST__SINT32" t="7" d="1"/>
<D id="26" f="12" l="1" c="13" n="__PST__CHAR" t="7" d="1"/>
<D id="27" f="12" l="2" c="13" n="__PST__VOID" t="7" d="1"/>
<D id="28" f="12" l="4" c="21" n="__PST__SINT16" t="7" d="1"/>
<D id="29" f="3" l="141" c="2" n="Std_VersionInfoType" t="7" d="1"/>
<D id="30" f="8" l="22" c="31" n="Inp" t="4" d="1"/>
<D id="31" f="12" l="7" c="22" n="__PST__UINT8" t="7" d="1"/>
<D id="32" f="12" l="9" c="21" n="__PST__UINT32" t="7" d="1"/>
<D id="33" f="6" l="26" c="49" n="Dem_IndicatorStatusType" t="7" d="1"/>
<D id="34" f="7" l="20" c="25" n="BmwFltHndlg_Op_BmwFltLampReqSts" t="1" d="0"/>
<D id="35" f="13" l="42" c="5" n="_extern_init" t="2" d="1"/>
<D id="36" f="7" l="21" c="25" n="BmwFltHndlg_Op_BmwFltLampReqTyp" t="1" d="0"/>
<D id="37" f="1" l="45" c="14" n="__va_list" t="7" d="1"/>
<D id="38" f="4" l="35" c="14" n="BmwFltLampReqSts1" t="7" d="1"/>
<D id="39" f="15" l="42" c="5" n="main" t="2" d="1"/>
<D id="40" f="12" l="8" c="23" n="__PST__UINT16" t="7" d="1"/>
<D id="41" f="12" l="6" c="25" n="__PST__SINT64" t="7" d="1"/>
<D id="42" f="10" l="18" c="5" n="Rte_Stub" t="2" d="1"/>
<D id="43" f="5" l="64" c="42" n="Rte_Instance" t="7" d="1"/>
<D id="44" f="8" l="22" c="17" n="fabsf" t="2" d="1"/>
<D id="45" f="1" l="50" c="18" n="__gnuc_va_list" t="7" d="1"/>
<D id="46" f="4" l="38" c="15" n="BmwFltLampReqTyp2" t="7" d="1"/>
<D id="47" f="9" l="146" c="5" n="BmwFltHndlgInit1" t="2" d="1"/>
<D id="48" f="14" l="77" c="5" n="__PST__MAIN__ENTRY__POINT__" t="2" d="1"/>
<D id="49" f="1" l="49" c="18" n="va_list" t="7" d="1"/>
<D id="50" f="9" l="189" c="5" n="BmwFltHndlgPer1" t="2" d="1"/>
<D id="51" f="12" l="20" c="20" n="__PST__g__22" t="7" d="1"/>
<D id="52" f="3" l="140" c="10" n="sw_patch_version" t="9" d="1"/>
<D id="53" f="11" l="20" c="21" n="size_t" t="7" d="1"/>
<D id="54" f="2" l="110" c="31" n="uint32" t="7" d="1"/>
<D id="55" f="12" l="12" c="21" n="__PST__g__11" t="7" d="1"/>
<D id="56" f="12" l="14" c="20" n="__PST__g__15" t="7" d="1"/>
<D id="57" f="11" l="22" c="12" n="ptrdiff_t" t="7" d="1"/>
<D id="58" f="12" l="22" c="21" n="__PST__g__23" t="7" d="1"/>
<D id="59" f="12" l="30" c="22" n="__PST__g__37" t="7" d="1"/>
<D id="60" f="12" l="21" c="22" n="__PST__g__24" t="7" d="1"/>
<D id="61" f="2" l="112" c="31" n="sint8_least" t="7" d="1"/>
<D id="62" f="2" l="103" c="31" n="boolean" t="7" d="1"/>
<D id="63" f="12" l="31" c="22" n="__PST__g__38" t="7" d="1"/>
<D id="64" f="12" l="11" c="14" n="__PST__FLOAT32" t="7" d="1"/>
<D id="65" f="13" l="25" c="20" n="pst_random_int" t="3" d="1"/>
<D id="66" f="2" l="113" c="31" n="uint8_least" t="7" d="1"/>
<D id="67" f="14" l="25" c="20" n="pst_random_int" t="3" d="1"/>
<D id="68" f="12" l="32" c="31" n="__PST__g__39" t="7" d="1"/>
<D id="69" f="3" l="136" c="10" n="vendorID" t="9" d="1"/>
<D id="70" f="15" l="25" c="20" n="pst_random_int" t="3" d="1"/>
<D id="71" f="12" l="23" c="22" n="__PST__g__25" t="7" d="1"/>
<D id="72" f="11" l="25" c="21" n="wchar_t" t="7" d="1"/>
<D id="73" f="2" l="114" c="31" n="sint16_least" t="7" d="1"/>
<D id="74" f="2" l="105" c="31" n="sint8" t="7" d="1"/>
<D id="75" f="3" l="137" c="10" n="moduleID" t="9" d="1"/>
<D id="76" f="12" l="24" c="22" n="__PST__g__26" t="7" d="1"/>
<D id="77" f="14" l="27" c="29" n="pst_random_g_6" t="3" d="1"/>
<D id="78" f="12" l="26" c="21" n="__PST__g__33" t="7" d="1"/>
<D id="79" f="2" l="115" c="31" n="uint16_least" t="7" d="1"/>
<D id="80" f="2" l="106" c="31" n="uint8" t="7" d="1"/>
<D id="81" f="12" l="25" c="31" n="__PST__g__27" t="7" d="1"/>
<D id="82" f="3" l="138" c="10" n="sw_major_version" t="9" d="1"/>
<D id="83" f="12" l="16" c="22" n="__PST__g__18" t="7" d="1"/>
<D id="84" f="12" l="27" c="30" n="__PST__g__34" t="7" d="1"/>
<D id="85" f="3" l="132" c="14" n="Std_ReturnType" t="7" d="1"/>
<D id="86" f="2" l="116" c="31" n="sint32_least" t="7" d="1"/>
<D id="87" f="12" l="13" c="15" n="__PST__FLOAT64" t="7" d="1"/>
<D id="88" f="2" l="107" c="31" n="sint16" t="7" d="1"/>
<D id="89" f="3" l="125" c="22" n="StatusType" t="7" d="1"/>
<D id="90" f="12" l="15" c="23" n="__PST__g__16" t="7" d="1"/>
<D id="91" f="3" l="139" c="10" n="sw_minor_version" t="9" d="1"/>
<D id="92" f="12" l="19" c="30" n="__PST__g__20" t="7" d="1"/>
<D id="93" f="12" l="28" c="21" n="__PST__g__35" t="7" d="1"/>
<D id="94" f="2" l="117" c="31" n="uint32_least" t="7" d="1"/>
<D id="95" f="2" l="108" c="31" n="uint16" t="7" d="1"/>
<D id="96" f="14" l="65" c="30" n="real_random_for_return" t="4" d="1"/>
<D id="97" f="12" l="10" c="27" n="__PST__UINT64" t="7" d="1"/>
<D id="98" f="12" l="18" c="22" n="__PST__g__21" t="7" d="1"/>
<D id="99" f="12" l="29" c="30" n="__PST__g__36" t="7" d="1"/>
<D id="100" f="2" l="127" c="31" n="sint64" t="7" d="1"/>
<D id="101" f="12" l="17" c="32" n="__PST__g__19" t="7" d="1"/>
<D id="102" f="2" l="109" c="31" n="sint32" t="7" d="1"/>
<D id="103" f="14" l="46" c="49" n="P_0" t="4" d="1"/>
<D id="104" f="2" l="128" c="31" n="uint64" t="7" d="1"/>
<D id="105" f="14" l="66" c="21" n="random_for_return" t="4" d="1"/>
<D id="106" f="14" l="46" c="13" n="Dem_GetIndicatorStatus" t="2" d="1"/>
<D id="107" f="2" l="138" c="31" n="float32" t="7" d="1"/>
<D id="108" f="2" l="139" c="31" n="float64" t="7" d="1"/>
<D id="109" f="9" l="201" c="28" n="IndicatorStatus1_Cnt_T_enum" t="4" d="1"/>
<D id="110" f="9" l="202" c="28" n="IndicatorStatus2_Cnt_T_enum" t="4" d="1"/>
<D id="111" f="13" l="23" c="28" n="pst_random_char" t="3" d="1"/>
<D id="112" f="14" l="23" c="28" n="pst_random_char" t="3" d="1"/>
<D id="113" f="9" l="203" c="28" n="IndicatorStatus3_Cnt_T_enum" t="4" d="1"/>
<D id="114" f="15" l="23" c="28" n="pst_random_char" t="3" d="1"/>
<D id="115" f="9" l="197" c="22" n="BmwFltLampReqSts_Cnt_T_enum" t="4" d="1"/>
<D id="116" f="9" l="198" c="22" n="BmwFltLampReqTyp_Cnt_T_enum" t="4" d="1"/>
<D id="117" f="11" l="396" c="4" n="errno" t="1" d="1"/>
<D id="118" f="14" l="46" c="67" n="P_1" t="4" d="1"/>
</Definitions>
<Uses>
<U id="1" f="11" l="441" c="11" d="6" a="0"/>
<U id="2" f="11" l="433" c="11" d="5" a="0"/>
<U id="3" f="11" l="425" c="11" d="7" a="0"/>
<U id="4" f="11" l="417" c="11" d="9" a="0"/>
<U id="5" f="11" l="456" c="11" d="13" a="0"/>
<U id="6" f="11" l="449" c="11" d="12" a="0"/>
<U id="7" f="6" l="30" c="0" d="85" a="0"/>
<U id="8" f="6" l="31" c="0" d="106" a="0"/>
<U id="9" f="5" l="80" c="0" d="85" a="0"/>
<U id="10" f="5" l="81" c="0" d="85" a="0"/>
<U id="11" f="6" l="32" c="2" d="80" a="0"/>
<U id="12" f="6" l="33" c="2" d="33" a="0"/>
<U id="13" f="5" l="53" c="2" d="80" a="0"/>
<U id="14" f="7" l="20" c="7" d="38" a="0"/>
<U id="15" f="7" l="21" c="7" d="46" a="0"/>
<U id="16" f="1" l="50" c="8" d="37" a="0"/>
<U id="17" f="8" l="24" c="7" d="30" a="0"/>
<U id="18" f="4" l="35" c="8" d="80" a="0"/>
<U id="19" f="1" l="84" c="7" d="49" a="0"/>
<U id="20" f="6" l="26" c="8" d="80" a="0"/>
<U id="21" f="8" l="26" c="8" d="30" a="1"/>
<U id="22" f="4" l="38" c="8" d="95" a="0"/>
<U id="23" f="1" l="49" c="8" d="37" a="0"/>
<U id="24" f="11" l="11290" c="9" d="23" a="0"/>
<U id="25" f="8" l="22" c="9" d="107" a="0"/>
<U id="26" f="10" l="20" c="4" d="47" a="0"/>
<U id="27" f="10" l="21" c="4" d="50" a="0"/>
<U id="28" f="3" l="140" c="3" d="80" a="0"/>
<U id="29" f="9" l="201" c="4" d="33" a="0"/>
<U id="30" f="14" l="46" c="0" d="31" a="0"/>
<U id="31" f="9" l="202" c="4" d="33" a="0"/>
<U id="32" f="5" l="112" c="5" d="47" a="0"/>
<U id="33" f="8" l="22" c="23" d="107" a="0"/>
<U id="34" f="9" l="203" c="4" d="33" a="0"/>
<U id="35" f="5" l="64" c="21" d="16" a="0"/>
<U id="36" f="1" l="84" c="39" d="49" a="0"/>
<U id="37" f="12" l="20" c="8" d="27" a="0"/>
<U id="38" f="3" l="136" c="3" d="95" a="0"/>
<U id="39" f="12" l="30" c="8" d="25" a="0"/>
<U id="40" f="12" l="21" c="8" d="31" a="0"/>
<U id="41" f="8" l="29" c="12" d="30" a="0"/>
<U id="42" f="12" l="12" c="8" d="27" a="0"/>
<U id="43" f="3" l="137" c="3" d="95" a="0"/>
<U id="44" f="9" l="210" c="8" d="109" a="0"/>
<U id="45" f="12" l="31" c="8" d="32" a="0"/>
<U id="46" f="12" l="22" c="8" d="31" a="0"/>
<U id="47" f="3" l="138" c="3" d="80" a="0"/>
<U id="48" f="9" l="220" c="8" d="116" a="1"/>
<U id="49" f="5" l="135" c="5" d="50" a="0"/>
<U id="50" f="8" l="26" c="15" d="30" a="0"/>
<U id="51" f="12" l="23" c="8" d="58" a="0"/>
<U id="52" f="12" l="14" c="8" d="27" a="0"/>
<U id="53" f="3" l="132" c="8" d="80" a="0"/>
<U id="54" f="3" l="139" c="3" d="80" a="0"/>
<U id="55" f="12" l="24" c="8" d="56" a="0"/>
<U id="56" f="12" l="15" c="8" d="87" a="0"/>
<U id="57" f="9" l="231" c="8" d="115" a="1"/>
<U id="58" f="9" l="213" c="8" d="115" a="1"/>
<U id="59" f="14" l="52" c="8" d="118" a="0"/>
<U id="60" f="12" l="16" c="8" d="55" a="0"/>
<U id="61" f="9" l="232" c="8" d="116" a="1"/>
<U id="62" f="14" l="80" c="8" d="27" a="0"/>
<U id="63" f="9" l="214" c="8" d="116" a="1"/>
<U id="64" f="12" l="26" c="8" d="24" a="0"/>
<U id="65" f="14" l="53" c="8" d="67" a="0"/>
<U id="66" f="12" l="18" c="8" d="24" a="0"/>
<U id="67" f="9" l="225" c="8" d="115" a="1"/>
<U id="68" f="14" l="82" c="8" d="39" a="0"/>
<U id="69" f="12" l="28" c="8" d="31" a="0"/>
<U id="70" f="9" l="226" c="8" d="116" a="1"/>
<U id="71" f="9" l="197" c="4" d="38" a="0"/>
<U id="72" f="9" l="198" c="4" d="46" a="0"/>
<U id="73" f="14" l="66" c="8" d="31" a="0"/>
<U id="74" f="5" l="80" c="58" d="38" a="0"/>
<U id="75" f="9" l="219" c="8" d="115" a="1"/>
<U id="76" f="5" l="81" c="58" d="46" a="0"/>
<U id="77" f="14" l="59" c="8" d="118" a="0"/>
<U id="78" f="14" l="80" c="20" d="39" a="0"/>
<U id="79" f="15" l="54" c="19" d="27" a="0"/>
<U id="80" f="12" l="20" c="33" d="25" a="0"/>
<U id="81" f="9" l="206" c="11" d="106" a="0"/>
<U id="82" f="15" l="52" c="12" d="70" a="0"/>
<U id="83" f="9" l="222" c="13" d="113" a="0"/>
<U id="84" f="9" l="207" c="11" d="106" a="0"/>
<U id="85" f="15" l="46" c="11" d="70" a="0"/>
<U id="86" f="9" l="208" c="11" d="106" a="0"/>
<U id="87" f="12" l="22" c="34" d="31" a="0"/>
<U id="88" f="15" l="54" c="31" d="42" a="0"/>
<U id="89" f="9" l="216" c="13" d="110" a="0"/>
<U id="90" f="9" l="236" c="12" d="34" a="1"/>
<U id="91" f="9" l="206" c="41" d="109" a="1"/>
<U id="92" f="15" l="56" c="12" d="42" a="0"/>
<U id="93" f="13" l="23" c="16" d="26" a="0"/>
<U id="94" f="14" l="23" c="16" d="26" a="0"/>
<U id="95" f="14" l="57" c="12" d="118" a="0"/>
<U id="96" f="9" l="237" c="12" d="36" a="1"/>
<U id="97" f="15" l="23" c="16" d="26" a="0"/>
<U id="98" f="12" l="32" c="17" d="32" a="0"/>
<U id="99" f="14" l="66" c="41" d="96" a="0"/>
<U id="100" f="14" l="55" c="15" d="67" a="0"/>
<U id="101" f="12" l="25" c="17" d="25" a="0"/>
<U id="102" f="14" l="27" c="16" d="31" a="0"/>
<U id="103" f="12" l="17" c="17" d="87" a="0"/>
<U id="104" f="12" l="27" c="17" d="24" a="0"/>
<U id="105" f="14" l="67" c="15" d="105" a="0"/>
<U id="106" f="12" l="22" c="48" d="60" a="0"/>
<U id="107" f="14" l="57" c="34" d="77" a="0"/>
<U id="108" f="12" l="19" c="17" d="98" a="0"/>
<U id="109" f="9" l="208" c="44" d="113" a="1"/>
<U id="110" f="14" l="57" c="16" d="67" a="0"/>
<U id="111" f="9" l="207" c="45" d="110" a="1"/>
<U id="112" f="14" l="65" c="17" d="31" a="0"/>
<U id="113" f="12" l="29" c="17" d="31" a="0"/>
<U id="114" f="14" l="46" c="54" d="60" a="0"/>
<U id="115" f="14" l="46" c="36" d="31" a="0"/>
<U id="116" f="14" l="59" c="17" d="77" a="0"/>
<U id="117" f="9" l="236" c="47" d="115" a="0"/>
<U id="118" f="9" l="237" c="47" d="116" a="0"/>
</Uses>
<Blocks>
<B id="1" t="routine" f="10" l="18" c="5">
<BEGIN l="19" c="0"/>
<END l="22" c="0"/>
</B>
<B id="2" t="ppcif" f="16" l="13" c="0">
<BEGIN l="13" c="16"/>
<END l="133" c="0"/>
</B>
<B id="3" t="ppcrmif" f="16" l="14" c="0">
<BEGIN l="14" c="14"/>
<END l="16" c="0"/>
</B>
<B id="4" t="ppcif" f="16" l="18" c="0">
<BEGIN l="18" c="23"/>
<END l="129" c="0"/>
</B>
<B id="5" t="ppcrmif" f="16" l="25" c="0">
<BEGIN l="25" c="70"/>
<END l="27" c="0"/>
</B>
<B id="6" t="ppcelse" f="16" l="27" c="0">
<BEGIN l="27" c="5"/>
<END l="29" c="0"/>
</B>
<B id="7" t="ppcrmif" f="16" l="31" c="0">
<BEGIN l="31" c="67"/>
<END l="32" c="0"/>
</B>
<B id="8" t="ppcrmelif" f="16" l="32" c="0">
<BEGIN l="32" c="5"/>
<END l="35" c="0"/>
</B>
<B id="9" t="ppcrmelif" f="16" l="35" c="0">
<BEGIN l="35" c="5"/>
<END l="40" c="0"/>
</B>
<B id="10" t="ppcrmelse" f="16" l="40" c="0">
<BEGIN l="40" c="5"/>
<END l="42" c="0"/>
</B>
<B id="11" t="ppcrmif" f="16" l="54" c="0">
<BEGIN l="54" c="23"/>
<END l="55" c="0"/>
</B>
<B id="12" t="ppcrmelif" f="16" l="55" c="0">
<BEGIN l="55" c="5"/>
<END l="76" c="0"/>
</B>
<B id="13" t="ppcrmelse" f="16" l="76" c="0">
<BEGIN l="76" c="26"/>
<END l="123" c="0"/>
</B>
<B id="14" t="ppcrmif" f="16" l="89" c="0">
<BEGIN l="89" c="51"/>
<END l="100" c="0"/>
</B>
<B id="15" t="ppcrmelif" f="16" l="100" c="0">
<BEGIN l="100" c="5"/>
<END l="110" c="0"/>
</B>
<B id="16" t="ppcrmelse" f="16" l="110" c="0">
<BEGIN l="110" c="62"/>
<END l="121" c="0"/>
</B>
<B id="17" t="ppcif" f="16" l="125" c="0">
<BEGIN l="125" c="19"/>
<END l="127" c="0"/>
</B>
<B id="18" t="ppcrmif" f="16" l="130" c="0">
<BEGIN l="130" c="14"/>
<END l="132" c="0"/>
</B>
<B id="19" t="routine" f="9" l="146" c="5">
<BEGIN l="147" c="0"/>
<END l="158" c="0"/>
</B>
<B id="20" t="else" f="9" l="228" c="4">
<BEGIN l="229" c="4"/>
<END l="233" c="4"/>
</B>
<B id="21" t="if" f="9" l="222" c="9">
<BEGIN l="223" c="4"/>
<END l="227" c="4"/>
<ELSE d="20"/>
</B>
<B id="22" t="else" f="9" l="222" c="4">
<BEGIN l="222" c="9"/>
<END l="233" c="4"/>
<SUB d="21"/>
</B>
<B id="23" t="if" f="9" l="216" c="9">
<BEGIN l="217" c="4"/>
<END l="221" c="4"/>
<ELSE d="22"/>
</B>
<B id="24" t="else" f="9" l="216" c="4">
<BEGIN l="216" c="9"/>
<END l="233" c="4"/>
<SUB d="23"/>
</B>
<B id="25" t="if" f="9" l="210" c="4">
<BEGIN l="211" c="4"/>
<END l="215" c="4"/>
<ELSE d="24"/>
</B>
<B id="26" t="routine" f="9" l="189" c="5">
<BEGIN l="190" c="0"/>
<END l="242" c="0"/>
<SUB d="25"/>
</B>
<B id="27" t="ppcif" f="17" l="15" c="0">
<BEGIN l="15" c="27"/>
<END l="330" c="0"/>
</B>
<B id="28" t="ppcif" f="17" l="25" c="0">
<BEGIN l="25" c="19"/>
<END l="155" c="0"/>
</B>
<B id="29" t="ppcrmif" f="17" l="46" c="0">
<BEGIN l="46" c="93"/>
<END l="91" c="0"/>
</B>
<B id="30" t="ppcrmif" f="17" l="94" c="0">
<BEGIN l="94" c="91"/>
<END l="153" c="0"/>
</B>
<B id="31" t="ppcrmelse" f="17" l="155" c="0">
<BEGIN l="155" c="35"/>
<END l="328" c="0"/>
</B>
<B id="32" t="ppcif" f="18" l="11" c="0">
<BEGIN l="11" c="27"/>
<END l="36" c="0"/>
</B>
<B id="33" t="ppcrmif" f="18" l="14" c="0">
<BEGIN l="14" c="19"/>
<END l="29" c="0"/>
</B>
<B id="34" t="ppcelse" f="18" l="29" c="0">
<BEGIN l="29" c="5"/>
<END l="33" c="0"/>
</B>
<B id="35" t="ppcif" f="1" l="22" c="0">
<BEGIN l="22" c="17"/>
<END l="109" c="0"/>
</B>
<B id="36" t="ppcrmif" f="1" l="39" c="0">
<BEGIN l="39" c="66"/>
<END l="43" c="0"/>
</B>
<B id="37" t="ppcelse" f="1" l="43" c="0">
<BEGIN l="43" c="60"/>
<END l="47" c="0"/>
</B>
<B id="38" t="ppcrmif" f="1" l="52" c="0">
<BEGIN l="52" c="18"/>
<END l="58" c="0"/>
</B>
<B id="39" t="ppcrmif" f="1" l="62" c="0">
<BEGIN l="62" c="33"/>
<END l="80" c="0"/>
</B>
<B id="40" t="ppcelse" f="1" l="80" c="0">
<BEGIN l="80" c="31"/>
<END l="93" c="0"/>
</B>
<B id="41" t="ppcrmif" f="1" l="96" c="0">
<BEGIN l="96" c="14"/>
<END l="106" c="0"/>
</B>
<B id="42" t="ppcif" f="19" l="3" c="0">
<BEGIN l="3" c="29"/>
<END l="348" c="0"/>
</B>
<B id="43" t="ppcif" f="19" l="61" c="0">
<BEGIN l="63" c="27"/>
<END l="66" c="0"/>
</B>
<B id="44" t="ppcrmif" f="19" l="165" c="0">
<BEGIN l="165" c="17"/>
<END l="206" c="0"/>
</B>
<B id="45" t="ppcrmif" f="19" l="209" c="0">
<BEGIN l="209" c="37"/>
<END l="211" c="0"/>
</B>
<B id="46" t="ppcrmif" f="19" l="213" c="0">
<BEGIN l="213" c="44"/>
<END l="321" c="0"/>
</B>
<B id="47" t="ppcif" f="19" l="323" c="0">
<BEGIN l="323" c="18"/>
<END l="346" c="0"/>
</B>
<B id="48" t="ppcrmif" f="19" l="326" c="0">
<BEGIN l="326" c="18"/>
<END l="328" c="0"/>
</B>
<B id="49" t="ppcrmif" f="19" l="329" c="0">
<BEGIN l="329" c="63"/>
<END l="331" c="0"/>
</B>
<B id="50" t="ppcrmif" f="19" l="332" c="0">
<BEGIN l="332" c="64"/>
<END l="334" c="0"/>
</B>
<B id="51" t="ppcrmif" f="19" l="335" c="0">
<BEGIN l="335" c="16"/>
<END l="340" c="0"/>
</B>
<B id="52" t="ppcif" f="19" l="343" c="0">
<BEGIN l="343" c="57"/>
<END l="345" c="0"/>
</B>
<B id="53" t="type" f="5" l="50" c="7">
<BEGIN l="50" c="25"/>
<END l="54" c="0"/>
</B>
<B id="54" t="ppcif" f="5" l="24" c="0">
<BEGIN l="24" c="26"/>
<END l="144" c="0"/>
</B>
<B id="55" t="ppcrmif" f="5" l="27" c="0">
<BEGIN l="27" c="35"/>
<END l="29" c="0"/>
</B>
<B id="56" t="ppcif" f="5" l="31" c="0">
<BEGIN l="31" c="38"/>
<END l="33" c="0"/>
</B>
<B id="57" t="ppcrmif" f="5" l="35" c="0">
<BEGIN l="35" c="19"/>
<END l="38" c="0"/>
</B>
<B id="58" t="ppcrmif" f="5" l="140" c="0">
<BEGIN l="140" c="19"/>
<END l="142" c="0"/>
</B>
<B id="59" t="ppcif" f="20" l="24" c="0">
<BEGIN l="24" c="31"/>
<END l="71" c="0"/>
</B>
<B id="60" t="ppcrmif" f="20" l="27" c="0">
<BEGIN l="27" c="19"/>
<END l="30" c="0"/>
</B>
<B id="61" t="ppcif" f="20" l="38" c="0">
<BEGIN l="38" c="40"/>
<END l="40" c="0"/>
</B>
<B id="62" t="ppcif" f="20" l="42" c="0">
<BEGIN l="42" c="40"/>
<END l="44" c="0"/>
</B>
<B id="63" t="ppcif" f="20" l="46" c="0">
<BEGIN l="46" c="31"/>
<END l="48" c="0"/>
</B>
<B id="64" t="ppcif" f="20" l="50" c="0">
<BEGIN l="50" c="32"/>
<END l="52" c="0"/>
</B>
<B id="65" t="ppcif" f="20" l="54" c="0">
<BEGIN l="54" c="43"/>
<END l="56" c="0"/>
</B>
<B id="66" t="ppcif" f="20" l="58" c="0">
<BEGIN l="58" c="38"/>
<END l="60" c="0"/>
</B>
<B id="67" t="ppcif" f="20" l="62" c="0">
<BEGIN l="62" c="39"/>
<END l="64" c="0"/>
</B>
<B id="68" t="ppcrmif" f="20" l="67" c="0">
<BEGIN l="67" c="19"/>
<END l="69" c="0"/>
</B>
<B id="69" t="ppcif" f="4" l="24" c="0">
<BEGIN l="24" c="19"/>
<END l="40" c="0"/>
</B>
<B id="70" t="ppcif" f="21" l="25" c="0">
<BEGIN l="25" c="14"/>
<END l="96" c="0"/>
</B>
<B id="71" t="ppcrmif" f="21" l="41" c="0">
<BEGIN l="41" c="33"/>
<END l="43" c="0"/>
</B>
<B id="72" t="ppcrmif" f="21" l="45" c="0">
<BEGIN l="45" c="46"/>
<END l="47" c="0"/>
</B>
<B id="73" t="ppcrmif" f="21" l="49" c="0">
<BEGIN l="49" c="28"/>
<END l="51" c="0"/>
</B>
<B id="74" t="type" f="3" l="135" c="0">
<BEGIN l="135" c="0"/>
<END l="141" c="0"/>
</B>
<B id="75" t="ppcif" f="3" l="56" c="0">
<BEGIN l="56" c="19"/>
<END l="154" c="0"/>
</B>
<B id="76" t="ppcif" f="3" l="122" c="0">
<BEGIN l="122" c="26"/>
<END l="126" c="0"/>
</B>
<B id="77" t="ppcif" f="2" l="43" c="0">
<BEGIN l="43" c="24"/>
<END l="150" c="0"/>
</B>
<B id="78" t="ppcif" f="2" l="81" c="0">
<BEGIN l="81" c="13"/>
<END l="83" c="0"/>
</B>
<B id="79" t="ppcif" f="2" l="85" c="0">
<BEGIN l="85" c="14"/>
<END l="87" c="0"/>
</B>
<B id="80" t="ppcrmif" f="2" l="119" c="0">
<BEGIN l="119" c="46"/>
<END l="125" c="0"/>
</B>
<B id="81" t="ppcelse" f="2" l="125" c="0">
<BEGIN l="125" c="6"/>
<END l="129" c="0"/>
</B>
<B id="82" t="ppcrmif" f="2" l="131" c="0">
<BEGIN l="131" c="46"/>
<END l="137" c="0"/>
</B>
<B id="83" t="ppcelse" f="2" l="137" c="0">
<BEGIN l="137" c="6"/>
<END l="140" c="0"/>
</B>
<B id="84" t="ppcif" f="22" l="43" c="0">
<BEGIN l="43" c="18"/>
<END l="202" c="0"/>
</B>
<B id="85" t="ppcif" f="22" l="88" c="0">
<BEGIN l="88" c="17"/>
<END l="90" c="0"/>
</B>
<B id="86" t="ppcif" f="23" l="19" c="0">
<BEGIN l="19" c="22"/>
<END l="23" c="0"/>
</B>
<B id="87" t="ppcif" f="24" l="19" c="0">
<BEGIN l="19" c="26"/>
<END l="23" c="0"/>
</B>
<B id="88" t="ppcif" f="25" l="24" c="0">
<BEGIN l="24" c="31"/>
<END l="27" c="0"/>
</B>
<B id="89" t="ppcif" f="26" l="19" c="0">
<BEGIN l="19" c="16"/>
<END l="24" c="0"/>
</B>
<B id="90" t="ppcif" f="27" l="53" c="0">
<BEGIN l="53" c="33"/>
<END l="57" c="0"/>
</B>
<B id="91" t="ppcrmif" f="27" l="67" c="0">
<BEGIN l="67" c="46"/>
<END l="71" c="0"/>
</B>
<B id="92" t="ppcrmif" f="27" l="81" c="0">
<BEGIN l="81" c="51"/>
<END l="85" c="0"/>
</B>
<B id="93" t="ppcrmif" f="27" l="95" c="0">
<BEGIN l="95" c="49"/>
<END l="99" c="0"/>
</B>
<B id="94" t="ppcrmif" f="27" l="109" c="0">
<BEGIN l="109" c="54"/>
<END l="113" c="0"/>
</B>
<B id="95" t="ppcif" f="27" l="125" c="0">
<BEGIN l="125" c="32"/>
<END l="129" c="0"/>
</B>
<B id="96" t="ppcrmif" f="27" l="139" c="0">
<BEGIN l="139" c="45"/>
<END l="143" c="0"/>
</B>
<B id="97" t="ppcrmif" f="27" l="153" c="0">
<BEGIN l="153" c="50"/>
<END l="157" c="0"/>
</B>
<B id="98" t="ppcrmif" f="27" l="167" c="0">
<BEGIN l="167" c="48"/>
<END l="171" c="0"/>
</B>
<B id="99" t="ppcrmif" f="27" l="181" c="0">
<BEGIN l="181" c="53"/>
<END l="185" c="0"/>
</B>
<B id="100" t="ppcif" f="7" l="12" c="0">
<BEGIN l="12" c="19"/>
<END l="48" c="0"/>
</B>
<B id="101" t="ppcif" f="7" l="28" c="0">
<BEGIN l="28" c="37"/>
<END l="30" c="0"/>
</B>
<B id="102" t="ppcrmelse" f="7" l="30" c="0">
<BEGIN l="30" c="5"/>
<END l="32" c="0"/>
</B>
<B id="103" t="ppcif" f="7" l="35" c="0">
<BEGIN l="35" c="37"/>
<END l="37" c="0"/>
</B>
<B id="104" t="ppcrmelse" f="7" l="37" c="0">
<BEGIN l="37" c="5"/>
<END l="39" c="0"/>
</B>
<B id="105" t="if" f="8" l="24" c="4">
<BEGIN l="25" c="4"/>
<END l="27" c="4"/>
</B>
<B id="106" t="routine" f="8" l="22" c="17">
<BEGIN l="23" c="0"/>
<END l="30" c="0"/>
<SUB d="105"/>
</B>
<B id="107" t="ppcif" f="6" l="20" c="0">
<BEGIN l="20" c="13"/>
<END l="36" c="0"/>
</B>
</Blocks>
</Navig>
