<?xml version="1.0" encoding="UTF-8"?>

<MISRA-C-Report version="1.3">


<CodeStruct Name="" File="C:\Component\Working\CM620B_MotAg0Meas_Impl\src\CDD_MotAg0Meas.c" Line="0" Column="0">

<Rule Name="19.1" Mode="advisory" Report="warning" Id="6">
<Loc File="C:\Component\Working\CM620B_MotAg0Meas_Impl\src\CDD_MotAg0Meas.c" Line="861" Column="0">
</Loc>
<Message>
#include statements in a file shall only be preceded by other preprocessor directives or comments.
</Message>
</Rule>

<Rule Name="19.1" Mode="advisory" Report="warning" Id="7">
<Loc File="C:\Component\Working\CM620B_MotAg0Meas_Impl\src\CDD_MotAg0Meas.c" Line="1518" Column="0">
</Loc>
<Message>
#include statements in a file shall only be preceded by other preprocessor directives or comments.
</Message>
</Rule>

<Rule Name="19.1" Mode="advisory" Report="warning" Id="8">
<Loc File="C:\Component\Working\CM620B_MotAg0Meas_Impl\src\CDD_MotAg0Meas.c" Line="1527" Column="0">
</Loc>
<Message>
#include statements in a file shall only be preceded by other preprocessor directives or comments.
</Message>
</Rule>

<Rule Name="5.1" Mode="required" Report="warning" Id="9">
<Loc File="C:\Component\Working\CM620B_MotAg0Meas_Impl\src\CDD_MotAg0Meas.c" Line="1551" Column="15">
</Loc>
<Message>
Identifiers "MotAgTurnCntrRollgCntr_Cnt_T_u08" (CDD_MotAg0Meas.c line 1551 column 15) and "MotAgTurnCntrRollgCntr_Cnt_T_u08" (CDD_MotAg0Meas.c line 184 column 15) have the same first 32 characters.
</Message>
</Rule>

<Rule Name="1.1" Mode="required" Report="warning" Id="10">
<Loc File="C:\Component\Working\CM620B_MotAg0Meas_Impl\src\CDD_MotAg0Meas.c" Line="1946" Column="19">
</Loc>
<Message>
All code shall conform to ISO 9899:1990 Programming languages  C,
amended and corrected by ISO/IEC 9899/COR1:1995, ISO/IEC 9899/AMD1:1995,
and ISO/IEC 9899/COR2:1996.
Keyword 'inline' should not be used.
</Message>
</Rule>

<Rule Name="19.1" Mode="advisory" Report="warning" Id="11">
<Loc File="C:\Component\Working\CM620B_MotAg0Meas_Impl\src\CDD_MotAg0Meas.c" Line="2089" Column="0">
</Loc>
<Message>
#include statements in a file shall only be preceded by other preprocessor directives or comments.
</Message>
</Rule>

</CodeStruct>

<CodeStruct Name="" File="C:\Component\Working\CM620B_MotAg0Meas_Impl\include\CDD_MotAg0Meas_MotCtrl_MemMap.h" Line="0" Column="0">

<Rule Name="19.15" Mode="required" Report="warning" Id="3">
<Loc File="C:\Component\Working\CM620B_MotAg0Meas_Impl\include\CDD_MotAg0Meas_MotCtrl_MemMap.h" Line="1" Column="0">
</Loc>
<Message>
Precautions shall be taken in order to prevent the contents of a header file being included twice.
</Message>
</Rule>

<Rule Name="19.6" Mode="required" Report="warning" Id="4">
<Loc File="C:\Component\Working\CM620B_MotAg0Meas_Impl\include\CDD_MotAg0Meas_MotCtrl_MemMap.h" Line="25" Column="0">
</Loc>
<Message>
#undef shall not be used.
</Message>
</Rule>

<Rule Name="19.6" Mode="required" Report="warning" Id="5">
<Loc File="C:\Component\Working\CM620B_MotAg0Meas_Impl\include\CDD_MotAg0Meas_MotCtrl_MemMap.h" Line="31" Column="0">
</Loc>
<Message>
#undef shall not be used.
</Message>
</Rule>

</CodeStruct>

<CodeStruct Name="" File="C:\Component\Working\CM620B_MotAg0Meas_Impl\src\CDD_MotAg0Meas_MotCtrl.c" Line="0" Column="0">

<Rule Name="19.1" Mode="advisory" Report="warning" Id="1">
<Loc File="C:\Component\Working\CM620B_MotAg0Meas_Impl\src\CDD_MotAg0Meas_MotCtrl.c" Line="60" Column="0">
</Loc>
<Message>
#include statements in a file shall only be preceded by other preprocessor directives or comments.
</Message>
</Rule>

<Rule Name="19.1" Mode="advisory" Report="warning" Id="2">
<Loc File="C:\Component\Working\CM620B_MotAg0Meas_Impl\src\CDD_MotAg0Meas_MotCtrl.c" Line="319" Column="0">
</Loc>
<Message>
#include statements in a file shall only be preceded by other preprocessor directives or comments.
</Message>
</Rule>

</CodeStruct>

<CodeStruct Name="MotAg0MeasInit1" File="C:\Component\Working\CM620B_MotAg0Meas_Impl\src\CDD_MotAg0Meas.c" Line="1031" Column="5">

<Rule Name="11.3" Mode="advisory" Report="warning" Id="12">
<Loc File="C:\Component\Working\CM620B_MotAg0Meas_Impl\src\CDD_MotAg0Meas.c" Line="1166" Column="33">
</Loc>
<Message>
A cast should not be performed between a pointer type and an integral type.
</Message>
</Rule>

</CodeStruct>

<CodeStruct Name="MotAg0MeasPer1" File="C:\Component\Working\CM620B_MotAg0Meas_Impl\src\CDD_MotAg0Meas_MotCtrl.c" Line="81" Column="5">

<Rule Name="13.7" Mode="required" Report="warning" Id="13">
<Loc File="C:\Component\Working\CM620B_MotAg0Meas_Impl\src\CDD_MotAg0Meas_MotCtrl.c" Line="133" Column="10">
</Loc>
<Message>
Boolean operations whose results are invariant shall not be permitted.
</Message>
</Rule>

<Rule Name="13.7" Mode="required" Report="warning" Id="14">
<Loc File="C:\Component\Working\CM620B_MotAg0Meas_Impl\src\CDD_MotAg0Meas_MotCtrl.c" Line="133" Column="14">
</Loc>
<Message>
Boolean operations whose results are invariant shall not be permitted.
</Message>
</Rule>

</CodeStruct>

<CodeStruct Name="MotAg0CoeffTblWr_Oper" File="C:\Component\Working\CM620B_MotAg0Meas_Impl\src\CDD_MotAg0Meas.c" Line="946" Column="5">

<Rule Name="12.12" Mode="required" Report="warning" Id="15">
<Loc File="C:\Component\Working\CM620B_MotAg0Meas_Impl\src\CDD_MotAg0Meas.c" Line="955" Column="110">
</Loc>
<Message>
The underlying bit representations of floating-point values shall not be used.
</Message>
</Rule>

<Rule Name="12.12" Mode="required" Report="warning" Id="16">
<Loc File="C:\Component\Working\CM620B_MotAg0Meas_Impl\src\CDD_MotAg0Meas.c" Line="955" Column="179">
</Loc>
<Message>
The underlying bit representations of floating-point values shall not be used.
</Message>
</Rule>

<Rule Name="12.12" Mode="required" Report="warning" Id="17">
<Loc File="C:\Component\Working\CM620B_MotAg0Meas_Impl\src\CDD_MotAg0Meas.c" Line="957" Column="60">
</Loc>
<Message>
The underlying bit representations of floating-point values shall not be used.
</Message>
</Rule>

</CodeStruct>

<CodeStruct Name="CalcCorrnTbl" File="C:\Component\Working\CM620B_MotAg0Meas_Impl\src\CDD_MotAg0Meas.c" Line="1946" Column="19">

<Rule Name="12.12" Mode="required" Report="warning" Id="18">
<Loc File="C:\Component\Working\CM620B_MotAg0Meas_Impl\src\CDD_MotAg0Meas.c" Line="1979" Column="111">
</Loc>
<Message>
The underlying bit representations of floating-point values shall not be used.
</Message>
</Rule>

<Rule Name="12.12" Mode="required" Report="warning" Id="19">
<Loc File="C:\Component\Working\CM620B_MotAg0Meas_Impl\src\CDD_MotAg0Meas.c" Line="1980" Column="113">
</Loc>
<Message>
The underlying bit representations of floating-point values shall not be used.
</Message>
</Rule>

<Rule Name="12.12" Mode="required" Report="warning" Id="20">
<Loc File="C:\Component\Working\CM620B_MotAg0Meas_Impl\src\CDD_MotAg0Meas.c" Line="1987" Column="117">
</Loc>
<Message>
The underlying bit representations of floating-point values shall not be used.
</Message>
</Rule>

<Rule Name="12.12" Mode="required" Report="warning" Id="21">
<Loc File="C:\Component\Working\CM620B_MotAg0Meas_Impl\src\CDD_MotAg0Meas.c" Line="1988" Column="117">
</Loc>
<Message>
The underlying bit representations of floating-point values shall not be used.
</Message>
</Rule>

</CodeStruct>

<CodeStruct Name="CalcCorrnTbl__inlined_CDD_MotAg0Meas" File="C:\Component\Working\CM620B_MotAg0Meas_Impl\src\CDD_MotAg0Meas.c" Line="1946" Column="19">

<Rule Name="9.1" Mode="required" Report="warning" Id="25">
<Loc File="C:\Component\Working\CM620B_MotAg0Meas_Impl\src\CDD_MotAg0Meas.c" Line="1986" Column="91">
</Loc>
<Message>
All automatic variables shall have been assigned a value before being used.
</Message>
</Rule>

<Rule Name="9.1" Mode="required" Report="warning" Id="26">
<Loc File="C:\Component\Working\CM620B_MotAg0Meas_Impl\src\CDD_MotAg0Meas.c" Line="2006" Column="42">
</Loc>
<Message>
All automatic variables shall have been assigned a value before being used.
</Message>
</Rule>

<Rule Name="9.1" Mode="required" Report="warning" Id="27">
<Loc File="C:\Component\Working\CM620B_MotAg0Meas_Impl\src\CDD_MotAg0Meas.c" Line="2024" Column="75">
</Loc>
<Message>
All automatic variables shall have been assigned a value before being used.
</Message>
</Rule>

<Rule Name="9.1" Mode="required" Report="warning" Id="28">
<Loc File="C:\Component\Working\CM620B_MotAg0Meas_Impl\src\CDD_MotAg0Meas.c" Line="2025" Column="75">
</Loc>
<Message>
All automatic variables shall have been assigned a value before being used.
</Message>
</Rule>

<Rule Name="21.1" Mode="required" Report="warning" Id="29">
<Loc File="C:\Component\Working\CM620B_MotAg0Meas_Impl\src\CDD_MotAg0Meas.c" Line="2039" Column="92">
</Loc>
<Message>
Minimisation of run-time failures.
</Message>
</Rule>

<Rule Name="9.1" Mode="required" Report="warning" Id="30">
<Loc File="C:\Component\Working\CM620B_MotAg0Meas_Impl\src\CDD_MotAg0Meas.c" Line="2058" Column="124">
</Loc>
<Message>
All automatic variables shall have been assigned a value before being used.
</Message>
</Rule>

<Rule Name="9.1" Mode="required" Report="warning" Id="31">
<Loc File="C:\Component\Working\CM620B_MotAg0Meas_Impl\src\CDD_MotAg0Meas.c" Line="2064" Column="62">
</Loc>
<Message>
All automatic variables shall have been assigned a value before being used.
</Message>
</Rule>

<Rule Name="21.1" Mode="required" Report="warning" Id="32">
<Loc File="C:\Component\Working\CM620B_MotAg0Meas_Impl\src\CDD_MotAg0Meas.c" Line="2070" Column="139">
</Loc>
<Message>
Minimisation of run-time failures.
</Message>
</Rule>

</CodeStruct>

<CodeStruct Name="MotAg0CoeffTblRead_Oper" File="C:\Component\Working\CM620B_MotAg0Meas_Impl\src\CDD_MotAg0Meas.c" Line="890" Column="5">

<Rule Name="12.12" Mode="required" Report="warning" Id="22">
<Loc File="C:\Component\Working\CM620B_MotAg0Meas_Impl\src\CDD_MotAg0Meas.c" Line="899" Column="110">
</Loc>
<Message>
The underlying bit representations of floating-point values shall not be used.
</Message>
</Rule>

<Rule Name="12.12" Mode="required" Report="warning" Id="23">
<Loc File="C:\Component\Working\CM620B_MotAg0Meas_Impl\src\CDD_MotAg0Meas.c" Line="899" Column="179">
</Loc>
<Message>
The underlying bit representations of floating-point values shall not be used.
</Message>
</Rule>

<Rule Name="12.12" Mode="required" Report="warning" Id="24">
<Loc File="C:\Component\Working\CM620B_MotAg0Meas_Impl\src\CDD_MotAg0Meas.c" Line="901" Column="98">
</Loc>
<Message>
The underlying bit representations of floating-point values shall not be used.
</Message>
</Rule>

</CodeStruct>

</MISRA-C-Report>
