<?xml version="1.0" encoding="UTF-8"?>
<Navig version="1.0">
<Files>
<F id="1" n="C:\Program Files\MATLAB\R2013b\polyspace\verifier\cxx\cinclude\stdarg.h"/>
<F id="2" n="C:\Nimmy\Autocode\BMW\BMW_Production\SF067\AR201A_ArCplrSuprt_Impl\include\ASR4.0.3\Platform_Types.h"/>
<F id="3" n="C:\Nimmy\Autocode\BMW\BMW_Production\SF067\AR200A_ArSuprt_Impl\include\ASR4.0.3\Std_Types.h"/>
<F id="4" n="C:\Nimmy\Autocode\BMW\BMW_Production\SF067\SF067A_MotTqCalc_Impl\tools\local\generate\Rte_MotTqCalcd.h"/>
<F id="5" n="C:\Nimmy\Autocode\BMW\BMW_Production\SF067\TL103A_CplrSuprt\include\2013.5.5\ansi\math.h"/>
<F id="6" n="C:\Nimmy\Autocode\BMW\BMW_Production\SF067\SF067A_MotTqCalc_Impl\tools\local\generate\Rte_Stubs.h"/>
<F id="7" n="C:\Nimmy\Autocode\BMW\BMW_Production\SF067\AR100A_NxtrMath_Impl\include\NxtrMath.h"/>
<F id="8" n="C:\Nimmy\Autocode\BMW\BMW_Production\SF067\SF067A_MotTqCalc_Impl\src\MotTqCalcd.c"/>
<F id="9" n="C:\Nimmy\Autocode\BMW\BMW_Production\SF067\SF067A_MotTqCalc_Impl\tools\local\generate\Rte_Stubs.c"/>
<F id="10" n="C-STUBS\__polyspace__stdstubs.c"/>
<F id="11" n="C:\Nimmy\Autocode\BMW\BMW_Production\SF067\TL103A_CplrSuprt\include\2013.5.5\ansi\float.h"/>
<F id="12" n="C:\Program Files\MATLAB\R2013b\polyspace\verifier\cxx\cinclude\__polyspace__std_decls.h"/>
<F id="13" n="C:\Program Files\MATLAB\R2013b\polyspace\verifier\cxx\cinclude\assert.h"/>
<F id="14" n="C:\Program Files\MATLAB\R2013b\polyspace\verifier\cxx\cinclude\__polyspace__libc_defs.h"/>
<F id="15" n="C:\Nimmy\Autocode\BMW\BMW_Production\SF067\SF067A_MotTqCalc_Impl\include\MotTqCalcd.h"/>
<F id="16" n="C:\Nimmy\Autocode\BMW\BMW_Production\SF067\SF067A_MotTqCalc_Impl\tools\local\include\rtwtypes.h"/>
<F id="17" n="C:\Nimmy\Autocode\BMW\BMW_Production\SF067\SF067A_MotTqCalc_Impl\tools\local\generate\Rte_MotTqCalcd_Type.h"/>
<F id="18" n="C:\Nimmy\Autocode\BMW\BMW_Production\SF067\SF067A_MotTqCalc_Impl\tools\local\generate\Rte_Type.h"/>
<F id="19" n="C:\Nimmy\Autocode\BMW\BMW_Production\SF067\SF067A_MotTqCalc_Impl\tools\local\generate\Rte.h"/>
<F id="20" n="C:\Nimmy\Autocode\BMW\BMW_Production\SF067\AR201A_ArCplrSuprt_Impl\include\ASR4.0.3\Compiler.h"/>
<F id="21" n="C:\Nimmy\Autocode\BMW\BMW_Production\SF067\AR201A_ArCplrSuprt_Impl\tools\contract\Compiler_Cfg.h"/>
<F id="22" n="C:\Nimmy\Autocode\BMW\BMW_Production\SF067\SF067A_MotTqCalc_Impl\tools\local\generate\Rte_DataHandleType.h"/>
<F id="23" n="C:\Nimmy\Autocode\BMW\BMW_Production\SF067\AR200A_ArSuprt_Impl\tools\contract\MemMap.h"/>
<F id="24" n="C:\Nimmy\Autocode\BMW\BMW_Production\SF067\SF067A_MotTqCalc_Impl\tools\local\generate\MotTqCalcd_MemMap.h"/>
<F id="25" n="C:\Nimmy\Autocode\BMW\BMW_Production\SF067\AR999A_ArchGlbPrm_Impl\include\ArchGlbPrm.h"/>
</Files>
<Definitions>
<D id="1" f="10" l="420" c="14" n="_polyspace_random_char" t="5" d="1"/>
<D id="2" f="10" l="430" c="34" n="random" t="4" d="1"/>
<D id="3" f="10" l="452" c="23" n="_polyspace_random_ulong" t="5" d="1"/>
<D id="4" f="7" l="561" c="104" n="RngLo" t="4" d="1"/>
<D id="5" f="10" l="422" c="25" n="random" t="4" d="1"/>
<D id="6" f="10" l="436" c="13" n="_polyspace_random_int" t="5" d="1"/>
<D id="7" f="7" l="562" c="104" n="RngHi" t="4" d="1"/>
<D id="8" f="10" l="444" c="14" n="_polyspace_random_long" t="5" d="1"/>
<D id="9" f="10" l="3506" c="4" n="__polyspace_nb_varargs" t="1" d="1"/>
<D id="10" f="10" l="428" c="23" n="_polyspace_random_uchar" t="5" d="1"/>
<D id="11" f="7" l="637" c="104" n="Denom" t="4" d="1"/>
<D id="12" f="7" l="654" c="105" n="SinVal" t="4" d="1"/>
<D id="13" f="10" l="454" c="34" n="random" t="4" d="1"/>
<D id="14" f="7" l="655" c="105" n="CosVal" t="4" d="1"/>
<D id="15" f="7" l="576" c="104" n="Denom" t="4" d="1"/>
<D id="16" f="10" l="461" c="27" n="random" t="4" d="1"/>
<D id="17" f="10" l="438" c="24" n="random" t="4" d="1"/>
<D id="18" f="10" l="3505" c="7" n="__polyspace_vararg" t="1" d="1"/>
<D id="19" f="10" l="446" c="25" n="random" t="4" d="1"/>
<D id="20" f="10" l="459" c="16" n="_polyspace_random_double" t="5" d="1"/>
<D id="21" f="10" l="6851" c="14" n="_polyspace_compare_function_type" t="7" d="1"/>
<D id="22" f="4" l="50" c="7" n="Rte_CDS_MotTqCalcd" t="6" d="1"/>
<D id="23" f="9" l="18" c="5" n="Rte_Stub" t="2" d="1"/>
<D id="24" f="8" l="93" c="5" n="MotTqCalcdPer1" t="2" d="1"/>
<D id="25" f="4" l="53" c="8" n="_dummy" t="9" d="1"/>
<D id="26" f="8" l="87" c="5" n="MotTqCalcdInit1" t="2" d="1"/>
<D id="27" f="10" l="11311" c="21" n="HUGE_VAL" t="1" d="1"/>
<D id="28" f="10" l="11312" c="21" n="HUGE_VALF" t="1" d="1"/>
<D id="29" f="10" l="11313" c="21" n="HUGE_VALL" t="1" d="1"/>
<D id="30" f="10" l="11293" c="12" n="_polyspace_random_long_double" t="2" d="1"/>
<D id="31" f="10" l="12155" c="16" n="__polyspace_absolute_address" t="1" d="1"/>
<D id="32" f="10" l="11295" c="23" n="random" t="4" d="1"/>
<D id="33" f="6" l="32" c="19" n="MotTqCalcd_Cal_SysGlbPrmMotPoleCnt" t="1" d="0"/>
<D id="34" f="3" l="141" c="2" n="Std_VersionInfoType" t="7" d="1"/>
<D id="35" f="6" l="20" c="15" n="MotTqCalcd_Ip_MotBackEmfConEstimd" t="1" d="0"/>
<D id="36" f="6" l="21" c="15" n="MotTqCalcd_Ip_MotCurrDax" t="1" d="0"/>
<D id="37" f="6" l="22" c="15" n="MotTqCalcd_Ip_MotCurrDaxCmd" t="1" d="0"/>
<D id="38" f="6" l="23" c="15" n="MotTqCalcd_Ip_MotCurrQax" t="1" d="0"/>
<D id="39" f="8" l="96" c="10" n="rtb_Merge" t="4" d="1"/>
<D id="40" f="8" l="100" c="8" n="rtb_TmpSignalConversionAtMotAnd" t="4" d="1"/>
<D id="41" f="1" l="45" c="14" n="__va_list" t="7" d="1"/>
<D id="42" f="4" l="64" c="41" n="Rte_Instance" t="7" d="1"/>
<D id="43" f="6" l="24" c="15" n="MotTqCalcd_Ip_MotCurrQaxCmd" t="1" d="0"/>
<D id="44" f="8" l="97" c="10" n="tmpRead" t="4" d="1"/>
<D id="45" f="6" l="19" c="13" n="MotTqCalcd_Ip_MotAndThermProtnLoaMod" t="1" d="0"/>
<D id="46" f="6" l="25" c="15" n="MotTqCalcd_Ip_MotInduDaxEstimd" t="1" d="0"/>
<D id="47" f="8" l="98" c="10" n="tmpRead_0" t="4" d="1"/>
<D id="48" f="6" l="26" c="15" n="MotTqCalcd_Ip_MotInduQaxEstimd" t="1" d="0"/>
<D id="49" f="8" l="99" c="10" n="tmpWrite" t="4" d="1"/>
<D id="50" f="1" l="50" c="18" n="__gnuc_va_list" t="7" d="1"/>
<D id="51" f="5" l="51" c="17" n="double_t" t="7" d="1"/>
<D id="52" f="5" l="52" c="17" n="float_t" t="7" d="1"/>
<D id="53" f="5" l="731" c="6" n="expf" t="2" d="0"/>
<D id="54" f="5" l="741" c="6" n="sqrtf" t="2" d="0"/>
<D id="55" f="6" l="29" c="15" n="MotTqCalcd_Op_MotTqEstimd" t="1" d="0"/>
<D id="56" f="5" l="742" c="6" n="fabsf" t="2" d="0"/>
<D id="57" f="5" l="724" c="6" n="atan2f" t="2" d="0"/>
<D id="58" f="5" l="725" c="6" n="cosf" t="2" d="0"/>
<D id="59" f="8" l="275" c="5" n="MotTqCalcd_Init" t="2" d="1"/>
<D id="60" f="5" l="726" c="6" n="sinf" t="2" d="0"/>
<D id="61" f="1" l="49" c="18" n="va_list" t="7" d="1"/>
<D id="62" f="5" l="748" c="6" n="fmodf" t="2" d="0"/>
<D id="63" f="8" l="101" c="10" n="rtb_TmpSignalConversionAtMotI_e" t="4" d="1"/>
<D id="64" f="8" l="102" c="10" n="rtb_TmpSignalConversionAtMotInd" t="4" d="1"/>
<D id="65" f="3" l="140" c="10" n="sw_patch_version" t="9" d="1"/>
<D id="66" f="8" l="103" c="10" n="rtb_TmpSignalConversionAtMotBac" t="4" d="1"/>
<D id="67" f="10" l="31" c="21" n="wchar_t" t="7" d="1"/>
<D id="68" f="2" l="110" c="31" n="sint8" t="7" d="1"/>
<D id="69" f="8" l="104" c="10" n="rtb_TmpSignalConversionAtMotA_0" t="4" d="1"/>
<D id="70" f="2" l="120" c="31" n="uint16_least" t="7" d="1"/>
<D id="71" f="2" l="111" c="31" n="uint8" t="7" d="1"/>
<D id="72" f="8" l="105" c="10" n="rtb_TmpSignalConversionAtMotA_1" t="4" d="1"/>
<D id="73" f="2" l="121" c="31" n="sint32_least" t="7" d="1"/>
<D id="74" f="2" l="112" c="31" n="sint16" t="7" d="1"/>
<D id="75" f="8" l="106" c="10" n="rtb_TmpSignalConversionAtMotA_2" t="4" d="1"/>
<D id="76" f="2" l="131" c="31" n="float32" t="7" d="1"/>
<D id="77" f="2" l="122" c="31" n="uint32_least" t="7" d="1"/>
<D id="78" f="7" l="410" c="31" n="Inp1" t="4" d="1"/>
<D id="79" f="2" l="113" c="31" n="uint16" t="7" d="1"/>
<D id="80" f="3" l="136" c="10" n="vendorID" t="9" d="1"/>
<D id="81" f="2" l="132" c="31" n="float64" t="7" d="1"/>
<D id="82" f="10" l="402" c="4" n="errno" t="1" d="1"/>
<D id="83" f="2" l="114" c="31" n="sint32" t="7" d="1"/>
<D id="84" f="10" l="26" c="21" n="size_t" t="7" d="1"/>
<D id="85" f="7" l="306" c="29" n="Inp1" t="4" d="1"/>
<D id="86" f="3" l="137" c="10" n="moduleID" t="9" d="1"/>
<D id="87" f="7" l="233" c="39" n="Inp" t="4" d="1"/>
<D id="88" f="2" l="115" c="31" n="uint32" t="7" d="1"/>
<D id="89" f="3" l="138" c="10" n="sw_major_version" t="9" d="1"/>
<D id="90" f="3" l="132" c="14" n="Std_ReturnType" t="7" d="1"/>
<D id="91" f="7" l="332" c="31" n="Inp1" t="4" d="1"/>
<D id="92" f="7" l="490" c="29" n="Inp" t="4" d="1"/>
<D id="93" f="3" l="125" c="22" n="StatusType" t="7" d="1"/>
<D id="94" f="10" l="28" c="12" n="ptrdiff_t" t="7" d="1"/>
<D id="95" f="3" l="139" c="10" n="sw_minor_version" t="9" d="1"/>
<D id="96" f="7" l="600" c="33" n="Inp" t="4" d="1"/>
<D id="97" f="7" l="423" c="31" n="Inp1" t="4" d="1"/>
<D id="98" f="7" l="504" c="31" n="Inp" t="4" d="1"/>
<D id="99" f="2" l="117" c="31" n="sint8_least" t="7" d="1"/>
<D id="100" f="7" l="532" c="31" n="Inp" t="4" d="1"/>
<D id="101" f="2" l="108" c="31" n="boolean" t="7" d="1"/>
<D id="102" f="7" l="220" c="16" n="Abslt_u32_s32" t="2" d="1"/>
<D id="103" f="7" l="293" c="29" n="Inp1" t="4" d="1"/>
<D id="104" f="2" l="118" c="31" n="uint8_least" t="7" d="1"/>
<D id="105" f="7" l="410" c="16" n="Max_s16" t="2" d="1"/>
<D id="106" f="7" l="384" c="29" n="Inp1" t="4" d="1"/>
<D id="107" f="2" l="119" c="31" n="sint16_least" t="7" d="1"/>
<D id="108" f="7" l="612" c="33" n="Inp" t="4" d="1"/>
<D id="109" f="7" l="345" c="31" n="Inp1" t="4" d="1"/>
<D id="110" f="7" l="600" c="17" n="Cos_f32" t="2" d="1"/>
<D id="111" f="7" l="436" c="31" n="Inp1" t="4" d="1"/>
<D id="112" f="7" l="476" c="29" n="Inp" t="4" d="1"/>
<D id="113" f="7" l="560" c="33" n="Inp" t="4" d="1"/>
<D id="114" f="7" l="169" c="20" n="NXTRMATH_SINCNVNCONTBL_ULS_U16" t="1" d="0"/>
<D id="115" f="7" l="306" c="15" n="Min_u08" t="2" d="1"/>
<D id="116" f="7" l="332" c="16" n="Min_u16" t="2" d="1"/>
<D id="117" f="7" l="319" c="31" n="Inp1" t="4" d="1"/>
<D id="118" f="7" l="371" c="33" n="Inp1" t="4" d="1"/>
<D id="119" f="7" l="180" c="34" n="Inp1" t="4" d="1"/>
<D id="120" f="7" l="518" c="31" n="Inp" t="4" d="1"/>
<D id="121" f="7" l="281" c="15" n="Sign_s08_f32" t="2" d="1"/>
<D id="122" f="7" l="423" c="16" n="Max_u16" t="2" d="1"/>
<D id="123" f="7" l="504" c="16" n="Lim_s16" t="2" d="1"/>
<D id="124" f="7" l="546" c="31" n="Inp" t="4" d="1"/>
<D id="125" f="7" l="220" c="37" n="Inp" t="4" d="1"/>
<D id="126" f="7" l="462" c="33" n="Inp1" t="4" d="1"/>
<D id="127" f="7" l="532" c="16" n="Lim_s32" t="2" d="1"/>
<D id="128" f="7" l="653" c="14" n="SinCos_f32" t="2" d="1"/>
<D id="129" f="7" l="397" c="29" n="Inp1" t="4" d="1"/>
<D id="130" f="7" l="245" c="15" n="Sign_s08_s08" t="2" d="1"/>
<D id="131" f="7" l="490" c="15" n="Lim_u08" t="2" d="1"/>
<D id="132" f="7" l="612" c="17" n="Exp_f32" t="2" d="1"/>
<D id="133" f="7" l="207" c="16" n="Abslt_u16_s16" t="2" d="1"/>
<D id="134" f="7" l="233" c="17" n="Abslt_f32_f32" t="2" d="1"/>
<D id="135" f="7" l="781" c="14" n="SignFlip_Cnt_T_s08" t="4" d="1"/>
<D id="136" f="7" l="180" c="17" n="Blnd_f32" t="2" d="1"/>
<D id="137" f="7" l="358" c="31" n="Inp1" t="4" d="1"/>
<D id="138" f="7" l="653" c="33" n="Inp" t="4" d="1"/>
<D id="139" f="7" l="624" c="34" n="Inp" t="4" d="1"/>
<D id="140" f="7" l="245" c="34" n="Inp" t="4" d="1"/>
<D id="141" f="7" l="780" c="15" n="Theta_Cnt_T_u16" t="4" d="1"/>
<D id="142" f="7" l="560" c="17" n="Lim_f32" t="2" d="1"/>
<D id="143" f="7" l="449" c="31" n="Inp1" t="4" d="1"/>
<D id="144" f="7" l="293" c="15" n="Min_s08" t="2" d="1"/>
<D id="145" f="7" l="345" c="16" n="Min_s32" t="2" d="1"/>
<D id="146" f="7" l="371" c="17" n="Min_f32" t="2" d="1"/>
<D id="147" f="7" l="636" c="33" n="Numer" t="4" d="1"/>
<D id="148" f="7" l="660" c="17" n="InpSqd" t="4" d="1"/>
<D id="149" f="7" l="194" c="15" n="Abslt_u08_s08" t="2" d="1"/>
<D id="150" f="7" l="257" c="15" n="Sign_s08_s16" t="2" d="1"/>
<D id="151" f="7" l="384" c="15" n="Max_s08" t="2" d="1"/>
<D id="152" f="7" l="436" c="16" n="Max_s32" t="2" d="1"/>
<D id="153" f="7" l="462" c="17" n="Max_f32" t="2" d="1"/>
<D id="154" f="7" l="624" c="17" n="Sqrt_f32" t="2" d="1"/>
<D id="155" f="7" l="661" c="17" n="SinA" t="4" d="1"/>
<D id="156" f="7" l="281" c="36" n="Inp" t="4" d="1"/>
<D id="157" f="7" l="319" c="16" n="Min_s16" t="2" d="1"/>
<D id="158" f="7" l="518" c="16" n="Lim_u16" t="2" d="1"/>
<D id="159" f="7" l="662" c="17" n="CosA" t="4" d="1"/>
<D id="160" f="7" l="546" c="16" n="Lim_u32" t="2" d="1"/>
<D id="161" f="7" l="476" c="15" n="Lim_s08" t="2" d="1"/>
<D id="162" f="7" l="207" c="37" n="Inp" t="4" d="1"/>
<D id="163" f="7" l="782" c="16" n="SinVal_Uls_T_f32" t="4" d="1"/>
<D id="164" f="7" l="194" c="35" n="Inp" t="4" d="1"/>
<D id="165" f="7" l="320" c="95" n="Inp2" t="4" d="1"/>
<D id="166" f="7" l="663" c="17" n="Tmp" t="4" d="1"/>
<D id="167" f="7" l="269" c="15" n="Sign_s08_s32" t="2" d="1"/>
<D id="168" f="7" l="257" c="35" n="Inp" t="4" d="1"/>
<D id="169" f="7" l="636" c="17" n="Mod_f32" t="2" d="1"/>
<D id="170" f="7" l="358" c="16" n="Min_u32" t="2" d="1"/>
<D id="171" f="7" l="411" c="95" n="Inp2" t="4" d="1"/>
<D id="172" f="7" l="520" c="95" n="RngHi" t="4" d="1"/>
<D id="173" f="7" l="397" c="15" n="Max_u08" t="2" d="1"/>
<D id="174" f="7" l="449" c="16" n="Max_u32" t="2" d="1"/>
<D id="175" f="7" l="659" c="15" n="Normdn" t="4" d="1"/>
<D id="176" f="7" l="575" c="17" n="Arctan2_f32" t="2" d="1"/>
<D id="177" f="7" l="588" c="33" n="Inp" t="4" d="1"/>
<D id="178" f="7" l="658" c="16" n="n" t="4" d="1"/>
<D id="179" f="7" l="450" c="95" n="Inp2" t="4" d="1"/>
<D id="180" f="7" l="269" c="35" n="Inp" t="4" d="1"/>
<D id="181" f="7" l="333" c="95" n="Inp2" t="4" d="1"/>
<D id="182" f="7" l="424" c="95" n="Inp2" t="4" d="1"/>
<D id="183" f="7" l="505" c="95" n="RngLo" t="4" d="1"/>
<D id="184" f="7" l="533" c="95" n="RngLo" t="4" d="1"/>
<D id="185" f="7" l="575" c="37" n="Numer" t="4" d="1"/>
<D id="186" f="7" l="307" c="86" n="Inp2" t="4" d="1"/>
<D id="187" f="7" l="491" c="94" n="RngLo" t="4" d="1"/>
<D id="188" f="7" l="506" c="95" n="RngHi" t="4" d="1"/>
<D id="189" f="7" l="779" c="16" n="Theta_Rev_T_f32" t="4" d="1"/>
<D id="190" f="7" l="588" c="17" n="Sin_f32" t="2" d="1"/>
<D id="191" f="7" l="534" c="95" n="RngHi" t="4" d="1"/>
<D id="192" f="7" l="492" c="94" n="RngHi" t="4" d="1"/>
<D id="193" f="7" l="777" c="36" n="Ag" t="4" d="1"/>
<D id="194" f="7" l="777" c="18" n="SinLookup" t="2" d="1"/>
<D id="195" f="7" l="346" c="95" n="Inp2" t="4" d="1"/>
<D id="196" f="7" l="372" c="96" n="Inp2" t="4" d="1"/>
<D id="197" f="7" l="181" c="97" n="Inp2" t="4" d="1"/>
<D id="198" f="7" l="437" c="95" n="Inp2" t="4" d="1"/>
<D id="199" f="7" l="463" c="96" n="Inp2" t="4" d="1"/>
<D id="200" f="7" l="182" c="97" n="Fac" t="4" d="1"/>
<D id="201" f="7" l="294" c="86" n="Inp2" t="4" d="1"/>
<D id="202" f="7" l="519" c="95" n="RngLo" t="4" d="1"/>
<D id="203" f="7" l="547" c="95" n="RngLo" t="4" d="1"/>
<D id="204" f="7" l="385" c="86" n="Inp2" t="4" d="1"/>
<D id="205" f="7" l="477" c="94" n="RngLo" t="4" d="1"/>
<D id="206" f="7" l="548" c="95" n="RngHi" t="4" d="1"/>
<D id="207" f="7" l="478" c="94" n="RngHi" t="4" d="1"/>
<D id="208" f="7" l="359" c="95" n="Inp2" t="4" d="1"/>
<D id="209" f="7" l="398" c="86" n="Inp2" t="4" d="1"/>
</Definitions>
<Uses>
<U id="1" f="10" l="431" c="11" d="2" a="0"/>
<U id="2" f="10" l="423" c="11" d="5" a="0"/>
<U id="3" f="10" l="462" c="11" d="16" a="0"/>
<U id="4" f="10" l="455" c="11" d="13" a="0"/>
<U id="5" f="10" l="447" c="11" d="19" a="0"/>
<U id="6" f="10" l="439" c="11" d="17" a="0"/>
<U id="7" f="4" l="90" c="0" d="90" a="0"/>
<U id="8" f="4" l="91" c="0" d="90" a="0"/>
<U id="9" f="9" l="20" c="4" d="26" a="0"/>
<U id="10" f="4" l="92" c="0" d="90" a="0"/>
<U id="11" f="9" l="21" c="4" d="24" a="0"/>
<U id="12" f="4" l="53" c="2" d="71" a="0"/>
<U id="13" f="4" l="93" c="0" d="90" a="0"/>
<U id="14" f="4" l="94" c="0" d="90" a="0"/>
<U id="15" f="4" l="95" c="0" d="90" a="0"/>
<U id="16" f="6" l="20" c="7" d="76" a="0"/>
<U id="17" f="4" l="96" c="0" d="90" a="0"/>
<U id="18" f="6" l="21" c="7" d="76" a="0"/>
<U id="19" f="4" l="97" c="0" d="71" a="0"/>
<U id="20" f="4" l="88" c="0" d="90" a="0"/>
<U id="21" f="6" l="22" c="7" d="76" a="0"/>
<U id="22" f="1" l="50" c="8" d="41" a="0"/>
<U id="23" f="4" l="89" c="0" d="90" a="0"/>
<U id="24" f="6" l="23" c="7" d="76" a="0"/>
<U id="25" f="6" l="24" c="7" d="76" a="0"/>
<U id="26" f="8" l="96" c="2" d="76" a="0"/>
<U id="27" f="6" l="25" c="7" d="76" a="0"/>
<U id="28" f="8" l="97" c="2" d="76" a="0"/>
<U id="29" f="6" l="26" c="7" d="76" a="0"/>
<U id="30" f="8" l="98" c="2" d="76" a="0"/>
<U id="31" f="1" l="84" c="7" d="61" a="0"/>
<U id="32" f="8" l="99" c="2" d="76" a="0"/>
<U id="33" f="6" l="19" c="7" d="71" a="0"/>
<U id="34" f="6" l="29" c="7" d="76" a="0"/>
<U id="35" f="1" l="49" c="8" d="41" a="0"/>
<U id="36" f="10" l="11296" c="9" d="32" a="0"/>
<U id="37" f="8" l="100" c="2" d="71" a="0"/>
<U id="38" f="8" l="101" c="2" d="76" a="0"/>
<U id="39" f="8" l="102" c="2" d="76" a="0"/>
<U id="40" f="8" l="103" c="2" d="76" a="0"/>
<U id="41" f="3" l="140" c="3" d="71" a="0"/>
<U id="42" f="8" l="104" c="2" d="101" a="0"/>
<U id="43" f="8" l="105" c="2" d="101" a="0"/>
<U id="44" f="6" l="32" c="13" d="71" a="0"/>
<U id="45" f="8" l="106" c="2" d="101" a="0"/>
<U id="46" f="4" l="64" c="21" d="22" a="0"/>
<U id="47" f="1" l="84" c="39" d="61" a="0"/>
<U id="48" f="8" l="141" c="4" d="69" a="1"/>
<U id="49" f="8" l="250" c="4" d="39" a="1"/>
<U id="50" f="4" l="90" c="50" d="76" a="0"/>
<U id="51" f="8" l="160" c="4" d="72" a="1"/>
<U id="52" f="8" l="223" c="4" d="39" a="1"/>
<U id="53" f="4" l="160" c="5" d="26" a="0"/>
<U id="54" f="3" l="136" c="3" d="79" a="0"/>
<U id="55" f="4" l="92" c="50" d="76" a="0"/>
<U id="56" f="3" l="137" c="3" d="79" a="0"/>
<U id="57" f="8" l="201" c="8" d="69" a="0"/>
<U id="58" f="8" l="114" c="6" d="40" a="1"/>
<U id="59" f="8" l="265" c="2" d="49" a="1"/>
<U id="60" f="8" l="203" c="7" d="75" a="0"/>
<U id="61" f="3" l="138" c="3" d="71" a="0"/>
<U id="62" f="8" l="145" c="4" d="69" a="1"/>
<U id="63" f="8" l="202" c="8" d="72" a="0"/>
<U id="64" f="8" l="124" c="6" d="63" a="1"/>
<U id="65" f="8" l="251" c="6" d="64" a="0"/>
<U id="66" f="8" l="164" c="4" d="72" a="1"/>
<U id="67" f="3" l="132" c="8" d="71" a="0"/>
<U id="68" f="3" l="139" c="3" d="71" a="0"/>
<U id="69" f="8" l="224" c="6" d="64" a="0"/>
<U id="70" f="8" l="183" c="4" d="75" a="1"/>
<U id="71" f="4" l="91" c="53" d="76" a="0"/>
<U id="72" f="8" l="232" c="8" d="47" a="1"/>
<U id="73" f="8" l="252" c="7" d="33" a="0"/>
<U id="74" f="4" l="89" c="59" d="76" a="0"/>
<U id="75" f="8" l="205" c="8" d="47" a="1"/>
<U id="76" f="4" l="93" c="53" d="76" a="0"/>
<U id="77" f="8" l="225" c="7" d="33" a="0"/>
<U id="78" f="8" l="233" c="8" d="44" a="1"/>
<U id="79" f="8" l="253" c="7" d="76" a="0"/>
<U id="80" f="8" l="206" c="8" d="44" a="1"/>
<U id="81" f="4" l="96" c="52" d="76" a="0"/>
<U id="82" f="7" l="812" c="8" d="141" a="1"/>
<U id="83" f="8" l="226" c="7" d="76" a="0"/>
<U id="84" f="8" l="119" c="6" d="64" a="1"/>
<U id="85" f="4" l="195" c="5" d="24" a="0"/>
<U id="86" f="7" l="660" c="8" d="76" a="0"/>
<U id="87" f="8" l="129" c="6" d="66" a="1"/>
<U id="88" f="7" l="661" c="8" d="76" a="0"/>
<U id="89" f="7" l="814" c="8" d="163" a="1"/>
<U id="90" f="4" l="88" c="62" d="71" a="0"/>
<U id="91" f="8" l="138" c="7" d="40" a="0"/>
<U id="92" f="8" l="179" c="4" d="75" a="1"/>
<U id="93" f="7" l="671" c="8" d="148" a="1"/>
<U id="94" f="7" l="662" c="8" d="76" a="0"/>
<U id="95" f="8" l="157" c="7" d="40" a="0"/>
<U id="96" f="7" l="780" c="8" d="79" a="0"/>
<U id="97" f="8" l="176" c="7" d="40" a="0"/>
<U id="98" f="7" l="663" c="8" d="76" a="0"/>
<U id="99" f="4" l="94" c="56" d="76" a="0"/>
<U id="100" f="7" l="781" c="8" d="68" a="0"/>
<U id="101" f="7" l="673" c="8" d="155" a="1"/>
<U id="102" f="8" l="139" c="8" d="71" a="0"/>
<U id="103" f="4" l="95" c="56" d="76" a="0"/>
<U id="104" f="7" l="782" c="8" d="76" a="0"/>
<U id="105" f="7" l="817" c="8" d="163" a="1"/>
<U id="106" f="8" l="158" c="8" d="71" a="0"/>
<U id="107" f="7" l="674" c="8" d="159" a="1"/>
<U id="108" f="8" l="177" c="8" d="71" a="0"/>
<U id="109" f="7" l="666" c="8" d="166" a="1"/>
<U id="110" f="7" l="784" c="8" d="189" a="1"/>
<U id="111" f="7" l="667" c="8" d="178" a="1"/>
<U id="112" f="7" l="658" c="8" d="83" a="0"/>
<U id="113" f="7" l="668" c="8" d="138" a="1"/>
<U id="114" f="7" l="659" c="8" d="71" a="0"/>
<U id="115" f="7" l="786" c="8" d="189" a="1"/>
<U id="116" f="7" l="669" c="8" d="175" a="1"/>
<U id="117" f="7" l="779" c="8" d="76" a="0"/>
<U id="118" f="7" l="220" c="9" d="88" a="0"/>
<U id="119" f="7" l="410" c="9" d="74" a="0"/>
<U id="120" f="7" l="600" c="9" d="76" a="0"/>
<U id="121" f="7" l="332" c="9" d="79" a="0"/>
<U id="122" f="7" l="612" c="9" d="76" a="0"/>
<U id="123" f="7" l="233" c="9" d="76" a="0"/>
<U id="124" f="7" l="400" c="30" d="129" a="0"/>
<U id="125" f="7" l="180" c="9" d="76" a="0"/>
<U id="126" f="7" l="423" c="9" d="79" a="0"/>
<U id="127" f="7" l="504" c="9" d="74" a="0"/>
<U id="128" f="7" l="220" c="30" d="83" a="0"/>
<U id="129" f="7" l="532" c="9" d="83" a="0"/>
<U id="130" f="7" l="306" c="9" d="71" a="0"/>
<U id="131" f="7" l="560" c="9" d="76" a="0"/>
<U id="132" f="7" l="210" c="40" d="79" a="0"/>
<U id="133" f="7" l="207" c="9" d="79" a="0"/>
<U id="134" f="8" l="233" c="19" d="36" a="0"/>
<U id="135" f="7" l="371" c="9" d="76" a="0"/>
<U id="136" f="8" l="250" c="20" d="44" a="0"/>
<U id="137" f="7" l="281" c="9" d="68" a="0"/>
<U id="138" f="7" l="400" c="22" d="209" a="0"/>
<U id="139" f="8" l="206" c="19" d="37" a="0"/>
<U id="140" f="7" l="210" c="59" d="162" a="0"/>
<U id="141" f="8" l="223" c="20" d="44" a="0"/>
<U id="142" f="7" l="462" c="9" d="76" a="0"/>
<U id="143" f="7" l="624" c="9" d="76" a="0"/>
<U id="144" f="8" l="141" c="39" d="101" a="0"/>
<U id="145" f="7" l="245" c="9" d="68" a="0"/>
<U id="146" f="7" l="490" c="9" d="71" a="0"/>
<U id="147" f="8" l="271" c="10" d="55" a="1"/>
<U id="148" f="7" l="322" c="30" d="117" a="0"/>
<U id="149" f="8" l="160" c="39" d="101" a="0"/>
<U id="150" f="7" l="345" c="9" d="83" a="0"/>
<U id="151" f="7" l="210" c="14" d="162" a="0"/>
<U id="152" f="7" l="400" c="14" d="129" a="0"/>
<U id="153" f="7" l="602" c="12" d="58" a="0"/>
<U id="154" f="8" l="232" c="21" d="38" a="0"/>
<U id="155" f="7" l="413" c="30" d="78" a="0"/>
<U id="156" f="7" l="710" c="49" d="155" a="0"/>
<U id="157" f="7" l="436" c="9" d="83" a="0"/>
<U id="158" f="7" l="522" c="30" d="172" a="0"/>
<U id="159" f="8" l="205" c="21" d="43" a="0"/>
<U id="160" f="7" l="210" c="33" d="162" a="0"/>
<U id="161" f="7" l="522" c="21" d="172" a="0"/>
<U id="162" f="7" l="293" c="9" d="68" a="0"/>
<U id="163" f="7" l="210" c="24" d="79" a="0"/>
<U id="164" f="7" l="550" c="30" d="206" a="0"/>
<U id="165" f="8" l="250" c="31" d="63" a="0"/>
<U id="166" f="7" l="319" c="9" d="74" a="0"/>
<U id="167" f="7" l="223" c="40" d="88" a="0"/>
<U id="168" f="7" l="322" c="22" d="165" a="0"/>
<U id="169" f="7" l="550" c="21" d="206" a="0"/>
<U id="170" f="7" l="711" c="49" d="155" a="0"/>
<U id="171" f="7" l="194" c="9" d="71" a="0"/>
<U id="172" f="7" l="518" c="9" d="79" a="0"/>
<U id="173" f="7" l="636" c="9" d="76" a="0"/>
<U id="174" f="7" l="361" c="30" d="137" a="0"/>
<U id="175" f="8" l="223" c="31" d="63" a="0"/>
<U id="176" f="7" l="257" c="9" d="68" a="0"/>
<U id="177" f="7" l="384" c="9" d="68" a="0"/>
<U id="178" f="7" l="546" c="9" d="88" a="0"/>
<U id="179" f="7" l="730" c="49" d="155" a="0"/>
<U id="180" f="8" l="271" c="39" d="49" a="0"/>
<U id="181" f="7" l="413" c="22" d="171" a="0"/>
<U id="182" f="7" l="522" c="40" d="120" a="0"/>
<U id="183" f="7" l="207" c="30" d="74" a="0"/>
<U id="184" f="7" l="233" c="31" d="76" a="0"/>
<U id="185" f="7" l="410" c="24" d="74" a="0"/>
<U id="186" f="7" l="223" c="59" d="125" a="0"/>
<U id="187" f="7" l="452" c="30" d="143" a="0"/>
<U id="188" f="7" l="550" c="40" d="124" a="0"/>
<U id="189" f="8" l="114" c="41" d="45" a="0"/>
<U id="190" f="7" l="480" c="30" d="207" a="0"/>
<U id="191" f="7" l="614" c="12" d="53" a="0"/>
<U id="192" f="7" l="731" c="49" d="155" a="0"/>
<U id="193" f="8" l="145" c="39" d="101" a="0"/>
<U id="194" f="7" l="235" c="12" d="56" a="0"/>
<U id="195" f="7" l="322" c="14" d="117" a="0"/>
<U id="196" f="7" l="480" c="21" d="207" a="0"/>
<U id="197" f="7" l="575" c="9" d="76" a="0"/>
<U id="198" f="7" l="335" c="30" d="91" a="0"/>
<U id="199" f="7" l="358" c="9" d="88" a="0"/>
<U id="200" f="7" l="184" c="29" d="200" a="0"/>
<U id="201" f="7" l="223" c="14" d="125" a="0"/>
<U id="202" f="7" l="361" c="22" d="208" a="0"/>
<U id="203" f="7" l="750" c="49" d="155" a="0"/>
<U id="204" f="8" l="124" c="41" d="48" a="0"/>
<U id="205" f="8" l="164" c="39" d="101" a="0"/>
<U id="206" f="7" l="476" c="9" d="68" a="0"/>
<U id="207" f="7" l="413" c="14" d="78" a="0"/>
<U id="208" f="7" l="426" c="30" d="97" a="0"/>
<U id="209" f="8" l="183" c="39" d="101" a="0"/>
<U id="210" f="7" l="194" c="29" d="68" a="0"/>
<U id="211" f="7" l="449" c="9" d="88" a="0"/>
<U id="212" f="7" l="600" c="25" d="76" a="0"/>
<U id="213" f="7" l="452" c="22" d="179" a="0"/>
<U id="214" f="7" l="480" c="40" d="112" a="0"/>
<U id="215" f="7" l="522" c="14" d="120" a="0"/>
<U id="216" f="7" l="805" c="12" d="189" a="0"/>
<U id="217" f="8" l="201" c="44" d="101" a="0"/>
<U id="218" f="7" l="751" c="49" d="155" a="0"/>
<U id="219" f="7" l="269" c="9" d="68" a="0"/>
<U id="220" f="7" l="223" c="33" d="125" a="0"/>
<U id="221" f="7" l="550" c="14" d="124" a="0"/>
<U id="222" f="7" l="590" c="12" d="60" a="0"/>
<U id="223" f="7" l="700" c="34" d="159" a="0"/>
<U id="224" f="8" l="203" c="43" d="101" a="0"/>
<U id="225" f="7" l="223" c="24" d="88" a="0"/>
<U id="226" f="7" l="309" c="30" d="85" a="0"/>
<U id="227" f="7" l="700" c="25" d="12" a="0"/>
<U id="228" f="7" l="335" c="22" d="181" a="0"/>
<U id="229" f="7" l="508" c="30" d="188" a="0"/>
<U id="230" f="7" l="306" c="23" d="71" a="0"/>
<U id="231" f="7" l="332" c="24" d="79" a="0"/>
<U id="232" f="7" l="361" c="14" d="137" a="0"/>
<U id="233" f="7" l="508" c="21" d="188" a="0"/>
<U id="234" f="7" l="715" c="49" d="155" a="0"/>
<U id="235" f="8" l="202" c="44" d="101" a="0"/>
<U id="236" f="7" l="271" c="14" d="180" a="0"/>
<U id="237" f="7" l="374" c="30" d="118" a="0"/>
<U id="238" f="7" l="536" c="30" d="191" a="0"/>
<U id="239" f="7" l="706" c="49" d="155" a="0"/>
<U id="240" f="7" l="397" c="9" d="71" a="0"/>
<U id="241" f="7" l="536" c="21" d="191" a="0"/>
<U id="242" f="7" l="626" c="12" d="54" a="0"/>
<U id="243" f="7" l="710" c="25" d="12" a="0"/>
<U id="244" f="7" l="820" c="15" d="163" a="0"/>
<U id="245" f="7" l="426" c="22" d="182" a="0"/>
<U id="246" f="7" l="564" c="30" d="7" a="0"/>
<U id="247" f="7" l="701" c="25" d="14" a="0"/>
<U id="248" f="7" l="423" c="24" d="79" a="0"/>
<U id="249" f="7" l="504" c="24" d="74" a="0"/>
<U id="250" f="7" l="575" c="29" d="76" a="0"/>
<U id="251" f="7" l="283" c="40" d="68" a="0"/>
<U id="252" f="7" l="452" c="14" d="143" a="0"/>
<U id="253" f="7" l="564" c="21" d="7" a="0"/>
<U id="254" f="7" l="705" c="50" d="155" a="0"/>
<U id="255" f="7" l="725" c="49" d="155" a="0"/>
<U id="256" f="7" l="465" c="30" d="126" a="0"/>
<U id="257" f="7" l="812" c="42" d="76" a="0"/>
<U id="258" f="7" l="532" c="24" d="83" a="0"/>
<U id="259" f="7" l="480" c="14" d="112" a="0"/>
<U id="260" f="7" l="508" c="40" d="98" a="0"/>
<U id="261" f="7" l="720" c="25" d="12" a="0"/>
<U id="262" f="8" l="266" c="21" d="76" a="0"/>
<U id="263" f="7" l="309" c="22" d="186" a="0"/>
<U id="264" f="7" l="711" c="25" d="14" a="0"/>
<U id="265" f="8" l="251" c="43" d="76" a="0"/>
<U id="266" f="7" l="271" c="24" d="68" a="0"/>
<U id="267" f="7" l="335" c="14" d="91" a="0"/>
<U id="268" f="7" l="536" c="40" d="100" a="0"/>
<U id="269" f="8" l="265" c="31" d="39" a="0"/>
<U id="270" f="7" l="490" c="23" d="71" a="0"/>
<U id="271" f="7" l="588" c="9" d="76" a="0"/>
<U id="272" f="7" l="612" c="25" d="76" a="0"/>
<U id="273" f="7" l="348" c="30" d="109" a="0"/>
<U id="274" f="7" l="691" c="49" d="155" a="0"/>
<U id="275" f="8" l="265" c="22" d="76" a="0"/>
<U id="276" f="7" l="374" c="22" d="196" a="0"/>
<U id="277" f="7" l="564" c="40" d="113" a="0"/>
<U id="278" f="7" l="701" c="35" d="155" a="0"/>
<U id="279" f="7" l="730" c="25" d="12" a="0"/>
<U id="280" f="8" l="224" c="43" d="76" a="0"/>
<U id="281" f="8" l="265" c="13" d="142" a="0"/>
<U id="282" f="7" l="721" c="25" d="14" a="0"/>
<U id="283" f="7" l="400" c="37" d="209" a="0"/>
<U id="284" f="7" l="426" c="14" d="97" a="0"/>
<U id="285" f="7" l="494" c="30" d="192" a="0"/>
<U id="286" f="7" l="578" c="19" d="185" a="0"/>
<U id="287" f="7" l="671" c="23" d="138" a="0"/>
<U id="288" f="7" l="802" c="16" d="135" a="1"/>
<U id="289" f="7" l="812" c="52" d="189" a="0"/>
<U id="290" f="8" l="119" c="41" d="46" a="0"/>
<U id="291" f="7" l="439" c="30" d="111" a="0"/>
<U id="292" f="7" l="494" c="21" d="192" a="0"/>
<U id="293" f="7" l="673" c="31" d="148" a="0"/>
<U id="294" f="7" l="710" c="72" d="159" a="0"/>
<U id="295" f="7" l="716" c="50" d="155" a="0"/>
<U id="296" f="7" l="720" c="35" d="155" a="0"/>
<U id="297" f="7" l="736" c="49" d="155" a="0"/>
<U id="298" f="8" l="266" c="31" d="76" a="0"/>
<U id="299" f="7" l="777" c="10" d="76" a="0"/>
<U id="300" f="7" l="465" c="22" d="199" a="0"/>
<U id="301" f="7" l="602" c="17" d="96" a="0"/>
<U id="302" f="7" l="667" c="20" d="166" a="0"/>
<U id="303" f="7" l="740" c="25" d="12" a="0"/>
<U id="304" f="7" l="812" c="34" d="88" a="0"/>
<U id="305" f="8" l="138" c="50" d="71" a="0"/>
<U id="306" f="7" l="283" c="14" d="156" a="0"/>
<U id="307" f="7" l="731" c="25" d="14" a="0"/>
<U id="308" f="7" l="560" c="25" d="76" a="0"/>
<U id="309" f="7" l="296" c="30" d="103" a="0"/>
<U id="310" f="7" l="309" c="14" d="85" a="0"/>
<U id="311" f="7" l="735" c="50" d="155" a="0"/>
<U id="312" f="8" l="129" c="41" d="35" a="0"/>
<U id="313" f="7" l="184" c="14" d="119" a="0"/>
<U id="314" f="7" l="197" c="39" d="71" a="0"/>
<U id="315" f="7" l="508" c="14" d="98" a="0"/>
<U id="316" f="7" l="726" c="50" d="155" a="0"/>
<U id="317" f="7" l="746" c="49" d="155" a="0"/>
<U id="318" f="8" l="157" c="50" d="71" a="0"/>
<U id="319" f="7" l="181" c="89" d="76" a="0"/>
<U id="320" f="7" l="293" c="23" d="68" a="0"/>
<U id="321" f="7" l="348" c="22" d="195" a="0"/>
<U id="322" f="7" l="711" c="72" d="159" a="0"/>
<U id="323" f="7" l="721" c="35" d="159" a="0"/>
<U id="324" f="7" l="750" c="25" d="12" a="0"/>
<U id="325" f="7" l="807" c="41" d="189" a="0"/>
<U id="326" f="8" l="253" c="34" d="47" a="0"/>
<U id="327" f="7" l="345" c="24" d="83" a="0"/>
<U id="328" f="7" l="371" c="25" d="76" a="0"/>
<U id="329" f="7" l="247" c="14" d="140" a="0"/>
<U id="330" f="7" l="374" c="14" d="118" a="0"/>
<U id="331" f="7" l="494" c="40" d="92" a="0"/>
<U id="332" f="7" l="536" c="14" d="100" a="0"/>
<U id="333" f="7" l="741" c="25" d="14" a="0"/>
<U id="334" f="7" l="180" c="26" d="76" a="0"/>
<U id="335" f="7" l="387" c="30" d="106" a="0"/>
<U id="336" f="7" l="745" c="50" d="155" a="0"/>
<U id="337" f="8" l="138" c="69" d="71" a="0"/>
<U id="338" f="8" l="176" c="50" d="71" a="0"/>
<U id="339" f="8" l="179" c="39" d="101" a="0"/>
<U id="340" f="7" l="564" c="14" d="113" a="0"/>
<U id="341" f="7" l="639" c="12" d="62" a="0"/>
<U id="342" f="7" l="730" c="72" d="159" a="0"/>
<U id="343" f="7" l="740" c="35" d="159" a="0"/>
<U id="344" f="7" l="756" c="49" d="155" a="0"/>
<U id="345" f="8" l="226" c="34" d="47" a="0"/>
<U id="346" f="7" l="384" c="23" d="68" a="0"/>
<U id="347" f="7" l="439" c="22" d="198" a="0"/>
<U id="348" f="7" l="182" c="89" d="76" a="0"/>
<U id="349" f="7" l="307" c="80" d="71" a="0"/>
<U id="350" f="7" l="436" c="24" d="83" a="0"/>
<U id="351" f="7" l="462" c="25" d="76" a="0"/>
<U id="352" f="7" l="465" c="14" d="126" a="0"/>
<U id="353" f="7" l="667" c="12" d="83" a="0"/>
<U id="354" f="7" l="705" c="25" d="12" a="0"/>
<U id="355" f="7" l="751" c="25" d="14" a="0"/>
<U id="356" f="7" l="812" c="26" d="79" a="0"/>
<U id="357" f="8" l="138" c="42" d="71" a="0"/>
<U id="358" f="8" l="157" c="69" d="71" a="0"/>
<U id="359" f="8" l="265" c="42" d="76" a="0"/>
<U id="360" f="7" l="210" c="48" d="74" a="0"/>
<U id="361" f="7" l="296" c="22" d="201" a="0"/>
<U id="362" f="7" l="169" c="13" d="79" a="0"/>
<U id="363" f="7" l="247" c="24" d="68" a="0"/>
<U id="364" f="7" l="668" c="30" d="178" a="0"/>
<U id="365" f="7" l="680" c="34" d="155" a="0"/>
<U id="366" f="7" l="690" c="70" d="159" a="0"/>
<U id="367" f="7" l="731" c="72" d="159" a="0"/>
<U id="368" f="7" l="741" c="35" d="155" a="0"/>
<U id="369" f="8" l="157" c="42" d="71" a="0"/>
<U id="370" f="8" l="176" c="69" d="71" a="0"/>
<U id="371" f="7" l="319" c="24" d="74" a="0"/>
<U id="372" f="7" l="322" c="37" d="165" a="0"/>
<U id="373" f="7" l="348" c="14" d="109" a="0"/>
<U id="374" f="7" l="668" c="21" d="76" a="0"/>
<U id="375" f="7" l="674" c="23" d="148" a="0"/>
<U id="376" f="7" l="680" c="25" d="12" a="0"/>
<U id="377" f="7" l="715" c="25" d="12" a="0"/>
<U id="378" f="7" l="518" c="24" d="79" a="0"/>
<U id="379" f="7" l="614" c="17" d="108" a="0"/>
<U id="380" f="7" l="706" c="25" d="14" a="0"/>
<U id="381" f="7" l="795" c="12" d="189" a="0"/>
<U id="382" f="7" l="387" c="22" d="204" a="0"/>
<U id="383" f="7" l="578" c="12" d="57" a="0"/>
<U id="384" f="7" l="695" c="49" d="155" a="0"/>
<U id="385" f="7" l="750" c="72" d="159" a="0"/>
<U id="386" f="8" l="176" c="42" d="71" a="0"/>
<U id="387" f="7" l="546" c="24" d="88" a="0"/>
<U id="388" f="7" l="653" c="25" d="76" a="0"/>
<U id="389" f="7" l="494" c="14" d="92" a="0"/>
<U id="390" f="7" l="522" c="64" d="120" a="0"/>
<U id="391" f="8" l="265" c="52" d="76" a="0"/>
<U id="392" f="7" l="476" c="23" d="68" a="0"/>
<U id="393" f="7" l="624" c="26" d="76" a="0"/>
<U id="394" f="7" l="413" c="37" d="171" a="0"/>
<U id="395" f="7" l="439" c="14" d="111" a="0"/>
<U id="396" f="7" l="673" c="15" d="138" a="0"/>
<U id="397" f="7" l="681" c="34" d="159" a="0"/>
<U id="398" f="7" l="690" c="25" d="12" a="0"/>
<U id="399" f="7" l="725" c="25" d="12" a="0"/>
<U id="400" f="7" l="550" c="64" d="124" a="0"/>
<U id="401" f="7" l="666" c="32" d="138" a="0"/>
<U id="402" f="7" l="681" c="25" d="14" a="0"/>
<U id="403" f="7" l="716" c="25" d="14" a="0"/>
<U id="404" f="7" l="259" c="14" d="168" a="0"/>
<U id="405" f="7" l="197" c="32" d="164" a="0"/>
<U id="406" f="7" l="296" c="14" d="103" a="0"/>
<U id="407" f="7" l="696" c="49" d="155" a="0"/>
<U id="408" f="7" l="705" c="72" d="159" a="0"/>
<U id="409" f="7" l="751" c="72" d="159" a="0"/>
<U id="410" f="7" l="757" c="50" d="155" a="0"/>
<U id="411" f="7" l="735" c="25" d="12" a="0"/>
<U id="412" f="7" l="790" c="16" d="189" a="1"/>
<U id="413" f="7" l="197" c="14" d="164" a="0"/>
<U id="414" f="7" l="691" c="25" d="14" a="0"/>
<U id="415" f="7" l="726" c="25" d="14" a="0"/>
<U id="416" f="7" l="636" c="25" d="76" a="0"/>
<U id="417" f="7" l="235" c="18" d="87" a="0"/>
<U id="418" f="7" l="590" c="17" d="177" a="0"/>
<U id="419" f="7" l="671" c="17" d="138" a="0"/>
<U id="420" f="7" l="807" c="16" d="189" a="1"/>
<U id="421" f="7" l="358" c="24" d="88" a="0"/>
<U id="422" f="7" l="361" c="37" d="208" a="0"/>
<U id="423" f="7" l="387" c="14" d="106" a="0"/>
<U id="424" f="7" l="686" c="50" d="155" a="0"/>
<U id="425" f="7" l="715" c="72" d="159" a="0"/>
<U id="426" f="7" l="271" c="37" d="68" a="0"/>
<U id="427" f="7" l="522" c="56" d="202" a="0"/>
<U id="428" f="7" l="691" c="71" d="159" a="0"/>
<U id="429" f="7" l="745" c="25" d="12" a="0"/>
<U id="430" f="7" l="788" c="12" d="189" a="0"/>
<U id="431" f="7" l="259" c="24" d="68" a="0"/>
<U id="432" f="7" l="522" c="47" d="202" a="0"/>
<U id="433" f="7" l="736" c="25" d="14" a="0"/>
<U id="434" f="7" l="294" c="80" d="68" a="0"/>
<U id="435" f="7" l="397" c="23" d="71" a="0"/>
<U id="436" f="7" l="480" c="64" d="112" a="0"/>
<U id="437" f="7" l="550" c="56" d="203" a="0"/>
<U id="438" f="7" l="449" c="24" d="88" a="0"/>
<U id="439" f="7" l="452" c="37" d="179" a="0"/>
<U id="440" f="7" l="550" c="47" d="203" a="0"/>
<U id="441" f="7" l="666" c="15" d="138" a="0"/>
<U id="442" f="7" l="197" c="24" d="71" a="0"/>
<U id="443" f="7" l="281" c="28" d="76" a="0"/>
<U id="444" f="7" l="223" c="48" d="83" a="0"/>
<U id="445" f="7" l="668" c="14" d="138" a="0"/>
<U id="446" f="7" l="746" c="25" d="14" a="0"/>
<U id="447" f="7" l="385" c="80" d="68" a="0"/>
<U id="448" f="8" l="251" c="66" d="76" a="0"/>
<U id="449" f="7" l="184" c="45" d="200" a="0"/>
<U id="450" f="7" l="283" c="27" d="68" a="0"/>
<U id="451" f="7" l="335" c="37" d="181" a="0"/>
<U id="452" f="7" l="706" c="73" d="159" a="0"/>
<U id="453" f="7" l="245" c="28" d="68" a="0"/>
<U id="454" f="7" l="756" c="25" d="12" a="0"/>
<U id="455" f="7" l="814" c="37" d="114" a="1"/>
<U id="456" f="8" l="224" c="66" d="76" a="0"/>
<U id="457" f="7" l="814" c="28" d="76" a="0"/>
<U id="458" f="7" l="426" c="37" d="182" a="0"/>
<U id="459" f="7" l="480" c="56" d="205" a="0"/>
<U id="460" f="7" l="626" c="18" d="139" a="0"/>
<U id="461" f="7" l="725" c="73" d="159" a="0"/>
<U id="462" f="7" l="480" c="47" d="205" a="0"/>
<U id="463" f="7" l="716" c="73" d="159" a="0"/>
<U id="464" f="7" l="508" c="64" d="98" a="0"/>
<U id="465" f="7" l="639" c="25" d="11" a="0"/>
<U id="466" f="7" l="685" c="25" d="12" a="0"/>
<U id="467" f="8" l="252" c="48" d="66" a="0"/>
<U id="468" f="7" l="757" c="25" d="14" a="0"/>
<U id="469" f="7" l="309" c="37" d="186" a="0"/>
<U id="470" f="7" l="536" c="64" d="100" a="0"/>
<U id="471" f="7" l="735" c="73" d="159" a="0"/>
<U id="472" f="7" l="685" c="71" d="159" a="0"/>
<U id="473" f="7" l="726" c="73" d="159" a="0"/>
<U id="474" f="8" l="225" c="48" d="66" a="0"/>
<U id="475" f="7" l="564" c="64" d="113" a="0"/>
<U id="476" f="7" l="695" c="25" d="12" a="0"/>
<U id="477" f="7" l="817" c="27" d="163" a="0"/>
<U id="478" f="7" l="247" c="37" d="68" a="0"/>
<U id="479" f="7" l="374" c="37" d="196" a="0"/>
<U id="480" f="7" l="686" c="25" d="14" a="0"/>
<U id="481" f="7" l="745" c="73" d="159" a="0"/>
<U id="482" f="7" l="784" c="26" d="193" a="0"/>
<U id="483" f="7" l="695" c="71" d="159" a="0"/>
<U id="484" f="7" l="736" c="73" d="159" a="0"/>
<U id="485" f="7" l="320" c="88" d="74" a="0"/>
<U id="486" f="7" l="465" c="37" d="199" a="0"/>
<U id="487" f="7" l="508" c="56" d="183" a="0"/>
<U id="488" f="7" l="696" c="25" d="14" a="0"/>
<U id="489" f="7" l="817" c="55" d="135" a="0"/>
<U id="490" f="7" l="257" c="28" d="74" a="0"/>
<U id="491" f="7" l="508" c="47" d="183" a="0"/>
<U id="492" f="7" l="817" c="46" d="76" a="0"/>
<U id="493" f="7" l="184" c="38" d="197" a="0"/>
<U id="494" f="7" l="536" c="56" d="184" a="0"/>
<U id="495" f="7" l="669" c="34" d="178" a="0"/>
<U id="496" f="7" l="746" c="73" d="159" a="0"/>
<U id="497" f="7" l="398" c="80" d="71" a="0"/>
<U id="498" f="7" l="411" c="88" d="74" a="0"/>
<U id="499" f="7" l="588" c="25" d="76" a="0"/>
<U id="500" f="7" l="536" c="47" d="184" a="0"/>
<U id="501" f="7" l="348" c="37" d="195" a="0"/>
<U id="502" f="7" l="494" c="64" d="92" a="0"/>
<U id="503" f="7" l="564" c="56" d="4" a="0"/>
<U id="504" f="7" l="520" c="88" d="79" a="0"/>
<U id="505" f="7" l="564" c="47" d="4" a="0"/>
<U id="506" f="7" l="677" c="17" d="175" a="0"/>
<U id="507" f="7" l="756" c="73" d="159" a="0"/>
<U id="508" f="7" l="578" c="26" d="15" a="0"/>
<U id="509" f="7" l="686" c="72" d="159" a="0"/>
<U id="510" f="7" l="786" c="26" d="189" a="0"/>
<U id="511" f="7" l="439" c="37" d="198" a="0"/>
<U id="512" f="7" l="639" c="18" d="147" a="0"/>
<U id="513" f="7" l="690" c="48" d="155" a="0"/>
<U id="514" f="7" l="797" c="16" d="135" a="1"/>
<U id="515" f="7" l="259" c="37" d="68" a="0"/>
<U id="516" f="7" l="296" c="37" d="201" a="0"/>
<U id="517" f="7" l="669" c="26" d="88" a="0"/>
<U id="518" f="7" l="696" c="72" d="159" a="0"/>
<U id="519" f="7" l="757" c="73" d="159" a="0"/>
<U id="520" f="7" l="786" c="63" d="189" a="0"/>
<U id="521" f="7" l="197" c="46" d="68" a="0"/>
<U id="522" f="7" l="669" c="17" d="71" a="0"/>
<U id="523" f="7" l="494" c="56" d="187" a="0"/>
<U id="524" f="7" l="786" c="45" d="76" a="0"/>
<U id="525" f="7" l="450" c="88" d="88" a="0"/>
<U id="526" f="7" l="494" c="47" d="187" a="0"/>
<U id="527" f="7" l="798" c="16" d="189" a="1"/>
<U id="528" f="7" l="269" c="28" d="83" a="0"/>
<U id="529" f="7" l="387" c="37" d="204" a="0"/>
<U id="530" f="7" l="814" c="68" d="141" a="0"/>
<U id="531" f="7" l="561" c="96" d="76" a="0"/>
<U id="532" f="7" l="333" c="88" d="79" a="0"/>
<U id="533" f="7" l="197" c="56" d="164" a="0"/>
<U id="534" f="7" l="786" c="55" d="83" a="0"/>
<U id="535" f="7" l="424" c="88" d="79" a="0"/>
<U id="536" f="7" l="505" c="88" d="74" a="0"/>
<U id="537" f="7" l="562" c="96" d="76" a="0"/>
<U id="538" f="7" l="533" c="88" d="83" a="0"/>
<U id="539" f="7" l="777" c="28" d="76" a="0"/>
<U id="540" f="7" l="666" c="66" d="138" a="0"/>
<U id="541" f="7" l="506" c="88" d="74" a="0"/>
<U id="542" f="7" l="372" c="88" d="76" a="0"/>
<U id="543" f="7" l="534" c="88" d="83" a="0"/>
<U id="544" f="7" l="685" c="48" d="155" a="0"/>
<U id="545" f="7" l="654" c="96" d="76" a="0"/>
<U id="546" f="7" l="463" c="88" d="76" a="0"/>
<U id="547" f="7" l="491" c="88" d="71" a="0"/>
<U id="548" f="7" l="655" c="96" d="76" a="0"/>
<U id="549" f="7" l="346" c="88" d="83" a="0"/>
<U id="550" f="7" l="637" c="96" d="76" a="0"/>
<U id="551" f="7" l="492" c="88" d="71" a="0"/>
<U id="552" f="7" l="437" c="88" d="83" a="0"/>
<U id="553" f="7" l="519" c="88" d="79" a="0"/>
<U id="554" f="7" l="576" c="96" d="76" a="0"/>
<U id="555" f="7" l="547" c="88" d="88" a="0"/>
<U id="556" f="7" l="548" c="88" d="88" a="0"/>
<U id="557" f="7" l="359" c="88" d="88" a="0"/>
<U id="558" f="7" l="477" c="88" d="68" a="0"/>
<U id="559" f="7" l="478" c="88" d="68" a="0"/>
</Uses>
<Blocks>
<B id="1" t="routine" f="9" l="18" c="5">
<BEGIN l="19" c="0"/>
<END l="22" c="0"/>
</B>
<B id="2" t="ppcif" f="11" l="13" c="0">
<BEGIN l="13" c="16"/>
<END l="133" c="0"/>
</B>
<B id="3" t="ppcrmif" f="11" l="14" c="0">
<BEGIN l="14" c="14"/>
<END l="16" c="0"/>
</B>
<B id="4" t="ppcif" f="11" l="18" c="0">
<BEGIN l="18" c="23"/>
<END l="129" c="0"/>
</B>
<B id="5" t="ppcrmif" f="11" l="25" c="0">
<BEGIN l="25" c="70"/>
<END l="27" c="0"/>
</B>
<B id="6" t="ppcelse" f="11" l="27" c="0">
<BEGIN l="27" c="5"/>
<END l="29" c="0"/>
</B>
<B id="7" t="ppcrmif" f="11" l="31" c="0">
<BEGIN l="31" c="67"/>
<END l="32" c="0"/>
</B>
<B id="8" t="ppcrmelif" f="11" l="32" c="0">
<BEGIN l="32" c="5"/>
<END l="35" c="0"/>
</B>
<B id="9" t="ppcrmelif" f="11" l="35" c="0">
<BEGIN l="35" c="5"/>
<END l="40" c="0"/>
</B>
<B id="10" t="ppcrmelse" f="11" l="40" c="0">
<BEGIN l="40" c="5"/>
<END l="42" c="0"/>
</B>
<B id="11" t="ppcrmif" f="11" l="54" c="0">
<BEGIN l="54" c="23"/>
<END l="55" c="0"/>
</B>
<B id="12" t="ppcrmelif" f="11" l="55" c="0">
<BEGIN l="55" c="5"/>
<END l="76" c="0"/>
</B>
<B id="13" t="ppcrmelse" f="11" l="76" c="0">
<BEGIN l="76" c="26"/>
<END l="123" c="0"/>
</B>
<B id="14" t="ppcrmif" f="11" l="89" c="0">
<BEGIN l="89" c="51"/>
<END l="100" c="0"/>
</B>
<B id="15" t="ppcrmelif" f="11" l="100" c="0">
<BEGIN l="100" c="5"/>
<END l="110" c="0"/>
</B>
<B id="16" t="ppcrmelse" f="11" l="110" c="0">
<BEGIN l="110" c="62"/>
<END l="121" c="0"/>
</B>
<B id="17" t="ppcif" f="11" l="125" c="0">
<BEGIN l="125" c="19"/>
<END l="127" c="0"/>
</B>
<B id="18" t="ppcrmif" f="11" l="130" c="0">
<BEGIN l="130" c="14"/>
<END l="132" c="0"/>
</B>
<B id="19" t="ppcrmif" f="8" l="64" c="0">
<BEGIN l="64" c="36"/>
<END l="66" c="0"/>
</B>
<B id="20" t="ppcrmif" f="8" l="68" c="0">
<BEGIN l="68" c="13"/>
<END l="70" c="0"/>
</B>
<B id="21" t="ppcrmif" f="8" l="72" c="0">
<BEGIN l="72" c="12"/>
<END l="74" c="0"/>
</B>
<B id="22" t="routine" f="8" l="87" c="5">
<BEGIN l="88" c="0"/>
<END l="90" c="0"/>
</B>
<B id="23" t="else" f="8" l="230" c="2">
<BEGIN l="231" c="2"/>
<END l="256" c="2"/>
</B>
<B id="24" t="if" f="8" l="201" c="2">
<BEGIN l="204" c="2"/>
<END l="229" c="2"/>
<ELSE d="23"/>
</B>
<B id="25" t="else" f="8" l="181" c="2">
<BEGIN l="182" c="2"/>
<END l="184" c="2"/>
</B>
<B id="26" t="if" f="8" l="176" c="2">
<BEGIN l="178" c="2"/>
<END l="180" c="2"/>
<ELSE d="25"/>
</B>
<B id="27" t="else" f="8" l="162" c="2">
<BEGIN l="163" c="2"/>
<END l="165" c="2"/>
</B>
<B id="28" t="if" f="8" l="157" c="2">
<BEGIN l="159" c="2"/>
<END l="161" c="2"/>
<ELSE d="27"/>
</B>
<B id="29" t="else" f="8" l="143" c="2">
<BEGIN l="144" c="2"/>
<END l="146" c="2"/>
</B>
<B id="30" t="if" f="8" l="138" c="2">
<BEGIN l="140" c="2"/>
<END l="142" c="2"/>
<ELSE d="29"/>
</B>
<B id="31" t="routine" f="8" l="93" c="5">
<BEGIN l="94" c="0"/>
<END l="272" c="0"/>
<SUB d="24"/>
<SUB d="26"/>
<SUB d="28"/>
<SUB d="30"/>
</B>
<B id="32" t="routine" f="8" l="275" c="5">
<BEGIN l="276" c="0"/>
<END l="278" c="0"/>
</B>
<B id="33" t="ppcif" f="12" l="15" c="0">
<BEGIN l="15" c="27"/>
<END l="330" c="0"/>
</B>
<B id="34" t="ppcif" f="12" l="25" c="0">
<BEGIN l="25" c="19"/>
<END l="155" c="0"/>
</B>
<B id="35" t="ppcrmif" f="12" l="46" c="0">
<BEGIN l="46" c="93"/>
<END l="91" c="0"/>
</B>
<B id="36" t="ppcrmif" f="12" l="94" c="0">
<BEGIN l="94" c="91"/>
<END l="153" c="0"/>
</B>
<B id="37" t="ppcrmelse" f="12" l="155" c="0">
<BEGIN l="155" c="35"/>
<END l="328" c="0"/>
</B>
<B id="38" t="ppcif" f="13" l="11" c="0">
<BEGIN l="11" c="27"/>
<END l="36" c="0"/>
</B>
<B id="39" t="ppcrmif" f="13" l="14" c="0">
<BEGIN l="14" c="19"/>
<END l="29" c="0"/>
</B>
<B id="40" t="ppcelse" f="13" l="29" c="0">
<BEGIN l="29" c="5"/>
<END l="33" c="0"/>
</B>
<B id="41" t="ppcif" f="1" l="22" c="0">
<BEGIN l="22" c="17"/>
<END l="109" c="0"/>
</B>
<B id="42" t="ppcrmif" f="1" l="39" c="0">
<BEGIN l="39" c="66"/>
<END l="43" c="0"/>
</B>
<B id="43" t="ppcelse" f="1" l="43" c="0">
<BEGIN l="43" c="60"/>
<END l="47" c="0"/>
</B>
<B id="44" t="ppcrmif" f="1" l="52" c="0">
<BEGIN l="52" c="18"/>
<END l="58" c="0"/>
</B>
<B id="45" t="ppcrmif" f="1" l="62" c="0">
<BEGIN l="62" c="33"/>
<END l="80" c="0"/>
</B>
<B id="46" t="ppcelse" f="1" l="80" c="0">
<BEGIN l="80" c="31"/>
<END l="93" c="0"/>
</B>
<B id="47" t="ppcrmif" f="1" l="96" c="0">
<BEGIN l="96" c="14"/>
<END l="106" c="0"/>
</B>
<B id="48" t="ppcif" f="14" l="3" c="0">
<BEGIN l="3" c="29"/>
<END l="348" c="0"/>
</B>
<B id="49" t="ppcif" f="14" l="61" c="0">
<BEGIN l="63" c="27"/>
<END l="66" c="0"/>
</B>
<B id="50" t="ppcrmif" f="14" l="165" c="0">
<BEGIN l="165" c="17"/>
<END l="206" c="0"/>
</B>
<B id="51" t="ppcrmif" f="14" l="209" c="0">
<BEGIN l="209" c="37"/>
<END l="211" c="0"/>
</B>
<B id="52" t="ppcrmif" f="14" l="213" c="0">
<BEGIN l="213" c="44"/>
<END l="321" c="0"/>
</B>
<B id="53" t="ppcif" f="14" l="323" c="0">
<BEGIN l="323" c="18"/>
<END l="346" c="0"/>
</B>
<B id="54" t="ppcrmif" f="14" l="326" c="0">
<BEGIN l="326" c="18"/>
<END l="328" c="0"/>
</B>
<B id="55" t="ppcrmif" f="14" l="329" c="0">
<BEGIN l="329" c="63"/>
<END l="331" c="0"/>
</B>
<B id="56" t="ppcrmif" f="14" l="332" c="0">
<BEGIN l="332" c="64"/>
<END l="334" c="0"/>
</B>
<B id="57" t="ppcrmif" f="14" l="335" c="0">
<BEGIN l="335" c="16"/>
<END l="340" c="0"/>
</B>
<B id="58" t="ppcif" f="14" l="343" c="0">
<BEGIN l="343" c="57"/>
<END l="345" c="0"/>
</B>
<B id="59" t="ppcif" f="15" l="46" c="0">
<BEGIN l="46" c="32"/>
<END l="90" c="0"/>
</B>
<B id="60" t="ppcif" f="15" l="48" c="0">
<BEGIN l="48" c="35"/>
<END l="57" c="0"/>
</B>
<B id="61" t="ppcif" f="16" l="2" c="0">
<BEGIN l="2" c="18"/>
<END l="9" c="0"/>
</B>
<B id="62" t="type" f="4" l="50" c="7">
<BEGIN l="50" c="24"/>
<END l="54" c="0"/>
</B>
<B id="63" t="ppcif" f="4" l="24" c="0">
<BEGIN l="24" c="25"/>
<END l="204" c="0"/>
</B>
<B id="64" t="ppcrmif" f="4" l="27" c="0">
<BEGIN l="27" c="35"/>
<END l="29" c="0"/>
</B>
<B id="65" t="ppcif" f="4" l="31" c="0">
<BEGIN l="31" c="38"/>
<END l="33" c="0"/>
</B>
<B id="66" t="ppcrmif" f="4" l="35" c="0">
<BEGIN l="35" c="19"/>
<END l="38" c="0"/>
</B>
<B id="67" t="ppcrmif" f="4" l="200" c="0">
<BEGIN l="200" c="19"/>
<END l="202" c="0"/>
</B>
<B id="68" t="ppcif" f="17" l="24" c="0">
<BEGIN l="24" c="30"/>
<END l="39" c="0"/>
</B>
<B id="69" t="ppcrmif" f="17" l="27" c="0">
<BEGIN l="27" c="19"/>
<END l="30" c="0"/>
</B>
<B id="70" t="ppcrmif" f="17" l="35" c="0">
<BEGIN l="35" c="19"/>
<END l="37" c="0"/>
</B>
<B id="71" t="ppcif" f="18" l="24" c="0">
<BEGIN l="24" c="19"/>
<END l="29" c="0"/>
</B>
<B id="72" t="ppcif" f="19" l="25" c="0">
<BEGIN l="25" c="14"/>
<END l="96" c="0"/>
</B>
<B id="73" t="ppcrmif" f="19" l="41" c="0">
<BEGIN l="41" c="33"/>
<END l="43" c="0"/>
</B>
<B id="74" t="ppcrmif" f="19" l="45" c="0">
<BEGIN l="45" c="46"/>
<END l="47" c="0"/>
</B>
<B id="75" t="ppcrmif" f="19" l="49" c="0">
<BEGIN l="49" c="28"/>
<END l="51" c="0"/>
</B>
<B id="76" t="type" f="3" l="135" c="0">
<BEGIN l="135" c="0"/>
<END l="141" c="0"/>
</B>
<B id="77" t="ppcif" f="3" l="56" c="0">
<BEGIN l="56" c="19"/>
<END l="154" c="0"/>
</B>
<B id="78" t="ppcif" f="3" l="122" c="0">
<BEGIN l="122" c="26"/>
<END l="126" c="0"/>
</B>
<B id="79" t="ppcif" f="2" l="45" c="0">
<BEGIN l="45" c="24"/>
<END l="146" c="0"/>
</B>
<B id="80" t="ppcif" f="2" l="84" c="0">
<BEGIN l="84" c="13"/>
<END l="86" c="0"/>
</B>
<B id="81" t="ppcif" f="2" l="88" c="0">
<BEGIN l="88" c="14"/>
<END l="90" c="0"/>
</B>
<B id="82" t="ppcrmif" f="2" l="124" c="0">
<BEGIN l="124" c="26"/>
<END l="130" c="0"/>
</B>
<B id="83" t="ppcelse" f="2" l="130" c="0">
<BEGIN l="130" c="6"/>
<END l="133" c="0"/>
</B>
<B id="84" t="ppcif" f="20" l="47" c="0">
<BEGIN l="47" c="18"/>
<END l="219" c="0"/>
</B>
<B id="85" t="ppcif" f="20" l="95" c="0">
<BEGIN l="95" c="17"/>
<END l="97" c="0"/>
</B>
<B id="86" t="ppcif" f="21" l="19" c="0">
<BEGIN l="19" c="22"/>
<END l="23" c="0"/>
</B>
<B id="87" t="ppcif" f="22" l="24" c="0">
<BEGIN l="24" c="31"/>
<END l="27" c="0"/>
</B>
<B id="88" t="ppcif" f="23" l="19" c="0">
<BEGIN l="19" c="16"/>
<END l="24" c="0"/>
</B>
<B id="89" t="ppcif" f="24" l="53" c="0">
<BEGIN l="53" c="32"/>
<END l="57" c="0"/>
</B>
<B id="90" t="ppcrmif" f="24" l="67" c="0">
<BEGIN l="67" c="45"/>
<END l="71" c="0"/>
</B>
<B id="91" t="ppcrmif" f="24" l="81" c="0">
<BEGIN l="81" c="50"/>
<END l="85" c="0"/>
</B>
<B id="92" t="ppcrmif" f="24" l="95" c="0">
<BEGIN l="95" c="48"/>
<END l="99" c="0"/>
</B>
<B id="93" t="ppcrmif" f="24" l="109" c="0">
<BEGIN l="109" c="53"/>
<END l="113" c="0"/>
</B>
<B id="94" t="ppcif" f="24" l="125" c="0">
<BEGIN l="125" c="31"/>
<END l="129" c="0"/>
</B>
<B id="95" t="ppcrmif" f="24" l="139" c="0">
<BEGIN l="139" c="44"/>
<END l="143" c="0"/>
</B>
<B id="96" t="ppcrmif" f="24" l="153" c="0">
<BEGIN l="153" c="49"/>
<END l="157" c="0"/>
</B>
<B id="97" t="ppcrmif" f="24" l="167" c="0">
<BEGIN l="167" c="47"/>
<END l="171" c="0"/>
</B>
<B id="98" t="ppcrmif" f="24" l="181" c="0">
<BEGIN l="181" c="52"/>
<END l="185" c="0"/>
</B>
<B id="99" t="ppcif" f="6" l="12" c="0">
<BEGIN l="12" c="19"/>
<END l="101" c="0"/>
</B>
<B id="100" t="ppcif" f="6" l="39" c="0">
<BEGIN l="39" c="42"/>
<END l="41" c="0"/>
</B>
<B id="101" t="ppcif" f="6" l="44" c="0">
<BEGIN l="44" c="39"/>
<END l="46" c="0"/>
</B>
<B id="102" t="ppcif" f="6" l="49" c="0">
<BEGIN l="49" c="30"/>
<END l="51" c="0"/>
</B>
<B id="103" t="ppcif" f="6" l="54" c="0">
<BEGIN l="54" c="33"/>
<END l="56" c="0"/>
</B>
<B id="104" t="ppcif" f="6" l="59" c="0">
<BEGIN l="59" c="30"/>
<END l="61" c="0"/>
</B>
<B id="105" t="ppcif" f="6" l="64" c="0">
<BEGIN l="64" c="33"/>
<END l="66" c="0"/>
</B>
<B id="106" t="ppcif" f="6" l="69" c="0">
<BEGIN l="69" c="36"/>
<END l="71" c="0"/>
</B>
<B id="107" t="ppcif" f="6" l="74" c="0">
<BEGIN l="74" c="36"/>
<END l="76" c="0"/>
</B>
<B id="108" t="ppcif" f="6" l="82" c="0">
<BEGIN l="82" c="32"/>
<END l="84" c="0"/>
</B>
<B id="109" t="ppcif" f="6" l="90" c="0">
<BEGIN l="90" c="38"/>
<END l="92" c="0"/>
</B>
<B id="110" t="ppcif" f="7" l="24" c="0">
<BEGIN l="24" c="18"/>
<END l="823" c="0"/>
</B>
<B id="111" t="routine" f="7" l="180" c="17">
<BEGIN l="183" c="0"/>
<END l="185" c="0"/>
</B>
<B id="112" t="routine" f="7" l="194" c="15">
<BEGIN l="195" c="0"/>
<END l="198" c="0"/>
</B>
<B id="113" t="routine" f="7" l="207" c="16">
<BEGIN l="208" c="0"/>
<END l="211" c="0"/>
</B>
<B id="114" t="else" f="7" l="223" c="40">
<BEGIN l="223" c="40"/>
<END l="223" c="63"/>
</B>
<B id="115" t="if" f="7" l="223" c="22">
<BEGIN l="223" c="24"/>
<END l="223" c="36"/>
<ELSE d="114"/>
</B>
<B id="116" t="routine" f="7" l="220" c="16">
<BEGIN l="221" c="0"/>
<END l="224" c="0"/>
<SUB d="115"/>
</B>
<B id="117" t="routine" f="7" l="233" c="17">
<BEGIN l="234" c="0"/>
<END l="236" c="0"/>
</B>
<B id="118" t="else" f="7" l="247" c="37">
<BEGIN l="247" c="37"/>
<END l="247" c="45"/>
</B>
<B id="119" t="if" f="7" l="247" c="22">
<BEGIN l="247" c="24"/>
<END l="247" c="32"/>
<ELSE d="118"/>
</B>
<B id="120" t="routine" f="7" l="245" c="15">
<BEGIN l="246" c="0"/>
<END l="248" c="0"/>
<SUB d="119"/>
</B>
<B id="121" t="else" f="7" l="259" c="37">
<BEGIN l="259" c="37"/>
<END l="259" c="45"/>
</B>
<B id="122" t="if" f="7" l="259" c="22">
<BEGIN l="259" c="24"/>
<END l="259" c="32"/>
<ELSE d="121"/>
</B>
<B id="123" t="routine" f="7" l="257" c="15">
<BEGIN l="258" c="0"/>
<END l="260" c="0"/>
<SUB d="122"/>
</B>
<B id="124" t="else" f="7" l="271" c="37">
<BEGIN l="271" c="37"/>
<END l="271" c="45"/>
</B>
<B id="125" t="if" f="7" l="271" c="22">
<BEGIN l="271" c="24"/>
<END l="271" c="32"/>
<ELSE d="124"/>
</B>
<B id="126" t="routine" f="7" l="269" c="15">
<BEGIN l="270" c="0"/>
<END l="272" c="0"/>
<SUB d="125"/>
</B>
<B id="127" t="else" f="7" l="283" c="40">
<BEGIN l="283" c="40"/>
<END l="283" c="48"/>
</B>
<B id="128" t="if" f="7" l="283" c="25">
<BEGIN l="283" c="27"/>
<END l="283" c="35"/>
<ELSE d="127"/>
</B>
<B id="129" t="routine" f="7" l="281" c="15">
<BEGIN l="282" c="0"/>
<END l="284" c="0"/>
<SUB d="128"/>
</B>
<B id="130" t="routine" f="7" l="293" c="15">
<BEGIN l="295" c="0"/>
<END l="297" c="0"/>
</B>
<B id="131" t="routine" f="7" l="306" c="15">
<BEGIN l="308" c="0"/>
<END l="310" c="0"/>
</B>
<B id="132" t="routine" f="7" l="319" c="16">
<BEGIN l="321" c="0"/>
<END l="323" c="0"/>
</B>
<B id="133" t="routine" f="7" l="332" c="16">
<BEGIN l="334" c="0"/>
<END l="336" c="0"/>
</B>
<B id="134" t="else" f="7" l="348" c="37">
<BEGIN l="348" c="37"/>
<END l="348" c="40"/>
</B>
<B id="135" t="if" f="7" l="348" c="28">
<BEGIN l="348" c="30"/>
<END l="348" c="33"/>
<ELSE d="134"/>
</B>
<B id="136" t="routine" f="7" l="345" c="16">
<BEGIN l="347" c="0"/>
<END l="349" c="0"/>
<SUB d="135"/>
</B>
<B id="137" t="else" f="7" l="361" c="37">
<BEGIN l="361" c="37"/>
<END l="361" c="40"/>
</B>
<B id="138" t="if" f="7" l="361" c="28">
<BEGIN l="361" c="30"/>
<END l="361" c="33"/>
<ELSE d="137"/>
</B>
<B id="139" t="routine" f="7" l="358" c="16">
<BEGIN l="360" c="0"/>
<END l="362" c="0"/>
<SUB d="138"/>
</B>
<B id="140" t="else" f="7" l="374" c="37">
<BEGIN l="374" c="37"/>
<END l="374" c="40"/>
</B>
<B id="141" t="if" f="7" l="374" c="28">
<BEGIN l="374" c="30"/>
<END l="374" c="33"/>
<ELSE d="140"/>
</B>
<B id="142" t="routine" f="7" l="371" c="17">
<BEGIN l="373" c="0"/>
<END l="375" c="0"/>
<SUB d="141"/>
</B>
<B id="143" t="routine" f="7" l="384" c="15">
<BEGIN l="386" c="0"/>
<END l="388" c="0"/>
</B>
<B id="144" t="routine" f="7" l="397" c="15">
<BEGIN l="399" c="0"/>
<END l="401" c="0"/>
</B>
<B id="145" t="routine" f="7" l="410" c="16">
<BEGIN l="412" c="0"/>
<END l="414" c="0"/>
</B>
<B id="146" t="routine" f="7" l="423" c="16">
<BEGIN l="425" c="0"/>
<END l="427" c="0"/>
</B>
<B id="147" t="else" f="7" l="439" c="37">
<BEGIN l="439" c="37"/>
<END l="439" c="40"/>
</B>
<B id="148" t="if" f="7" l="439" c="28">
<BEGIN l="439" c="30"/>
<END l="439" c="33"/>
<ELSE d="147"/>
</B>
<B id="149" t="routine" f="7" l="436" c="16">
<BEGIN l="438" c="0"/>
<END l="440" c="0"/>
<SUB d="148"/>
</B>
<B id="150" t="else" f="7" l="452" c="37">
<BEGIN l="452" c="37"/>
<END l="452" c="40"/>
</B>
<B id="151" t="if" f="7" l="452" c="28">
<BEGIN l="452" c="30"/>
<END l="452" c="33"/>
<ELSE d="150"/>
</B>
<B id="152" t="routine" f="7" l="449" c="16">
<BEGIN l="451" c="0"/>
<END l="453" c="0"/>
<SUB d="151"/>
</B>
<B id="153" t="else" f="7" l="465" c="37">
<BEGIN l="465" c="37"/>
<END l="465" c="40"/>
</B>
<B id="154" t="if" f="7" l="465" c="28">
<BEGIN l="465" c="30"/>
<END l="465" c="33"/>
<ELSE d="153"/>
</B>
<B id="155" t="routine" f="7" l="462" c="17">
<BEGIN l="464" c="0"/>
<END l="466" c="0"/>
<SUB d="154"/>
</B>
<B id="156" t="routine" f="7" l="476" c="15">
<BEGIN l="479" c="0"/>
<END l="481" c="0"/>
</B>
<B id="157" t="routine" f="7" l="490" c="15">
<BEGIN l="493" c="0"/>
<END l="495" c="0"/>
</B>
<B id="158" t="routine" f="7" l="504" c="16">
<BEGIN l="507" c="0"/>
<END l="509" c="0"/>
</B>
<B id="159" t="routine" f="7" l="518" c="16">
<BEGIN l="521" c="0"/>
<END l="523" c="0"/>
</B>
<B id="160" t="else" f="7" l="536" c="38">
<BEGIN l="536" c="38"/>
<END l="536" c="67"/>
</B>
<B id="161" t="if" f="7" l="536" c="28">
<BEGIN l="536" c="30"/>
<END l="536" c="34"/>
<ELSE d="160"/>
</B>
<B id="162" t="routine" f="7" l="532" c="16">
<BEGIN l="535" c="0"/>
<END l="537" c="0"/>
<SUB d="161"/>
</B>
<B id="163" t="else" f="7" l="550" c="38">
<BEGIN l="550" c="38"/>
<END l="550" c="67"/>
</B>
<B id="164" t="if" f="7" l="550" c="28">
<BEGIN l="550" c="30"/>
<END l="550" c="34"/>
<ELSE d="163"/>
</B>
<B id="165" t="routine" f="7" l="546" c="16">
<BEGIN l="549" c="0"/>
<END l="551" c="0"/>
<SUB d="164"/>
</B>
<B id="166" t="else" f="7" l="564" c="38">
<BEGIN l="564" c="38"/>
<END l="564" c="67"/>
</B>
<B id="167" t="if" f="7" l="564" c="28">
<BEGIN l="564" c="30"/>
<END l="564" c="34"/>
<ELSE d="166"/>
</B>
<B id="168" t="routine" f="7" l="560" c="17">
<BEGIN l="563" c="0"/>
<END l="565" c="0"/>
<SUB d="167"/>
</B>
<B id="169" t="routine" f="7" l="575" c="17">
<BEGIN l="577" c="0"/>
<END l="579" c="0"/>
</B>
<B id="170" t="routine" f="7" l="588" c="17">
<BEGIN l="589" c="0"/>
<END l="591" c="0"/>
</B>
<B id="171" t="routine" f="7" l="600" c="17">
<BEGIN l="601" c="0"/>
<END l="603" c="0"/>
</B>
<B id="172" t="routine" f="7" l="612" c="17">
<BEGIN l="613" c="0"/>
<END l="615" c="0"/>
</B>
<B id="173" t="routine" f="7" l="624" c="17">
<BEGIN l="625" c="0"/>
<END l="627" c="0"/>
</B>
<B id="174" t="routine" f="7" l="636" c="17">
<BEGIN l="638" c="0"/>
<END l="640" c="0"/>
</B>
<B id="175" t="case" f="7" l="755" c="16">
<BEGIN l="756" c="24"/>
<END l="758" c="29"/>
</B>
<B id="176" t="case" f="7" l="749" c="16">
<BEGIN l="750" c="24"/>
<END l="752" c="29"/>
</B>
<B id="177" t="case" f="7" l="744" c="16">
<BEGIN l="745" c="24"/>
<END l="747" c="29"/>
</B>
<B id="178" t="case" f="7" l="739" c="16">
<BEGIN l="740" c="24"/>
<END l="742" c="29"/>
</B>
<B id="179" t="case" f="7" l="734" c="16">
<BEGIN l="735" c="24"/>
<END l="737" c="29"/>
</B>
<B id="180" t="case" f="7" l="729" c="16">
<BEGIN l="730" c="24"/>
<END l="732" c="29"/>
</B>
<B id="181" t="case" f="7" l="724" c="16">
<BEGIN l="725" c="24"/>
<END l="727" c="29"/>
</B>
<B id="182" t="case" f="7" l="719" c="16">
<BEGIN l="720" c="24"/>
<END l="722" c="29"/>
</B>
<B id="183" t="case" f="7" l="714" c="16">
<BEGIN l="715" c="24"/>
<END l="717" c="29"/>
</B>
<B id="184" t="case" f="7" l="709" c="16">
<BEGIN l="710" c="24"/>
<END l="712" c="29"/>
</B>
<B id="185" t="case" f="7" l="704" c="16">
<BEGIN l="705" c="24"/>
<END l="707" c="29"/>
</B>
<B id="186" t="case" f="7" l="699" c="16">
<BEGIN l="700" c="24"/>
<END l="702" c="29"/>
</B>
<B id="187" t="case" f="7" l="694" c="16">
<BEGIN l="695" c="24"/>
<END l="697" c="29"/>
</B>
<B id="188" t="case" f="7" l="689" c="16">
<BEGIN l="690" c="24"/>
<END l="692" c="29"/>
</B>
<B id="189" t="case" f="7" l="684" c="16">
<BEGIN l="685" c="24"/>
<END l="687" c="29"/>
</B>
<B id="190" t="case" f="7" l="679" c="16">
<BEGIN l="680" c="24"/>
<END l="682" c="29"/>
</B>
<B id="191" t="switch" f="7" l="677" c="8">
<BEGIN l="678" c="8"/>
<END l="760" c="8"/>
<CASE d="175"/>
<CASE d="176"/>
<CASE d="177"/>
<CASE d="178"/>
<CASE d="179"/>
<CASE d="180"/>
<CASE d="181"/>
<CASE d="182"/>
<CASE d="183"/>
<CASE d="184"/>
<CASE d="185"/>
<CASE d="186"/>
<CASE d="187"/>
<CASE d="188"/>
<CASE d="189"/>
<CASE d="190"/>
</B>
<B id="192" t="else" f="7" l="666" c="65">
<BEGIN l="666" c="65"/>
<END l="666" c="90"/>
</B>
<B id="193" t="if" f="7" l="666" c="27">
<BEGIN l="666" c="31"/>
<END l="666" c="56"/>
<ELSE d="192"/>
</B>
<B id="194" t="routine" f="7" l="653" c="14">
<BEGIN l="656" c="0"/>
<END l="762" c="0"/>
<SUB d="191"/>
<SUB d="193"/>
</B>
<B id="195" t="if" f="7" l="805" c="8">
<BEGIN l="806" c="8"/>
<END l="808" c="8"/>
</B>
<B id="196" t="else" f="7" l="800" c="8">
<BEGIN l="801" c="8"/>
<END l="803" c="8"/>
</B>
<B id="197" t="if" f="7" l="795" c="8">
<BEGIN l="796" c="8"/>
<END l="799" c="8"/>
<ELSE d="196"/>
</B>
<B id="198" t="if" f="7" l="788" c="8">
<BEGIN l="789" c="8"/>
<END l="791" c="8"/>
</B>
<B id="199" t="routine" f="7" l="777" c="18">
<BEGIN l="778" c="0"/>
<END l="821" c="0"/>
<SUB d="195"/>
<SUB d="197"/>
<SUB d="198"/>
</B>
<B id="200" t="ppcif" f="5" l="13" c="0">
<BEGIN l="13" c="16"/>
<END l="823" c="0"/>
</B>
<B id="201" t="ppcrmif" f="5" l="14" c="0">
<BEGIN l="14" c="14"/>
<END l="16" c="0"/>
</B>
<B id="202" t="ppcif" f="5" l="18" c="0">
<BEGIN l="18" c="23"/>
<END l="819" c="0"/>
</B>
<B id="203" t="ppcrmif" f="5" l="20" c="0">
<BEGIN l="20" c="18"/>
<END l="22" c="0"/>
</B>
<B id="204" t="ppcrmif" f="5" l="26" c="0">
<BEGIN l="26" c="67"/>
<END l="28" c="0"/>
</B>
<B id="205" t="ppcrmelif" f="5" l="28" c="0">
<BEGIN l="28" c="5"/>
<END l="30" c="0"/>
</B>
<B id="206" t="ppcrmelif" f="5" l="30" c="0">
<BEGIN l="30" c="5"/>
<END l="33" c="0"/>
</B>
<B id="207" t="ppcrmelif" f="5" l="33" c="0">
<BEGIN l="33" c="5"/>
<END l="38" c="0"/>
</B>
<B id="208" t="ppcrmelse" f="5" l="38" c="0">
<BEGIN l="38" c="5"/>
<END l="40" c="0"/>
</B>
<B id="209" t="ppcrmif" f="5" l="42" c="0">
<BEGIN l="42" c="23"/>
<END l="44" c="0"/>
</B>
<B id="210" t="ppcrmelif" f="5" l="44" c="0">
<BEGIN l="44" c="5"/>
<END l="47" c="0"/>
</B>
<B id="211" t="ppcrmelif" f="5" l="47" c="0">
<BEGIN l="47" c="5"/>
<END l="50" c="0"/>
</B>
<B id="212" t="ppcrmelse" f="5" l="50" c="0">
<BEGIN l="50" c="5"/>
<END l="53" c="0"/>
</B>
<B id="213" t="ppcif" f="5" l="65" c="0">
<BEGIN l="65" c="20"/>
<END l="68" c="0"/>
</B>
<B id="214" t="ppcrmelse" f="5" l="68" c="0">
<BEGIN l="68" c="5"/>
<END l="76" c="0"/>
</B>
<B id="215" t="ppcrmif" f="5" l="78" c="0">
<BEGIN l="78" c="106"/>
<END l="82" c="0"/>
</B>
<B id="216" t="ppcelse" f="5" l="82" c="0">
<BEGIN l="82" c="5"/>
<END l="86" c="0"/>
</B>
<B id="217" t="ppcif" f="5" l="115" c="0">
<BEGIN l="116" c="51"/>
<END l="119" c="0"/>
</B>
<B id="218" t="ppcif" f="5" l="121" c="0">
<BEGIN l="121" c="68"/>
<END l="123" c="0"/>
</B>
<B id="219" t="ppcrmelse" f="5" l="123" c="0">
<BEGIN l="123" c="5"/>
<END l="126" c="0"/>
</B>
<B id="220" t="ppcrmif" f="5" l="128" c="0">
<BEGIN l="128" c="53"/>
<END l="131" c="0"/>
</B>
<B id="221" t="ppcrmif" f="5" l="133" c="0">
<BEGIN l="133" c="51"/>
<END l="135" c="0"/>
</B>
<B id="222" t="ppcif" f="5" l="137" c="0">
<BEGIN l="137" c="24"/>
<END l="265" c="0"/>
</B>
<B id="223" t="ppcif" f="5" l="138" c="0">
<BEGIN l="138" c="56"/>
<END l="140" c="0"/>
</B>
<B id="224" t="ppcrmif" f="5" l="171" c="0">
<BEGIN l="171" c="24"/>
<END l="173" c="0"/>
</B>
<B id="225" t="ppcrmif" f="5" l="188" c="0">
<BEGIN l="188" c="24"/>
<END l="190" c="0"/>
</B>
<B id="226" t="ppcif" f="5" l="196" c="0">
<BEGIN l="196" c="56"/>
<END l="263" c="0"/>
</B>
<B id="227" t="ppcrmif" f="5" l="217" c="0">
<BEGIN l="217" c="24"/>
<END l="219" c="0"/>
</B>
<B id="228" t="ppcrmif" f="5" l="260" c="0">
<BEGIN l="260" c="24"/>
<END l="262" c="0"/>
</B>
<B id="229" t="ppcrmif" f="5" l="268" c="0">
<BEGIN l="268" c="24"/>
<END l="270" c="0"/>
</B>
<B id="230" t="ppcrmif" f="5" l="284" c="0">
<BEGIN l="284" c="24"/>
<END l="286" c="0"/>
</B>
<B id="231" t="ppcif" f="5" l="291" c="0">
<BEGIN l="291" c="20"/>
<END l="750" c="0"/>
</B>
<B id="232" t="ppcif" f="5" l="292" c="0">
<BEGIN l="292" c="24"/>
<END l="307" c="0"/>
</B>
<B id="233" t="ppcrmif" f="5" l="310" c="0">
<BEGIN l="310" c="43"/>
<END l="317" c="0"/>
</B>
<B id="234" t="ppcelif" f="5" l="317" c="0">
<BEGIN l="317" c="5"/>
<END l="324" c="0"/>
</B>
<B id="235" t="ppcrmelif" f="5" l="324" c="0">
<BEGIN l="324" c="5"/>
<END l="337" c="0"/>
</B>
<B id="236" t="ppcrmelse" f="5" l="337" c="0">
<BEGIN l="337" c="5"/>
<END l="345" c="0"/>
</B>
<B id="237" t="ppcrmif" f="5" l="348" c="0">
<BEGIN l="348" c="43"/>
<END l="355" c="0"/>
</B>
<B id="238" t="ppcelif" f="5" l="355" c="0">
<BEGIN l="355" c="5"/>
<END l="364" c="0"/>
</B>
<B id="239" t="ppcrmelse" f="5" l="364" c="0">
<BEGIN l="364" c="5"/>
<END l="372" c="0"/>
</B>
<B id="240" t="ppcrmif" f="5" l="375" c="0">
<BEGIN l="375" c="23"/>
<END l="377" c="0"/>
</B>
<B id="241" t="ppcrmelif" f="5" l="377" c="0">
<BEGIN l="377" c="6"/>
<END l="379" c="0"/>
</B>
<B id="242" t="ppcrmelif" f="5" l="379" c="0">
<BEGIN l="379" c="6"/>
<END l="381" c="0"/>
</B>
<B id="243" t="ppcif" f="5" l="383" c="0">
<BEGIN l="383" c="64"/>
<END l="402" c="0"/>
</B>
<B id="244" t="ppcif" f="5" l="386" c="0">
<BEGIN l="386" c="24"/>
<END l="397" c="0"/>
</B>
<B id="245" t="ppcrmelse" f="5" l="402" c="0">
<BEGIN l="402" c="5"/>
<END l="682" c="0"/>
</B>
<B id="246" t="ppcif" f="5" l="685" c="0">
<BEGIN l="685" c="24"/>
<END l="698" c="0"/>
</B>
<B id="247" t="ppcif" f="5" l="695" c="0">
<BEGIN l="695" c="56"/>
<END l="697" c="0"/>
</B>
<B id="248" t="ppcrmif" f="5" l="708" c="0">
<BEGIN l="708" c="143"/>
<END l="716" c="0"/>
</B>
<B id="249" t="ppcif" f="5" l="740" c="0">
<BEGIN l="740" c="63"/>
<END l="743" c="0"/>
</B>
<B id="250" t="ppcrmif" f="5" l="752" c="0">
<BEGIN l="752" c="95"/>
<END l="772" c="0"/>
</B>
<B id="251" t="ppcrmif" f="5" l="774" c="0">
<BEGIN l="774" c="42"/>
<END l="776" c="0"/>
</B>
<B id="252" t="ppcrmif" f="5" l="778" c="0">
<BEGIN l="778" c="51"/>
<END l="780" c="0"/>
</B>
<B id="253" t="ppcrmif" f="5" l="782" c="0">
<BEGIN l="782" c="18"/>
<END l="816" c="0"/>
</B>
<B id="254" t="ppcrmif" f="5" l="820" c="0">
<BEGIN l="820" c="14"/>
<END l="822" c="0"/>
</B>
<B id="255" t="ppcif" f="25" l="20" c="0">
<BEGIN l="20" c="20"/>
<END l="75" c="0"/>
</B>
</Blocks>
</Navig>
