<?xml version="1.0" encoding="UTF-8"?>
<MISRA-C-Report-Summary>
<File Mode="advisory" Error="0" Warning="1" Total="1">
<Name>
C:\Component\AR099A_McalErrHndlg_Impl-cz7lt6\AR099A_McalErrHndlg_Impl\src\McalErrHndlg.c</Name>
</File>
<File Mode="advisory" Error="0" Warning="9" Total="9">
<Name>
C:\Component\AR099A_McalErrHndlg_Impl-cz7lt6\AR099A_McalErrHndlg_Impl\src\McalErrHndlgNonRte.c</Name>
</File>
<Rule Name="11.3" Count="6" Mode="advisory" Severity="warning">
<Message>
A cast should not be performed between a pointer type and an integral type.</Message>
</Rule>
<Rule Name="19.1" Count="4" Mode="advisory" Severity="warning">
<Message>
#include statements in a file shall only be preceded by other preprocessor directives or comments.</Message>
</Rule>
</MISRA-C-Report-Summary>
