<?xml version="1.0" encoding="UTF-8"?>

<MISRA-C-Report version="1.3">


<CodeStruct Name="" File="C:\_Synergy_Projects\Working\ses_dev_ea4\SF024A_LrnPinionCentr_Impl\src\LrnPinionCentr.c" Line="0" Column="0">

<Rule Name="19.1" Mode="advisory" Report="warning" Id="1">
<Loc File="C:\_Synergy_Projects\Working\ses_dev_ea4\SF024A_LrnPinionCentr_Impl\src\LrnPinionCentr.c" Line="212" Column="0">
</Loc>
<Message>
#include statements in a file shall only be preceded by other preprocessor directives or comments.
</Message>
</Rule>

<Rule Name="19.1" Mode="advisory" Report="warning" Id="2">
<Loc File="C:\_Synergy_Projects\Working\ses_dev_ea4\SF024A_LrnPinionCentr_Impl\src\LrnPinionCentr.c" Line="567" Column="0">
</Loc>
<Message>
#include statements in a file shall only be preceded by other preprocessor directives or comments.
</Message>
</Rule>

</CodeStruct>

<CodeStruct Name="LrnPinionCentrPer1" File="C:\_Synergy_Projects\Working\ses_dev_ea4\SF024A_LrnPinionCentr_Impl\src\LrnPinionCentr.c" Line="323" Column="5">

<Rule Name="21.1" Mode="required" Report="warning" Id="3">
<Loc File="C:\_Synergy_Projects\Working\ses_dev_ea4\SF024A_LrnPinionCentr_Impl\src\LrnPinionCentr.c" Line="493" Column="83">
</Loc>
<Message>
Minimisation of run-time failures.
</Message>
</Rule>

</CodeStruct>

<CodeStruct Name="MoveToStCtrl5" File="C:\_Synergy_Projects\Working\ses_dev_ea4\SF024A_LrnPinionCentr_Impl\src\LrnPinionCentr.c" Line="942" Column="12">

<Rule Name="21.1" Mode="required" Report="warning" Id="4">
<Loc File="C:\_Synergy_Projects\Working\ses_dev_ea4\SF024A_LrnPinionCentr_Impl\src\LrnPinionCentr.c" Line="972" Column="63">
</Loc>
<Message>
Minimisation of run-time failures.
</Message>
</Rule>

<Rule Name="21.1" Mode="required" Report="warning" Id="5">
<Loc File="C:\_Synergy_Projects\Working\ses_dev_ea4\SF024A_LrnPinionCentr_Impl\src\LrnPinionCentr.c" Line="1000" Column="85">
</Loc>
<Message>
Minimisation of run-time failures.
</Message>
</Rule>

</CodeStruct>

</MISRA-C-Report>
