<?pst parser version="1.0" encoding="UTF-8"?>
<DiffFile>
<Header>
--
-- File created by Polyspace / Comments Diff
-- Copyright 1999-2018 MathWorks, Inc.
--
</Header>

<File Name="BmwMsgSlot107Bas0Repn1BusFrChA.c" NewName="BmwMsgSlot107Bas0Repn1BusFrChA.c">

        <Rule Name="10.1" File="BmwMsgSlot107Bas0Repn1BusFrChA.c" Line="1136">
            <Diff Reason="NO_MATCH_FOUND" RuleID="13" File="C:\_PratikJadhav\_Synergy_Projects\Working\MM105A_BmwMsgSlot107Bas0Repn1BusFrChA_Impl\src\BmwMsgSlot107Bas0Repn1BusFrChA.c" Line="1137" Col="117">
            <IsViolated/>
            </Diff>
        </Rule>

        <Rule Name="10.1" File="BmwMsgSlot107Bas0Repn1BusFrChA.c" Line="1222">
            <Diff Reason="NO_MATCH_FOUND" RuleID="14" File="C:\_PratikJadhav\_Synergy_Projects\Working\MM105A_BmwMsgSlot107Bas0Repn1BusFrChA_Impl\src\BmwMsgSlot107Bas0Repn1BusFrChA.c" Line="1223" Col="123">
            <IsViolated/>
            </Diff>
        </Rule>

        <Rule Name="10.1" RuleID="13" File="BmwMsgSlot107Bas0Repn1BusFrChA.c" Line="1136" Col="130">
            <IsViolated/>
            <Diff Reason="NO_MATCH_FOUND" File="BmwMsgSlot107Bas0Repn1BusFrChA.c" Line="1137">
            </Diff>
        </Rule>

        <Rule Name="10.1" RuleID="14" File="BmwMsgSlot107Bas0Repn1BusFrChA.c" Line="1222" Col="52">
            <IsViolated/>
            <Diff Reason="NO_MATCH_FOUND" File="BmwMsgSlot107Bas0Repn1BusFrChA.c" Line="1223" Col="52">
            </Diff>
        </Rule>
</File>
</DiffFile>
