<?xml version="1.0" encoding="UTF-8"?>

<MISRA-C-Report version="1.3">


<CodeStruct Name="" File="C:\Users\nz2999\Documents\Synergy\ccm_wa\ses_dev_ea4\CF101A_BmwHwTqOvrlArbn_Impl-nz2999\CF101A_BmwHwTqOvrlArbn_Impl\src\BmwHwTqOvrlArbn.c" Line="0" Column="0">

<Rule Name="19.1" Mode="advisory" Report="warning" Id="1">
<Loc File="C:\Users\nz2999\Documents\Synergy\ccm_wa\ses_dev_ea4\CF101A_BmwHwTqOvrlArbn_Impl-nz2999\CF101A_BmwHwTqOvrlArbn_Impl\src\BmwHwTqOvrlArbn.c" Line="200" Column="0">
</Loc>
<Message>
#include statements in a file shall only be preceded by other preprocessor directives or comments.
</Message>
</Rule>

<Rule Name="19.1" Mode="advisory" Report="warning" Id="2">
<Loc File="C:\Users\nz2999\Documents\Synergy\ccm_wa\ses_dev_ea4\CF101A_BmwHwTqOvrlArbn_Impl-nz2999\CF101A_BmwHwTqOvrlArbn_Impl\src\BmwHwTqOvrlArbn.c" Line="346" Column="0">
</Loc>
<Message>
#include statements in a file shall only be preceded by other preprocessor directives or comments.
</Message>
</Rule>

<Rule Name="19.1" Mode="advisory" Report="warning" Id="3">
<Loc File="C:\Users\nz2999\Documents\Synergy\ccm_wa\ses_dev_ea4\CF101A_BmwHwTqOvrlArbn_Impl-nz2999\CF101A_BmwHwTqOvrlArbn_Impl\src\BmwHwTqOvrlArbn.c" Line="354" Column="0">
</Loc>
<Message>
#include statements in a file shall only be preceded by other preprocessor directives or comments.
</Message>
</Rule>

<Rule Name="19.1" Mode="advisory" Report="warning" Id="4">
<Loc File="C:\Users\nz2999\Documents\Synergy\ccm_wa\ses_dev_ea4\CF101A_BmwHwTqOvrlArbn_Impl-nz2999\CF101A_BmwHwTqOvrlArbn_Impl\src\BmwHwTqOvrlArbn.c" Line="479" Column="0">
</Loc>
<Message>
#include statements in a file shall only be preceded by other preprocessor directives or comments.
</Message>
</Rule>

</CodeStruct>

<CodeStruct Name="FctlErr" File="C:\Users\nz2999\Documents\Synergy\ccm_wa\ses_dev_ea4\CF101A_BmwHwTqOvrlArbn_Impl-nz2999\CF101A_BmwHwTqOvrlArbn_Impl\src\BmwHwTqOvrlArbn.c" Line="365" Column="15">

<Rule Name="11.5" Mode="required" Report="warning" Id="5">
<Loc File="C:\Users\nz2999\Documents\Synergy\ccm_wa\ses_dev_ea4\CF101A_BmwHwTqOvrlArbn_Impl-nz2999\CF101A_BmwHwTqOvrlArbn_Impl\src\BmwHwTqOvrlArbn.c" Line="388" Column="39">
</Loc>
<Message>
A cast shall not be performed that removes any const or volatile qualification
from the type addressed by a pointer.
</Message>
</Rule>

<Rule Name="11.5" Mode="required" Report="warning" Id="6">
<Loc File="C:\Users\nz2999\Documents\Synergy\ccm_wa\ses_dev_ea4\CF101A_BmwHwTqOvrlArbn_Impl-nz2999\CF101A_BmwHwTqOvrlArbn_Impl\src\BmwHwTqOvrlArbn.c" Line="388" Column="125">
</Loc>
<Message>
A cast shall not be performed that removes any const or volatile qualification
from the type addressed by a pointer.
</Message>
</Rule>

</CodeStruct>

</MISRA-C-Report>
