<?xml version="1.0" encoding="UTF-8"?>

<MISRA-C-Report version="1.3">


<CodeStruct Name="" File="C:\Users\nz2999\Documents\Synergy\ccm_wa\ses_dev_ea4\ES252A_RvsBattProtn_Impl-nz2999\ES252A_RvsBattProtn_Impl\src\RvsBattProtn.c" Line="0" Column="0">

<Rule Name="19.1" Mode="advisory" Report="warning" Id="1">
<Loc File="C:\Users\nz2999\Documents\Synergy\ccm_wa\ses_dev_ea4\ES252A_RvsBattProtn_Impl-nz2999\ES252A_RvsBattProtn_Impl\src\RvsBattProtn.c" Line="844" Column="0">
</Loc>
<Message>
#include statements in a file shall only be preceded by other preprocessor directives or comments.
</Message>
</Rule>

</CodeStruct>

</MISRA-C-Report>
