<?xml version="1.0" encoding="UTF-8"?>
<MISRA-C-Report-Summary>
<File Mode="advisory" Error="0" Warning="1" Total="1">
<Name>
E:\EA4NewTemplate\CM112A_CoreVltgMonr_Impl\src\CDD_CoreVltgMonr.c</Name>
</File>
<File Mode="advisory" Error="0" Warning="2" Total="2">
<Name>
E:\EA4NewTemplate\CM112A_CoreVltgMonr_Impl\src\CDD_CoreVltgMonrNonRte.c</Name>
</File>
<File Mode="required" Error="0" Warning="1" Total="1">
<Name>
E:\EA4NewTemplate\CM112A_CoreVltgMonr_Impl\src\CDD_CoreVltgMonrNonRte.c</Name>
</File>
<File Mode="required" Error="0" Warning="1" Total="1">
<Name>
E:\EA4NewTemplate\CM112A_CoreVltgMonr_Impl\tools\local\include\CDD_ExcpnHndlg.h</Name>
</File>
<Rule Name="19.1" Count="3" Mode="advisory" Severity="warning">
<Message>
#include statements in a file shall only be preceded by other preprocessor directives or comments.</Message>
</Rule>
<Rule Name="2.1" Count="1" Mode="required" Severity="warning">
<Message>
Assembly language shall be encapsulated and isolated.</Message>
</Rule>
<Rule Name="8.10" Count="1" Mode="required" Severity="warning">
<Message>
Function 'GetMcuDiagcIdnData' should have internal linkage.</Message>
</Rule>
</MISRA-C-Report-Summary>
