<?xml version="1.0" encoding="UTF-8"?>
<Navig version="1.0">
<Files>
<F id="1" n="C:\Program Files\MATLAB\R2013b\polyspace\verifier\cxx\cinclude\stdarg.h"/>
<F id="2" n="C:\Component\AR201A_ArCplrSuprt_Impl\include\ASR4.0.3\Platform_Types.h"/>
<F id="3" n="C:\Component\AR200A_ArSuprt_Impl\include\ASR4.0.3\Std_Types.h"/>
<F id="4" n="C:\Component\CM108A_DataAndAdrPar_Impl\tools\contract\Rte_CDD_DataAndAdrPar.h"/>
<F id="5" n="C:\Component\CM108A_DataAndAdrPar_Impl\src\CDD_DataAndAdrPar.c"/>
<F id="6" n="C-STUBS\__polyspace__stdstubs.c"/>
<F id="7" n="C:\Component\CM108A_DataAndAdrPar_Impl\src\CDD_DataAndAdrParNonRte.c"/>
<F id="8" n="C:\Component\CM108A_DataAndAdrPar_Impl\include\CDD_DataAndAdrPar.h"/>
<F id="9" n="C:\Component\AR102A_NxtrTi_Impl\include\CDD_NxtrTi.h"/>
<F id="10" n="C:\Component\AR202A_MicroCtrlrSuprt_Impl\include\P1M\R7F701311\ecm_regs.h"/>
<F id="11" n="C:\Component\AR202A_MicroCtrlrSuprt_Impl\include\P1M\R7F701311\reg_common.h"/>
<F id="12" n="C:\Component\AR202A_MicroCtrlrSuprt_Impl\include\P1M\R7F701311\seg_regs.h"/>
<F id="13" n="C:\Component\AR202A_MicroCtrlrSuprt_Impl\include\P1M\R7F701311\dparity_regs.h"/>
<F id="14" n="C:\Component\AR202A_MicroCtrlrSuprt_Impl\include\P1M\R7F701311\csig_regs.h"/>
<F id="15" n="C:\Component\CM108A_DataAndAdrPar_Impl\tools\contract\McuErrInj.h"/>
<F id="16" n="C:\Program Files\MATLAB\R2013b\polyspace\verifier\cxx\cinclude\__polyspace__std_decls.h"/>
<F id="17" n="C:\Program Files\MATLAB\R2013b\polyspace\verifier\cxx\cinclude\assert.h"/>
<F id="18" n="C:\Program Files\MATLAB\R2013b\polyspace\verifier\cxx\cinclude\__polyspace__libc_defs.h"/>
<F id="19" n="C:\Component\CM108A_DataAndAdrPar_Impl\tools\contract\Rte_CDD_DataAndAdrPar_Type.h"/>
<F id="20" n="C:\Component\CM108A_DataAndAdrPar_Impl\tools\contract\Rte_Type.h"/>
<F id="21" n="C:\Component\CM108A_DataAndAdrPar_Impl\tools\contract\Rte.h"/>
<F id="22" n="C:\Component\AR201A_ArCplrSuprt_Impl\include\ASR4.0.3\Compiler.h"/>
<F id="23" n="C:\Component\AR201A_ArCplrSuprt_Impl\tools\contract\Compiler_Cfg.h"/>
<F id="24" n="C:\Component\AR201A_ArCplrSuprt_Impl\tools\contract\Renesas_Compiler.h"/>
<F id="25" n="C:\Component\CM108A_DataAndAdrPar_Impl\tools\contract\Rte_DataHandleType.h"/>
<F id="26" n="C:\Component\AR200A_ArSuprt_Impl\tools\contract\MemMap.h"/>
<F id="27" n="C:\Component\CM108A_DataAndAdrPar_Impl\tools\contract\CDD_DataAndAdrPar_MemMap.h"/>
</Files>
<Definitions>
<D id="1" f="6" l="6829" c="14" n="_polyspace_compare_function_type" t="7" d="1"/>
<D id="2" f="6" l="11271" c="12" n="_polyspace_random_long_double" t="2" d="1"/>
<D id="3" f="6" l="11290" c="21" n="HUGE_VALF" t="1" d="1"/>
<D id="4" f="6" l="11291" c="21" n="HUGE_VALL" t="1" d="1"/>
<D id="5" f="6" l="12133" c="16" n="__polyspace_absolute_address" t="1" d="1"/>
<D id="6" f="6" l="11273" c="23" n="random" t="4" d="1"/>
<D id="7" f="6" l="11289" c="21" n="HUGE_VAL" t="1" d="1"/>
<D id="8" f="6" l="4" c="21" n="size_t" t="7" d="1"/>
<D id="9" f="6" l="6" c="12" n="ptrdiff_t" t="7" d="1"/>
<D id="10" f="6" l="9" c="21" n="wchar_t" t="7" d="1"/>
<D id="11" f="4" l="51" c="8" n="_dummy" t="9" d="1"/>
<D id="12" f="5" l="69" c="5" n="CDD_DataAndAdrPar_Init2" t="2" d="1"/>
<D id="13" f="4" l="48" c="7" n="Rte_CDS_CDD_DataAndAdrPar" t="6" d="1"/>
<D id="14" f="3" l="141" c="2" n="Std_VersionInfoType" t="7" d="1"/>
<D id="15" f="1" l="45" c="14" n="__va_list" t="7" d="1"/>
<D id="16" f="6" l="380" c="4" n="errno" t="1" d="1"/>
<D id="17" f="1" l="50" c="18" n="__gnuc_va_list" t="7" d="1"/>
<D id="18" f="4" l="62" c="48" n="Rte_Instance" t="7" d="1"/>
<D id="19" f="1" l="49" c="18" n="va_list" t="7" d="1"/>
<D id="20" f="3" l="140" c="10" n="sw_patch_version" t="9" d="1"/>
<D id="21" f="2" l="110" c="31" n="uint32" t="7" d="1"/>
<D id="22" f="2" l="112" c="31" n="sint8_least" t="7" d="1"/>
<D id="23" f="2" l="103" c="31" n="boolean" t="7" d="1"/>
<D id="24" f="2" l="113" c="31" n="uint8_least" t="7" d="1"/>
<D id="25" f="3" l="136" c="10" n="vendorID" t="9" d="1"/>
<D id="26" f="2" l="114" c="31" n="sint16_least" t="7" d="1"/>
<D id="27" f="2" l="105" c="31" n="sint8" t="7" d="1"/>
<D id="28" f="3" l="137" c="10" n="moduleID" t="9" d="1"/>
<D id="29" f="2" l="115" c="31" n="uint16_least" t="7" d="1"/>
<D id="30" f="2" l="106" c="31" n="uint8" t="7" d="1"/>
<D id="31" f="3" l="138" c="10" n="sw_major_version" t="9" d="1"/>
<D id="32" f="3" l="132" c="14" n="Std_ReturnType" t="7" d="1"/>
<D id="33" f="6" l="430" c="23" n="_polyspace_random_ulong" t="5" d="1"/>
<D id="34" f="2" l="116" c="31" n="sint32_least" t="7" d="1"/>
<D id="35" f="2" l="107" c="31" n="sint16" t="7" d="1"/>
<D id="36" f="3" l="125" c="22" n="StatusType" t="7" d="1"/>
<D id="37" f="3" l="139" c="10" n="sw_minor_version" t="9" d="1"/>
<D id="38" f="6" l="400" c="25" n="random" t="4" d="1"/>
<D id="39" f="6" l="414" c="13" n="_polyspace_random_int" t="5" d="1"/>
<D id="40" f="2" l="117" c="31" n="uint32_least" t="7" d="1"/>
<D id="41" f="2" l="108" c="31" n="uint16" t="7" d="1"/>
<D id="42" f="6" l="422" c="14" n="_polyspace_random_long" t="5" d="1"/>
<D id="43" f="2" l="127" c="31" n="sint64" t="7" d="1"/>
<D id="44" f="2" l="109" c="31" n="sint32" t="7" d="1"/>
<D id="45" f="2" l="128" c="31" n="uint64" t="7" d="1"/>
<D id="46" f="6" l="406" c="23" n="_polyspace_random_uchar" t="5" d="1"/>
<D id="47" f="2" l="138" c="31" n="float32" t="7" d="1"/>
<D id="48" f="2" l="139" c="31" n="float64" t="7" d="1"/>
<D id="49" f="6" l="432" c="34" n="random" t="4" d="1"/>
<D id="50" f="6" l="416" c="24" n="random" t="4" d="1"/>
<D id="51" f="6" l="424" c="25" n="random" t="4" d="1"/>
<D id="52" f="6" l="408" c="34" n="random" t="4" d="1"/>
<D id="53" f="6" l="437" c="16" n="_polyspace_random_double" t="5" d="1"/>
<D id="54" f="6" l="3484" c="4" n="__polyspace_nb_varargs" t="1" d="1"/>
<D id="55" f="6" l="398" c="14" n="_polyspace_random_char" t="5" d="1"/>
<D id="56" f="6" l="3483" c="7" n="__polyspace_vararg" t="1" d="1"/>
<D id="57" f="6" l="439" c="27" n="random" t="4" d="1"/>
</Definitions>
<Uses>
<U id="1" f="6" l="11274" c="9" d="6" a="0"/>
<U id="2" f="4" l="51" c="2" d="30" a="0"/>
<U id="3" f="1" l="50" c="8" d="15" a="0"/>
<U id="4" f="1" l="84" c="7" d="19" a="0"/>
<U id="5" f="1" l="49" c="8" d="15" a="0"/>
<U id="6" f="3" l="140" c="3" d="30" a="0"/>
<U id="7" f="4" l="62" c="21" d="13" a="0"/>
<U id="8" f="1" l="84" c="39" d="19" a="0"/>
<U id="9" f="3" l="136" c="3" d="41" a="0"/>
<U id="10" f="3" l="137" c="3" d="41" a="0"/>
<U id="11" f="3" l="138" c="3" d="30" a="0"/>
<U id="12" f="3" l="132" c="8" d="30" a="0"/>
<U id="13" f="3" l="139" c="3" d="30" a="0"/>
<U id="14" f="6" l="401" c="11" d="38" a="0"/>
<U id="15" f="6" l="440" c="11" d="57" a="0"/>
<U id="16" f="6" l="433" c="11" d="49" a="0"/>
<U id="17" f="6" l="425" c="11" d="51" a="0"/>
<U id="18" f="6" l="417" c="11" d="50" a="0"/>
<U id="19" f="6" l="409" c="11" d="52" a="0"/>
</Uses>
<Blocks>
<B id="1" t="ppcrmif" f="7" l="72" c="8">
<BEGIN l="72" c="38"/>
<END l="77" c="8"/>
</B>
<B id="2" t="ppcrmif" f="7" l="91" c="8">
<BEGIN l="91" c="38"/>
<END l="93" c="8"/>
</B>
<B id="3" t="ppcrmif" f="7" l="108" c="24">
<BEGIN l="108" c="54"/>
<END l="115" c="24"/>
</B>
<B id="4" t="ppcrmif" f="7" l="128" c="32">
<BEGIN l="128" c="62"/>
<END l="135" c="32"/>
</B>
<B id="5" t="ppcrmif" f="7" l="148" c="40">
<BEGIN l="148" c="70"/>
<END l="150" c="40"/>
</B>
<B id="6" t="ppcrmif" f="7" l="153" c="48">
<BEGIN l="153" c="78"/>
<END l="156" c="48"/>
</B>
<B id="7" t="ppcrmif" f="7" l="164" c="40">
<BEGIN l="164" c="70"/>
<END l="175" c="40"/>
</B>
<B id="8" t="ppcelse" f="7" l="175" c="40">
<BEGIN l="175" c="45"/>
<END l="178" c="40"/>
</B>
<B id="9" t="ppcrmif" f="7" l="233" c="8">
<BEGIN l="233" c="38"/>
<END l="236" c="8"/>
</B>
<B id="10" t="ppcrmif" f="7" l="254" c="8">
<BEGIN l="254" c="38"/>
<END l="262" c="8"/>
</B>
<B id="11" t="ppcrmif" f="7" l="286" c="0">
<BEGIN l="286" c="30"/>
<END l="410" c="0"/>
</B>
<B id="12" t="ppcif" f="8" l="20" c="0">
<BEGIN l="20" c="27"/>
<END l="35" c="0"/>
</B>
<B id="13" t="ppcif" f="9" l="20" c="0">
<BEGIN l="20" c="20"/>
<END l="39" c="0"/>
</B>
<B id="14" t="ppcif" f="10" l="17" c="0">
<BEGIN l="17" c="18"/>
<END l="1126" c="0"/>
</B>
<B id="15" t="ppcif" f="11" l="21" c="0">
<BEGIN l="21" c="20"/>
<END l="177" c="0"/>
</B>
<B id="16" t="ppcif" f="11" l="29" c="0">
<BEGIN l="29" c="31"/>
<END l="39" c="0"/>
</B>
<B id="17" t="ppcif" f="12" l="17" c="0">
<BEGIN l="17" c="18"/>
<END l="97" c="0"/>
</B>
<B id="18" t="ppcif" f="13" l="17" c="0">
<BEGIN l="17" c="22"/>
<END l="982" c="0"/>
</B>
<B id="19" t="ppcif" f="14" l="18" c="0">
<BEGIN l="18" c="19"/>
<END l="200" c="0"/>
</B>
<B id="20" t="ppcrmif" f="15" l="5" c="0">
<BEGIN l="5" c="30"/>
<END l="17" c="0"/>
</B>
<B id="21" t="ppcrmif" f="15" l="19" c="0">
<BEGIN l="19" c="30"/>
<END l="26" c="0"/>
</B>
<B id="22" t="routine" f="5" l="69" c="5">
<BEGIN l="70" c="0"/>
<END l="81" c="0"/>
</B>
<B id="23" t="ppcif" f="16" l="15" c="0">
<BEGIN l="15" c="27"/>
<END l="330" c="0"/>
</B>
<B id="24" t="ppcif" f="16" l="25" c="0">
<BEGIN l="25" c="19"/>
<END l="155" c="0"/>
</B>
<B id="25" t="ppcrmif" f="16" l="46" c="0">
<BEGIN l="46" c="93"/>
<END l="91" c="0"/>
</B>
<B id="26" t="ppcrmif" f="16" l="94" c="0">
<BEGIN l="94" c="91"/>
<END l="153" c="0"/>
</B>
<B id="27" t="ppcrmelse" f="16" l="155" c="0">
<BEGIN l="155" c="35"/>
<END l="328" c="0"/>
</B>
<B id="28" t="ppcif" f="17" l="11" c="0">
<BEGIN l="11" c="27"/>
<END l="36" c="0"/>
</B>
<B id="29" t="ppcrmif" f="17" l="14" c="0">
<BEGIN l="14" c="19"/>
<END l="29" c="0"/>
</B>
<B id="30" t="ppcelse" f="17" l="29" c="0">
<BEGIN l="29" c="5"/>
<END l="33" c="0"/>
</B>
<B id="31" t="ppcif" f="1" l="22" c="0">
<BEGIN l="22" c="17"/>
<END l="109" c="0"/>
</B>
<B id="32" t="ppcrmif" f="1" l="39" c="0">
<BEGIN l="39" c="66"/>
<END l="43" c="0"/>
</B>
<B id="33" t="ppcelse" f="1" l="43" c="0">
<BEGIN l="43" c="60"/>
<END l="47" c="0"/>
</B>
<B id="34" t="ppcrmif" f="1" l="52" c="0">
<BEGIN l="52" c="18"/>
<END l="58" c="0"/>
</B>
<B id="35" t="ppcrmif" f="1" l="62" c="0">
<BEGIN l="62" c="33"/>
<END l="80" c="0"/>
</B>
<B id="36" t="ppcelse" f="1" l="80" c="0">
<BEGIN l="80" c="31"/>
<END l="93" c="0"/>
</B>
<B id="37" t="ppcrmif" f="1" l="96" c="0">
<BEGIN l="96" c="14"/>
<END l="106" c="0"/>
</B>
<B id="38" t="ppcif" f="18" l="3" c="0">
<BEGIN l="3" c="29"/>
<END l="348" c="0"/>
</B>
<B id="39" t="ppcif" f="18" l="61" c="0">
<BEGIN l="63" c="27"/>
<END l="66" c="0"/>
</B>
<B id="40" t="ppcrmif" f="18" l="165" c="0">
<BEGIN l="165" c="17"/>
<END l="206" c="0"/>
</B>
<B id="41" t="ppcrmif" f="18" l="209" c="0">
<BEGIN l="209" c="37"/>
<END l="211" c="0"/>
</B>
<B id="42" t="ppcrmif" f="18" l="213" c="0">
<BEGIN l="213" c="44"/>
<END l="321" c="0"/>
</B>
<B id="43" t="ppcif" f="18" l="323" c="0">
<BEGIN l="323" c="18"/>
<END l="346" c="0"/>
</B>
<B id="44" t="ppcrmif" f="18" l="326" c="0">
<BEGIN l="326" c="18"/>
<END l="328" c="0"/>
</B>
<B id="45" t="ppcrmif" f="18" l="329" c="0">
<BEGIN l="329" c="63"/>
<END l="331" c="0"/>
</B>
<B id="46" t="ppcrmif" f="18" l="332" c="0">
<BEGIN l="332" c="64"/>
<END l="334" c="0"/>
</B>
<B id="47" t="ppcrmif" f="18" l="335" c="0">
<BEGIN l="335" c="16"/>
<END l="340" c="0"/>
</B>
<B id="48" t="ppcif" f="18" l="343" c="0">
<BEGIN l="343" c="57"/>
<END l="345" c="0"/>
</B>
<B id="49" t="type" f="4" l="48" c="7">
<BEGIN l="48" c="31"/>
<END l="52" c="0"/>
</B>
<B id="50" t="ppcif" f="4" l="24" c="0">
<BEGIN l="24" c="32"/>
<END l="101" c="0"/>
</B>
<B id="51" t="ppcrmif" f="4" l="27" c="0">
<BEGIN l="27" c="35"/>
<END l="29" c="0"/>
</B>
<B id="52" t="ppcrmif" f="4" l="33" c="0">
<BEGIN l="33" c="19"/>
<END l="36" c="0"/>
</B>
<B id="53" t="ppcrmif" f="4" l="85" c="0">
<BEGIN l="85" c="19"/>
<END l="87" c="0"/>
</B>
<B id="54" t="ppcif" f="4" l="90" c="0">
<BEGIN l="90" c="26"/>
<END l="98" c="0"/>
</B>
<B id="55" t="ppcif" f="4" l="91" c="0">
<BEGIN l="91" c="25"/>
<END l="95" c="0"/>
</B>
<B id="56" t="ppcrmif" f="4" l="92" c="0">
<BEGIN l="92" c="37"/>
<END l="94" c="0"/>
</B>
<B id="57" t="ppcrmelse" f="4" l="95" c="0">
<BEGIN l="95" c="7"/>
<END l="97" c="0"/>
</B>
<B id="58" t="ppcif" f="19" l="24" c="0">
<BEGIN l="24" c="37"/>
<END l="51" c="0"/>
</B>
<B id="59" t="ppcrmif" f="19" l="27" c="0">
<BEGIN l="27" c="19"/>
<END l="30" c="0"/>
</B>
<B id="60" t="ppcrmif" f="19" l="35" c="0">
<BEGIN l="35" c="19"/>
<END l="37" c="0"/>
</B>
<B id="61" t="ppcif" f="19" l="40" c="0">
<BEGIN l="40" c="26"/>
<END l="48" c="0"/>
</B>
<B id="62" t="ppcif" f="19" l="41" c="0">
<BEGIN l="41" c="25"/>
<END l="45" c="0"/>
</B>
<B id="63" t="ppcrmif" f="19" l="42" c="0">
<BEGIN l="42" c="37"/>
<END l="44" c="0"/>
</B>
<B id="64" t="ppcrmelse" f="19" l="45" c="0">
<BEGIN l="45" c="7"/>
<END l="47" c="0"/>
</B>
<B id="65" t="ppcif" f="20" l="24" c="0">
<BEGIN l="24" c="19"/>
<END l="41" c="0"/>
</B>
<B id="66" t="ppcif" f="20" l="30" c="0">
<BEGIN l="30" c="26"/>
<END l="38" c="0"/>
</B>
<B id="67" t="ppcif" f="20" l="31" c="0">
<BEGIN l="31" c="25"/>
<END l="35" c="0"/>
</B>
<B id="68" t="ppcrmif" f="20" l="32" c="0">
<BEGIN l="32" c="37"/>
<END l="34" c="0"/>
</B>
<B id="69" t="ppcrmelse" f="20" l="35" c="0">
<BEGIN l="35" c="7"/>
<END l="37" c="0"/>
</B>
<B id="70" t="ppcif" f="21" l="25" c="0">
<BEGIN l="25" c="14"/>
<END l="95" c="0"/>
</B>
<B id="71" t="ppcrmif" f="21" l="41" c="0">
<BEGIN l="41" c="33"/>
<END l="43" c="0"/>
</B>
<B id="72" t="ppcrmif" f="21" l="45" c="0">
<BEGIN l="45" c="46"/>
<END l="47" c="0"/>
</B>
<B id="73" t="ppcrmif" f="21" l="49" c="0">
<BEGIN l="49" c="28"/>
<END l="51" c="0"/>
</B>
<B id="74" t="ppcif" f="21" l="84" c="0">
<BEGIN l="84" c="26"/>
<END l="92" c="0"/>
</B>
<B id="75" t="ppcrmif" f="21" l="85" c="0">
<BEGIN l="85" c="25"/>
<END l="89" c="0"/>
</B>
<B id="76" t="ppcelse" f="21" l="89" c="0">
<BEGIN l="89" c="7"/>
<END l="91" c="0"/>
</B>
<B id="77" t="type" f="3" l="135" c="0">
<BEGIN l="135" c="0"/>
<END l="141" c="0"/>
</B>
<B id="78" t="ppcif" f="3" l="56" c="0">
<BEGIN l="56" c="19"/>
<END l="154" c="0"/>
</B>
<B id="79" t="ppcif" f="3" l="122" c="0">
<BEGIN l="122" c="26"/>
<END l="126" c="0"/>
</B>
<B id="80" t="ppcif" f="2" l="43" c="0">
<BEGIN l="43" c="24"/>
<END l="150" c="0"/>
</B>
<B id="81" t="ppcif" f="2" l="81" c="0">
<BEGIN l="81" c="13"/>
<END l="83" c="0"/>
</B>
<B id="82" t="ppcif" f="2" l="85" c="0">
<BEGIN l="85" c="14"/>
<END l="87" c="0"/>
</B>
<B id="83" t="ppcrmif" f="2" l="119" c="0">
<BEGIN l="119" c="46"/>
<END l="125" c="0"/>
</B>
<B id="84" t="ppcelse" f="2" l="125" c="0">
<BEGIN l="125" c="6"/>
<END l="129" c="0"/>
</B>
<B id="85" t="ppcrmif" f="2" l="131" c="0">
<BEGIN l="131" c="46"/>
<END l="137" c="0"/>
</B>
<B id="86" t="ppcelse" f="2" l="137" c="0">
<BEGIN l="137" c="6"/>
<END l="140" c="0"/>
</B>
<B id="87" t="ppcif" f="22" l="43" c="0">
<BEGIN l="43" c="18"/>
<END l="202" c="0"/>
</B>
<B id="88" t="ppcif" f="22" l="88" c="0">
<BEGIN l="88" c="17"/>
<END l="90" c="0"/>
</B>
<B id="89" t="ppcif" f="23" l="19" c="0">
<BEGIN l="19" c="22"/>
<END l="23" c="0"/>
</B>
<B id="90" t="ppcif" f="24" l="19" c="0">
<BEGIN l="19" c="26"/>
<END l="23" c="0"/>
</B>
<B id="91" t="ppcif" f="25" l="24" c="0">
<BEGIN l="24" c="31"/>
<END l="39" c="0"/>
</B>
<B id="92" t="ppcif" f="25" l="28" c="0">
<BEGIN l="28" c="26"/>
<END l="36" c="0"/>
</B>
<B id="93" t="ppcif" f="25" l="29" c="0">
<BEGIN l="29" c="25"/>
<END l="33" c="0"/>
</B>
<B id="94" t="ppcrmif" f="25" l="30" c="0">
<BEGIN l="30" c="37"/>
<END l="32" c="0"/>
</B>
<B id="95" t="ppcrmelse" f="25" l="33" c="0">
<BEGIN l="33" c="7"/>
<END l="35" c="0"/>
</B>
<B id="96" t="ppcif" f="26" l="19" c="0">
<BEGIN l="19" c="16"/>
<END l="24" c="0"/>
</B>
<B id="97" t="ppcif" f="27" l="53" c="0">
<BEGIN l="53" c="39"/>
<END l="57" c="0"/>
</B>
<B id="98" t="ppcrmif" f="27" l="67" c="0">
<BEGIN l="67" c="52"/>
<END l="71" c="0"/>
</B>
<B id="99" t="ppcrmif" f="27" l="81" c="0">
<BEGIN l="81" c="57"/>
<END l="85" c="0"/>
</B>
<B id="100" t="ppcrmif" f="27" l="95" c="0">
<BEGIN l="95" c="55"/>
<END l="99" c="0"/>
</B>
<B id="101" t="ppcrmif" f="27" l="109" c="0">
<BEGIN l="109" c="60"/>
<END l="113" c="0"/>
</B>
<B id="102" t="ppcif" f="27" l="125" c="0">
<BEGIN l="125" c="38"/>
<END l="129" c="0"/>
</B>
<B id="103" t="ppcrmif" f="27" l="139" c="0">
<BEGIN l="139" c="51"/>
<END l="143" c="0"/>
</B>
<B id="104" t="ppcrmif" f="27" l="153" c="0">
<BEGIN l="153" c="56"/>
<END l="157" c="0"/>
</B>
<B id="105" t="ppcrmif" f="27" l="167" c="0">
<BEGIN l="167" c="54"/>
<END l="171" c="0"/>
</B>
<B id="106" t="ppcrmif" f="27" l="181" c="0">
<BEGIN l="181" c="59"/>
<END l="185" c="0"/>
</B>
<B id="107" t="ppcif" f="27" l="201" c="0">
<BEGIN l="201" c="25"/>
<END l="209" c="0"/>
</B>
<B id="108" t="ppcif" f="27" l="202" c="0">
<BEGIN l="202" c="24"/>
<END l="206" c="0"/>
</B>
<B id="109" t="ppcrmif" f="27" l="203" c="0">
<BEGIN l="203" c="36"/>
<END l="205" c="0"/>
</B>
<B id="110" t="ppcelse" f="27" l="206" c="0">
<BEGIN l="206" c="6"/>
<END l="208" c="0"/>
</B>
</Blocks>
</Navig>
