<?xml version="1.0" encoding="UTF-8"?>
<MISRA-C-Report-Summary>
<File Mode="advisory" Error="0" Warning="4" Total="4">
<Name>
C:\Users\nz2999\Documents\Synergy\ccm_wa\ses_dev_ea4\CF020A_BmwHaptcFb_Impl-nz2999\CF020A_BmwHaptcFb_Impl\src\BmwHaptcFb.c</Name>
</File>
<File Mode="required" Error="0" Warning="23" Total="23">
<Name>
C:\Users\nz2999\Documents\Synergy\ccm_wa\ses_dev_ea4\CF020A_BmwHaptcFb_Impl-nz2999\CF020A_BmwHaptcFb_Impl\src\BmwHaptcFb.c</Name>
</File>
<Rule Name="11.5" Count="16" Mode="required" Severity="warning">
<Message>
A cast shall not be performed that removes any const or volatile qualification</Message>
</Rule>
<Rule Name="19.1" Count="4" Mode="advisory" Severity="warning">
<Message>
#include statements in a file shall only be preceded by other preprocessor directives or comments.</Message>
</Rule>
<Rule Name="5.1" Count="4" Mode="required" Severity="warning">
<Message>
</Message>
</Rule>
<Rule Name="21.1" Count="3" Mode="required" Severity="warning">
<Message>
Minimisation of run-time failures.</Message>
</Rule>
</MISRA-C-Report-Summary>
