<?xml version="1.0" encoding="UTF-8"?>

<MISRA-C-Report version="1.3">


<CodeStruct Name="" File="C:\_S\work\ses_dev_ea4\CF089A_BmwDrvgDynStMac_Impl-z172399\CF089A_BmwDrvgDynStMac_Impl\src\BmwDrvgDynStMac.c" Line="0" Column="0">

<Rule Name="5.1" Mode="required" Report="warning" Id="1">
<Loc File="C:\_S\work\ses_dev_ea4\CF089A_BmwDrvgDynStMac_Impl-z172399\CF089A_BmwDrvgDynStMac_Impl\src\BmwDrvgDynStMac.c" Line="157" Column="24">
</Loc>
<Message>
Identifiers "BmwTarSteerTqDrvrActrQlfr_Cnt_T_enum" (BmwDrvgDynStMac.c line 145 column 24) and "BmwTarSteerTqDrvrActrQlfr_Cnt_T_enum" (BmwDrvgDynStMac.c line 157 column 24) have the same first 36 characters.
</Message>
</Rule>

<Rule Name="5.1" Mode="required" Report="warning" Id="2">
<Loc File="C:\_S\work\ses_dev_ea4\CF089A_BmwDrvgDynStMac_Impl-z172399\CF089A_BmwDrvgDynStMac_Impl\src\BmwDrvgDynStMac.c" Line="158" Column="34">
</Loc>
<Message>
Identifiers "BmwTrfcJamAssiDampgStReq_Cnt_T_enum" (BmwDrvgDynStMac.c line 146 column 34) and "BmwTrfcJamAssiDampgStReq_Cnt_T_enum" (BmwDrvgDynStMac.c line 158 column 34) have the same first 35 characters.
</Message>
</Rule>

<Rule Name="5.1" Mode="required" Report="warning" Id="3">
<Loc File="C:\_S\work\ses_dev_ea4\CF089A_BmwDrvgDynStMac_Impl-z172399\CF089A_BmwDrvgDynStMac_Impl\src\BmwDrvgDynStMac.c" Line="168" Column="24">
</Loc>
<Message>
Identifiers "BmwTarSteerTqDrvrActrQlfr_Cnt_T_enum" (BmwDrvgDynStMac.c line 157 column 24) and "BmwTarSteerTqDrvrActrQlfr_Cnt_T_enum" (BmwDrvgDynStMac.c line 168 column 24) have the same first 36 characters.
Identifiers "BmwTarSteerTqDrvrActrQlfr_Cnt_T_enum" (BmwDrvgDynStMac.c line 145 column 24) and "BmwTarSteerTqDrvrActrQlfr_Cnt_T_enum" (BmwDrvgDynStMac.c line 168 column 24) have the same first 36 characters.
</Message>
</Rule>

<Rule Name="5.1" Mode="required" Report="warning" Id="5">
<Loc File="C:\_S\work\ses_dev_ea4\CF089A_BmwDrvgDynStMac_Impl-z172399\CF089A_BmwDrvgDynStMac_Impl\src\BmwDrvgDynStMac.c" Line="169" Column="34">
</Loc>
<Message>
Identifiers "BmwTrfcJamAssiDampgStReq_Cnt_T_enum" (BmwDrvgDynStMac.c line 146 column 34) and "BmwTrfcJamAssiDampgStReq_Cnt_T_enum" (BmwDrvgDynStMac.c line 169 column 34) have the same first 35 characters.
Identifiers "BmwTrfcJamAssiDampgStReq_Cnt_T_enum" (BmwDrvgDynStMac.c line 158 column 34) and "BmwTrfcJamAssiDampgStReq_Cnt_T_enum" (BmwDrvgDynStMac.c line 169 column 34) have the same first 35 characters.
</Message>
</Rule>

<Rule Name="5.1" Mode="required" Report="warning" Id="7">
<Loc File="C:\_S\work\ses_dev_ea4\CF089A_BmwDrvgDynStMac_Impl-z172399\CF089A_BmwDrvgDynStMac_Impl\src\BmwDrvgDynStMac.c" Line="178" Column="24">
</Loc>
<Message>
Identifiers "BmwTarSteerTqDrvrActrQlfr_Cnt_T_enum" (BmwDrvgDynStMac.c line 157 column 24) and "BmwTarSteerTqDrvrActrQlfr_Cnt_T_enum" (BmwDrvgDynStMac.c line 178 column 24) have the same first 36 characters.
Identifiers "BmwTarSteerTqDrvrActrQlfr_Cnt_T_enum" (BmwDrvgDynStMac.c line 168 column 24) and "BmwTarSteerTqDrvrActrQlfr_Cnt_T_enum" (BmwDrvgDynStMac.c line 178 column 24) have the same first 36 characters.
Identifiers "BmwTarSteerTqDrvrActrQlfr_Cnt_T_enum" (BmwDrvgDynStMac.c line 145 column 24) and "BmwTarSteerTqDrvrActrQlfr_Cnt_T_enum" (BmwDrvgDynStMac.c line 178 column 24) have the same first 36 characters.
</Message>
</Rule>

<Rule Name="5.1" Mode="required" Report="warning" Id="10">
<Loc File="C:\_S\work\ses_dev_ea4\CF089A_BmwDrvgDynStMac_Impl-z172399\CF089A_BmwDrvgDynStMac_Impl\src\BmwDrvgDynStMac.c" Line="179" Column="34">
</Loc>
<Message>
Identifiers "BmwTrfcJamAssiDampgStReq_Cnt_T_enum" (BmwDrvgDynStMac.c line 146 column 34) and "BmwTrfcJamAssiDampgStReq_Cnt_T_enum" (BmwDrvgDynStMac.c line 179 column 34) have the same first 35 characters.
Identifiers "BmwTrfcJamAssiDampgStReq_Cnt_T_enum" (BmwDrvgDynStMac.c line 169 column 34) and "BmwTrfcJamAssiDampgStReq_Cnt_T_enum" (BmwDrvgDynStMac.c line 179 column 34) have the same first 35 characters.
Identifiers "BmwTrfcJamAssiDampgStReq_Cnt_T_enum" (BmwDrvgDynStMac.c line 158 column 34) and "BmwTrfcJamAssiDampgStReq_Cnt_T_enum" (BmwDrvgDynStMac.c line 179 column 34) have the same first 35 characters.
</Message>
</Rule>

<Rule Name="5.1" Mode="required" Report="warning" Id="13">
<Loc File="C:\_S\work\ses_dev_ea4\CF089A_BmwDrvgDynStMac_Impl-z172399\CF089A_BmwDrvgDynStMac_Impl\src\BmwDrvgDynStMac.c" Line="188" Column="24">
</Loc>
<Message>
Identifiers "BmwTarSteerTqDrvrActrQlfr_Cnt_T_enum" (BmwDrvgDynStMac.c line 178 column 24) and "BmwTarSteerTqDrvrActrQlfr_Cnt_T_enum" (BmwDrvgDynStMac.c line 188 column 24) have the same first 36 characters.
Identifiers "BmwTarSteerTqDrvrActrQlfr_Cnt_T_enum" (BmwDrvgDynStMac.c line 157 column 24) and "BmwTarSteerTqDrvrActrQlfr_Cnt_T_enum" (BmwDrvgDynStMac.c line 188 column 24) have the same first 36 characters.
Identifiers "BmwTarSteerTqDrvrActrQlfr_Cnt_T_enum" (BmwDrvgDynStMac.c line 168 column 24) and "BmwTarSteerTqDrvrActrQlfr_Cnt_T_enum" (BmwDrvgDynStMac.c line 188 column 24) have the same first 36 characters.
Identifiers "BmwTarSteerTqDrvrActrQlfr_Cnt_T_enum" (BmwDrvgDynStMac.c line 145 column 24) and "BmwTarSteerTqDrvrActrQlfr_Cnt_T_enum" (BmwDrvgDynStMac.c line 188 column 24) have the same first 36 characters.
</Message>
</Rule>

<Rule Name="5.1" Mode="required" Report="warning" Id="17">
<Loc File="C:\_S\work\ses_dev_ea4\CF089A_BmwDrvgDynStMac_Impl-z172399\CF089A_BmwDrvgDynStMac_Impl\src\BmwDrvgDynStMac.c" Line="189" Column="34">
</Loc>
<Message>
Identifiers "BmwTrfcJamAssiDampgStReq_Cnt_T_enum" (BmwDrvgDynStMac.c line 146 column 34) and "BmwTrfcJamAssiDampgStReq_Cnt_T_enum" (BmwDrvgDynStMac.c line 189 column 34) have the same first 35 characters.
Identifiers "BmwTrfcJamAssiDampgStReq_Cnt_T_enum" (BmwDrvgDynStMac.c line 169 column 34) and "BmwTrfcJamAssiDampgStReq_Cnt_T_enum" (BmwDrvgDynStMac.c line 189 column 34) have the same first 35 characters.
Identifiers "BmwTrfcJamAssiDampgStReq_Cnt_T_enum" (BmwDrvgDynStMac.c line 158 column 34) and "BmwTrfcJamAssiDampgStReq_Cnt_T_enum" (BmwDrvgDynStMac.c line 189 column 34) have the same first 35 characters.
Identifiers "BmwTrfcJamAssiDampgStReq_Cnt_T_enum" (BmwDrvgDynStMac.c line 179 column 34) and "BmwTrfcJamAssiDampgStReq_Cnt_T_enum" (BmwDrvgDynStMac.c line 189 column 34) have the same first 35 characters.
</Message>
</Rule>

<Rule Name="5.1" Mode="required" Report="warning" Id="21">
<Loc File="C:\_S\work\ses_dev_ea4\CF089A_BmwDrvgDynStMac_Impl-z172399\CF089A_BmwDrvgDynStMac_Impl\src\BmwDrvgDynStMac.c" Line="192" Column="16">
</Loc>
<Message>
Identifiers "MotTqCmdPwrLimdActvtUppr_Cnt_T_logl" (BmwDrvgDynStMac.c line 159 column 16) and "MotTqCmdPwrLimdActvtUppr_Cnt_T_logl" (BmwDrvgDynStMac.c line 192 column 16) have the same first 35 characters.
</Message>
</Rule>

<Rule Name="19.1" Mode="advisory" Report="warning" Id="22">
<Loc File="C:\_S\work\ses_dev_ea4\CF089A_BmwDrvgDynStMac_Impl-z172399\CF089A_BmwDrvgDynStMac_Impl\src\BmwDrvgDynStMac.c" Line="288" Column="0">
</Loc>
<Message>
#include statements in a file shall only be preceded by other preprocessor directives or comments.
</Message>
</Rule>

<Rule Name="19.1" Mode="advisory" Report="warning" Id="23">
<Loc File="C:\_S\work\ses_dev_ea4\CF089A_BmwDrvgDynStMac_Impl-z172399\CF089A_BmwDrvgDynStMac_Impl\src\BmwDrvgDynStMac.c" Line="555" Column="0">
</Loc>
<Message>
#include statements in a file shall only be preceded by other preprocessor directives or comments.
</Message>
</Rule>

<Rule Name="19.1" Mode="advisory" Report="warning" Id="24">
<Loc File="C:\_S\work\ses_dev_ea4\CF089A_BmwDrvgDynStMac_Impl-z172399\CF089A_BmwDrvgDynStMac_Impl\src\BmwDrvgDynStMac.c" Line="563" Column="0">
</Loc>
<Message>
#include statements in a file shall only be preceded by other preprocessor directives or comments.
</Message>
</Rule>

<Rule Name="5.1" Mode="required" Report="warning" Id="25">
<Loc File="C:\_S\work\ses_dev_ea4\CF089A_BmwDrvgDynStMac_Impl-z172399\CF089A_BmwDrvgDynStMac_Impl\src\BmwDrvgDynStMac.c" Line="579" Column="16">
</Loc>
<Message>
Identifiers "DiagcStsNonRcvrlReqDiFltPrsnt_Cnt_T_logl" (BmwDrvgDynStMac.c line 579 column 16) and "DiagcStsNonRcvrlReqDiFltPrsnt_Cnt_T_logl" (BmwDrvgDynStMac.c line 114 column 16) have the same first 40 characters.
</Message>
</Rule>

<Rule Name="5.1" Mode="required" Report="warning" Id="26">
<Loc File="C:\_S\work\ses_dev_ea4\CF089A_BmwDrvgDynStMac_Impl-z172399\CF089A_BmwDrvgDynStMac_Impl\src\BmwDrvgDynStMac.c" Line="580" Column="16">
</Loc>
<Message>
Identifiers "DiagcStsCtrldShtDwnFltPrsnt_Cnt_T_logl" (BmwDrvgDynStMac.c line 580 column 16) and "DiagcStsCtrldShtDwnFltPrsnt_Cnt_T_logl" (BmwDrvgDynStMac.c line 115 column 16) have the same first 38 characters.
</Message>
</Rule>

<Rule Name="5.1" Mode="required" Report="warning" Id="27">
<Loc File="C:\_S\work\ses_dev_ea4\CF089A_BmwDrvgDynStMac_Impl-z172399\CF089A_BmwDrvgDynStMac_Impl\src\BmwDrvgDynStMac.c" Line="679" Column="16">
</Loc>
<Message>
Identifiers "MotTqCmdPwrLimd_MotNwtMtr_T_f32" (BmwDrvgDynStMac.c line 679 column 16) and "MotTqCmdPwrLimd_MotNwtMtr_T_f32" (BmwDrvgDynStMac.c line 149 column 16) have the same first 31 characters.
</Message>
</Rule>

<Rule Name="5.1" Mode="required" Report="warning" Id="28">
<Loc File="C:\_S\work\ses_dev_ea4\CF089A_BmwDrvgDynStMac_Impl-z172399\CF089A_BmwDrvgDynStMac_Impl\src\BmwDrvgDynStMac.c" Line="680" Column="17">
</Loc>
<Message>
Identifiers "MotTqCmdPwrLimdActvtUppr_Cnt_T_logl" (BmwDrvgDynStMac.c line 680 column 17) and "MotTqCmdPwrLimdActvtUppr_Cnt_T_logl" (BmwDrvgDynStMac.c line 159 column 16) have the same first 35 characters.
Identifiers "MotTqCmdPwrLimdActvtUppr_Cnt_T_logl" (BmwDrvgDynStMac.c line 680 column 17) and "MotTqCmdPwrLimdActvtUppr_Cnt_T_logl" (BmwDrvgDynStMac.c line 192 column 16) have the same first 35 characters.
</Message>
</Rule>

<Rule Name="5.1" Mode="required" Report="warning" Id="30">
<Loc File="C:\_S\work\ses_dev_ea4\CF089A_BmwDrvgDynStMac_Impl-z172399\CF089A_BmwDrvgDynStMac_Impl\src\BmwDrvgDynStMac.c" Line="681" Column="17">
</Loc>
<Message>
Identifiers "MotTqCmdPwrLimdActvtLowr_Cnt_T_logl" (BmwDrvgDynStMac.c line 681 column 17) and "MotTqCmdPwrLimdActvtLowr_Cnt_T_logl" (BmwDrvgDynStMac.c line 160 column 16) have the same first 35 characters.
</Message>
</Rule>

<Rule Name="5.1" Mode="required" Report="warning" Id="31">
<Loc File="C:\_S\work\ses_dev_ea4\CF089A_BmwDrvgDynStMac_Impl-z172399\CF089A_BmwDrvgDynStMac_Impl\src\BmwDrvgDynStMac.c" Line="682" Column="17">
</Loc>
<Message>
Identifiers "MotTqCmdPwrLimdDeactvtLowr_Cnt_T_logl" (BmwDrvgDynStMac.c line 682 column 17) and "MotTqCmdPwrLimdDeactvtLowr_Cnt_T_logl" (BmwDrvgDynStMac.c line 170 column 16) have the same first 37 characters.
</Message>
</Rule>

<Rule Name="5.1" Mode="required" Report="warning" Id="32">
<Loc File="C:\_S\work\ses_dev_ea4\CF089A_BmwDrvgDynStMac_Impl-z172399\CF089A_BmwDrvgDynStMac_Impl\src\BmwDrvgDynStMac.c" Line="742" Column="16">
</Loc>
<Message>
Identifiers "MotTqCmdPwrLimdCdnActvt_Cnt_T_logl" (BmwDrvgDynStMac.c line 742 column 16) and "MotTqCmdPwrLimdCdnActvt_Cnt_T_logl" (BmwDrvgDynStMac.c line 131 column 16) have the same first 34 characters.
</Message>
</Rule>

<Rule Name="5.1" Mode="required" Report="warning" Id="33">
<Loc File="C:\_S\work\ses_dev_ea4\CF089A_BmwDrvgDynStMac_Impl-z172399\CF089A_BmwDrvgDynStMac_Impl\src\BmwDrvgDynStMac.c" Line="782" Column="16">
</Loc>
<Message>
Identifiers "MotTqCmdPwrLimdCdnDeactvt_Cnt_T_logl" (BmwDrvgDynStMac.c line 782 column 16) and "MotTqCmdPwrLimdCdnDeactvt_Cnt_T_logl" (BmwDrvgDynStMac.c line 134 column 16) have the same first 36 characters.
</Message>
</Rule>

<Rule Name="5.1" Mode="required" Report="warning" Id="34">
<Loc File="C:\_S\work\ses_dev_ea4\CF089A_BmwDrvgDynStMac_Impl-z172399\CF089A_BmwDrvgDynStMac_Impl\src\BmwDrvgDynStMac.c" Line="876" Column="24">
</Loc>
<Message>
Identifiers "BmwTarSteerTqDrvrActrQlfr_Cnt_T_enum" (BmwDrvgDynStMac.c line 876 column 24) and "BmwTarSteerTqDrvrActrQlfr_Cnt_T_enum" (BmwDrvgDynStMac.c line 168 column 24) have the same first 36 characters.
Identifiers "BmwTarSteerTqDrvrActrQlfr_Cnt_T_enum" (BmwDrvgDynStMac.c line 876 column 24) and "BmwTarSteerTqDrvrActrQlfr_Cnt_T_enum" (BmwDrvgDynStMac.c line 188 column 24) have the same first 36 characters.
Identifiers "BmwTarSteerTqDrvrActrQlfr_Cnt_T_enum" (BmwDrvgDynStMac.c line 876 column 24) and "BmwTarSteerTqDrvrActrQlfr_Cnt_T_enum" (BmwDrvgDynStMac.c line 145 column 24) have the same first 36 characters.
Identifiers "BmwTarSteerTqDrvrActrQlfr_Cnt_T_enum" (BmwDrvgDynStMac.c line 876 column 24) and "BmwTarSteerTqDrvrActrQlfr_Cnt_T_enum" (BmwDrvgDynStMac.c line 157 column 24) have the same first 36 characters.
Identifiers "BmwTarSteerTqDrvrActrQlfr_Cnt_T_enum" (BmwDrvgDynStMac.c line 876 column 24) and "BmwTarSteerTqDrvrActrQlfr_Cnt_T_enum" (BmwDrvgDynStMac.c line 178 column 24) have the same first 36 characters.
</Message>
</Rule>

<Rule Name="5.1" Mode="required" Report="warning" Id="39">
<Loc File="C:\_S\work\ses_dev_ea4\CF089A_BmwDrvgDynStMac_Impl-z172399\CF089A_BmwDrvgDynStMac_Impl\src\BmwDrvgDynStMac.c" Line="877" Column="34">
</Loc>
<Message>
Identifiers "BmwTrfcJamAssiDampgStReq_Cnt_T_enum" (BmwDrvgDynStMac.c line 877 column 34) and "BmwTrfcJamAssiDampgStReq_Cnt_T_enum" (BmwDrvgDynStMac.c line 169 column 34) have the same first 35 characters.
Identifiers "BmwTrfcJamAssiDampgStReq_Cnt_T_enum" (BmwDrvgDynStMac.c line 877 column 34) and "BmwTrfcJamAssiDampgStReq_Cnt_T_enum" (BmwDrvgDynStMac.c line 146 column 34) have the same first 35 characters.
Identifiers "BmwTrfcJamAssiDampgStReq_Cnt_T_enum" (BmwDrvgDynStMac.c line 877 column 34) and "BmwTrfcJamAssiDampgStReq_Cnt_T_enum" (BmwDrvgDynStMac.c line 189 column 34) have the same first 35 characters.
Identifiers "BmwTrfcJamAssiDampgStReq_Cnt_T_enum" (BmwDrvgDynStMac.c line 877 column 34) and "BmwTrfcJamAssiDampgStReq_Cnt_T_enum" (BmwDrvgDynStMac.c line 158 column 34) have the same first 35 characters.
Identifiers "BmwTrfcJamAssiDampgStReq_Cnt_T_enum" (BmwDrvgDynStMac.c line 877 column 34) and "BmwTrfcJamAssiDampgStReq_Cnt_T_enum" (BmwDrvgDynStMac.c line 179 column 34) have the same first 35 characters.
</Message>
</Rule>

<Rule Name="5.1" Mode="required" Report="warning" Id="44">
<Loc File="C:\_S\work\ses_dev_ea4\CF089A_BmwDrvgDynStMac_Impl-z172399\CF089A_BmwDrvgDynStMac_Impl\src\BmwDrvgDynStMac.c" Line="880" Column="16">
</Loc>
<Message>
Identifiers "MotTqCmdPwrLimd_MotNwtMtr_T_f32" (BmwDrvgDynStMac.c line 880 column 16) and "MotTqCmdPwrLimd_MotNwtMtr_T_f32" (BmwDrvgDynStMac.c line 149 column 16) have the same first 31 characters.
Identifiers "MotTqCmdPwrLimd_MotNwtMtr_T_f32" (BmwDrvgDynStMac.c line 679 column 16) and "MotTqCmdPwrLimd_MotNwtMtr_T_f32" (BmwDrvgDynStMac.c line 880 column 16) have the same first 31 characters.
</Message>
</Rule>

<Rule Name="5.1" Mode="required" Report="warning" Id="46">
<Loc File="C:\_S\work\ses_dev_ea4\CF089A_BmwDrvgDynStMac_Impl-z172399\CF089A_BmwDrvgDynStMac_Impl\src\BmwDrvgDynStMac.c" Line="980" Column="24">
</Loc>
<Message>
Identifiers "BmwTarSteerTqDrvrActrQlfr_Cnt_T_enum" (BmwDrvgDynStMac.c line 980 column 24) and "BmwTarSteerTqDrvrActrQlfr_Cnt_T_enum" (BmwDrvgDynStMac.c line 178 column 24) have the same first 36 characters.
Identifiers "BmwTarSteerTqDrvrActrQlfr_Cnt_T_enum" (BmwDrvgDynStMac.c line 876 column 24) and "BmwTarSteerTqDrvrActrQlfr_Cnt_T_enum" (BmwDrvgDynStMac.c line 980 column 24) have the same first 36 characters.
Identifiers "BmwTarSteerTqDrvrActrQlfr_Cnt_T_enum" (BmwDrvgDynStMac.c line 980 column 24) and "BmwTarSteerTqDrvrActrQlfr_Cnt_T_enum" (BmwDrvgDynStMac.c line 168 column 24) have the same first 36 characters.
Identifiers "BmwTarSteerTqDrvrActrQlfr_Cnt_T_enum" (BmwDrvgDynStMac.c line 980 column 24) and "BmwTarSteerTqDrvrActrQlfr_Cnt_T_enum" (BmwDrvgDynStMac.c line 188 column 24) have the same first 36 characters.
Identifiers "BmwTarSteerTqDrvrActrQlfr_Cnt_T_enum" (BmwDrvgDynStMac.c line 980 column 24) and "BmwTarSteerTqDrvrActrQlfr_Cnt_T_enum" (BmwDrvgDynStMac.c line 145 column 24) have the same first 36 characters.
Identifiers "BmwTarSteerTqDrvrActrQlfr_Cnt_T_enum" (BmwDrvgDynStMac.c line 980 column 24) and "BmwTarSteerTqDrvrActrQlfr_Cnt_T_enum" (BmwDrvgDynStMac.c line 157 column 24) have the same first 36 characters.
</Message>
</Rule>

<Rule Name="5.1" Mode="required" Report="warning" Id="52">
<Loc File="C:\_S\work\ses_dev_ea4\CF089A_BmwDrvgDynStMac_Impl-z172399\CF089A_BmwDrvgDynStMac_Impl\src\BmwDrvgDynStMac.c" Line="981" Column="34">
</Loc>
<Message>
Identifiers "BmwTrfcJamAssiDampgStReq_Cnt_T_enum" (BmwDrvgDynStMac.c line 981 column 34) and "BmwTrfcJamAssiDampgStReq_Cnt_T_enum" (BmwDrvgDynStMac.c line 189 column 34) have the same first 35 characters.
Identifiers "BmwTrfcJamAssiDampgStReq_Cnt_T_enum" (BmwDrvgDynStMac.c line 981 column 34) and "BmwTrfcJamAssiDampgStReq_Cnt_T_enum" (BmwDrvgDynStMac.c line 158 column 34) have the same first 35 characters.
Identifiers "BmwTrfcJamAssiDampgStReq_Cnt_T_enum" (BmwDrvgDynStMac.c line 877 column 34) and "BmwTrfcJamAssiDampgStReq_Cnt_T_enum" (BmwDrvgDynStMac.c line 981 column 34) have the same first 35 characters.
Identifiers "BmwTrfcJamAssiDampgStReq_Cnt_T_enum" (BmwDrvgDynStMac.c line 981 column 34) and "BmwTrfcJamAssiDampgStReq_Cnt_T_enum" (BmwDrvgDynStMac.c line 179 column 34) have the same first 35 characters.
Identifiers "BmwTrfcJamAssiDampgStReq_Cnt_T_enum" (BmwDrvgDynStMac.c line 981 column 34) and "BmwTrfcJamAssiDampgStReq_Cnt_T_enum" (BmwDrvgDynStMac.c line 169 column 34) have the same first 35 characters.
Identifiers "BmwTrfcJamAssiDampgStReq_Cnt_T_enum" (BmwDrvgDynStMac.c line 981 column 34) and "BmwTrfcJamAssiDampgStReq_Cnt_T_enum" (BmwDrvgDynStMac.c line 146 column 34) have the same first 35 characters.
</Message>
</Rule>

<Rule Name="5.1" Mode="required" Report="warning" Id="58">
<Loc File="C:\_S\work\ses_dev_ea4\CF089A_BmwDrvgDynStMac_Impl-z172399\CF089A_BmwDrvgDynStMac_Impl\src\BmwDrvgDynStMac.c" Line="982" Column="16">
</Loc>
<Message>
Identifiers "MotTqCmdPwrLimdActvtUppr_Cnt_T_logl" (BmwDrvgDynStMac.c line 680 column 17) and "MotTqCmdPwrLimdActvtUppr_Cnt_T_logl" (BmwDrvgDynStMac.c line 982 column 16) have the same first 35 characters.
Identifiers "MotTqCmdPwrLimdActvtUppr_Cnt_T_logl" (BmwDrvgDynStMac.c line 982 column 16) and "MotTqCmdPwrLimdActvtUppr_Cnt_T_logl" (BmwDrvgDynStMac.c line 159 column 16) have the same first 35 characters.
Identifiers "MotTqCmdPwrLimdActvtUppr_Cnt_T_logl" (BmwDrvgDynStMac.c line 982 column 16) and "MotTqCmdPwrLimdActvtUppr_Cnt_T_logl" (BmwDrvgDynStMac.c line 192 column 16) have the same first 35 characters.
</Message>
</Rule>

<Rule Name="5.1" Mode="required" Report="warning" Id="61">
<Loc File="C:\_S\work\ses_dev_ea4\CF089A_BmwDrvgDynStMac_Impl-z172399\CF089A_BmwDrvgDynStMac_Impl\src\BmwDrvgDynStMac.c" Line="983" Column="16">
</Loc>
<Message>
Identifiers "MotTqCmdPwrLimdActvtLowr_Cnt_T_logl" (BmwDrvgDynStMac.c line 983 column 16) and "MotTqCmdPwrLimdActvtLowr_Cnt_T_logl" (BmwDrvgDynStMac.c line 160 column 16) have the same first 35 characters.
Identifiers "MotTqCmdPwrLimdActvtLowr_Cnt_T_logl" (BmwDrvgDynStMac.c line 681 column 17) and "MotTqCmdPwrLimdActvtLowr_Cnt_T_logl" (BmwDrvgDynStMac.c line 983 column 16) have the same first 35 characters.
</Message>
</Rule>

<Rule Name="5.1" Mode="required" Report="warning" Id="63">
<Loc File="C:\_S\work\ses_dev_ea4\CF089A_BmwDrvgDynStMac_Impl-z172399\CF089A_BmwDrvgDynStMac_Impl\src\BmwDrvgDynStMac.c" Line="1033" Column="24">
</Loc>
<Message>
Identifiers "BmwTarSteerTqDrvrActrQlfr_Cnt_T_enum" (BmwDrvgDynStMac.c line 1033 column 24) and "BmwTarSteerTqDrvrActrQlfr_Cnt_T_enum" (BmwDrvgDynStMac.c line 157 column 24) have the same first 36 characters.
Identifiers "BmwTarSteerTqDrvrActrQlfr_Cnt_T_enum" (BmwDrvgDynStMac.c line 1033 column 24) and "BmwTarSteerTqDrvrActrQlfr_Cnt_T_enum" (BmwDrvgDynStMac.c line 178 column 24) have the same first 36 characters.
Identifiers "BmwTarSteerTqDrvrActrQlfr_Cnt_T_enum" (BmwDrvgDynStMac.c line 1033 column 24) and "BmwTarSteerTqDrvrActrQlfr_Cnt_T_enum" (BmwDrvgDynStMac.c line 188 column 24) have the same first 36 characters.
Identifiers "BmwTarSteerTqDrvrActrQlfr_Cnt_T_enum" (BmwDrvgDynStMac.c line 876 column 24) and "BmwTarSteerTqDrvrActrQlfr_Cnt_T_enum" (BmwDrvgDynStMac.c line 1033 column 24) have the same first 36 characters.
Identifiers "BmwTarSteerTqDrvrActrQlfr_Cnt_T_enum" (BmwDrvgDynStMac.c line 1033 column 24) and "BmwTarSteerTqDrvrActrQlfr_Cnt_T_enum" (BmwDrvgDynStMac.c line 145 column 24) have the same first 36 characters.
Identifiers "BmwTarSteerTqDrvrActrQlfr_Cnt_T_enum" (BmwDrvgDynStMac.c line 980 column 24) and "BmwTarSteerTqDrvrActrQlfr_Cnt_T_enum" (BmwDrvgDynStMac.c line 1033 column 24) have the same first 36 characters.
Identifiers "BmwTarSteerTqDrvrActrQlfr_Cnt_T_enum" (BmwDrvgDynStMac.c line 1033 column 24) and "BmwTarSteerTqDrvrActrQlfr_Cnt_T_enum" (BmwDrvgDynStMac.c line 168 column 24) have the same first 36 characters.
</Message>
</Rule>

<Rule Name="5.1" Mode="required" Report="warning" Id="70">
<Loc File="C:\_S\work\ses_dev_ea4\CF089A_BmwDrvgDynStMac_Impl-z172399\CF089A_BmwDrvgDynStMac_Impl\src\BmwDrvgDynStMac.c" Line="1034" Column="34">
</Loc>
<Message>
Identifiers "BmwTrfcJamAssiDampgStReq_Cnt_T_enum" (BmwDrvgDynStMac.c line 877 column 34) and "BmwTrfcJamAssiDampgStReq_Cnt_T_enum" (BmwDrvgDynStMac.c line 1034 column 34) have the same first 35 characters.
Identifiers "BmwTrfcJamAssiDampgStReq_Cnt_T_enum" (BmwDrvgDynStMac.c line 1034 column 34) and "BmwTrfcJamAssiDampgStReq_Cnt_T_enum" (BmwDrvgDynStMac.c line 179 column 34) have the same first 35 characters.
Identifiers "BmwTrfcJamAssiDampgStReq_Cnt_T_enum" (BmwDrvgDynStMac.c line 1034 column 34) and "BmwTrfcJamAssiDampgStReq_Cnt_T_enum" (BmwDrvgDynStMac.c line 169 column 34) have the same first 35 characters.
Identifiers "BmwTrfcJamAssiDampgStReq_Cnt_T_enum" (BmwDrvgDynStMac.c line 981 column 34) and "BmwTrfcJamAssiDampgStReq_Cnt_T_enum" (BmwDrvgDynStMac.c line 1034 column 34) have the same first 35 characters.
Identifiers "BmwTrfcJamAssiDampgStReq_Cnt_T_enum" (BmwDrvgDynStMac.c line 1034 column 34) and "BmwTrfcJamAssiDampgStReq_Cnt_T_enum" (BmwDrvgDynStMac.c line 146 column 34) have the same first 35 characters.
Identifiers "BmwTrfcJamAssiDampgStReq_Cnt_T_enum" (BmwDrvgDynStMac.c line 1034 column 34) and "BmwTrfcJamAssiDampgStReq_Cnt_T_enum" (BmwDrvgDynStMac.c line 158 column 34) have the same first 35 characters.
Identifiers "BmwTrfcJamAssiDampgStReq_Cnt_T_enum" (BmwDrvgDynStMac.c line 1034 column 34) and "BmwTrfcJamAssiDampgStReq_Cnt_T_enum" (BmwDrvgDynStMac.c line 189 column 34) have the same first 35 characters.
</Message>
</Rule>

<Rule Name="5.1" Mode="required" Report="warning" Id="77">
<Loc File="C:\_S\work\ses_dev_ea4\CF089A_BmwDrvgDynStMac_Impl-z172399\CF089A_BmwDrvgDynStMac_Impl\src\BmwDrvgDynStMac.c" Line="1035" Column="16">
</Loc>
<Message>
Identifiers "MotTqCmdPwrLimdDeactvtLowr_Cnt_T_logl" (BmwDrvgDynStMac.c line 1035 column 16) and "MotTqCmdPwrLimdDeactvtLowr_Cnt_T_logl" (BmwDrvgDynStMac.c line 170 column 16) have the same first 37 characters.
Identifiers "MotTqCmdPwrLimdDeactvtLowr_Cnt_T_logl" (BmwDrvgDynStMac.c line 682 column 17) and "MotTqCmdPwrLimdDeactvtLowr_Cnt_T_logl" (BmwDrvgDynStMac.c line 1035 column 16) have the same first 37 characters.
</Message>
</Rule>

<Rule Name="5.1" Mode="required" Report="warning" Id="79">
<Loc File="C:\_S\work\ses_dev_ea4\CF089A_BmwDrvgDynStMac_Impl-z172399\CF089A_BmwDrvgDynStMac_Impl\src\BmwDrvgDynStMac.c" Line="1079" Column="24">
</Loc>
<Message>
Identifiers "BmwTarSteerTqDrvrActrQlfr_Cnt_T_enum" (BmwDrvgDynStMac.c line 876 column 24) and "BmwTarSteerTqDrvrActrQlfr_Cnt_T_enum" (BmwDrvgDynStMac.c line 1079 column 24) have the same first 36 characters.
Identifiers "BmwTarSteerTqDrvrActrQlfr_Cnt_T_enum" (BmwDrvgDynStMac.c line 1079 column 24) and "BmwTarSteerTqDrvrActrQlfr_Cnt_T_enum" (BmwDrvgDynStMac.c line 145 column 24) have the same first 36 characters.
Identifiers "BmwTarSteerTqDrvrActrQlfr_Cnt_T_enum" (BmwDrvgDynStMac.c line 980 column 24) and "BmwTarSteerTqDrvrActrQlfr_Cnt_T_enum" (BmwDrvgDynStMac.c line 1079 column 24) have the same first 36 characters.
Identifiers "BmwTarSteerTqDrvrActrQlfr_Cnt_T_enum" (BmwDrvgDynStMac.c line 1079 column 24) and "BmwTarSteerTqDrvrActrQlfr_Cnt_T_enum" (BmwDrvgDynStMac.c line 168 column 24) have the same first 36 characters.
Identifiers "BmwTarSteerTqDrvrActrQlfr_Cnt_T_enum" (BmwDrvgDynStMac.c line 1079 column 24) and "BmwTarSteerTqDrvrActrQlfr_Cnt_T_enum" (BmwDrvgDynStMac.c line 157 column 24) have the same first 36 characters.
Identifiers "BmwTarSteerTqDrvrActrQlfr_Cnt_T_enum" (BmwDrvgDynStMac.c line 1079 column 24) and "BmwTarSteerTqDrvrActrQlfr_Cnt_T_enum" (BmwDrvgDynStMac.c line 178 column 24) have the same first 36 characters.
Identifiers "BmwTarSteerTqDrvrActrQlfr_Cnt_T_enum" (BmwDrvgDynStMac.c line 1033 column 24) and "BmwTarSteerTqDrvrActrQlfr_Cnt_T_enum" (BmwDrvgDynStMac.c line 1079 column 24) have the same first 36 characters.
Identifiers "BmwTarSteerTqDrvrActrQlfr_Cnt_T_enum" (BmwDrvgDynStMac.c line 1079 column 24) and "BmwTarSteerTqDrvrActrQlfr_Cnt_T_enum" (BmwDrvgDynStMac.c line 188 column 24) have the same first 36 characters.
</Message>
</Rule>

<Rule Name="5.1" Mode="required" Report="warning" Id="87">
<Loc File="C:\_S\work\ses_dev_ea4\CF089A_BmwDrvgDynStMac_Impl-z172399\CF089A_BmwDrvgDynStMac_Impl\src\BmwDrvgDynStMac.c" Line="1080" Column="34">
</Loc>
<Message>
Identifiers "BmwTrfcJamAssiDampgStReq_Cnt_T_enum" (BmwDrvgDynStMac.c line 1080 column 34) and "BmwTrfcJamAssiDampgStReq_Cnt_T_enum" (BmwDrvgDynStMac.c line 146 column 34) have the same first 35 characters.
Identifiers "BmwTrfcJamAssiDampgStReq_Cnt_T_enum" (BmwDrvgDynStMac.c line 1080 column 34) and "BmwTrfcJamAssiDampgStReq_Cnt_T_enum" (BmwDrvgDynStMac.c line 158 column 34) have the same first 35 characters.
Identifiers "BmwTrfcJamAssiDampgStReq_Cnt_T_enum" (BmwDrvgDynStMac.c line 1080 column 34) and "BmwTrfcJamAssiDampgStReq_Cnt_T_enum" (BmwDrvgDynStMac.c line 189 column 34) have the same first 35 characters.
Identifiers "BmwTrfcJamAssiDampgStReq_Cnt_T_enum" (BmwDrvgDynStMac.c line 1080 column 34) and "BmwTrfcJamAssiDampgStReq_Cnt_T_enum" (BmwDrvgDynStMac.c line 179 column 34) have the same first 35 characters.
Identifiers "BmwTrfcJamAssiDampgStReq_Cnt_T_enum" (BmwDrvgDynStMac.c line 981 column 34) and "BmwTrfcJamAssiDampgStReq_Cnt_T_enum" (BmwDrvgDynStMac.c line 1080 column 34) have the same first 35 characters.
Identifiers "BmwTrfcJamAssiDampgStReq_Cnt_T_enum" (BmwDrvgDynStMac.c line 1080 column 34) and "BmwTrfcJamAssiDampgStReq_Cnt_T_enum" (BmwDrvgDynStMac.c line 169 column 34) have the same first 35 characters.
Identifiers "BmwTrfcJamAssiDampgStReq_Cnt_T_enum" (BmwDrvgDynStMac.c line 1034 column 34) and "BmwTrfcJamAssiDampgStReq_Cnt_T_enum" (BmwDrvgDynStMac.c line 1080 column 34) have the same first 35 characters.
Identifiers "BmwTrfcJamAssiDampgStReq_Cnt_T_enum" (BmwDrvgDynStMac.c line 877 column 34) and "BmwTrfcJamAssiDampgStReq_Cnt_T_enum" (BmwDrvgDynStMac.c line 1080 column 34) have the same first 35 characters.
</Message>
</Rule>

<Rule Name="5.1" Mode="required" Report="warning" Id="95">
<Loc File="C:\_S\work\ses_dev_ea4\CF089A_BmwDrvgDynStMac_Impl-z172399\CF089A_BmwDrvgDynStMac_Impl\src\BmwDrvgDynStMac.c" Line="1128" Column="24">
</Loc>
<Message>
Identifiers "BmwTarSteerTqDrvrActrQlfr_Cnt_T_enum" (BmwDrvgDynStMac.c line 1128 column 24) and "BmwTarSteerTqDrvrActrQlfr_Cnt_T_enum" (BmwDrvgDynStMac.c line 157 column 24) have the same first 36 characters.
Identifiers "BmwTarSteerTqDrvrActrQlfr_Cnt_T_enum" (BmwDrvgDynStMac.c line 1128 column 24) and "BmwTarSteerTqDrvrActrQlfr_Cnt_T_enum" (BmwDrvgDynStMac.c line 178 column 24) have the same first 36 characters.
Identifiers "BmwTarSteerTqDrvrActrQlfr_Cnt_T_enum" (BmwDrvgDynStMac.c line 980 column 24) and "BmwTarSteerTqDrvrActrQlfr_Cnt_T_enum" (BmwDrvgDynStMac.c line 1128 column 24) have the same first 36 characters.
Identifiers "BmwTarSteerTqDrvrActrQlfr_Cnt_T_enum" (BmwDrvgDynStMac.c line 1033 column 24) and "BmwTarSteerTqDrvrActrQlfr_Cnt_T_enum" (BmwDrvgDynStMac.c line 1128 column 24) have the same first 36 characters.
Identifiers "BmwTarSteerTqDrvrActrQlfr_Cnt_T_enum" (BmwDrvgDynStMac.c line 1128 column 24) and "BmwTarSteerTqDrvrActrQlfr_Cnt_T_enum" (BmwDrvgDynStMac.c line 188 column 24) have the same first 36 characters.
Identifiers "BmwTarSteerTqDrvrActrQlfr_Cnt_T_enum" (BmwDrvgDynStMac.c line 1128 column 24) and "BmwTarSteerTqDrvrActrQlfr_Cnt_T_enum" (BmwDrvgDynStMac.c line 145 column 24) have the same first 36 characters.
Identifiers "BmwTarSteerTqDrvrActrQlfr_Cnt_T_enum" (BmwDrvgDynStMac.c line 1079 column 24) and "BmwTarSteerTqDrvrActrQlfr_Cnt_T_enum" (BmwDrvgDynStMac.c line 1128 column 24) have the same first 36 characters.
Identifiers "BmwTarSteerTqDrvrActrQlfr_Cnt_T_enum" (BmwDrvgDynStMac.c line 1128 column 24) and "BmwTarSteerTqDrvrActrQlfr_Cnt_T_enum" (BmwDrvgDynStMac.c line 168 column 24) have the same first 36 characters.
Identifiers "BmwTarSteerTqDrvrActrQlfr_Cnt_T_enum" (BmwDrvgDynStMac.c line 876 column 24) and "BmwTarSteerTqDrvrActrQlfr_Cnt_T_enum" (BmwDrvgDynStMac.c line 1128 column 24) have the same first 36 characters.
</Message>
</Rule>

<Rule Name="5.1" Mode="required" Report="warning" Id="104">
<Loc File="C:\_S\work\ses_dev_ea4\CF089A_BmwDrvgDynStMac_Impl-z172399\CF089A_BmwDrvgDynStMac_Impl\src\BmwDrvgDynStMac.c" Line="1129" Column="34">
</Loc>
<Message>
Identifiers "BmwTrfcJamAssiDampgStReq_Cnt_T_enum" (BmwDrvgDynStMac.c line 1034 column 34) and "BmwTrfcJamAssiDampgStReq_Cnt_T_enum" (BmwDrvgDynStMac.c line 1129 column 34) have the same first 35 characters.
Identifiers "BmwTrfcJamAssiDampgStReq_Cnt_T_enum" (BmwDrvgDynStMac.c line 1129 column 34) and "BmwTrfcJamAssiDampgStReq_Cnt_T_enum" (BmwDrvgDynStMac.c line 146 column 34) have the same first 35 characters.
Identifiers "BmwTrfcJamAssiDampgStReq_Cnt_T_enum" (BmwDrvgDynStMac.c line 1129 column 34) and "BmwTrfcJamAssiDampgStReq_Cnt_T_enum" (BmwDrvgDynStMac.c line 158 column 34) have the same first 35 characters.
Identifiers "BmwTrfcJamAssiDampgStReq_Cnt_T_enum" (BmwDrvgDynStMac.c line 1129 column 34) and "BmwTrfcJamAssiDampgStReq_Cnt_T_enum" (BmwDrvgDynStMac.c line 189 column 34) have the same first 35 characters.
Identifiers "BmwTrfcJamAssiDampgStReq_Cnt_T_enum" (BmwDrvgDynStMac.c line 1129 column 34) and "BmwTrfcJamAssiDampgStReq_Cnt_T_enum" (BmwDrvgDynStMac.c line 179 column 34) have the same first 35 characters.
Identifiers "BmwTrfcJamAssiDampgStReq_Cnt_T_enum" (BmwDrvgDynStMac.c line 1080 column 34) and "BmwTrfcJamAssiDampgStReq_Cnt_T_enum" (BmwDrvgDynStMac.c line 1129 column 34) have the same first 35 characters.
Identifiers "BmwTrfcJamAssiDampgStReq_Cnt_T_enum" (BmwDrvgDynStMac.c line 1129 column 34) and "BmwTrfcJamAssiDampgStReq_Cnt_T_enum" (BmwDrvgDynStMac.c line 169 column 34) have the same first 35 characters.
Identifiers "BmwTrfcJamAssiDampgStReq_Cnt_T_enum" (BmwDrvgDynStMac.c line 981 column 34) and "BmwTrfcJamAssiDampgStReq_Cnt_T_enum" (BmwDrvgDynStMac.c line 1129 column 34) have the same first 35 characters.
Identifiers "BmwTrfcJamAssiDampgStReq_Cnt_T_enum" (BmwDrvgDynStMac.c line 877 column 34) and "BmwTrfcJamAssiDampgStReq_Cnt_T_enum" (BmwDrvgDynStMac.c line 1129 column 34) have the same first 35 characters.
</Message>
</Rule>

<Rule Name="5.1" Mode="required" Report="warning" Id="113">
<Loc File="C:\_S\work\ses_dev_ea4\CF089A_BmwDrvgDynStMac_Impl-z172399\CF089A_BmwDrvgDynStMac_Impl\src\BmwDrvgDynStMac.c" Line="1132" Column="16">
</Loc>
<Message>
Identifiers "MotTqCmdPwrLimdActvtUppr_Cnt_T_logl" (BmwDrvgDynStMac.c line 1132 column 16) and "MotTqCmdPwrLimdActvtUppr_Cnt_T_logl" (BmwDrvgDynStMac.c line 159 column 16) have the same first 35 characters.
Identifiers "MotTqCmdPwrLimdActvtUppr_Cnt_T_logl" (BmwDrvgDynStMac.c line 1132 column 16) and "MotTqCmdPwrLimdActvtUppr_Cnt_T_logl" (BmwDrvgDynStMac.c line 192 column 16) have the same first 35 characters.
Identifiers "MotTqCmdPwrLimdActvtUppr_Cnt_T_logl" (BmwDrvgDynStMac.c line 982 column 16) and "MotTqCmdPwrLimdActvtUppr_Cnt_T_logl" (BmwDrvgDynStMac.c line 1132 column 16) have the same first 35 characters.
Identifiers "MotTqCmdPwrLimdActvtUppr_Cnt_T_logl" (BmwDrvgDynStMac.c line 680 column 17) and "MotTqCmdPwrLimdActvtUppr_Cnt_T_logl" (BmwDrvgDynStMac.c line 1132 column 16) have the same first 35 characters.
</Message>
</Rule>

<Rule Name="19.1" Mode="advisory" Report="warning" Id="117">
<Loc File="C:\_S\work\ses_dev_ea4\CF089A_BmwDrvgDynStMac_Impl-z172399\CF089A_BmwDrvgDynStMac_Impl\src\BmwDrvgDynStMac.c" Line="1206" Column="0">
</Loc>
<Message>
#include statements in a file shall only be preceded by other preprocessor directives or comments.
</Message>
</Rule>

</CodeStruct>

<CodeStruct Name="CheckActivityTime" File="C:\_S\work\ses_dev_ea4\CF089A_BmwDrvgDynStMac_Impl-z172399\CF089A_BmwDrvgDynStMac_Impl\src\BmwDrvgDynStMac.c" Line="741" Column="15">

<Rule Name="5.1" Mode="required" Report="warning" Id="118">
<Loc File="C:\_S\work\ses_dev_ea4\CF089A_BmwDrvgDynStMac_Impl-z172399\CF089A_BmwDrvgDynStMac_Impl\src\BmwDrvgDynStMac.c" Line="744" Column="12">
</Loc>
<Message>
Identifiers "MotTqCmdPwrLimdActvt_Cnt_T_logl" (BmwDrvgDynStMac.c line 686 column 12) and "MotTqCmdPwrLimdActvt_Cnt_T_logl" (BmwDrvgDynStMac.c line 744 column 12) have the same first 31 characters.
</Message>
</Rule>

</CodeStruct>

<CodeStruct Name="StateMachine" File="C:\_S\work\ses_dev_ea4\CF089A_BmwDrvgDynStMac_Impl-z172399\CF089A_BmwDrvgDynStMac_Impl\src\BmwDrvgDynStMac.c" Line="870" Column="12">

<Rule Name="5.1" Mode="required" Report="warning" Id="119">
<Loc File="C:\_S\work\ses_dev_ea4\CF089A_BmwDrvgDynStMac_Impl-z172399\CF089A_BmwDrvgDynStMac_Impl\src\BmwDrvgDynStMac.c" Line="882" Column="12">
</Loc>
<Message>
Identifiers "MotTqCmdPwrLimdActvtUppr_Cnt_T_logl" (BmwDrvgDynStMac.c line 159 column 16) and "MotTqCmdPwrLimdActvtUppr_Cnt_T_logl" (BmwDrvgDynStMac.c line 882 column 12) have the same first 35 characters.
Identifiers "MotTqCmdPwrLimdActvtUppr_Cnt_T_logl" (BmwDrvgDynStMac.c line 680 column 17) and "MotTqCmdPwrLimdActvtUppr_Cnt_T_logl" (BmwDrvgDynStMac.c line 882 column 12) have the same first 35 characters.
Identifiers "MotTqCmdPwrLimdActvtUppr_Cnt_T_logl" (BmwDrvgDynStMac.c line 192 column 16) and "MotTqCmdPwrLimdActvtUppr_Cnt_T_logl" (BmwDrvgDynStMac.c line 882 column 12) have the same first 35 characters.
</Message>
</Rule>

<Rule Name="5.1" Mode="required" Report="warning" Id="122">
<Loc File="C:\_S\work\ses_dev_ea4\CF089A_BmwDrvgDynStMac_Impl-z172399\CF089A_BmwDrvgDynStMac_Impl\src\BmwDrvgDynStMac.c" Line="883" Column="12">
</Loc>
<Message>
Identifiers "MotTqCmdPwrLimdActvtLowr_Cnt_T_logl" (BmwDrvgDynStMac.c line 681 column 17) and "MotTqCmdPwrLimdActvtLowr_Cnt_T_logl" (BmwDrvgDynStMac.c line 883 column 12) have the same first 35 characters.
Identifiers "MotTqCmdPwrLimdActvtLowr_Cnt_T_logl" (BmwDrvgDynStMac.c line 160 column 16) and "MotTqCmdPwrLimdActvtLowr_Cnt_T_logl" (BmwDrvgDynStMac.c line 883 column 12) have the same first 35 characters.
</Message>
</Rule>

<Rule Name="5.1" Mode="required" Report="warning" Id="124">
<Loc File="C:\_S\work\ses_dev_ea4\CF089A_BmwDrvgDynStMac_Impl-z172399\CF089A_BmwDrvgDynStMac_Impl\src\BmwDrvgDynStMac.c" Line="884" Column="12">
</Loc>
<Message>
Identifiers "MotTqCmdPwrLimdDeactvtLowr_Cnt_T_logl" (BmwDrvgDynStMac.c line 682 column 17) and "MotTqCmdPwrLimdDeactvtLowr_Cnt_T_logl" (BmwDrvgDynStMac.c line 884 column 12) have the same first 37 characters.
Identifiers "MotTqCmdPwrLimdDeactvtLowr_Cnt_T_logl" (BmwDrvgDynStMac.c line 170 column 16) and "MotTqCmdPwrLimdDeactvtLowr_Cnt_T_logl" (BmwDrvgDynStMac.c line 884 column 12) have the same first 37 characters.
</Message>
</Rule>

<Rule Name="5.1" Mode="required" Report="warning" Id="126">
<Loc File="C:\_S\work\ses_dev_ea4\CF089A_BmwDrvgDynStMac_Impl-z172399\CF089A_BmwDrvgDynStMac_Impl\src\BmwDrvgDynStMac.c" Line="982" Column="16">
</Loc>
<Message>
Identifiers "MotTqCmdPwrLimdActvtUppr_Cnt_T_logl" (BmwDrvgDynStMac.c line 982 column 16) and "MotTqCmdPwrLimdActvtUppr_Cnt_T_logl" (BmwDrvgDynStMac.c line 882 column 12) have the same first 35 characters.
</Message>
</Rule>

<Rule Name="5.1" Mode="required" Report="warning" Id="127">
<Loc File="C:\_S\work\ses_dev_ea4\CF089A_BmwDrvgDynStMac_Impl-z172399\CF089A_BmwDrvgDynStMac_Impl\src\BmwDrvgDynStMac.c" Line="983" Column="16">
</Loc>
<Message>
Identifiers "MotTqCmdPwrLimdActvtLowr_Cnt_T_logl" (BmwDrvgDynStMac.c line 983 column 16) and "MotTqCmdPwrLimdActvtLowr_Cnt_T_logl" (BmwDrvgDynStMac.c line 883 column 12) have the same first 35 characters.
</Message>
</Rule>

<Rule Name="5.1" Mode="required" Report="warning" Id="128">
<Loc File="C:\_S\work\ses_dev_ea4\CF089A_BmwDrvgDynStMac_Impl-z172399\CF089A_BmwDrvgDynStMac_Impl\src\BmwDrvgDynStMac.c" Line="1035" Column="16">
</Loc>
<Message>
Identifiers "MotTqCmdPwrLimdDeactvtLowr_Cnt_T_logl" (BmwDrvgDynStMac.c line 1035 column 16) and "MotTqCmdPwrLimdDeactvtLowr_Cnt_T_logl" (BmwDrvgDynStMac.c line 884 column 12) have the same first 37 characters.
</Message>
</Rule>

<Rule Name="5.1" Mode="required" Report="warning" Id="129">
<Loc File="C:\_S\work\ses_dev_ea4\CF089A_BmwDrvgDynStMac_Impl-z172399\CF089A_BmwDrvgDynStMac_Impl\src\BmwDrvgDynStMac.c" Line="1132" Column="16">
</Loc>
<Message>
Identifiers "MotTqCmdPwrLimdActvtUppr_Cnt_T_logl" (BmwDrvgDynStMac.c line 1132 column 16) and "MotTqCmdPwrLimdActvtUppr_Cnt_T_logl" (BmwDrvgDynStMac.c line 882 column 12) have the same first 35 characters.
</Message>
</Rule>

</CodeStruct>

<CodeStruct Name="BmwDrvgDynStMacInit1" File="C:\_S\work\ses_dev_ea4\CF089A_BmwDrvgDynStMac_Impl-z172399\CF089A_BmwDrvgDynStMac_Impl\src\BmwDrvgDynStMac.c" Line="317" Column="5">

<Rule Name="5.1" Mode="required" Report="warning" Id="130">
<Loc File="C:\_S\work\ses_dev_ea4\CF089A_BmwDrvgDynStMac_Impl-z172399\CF089A_BmwDrvgDynStMac_Impl\src\BmwDrvgDynStMac.c" Line="325" Column="12">
</Loc>
<Message>
Identifiers "MotTqCmdPwrLimd_MotNwtMtr_T_f32" (BmwDrvgDynStMac.c line 149 column 16) and "MotTqCmdPwrLimd_MotNwtMtr_T_f32" (BmwDrvgDynStMac.c line 325 column 12) have the same first 31 characters.
</Message>
</Rule>

<Rule Name="5.1" Mode="required" Report="warning" Id="131">
<Loc File="C:\_S\work\ses_dev_ea4\CF089A_BmwDrvgDynStMac_Impl-z172399\CF089A_BmwDrvgDynStMac_Impl\src\BmwDrvgDynStMac.c" Line="679" Column="16">
</Loc>
<Message>
Identifiers "MotTqCmdPwrLimd_MotNwtMtr_T_f32" (BmwDrvgDynStMac.c line 679 column 16) and "MotTqCmdPwrLimd_MotNwtMtr_T_f32" (BmwDrvgDynStMac.c line 325 column 12) have the same first 31 characters.
</Message>
</Rule>

<Rule Name="5.1" Mode="required" Report="warning" Id="132">
<Loc File="C:\_S\work\ses_dev_ea4\CF089A_BmwDrvgDynStMac_Impl-z172399\CF089A_BmwDrvgDynStMac_Impl\src\BmwDrvgDynStMac.c" Line="880" Column="16">
</Loc>
<Message>
Identifiers "MotTqCmdPwrLimd_MotNwtMtr_T_f32" (BmwDrvgDynStMac.c line 880 column 16) and "MotTqCmdPwrLimd_MotNwtMtr_T_f32" (BmwDrvgDynStMac.c line 325 column 12) have the same first 31 characters.
</Message>
</Rule>

</CodeStruct>

<CodeStruct Name="BmwDrvgDynStMacPer1" File="C:\_S\work\ses_dev_ea4\CF089A_BmwDrvgDynStMac_Impl-z172399\CF089A_BmwDrvgDynStMac_Impl\src\BmwDrvgDynStMac.c" Line="418" Column="5">

<Rule Name="5.1" Mode="required" Report="warning" Id="133">
<Loc File="C:\_S\work\ses_dev_ea4\CF089A_BmwDrvgDynStMac_Impl-z172399\CF089A_BmwDrvgDynStMac_Impl\src\BmwDrvgDynStMac.c" Line="431" Column="20">
</Loc>
<Message>
Identifiers "BmwTarSteerTqDrvrActrQlfr_Cnt_T_enum" (BmwDrvgDynStMac.c line 188 column 24) and "BmwTarSteerTqDrvrActrQlfr_Cnt_T_enum" (BmwDrvgDynStMac.c line 431 column 20) have the same first 36 characters.
Identifiers "BmwTarSteerTqDrvrActrQlfr_Cnt_T_enum" (BmwDrvgDynStMac.c line 157 column 24) and "BmwTarSteerTqDrvrActrQlfr_Cnt_T_enum" (BmwDrvgDynStMac.c line 431 column 20) have the same first 36 characters.
Identifiers "BmwTarSteerTqDrvrActrQlfr_Cnt_T_enum" (BmwDrvgDynStMac.c line 168 column 24) and "BmwTarSteerTqDrvrActrQlfr_Cnt_T_enum" (BmwDrvgDynStMac.c line 431 column 20) have the same first 36 characters.
Identifiers "BmwTarSteerTqDrvrActrQlfr_Cnt_T_enum" (BmwDrvgDynStMac.c line 145 column 24) and "BmwTarSteerTqDrvrActrQlfr_Cnt_T_enum" (BmwDrvgDynStMac.c line 431 column 20) have the same first 36 characters.
Identifiers "BmwTarSteerTqDrvrActrQlfr_Cnt_T_enum" (BmwDrvgDynStMac.c line 178 column 24) and "BmwTarSteerTqDrvrActrQlfr_Cnt_T_enum" (BmwDrvgDynStMac.c line 431 column 20) have the same first 36 characters.
</Message>
</Rule>

<Rule Name="5.1" Mode="required" Report="warning" Id="138">
<Loc File="C:\_S\work\ses_dev_ea4\CF089A_BmwDrvgDynStMac_Impl-z172399\CF089A_BmwDrvgDynStMac_Impl\src\BmwDrvgDynStMac.c" Line="433" Column="30">
</Loc>
<Message>
Identifiers "BmwTrfcJamAssiDampgStReq_Cnt_T_enum" (BmwDrvgDynStMac.c line 179 column 34) and "BmwTrfcJamAssiDampgStReq_Cnt_T_enum" (BmwDrvgDynStMac.c line 433 column 30) have the same first 35 characters.
Identifiers "BmwTrfcJamAssiDampgStReq_Cnt_T_enum" (BmwDrvgDynStMac.c line 146 column 34) and "BmwTrfcJamAssiDampgStReq_Cnt_T_enum" (BmwDrvgDynStMac.c line 433 column 30) have the same first 35 characters.
Identifiers "BmwTrfcJamAssiDampgStReq_Cnt_T_enum" (BmwDrvgDynStMac.c line 169 column 34) and "BmwTrfcJamAssiDampgStReq_Cnt_T_enum" (BmwDrvgDynStMac.c line 433 column 30) have the same first 35 characters.
Identifiers "BmwTrfcJamAssiDampgStReq_Cnt_T_enum" (BmwDrvgDynStMac.c line 158 column 34) and "BmwTrfcJamAssiDampgStReq_Cnt_T_enum" (BmwDrvgDynStMac.c line 433 column 30) have the same first 35 characters.
Identifiers "BmwTrfcJamAssiDampgStReq_Cnt_T_enum" (BmwDrvgDynStMac.c line 189 column 34) and "BmwTrfcJamAssiDampgStReq_Cnt_T_enum" (BmwDrvgDynStMac.c line 433 column 30) have the same first 35 characters.
</Message>
</Rule>

<Rule Name="5.1" Mode="required" Report="warning" Id="143">
<Loc File="C:\_S\work\ses_dev_ea4\CF089A_BmwDrvgDynStMac_Impl-z172399\CF089A_BmwDrvgDynStMac_Impl\src\BmwDrvgDynStMac.c" Line="437" Column="12">
</Loc>
<Message>
Identifiers "DiagcStsCtrldShtDwnFltPrsnt_Cnt_T_logl" (BmwDrvgDynStMac.c line 115 column 16) and "DiagcStsCtrldShtDwnFltPrsnt_Cnt_T_logl" (BmwDrvgDynStMac.c line 437 column 12) have the same first 38 characters.
</Message>
</Rule>

<Rule Name="5.1" Mode="required" Report="warning" Id="144">
<Loc File="C:\_S\work\ses_dev_ea4\CF089A_BmwDrvgDynStMac_Impl-z172399\CF089A_BmwDrvgDynStMac_Impl\src\BmwDrvgDynStMac.c" Line="438" Column="12">
</Loc>
<Message>
Identifiers "DiagcStsNonRcvrlReqDiFltPrsnt_Cnt_T_logl" (BmwDrvgDynStMac.c line 114 column 16) and "DiagcStsNonRcvrlReqDiFltPrsnt_Cnt_T_logl" (BmwDrvgDynStMac.c line 438 column 12) have the same first 40 characters.
</Message>
</Rule>

<Rule Name="5.1" Mode="required" Report="warning" Id="145">
<Loc File="C:\_S\work\ses_dev_ea4\CF089A_BmwDrvgDynStMac_Impl-z172399\CF089A_BmwDrvgDynStMac_Impl\src\BmwDrvgDynStMac.c" Line="440" Column="12">
</Loc>
<Message>
Identifiers "MotTqCmdPwrLimd_MotNwtMtr_T_f32" (BmwDrvgDynStMac.c line 325 column 12) and "MotTqCmdPwrLimd_MotNwtMtr_T_f32" (BmwDrvgDynStMac.c line 440 column 12) have the same first 31 characters.
Identifiers "MotTqCmdPwrLimd_MotNwtMtr_T_f32" (BmwDrvgDynStMac.c line 149 column 16) and "MotTqCmdPwrLimd_MotNwtMtr_T_f32" (BmwDrvgDynStMac.c line 440 column 12) have the same first 31 characters.
</Message>
</Rule>

<Rule Name="5.1" Mode="required" Report="warning" Id="147">
<Loc File="C:\_S\work\ses_dev_ea4\CF089A_BmwDrvgDynStMac_Impl-z172399\CF089A_BmwDrvgDynStMac_Impl\src\BmwDrvgDynStMac.c" Line="579" Column="16">
</Loc>
<Message>
Identifiers "DiagcStsNonRcvrlReqDiFltPrsnt_Cnt_T_logl" (BmwDrvgDynStMac.c line 579 column 16) and "DiagcStsNonRcvrlReqDiFltPrsnt_Cnt_T_logl" (BmwDrvgDynStMac.c line 438 column 12) have the same first 40 characters.
</Message>
</Rule>

<Rule Name="5.1" Mode="required" Report="warning" Id="148">
<Loc File="C:\_S\work\ses_dev_ea4\CF089A_BmwDrvgDynStMac_Impl-z172399\CF089A_BmwDrvgDynStMac_Impl\src\BmwDrvgDynStMac.c" Line="580" Column="16">
</Loc>
<Message>
Identifiers "DiagcStsCtrldShtDwnFltPrsnt_Cnt_T_logl" (BmwDrvgDynStMac.c line 580 column 16) and "DiagcStsCtrldShtDwnFltPrsnt_Cnt_T_logl" (BmwDrvgDynStMac.c line 437 column 12) have the same first 38 characters.
</Message>
</Rule>

<Rule Name="5.1" Mode="required" Report="warning" Id="149">
<Loc File="C:\_S\work\ses_dev_ea4\CF089A_BmwDrvgDynStMac_Impl-z172399\CF089A_BmwDrvgDynStMac_Impl\src\BmwDrvgDynStMac.c" Line="679" Column="16">
</Loc>
<Message>
Identifiers "MotTqCmdPwrLimd_MotNwtMtr_T_f32" (BmwDrvgDynStMac.c line 679 column 16) and "MotTqCmdPwrLimd_MotNwtMtr_T_f32" (BmwDrvgDynStMac.c line 440 column 12) have the same first 31 characters.
</Message>
</Rule>

<Rule Name="5.1" Mode="required" Report="warning" Id="150">
<Loc File="C:\_S\work\ses_dev_ea4\CF089A_BmwDrvgDynStMac_Impl-z172399\CF089A_BmwDrvgDynStMac_Impl\src\BmwDrvgDynStMac.c" Line="876" Column="24">
</Loc>
<Message>
Identifiers "BmwTarSteerTqDrvrActrQlfr_Cnt_T_enum" (BmwDrvgDynStMac.c line 876 column 24) and "BmwTarSteerTqDrvrActrQlfr_Cnt_T_enum" (BmwDrvgDynStMac.c line 431 column 20) have the same first 36 characters.
</Message>
</Rule>

<Rule Name="5.1" Mode="required" Report="warning" Id="151">
<Loc File="C:\_S\work\ses_dev_ea4\CF089A_BmwDrvgDynStMac_Impl-z172399\CF089A_BmwDrvgDynStMac_Impl\src\BmwDrvgDynStMac.c" Line="877" Column="34">
</Loc>
<Message>
Identifiers "BmwTrfcJamAssiDampgStReq_Cnt_T_enum" (BmwDrvgDynStMac.c line 877 column 34) and "BmwTrfcJamAssiDampgStReq_Cnt_T_enum" (BmwDrvgDynStMac.c line 433 column 30) have the same first 35 characters.
</Message>
</Rule>

<Rule Name="5.1" Mode="required" Report="warning" Id="152">
<Loc File="C:\_S\work\ses_dev_ea4\CF089A_BmwDrvgDynStMac_Impl-z172399\CF089A_BmwDrvgDynStMac_Impl\src\BmwDrvgDynStMac.c" Line="880" Column="16">
</Loc>
<Message>
Identifiers "MotTqCmdPwrLimd_MotNwtMtr_T_f32" (BmwDrvgDynStMac.c line 880 column 16) and "MotTqCmdPwrLimd_MotNwtMtr_T_f32" (BmwDrvgDynStMac.c line 440 column 12) have the same first 31 characters.
</Message>
</Rule>

<Rule Name="5.1" Mode="required" Report="warning" Id="153">
<Loc File="C:\_S\work\ses_dev_ea4\CF089A_BmwDrvgDynStMac_Impl-z172399\CF089A_BmwDrvgDynStMac_Impl\src\BmwDrvgDynStMac.c" Line="980" Column="24">
</Loc>
<Message>
Identifiers "BmwTarSteerTqDrvrActrQlfr_Cnt_T_enum" (BmwDrvgDynStMac.c line 980 column 24) and "BmwTarSteerTqDrvrActrQlfr_Cnt_T_enum" (BmwDrvgDynStMac.c line 431 column 20) have the same first 36 characters.
</Message>
</Rule>

<Rule Name="5.1" Mode="required" Report="warning" Id="154">
<Loc File="C:\_S\work\ses_dev_ea4\CF089A_BmwDrvgDynStMac_Impl-z172399\CF089A_BmwDrvgDynStMac_Impl\src\BmwDrvgDynStMac.c" Line="981" Column="34">
</Loc>
<Message>
Identifiers "BmwTrfcJamAssiDampgStReq_Cnt_T_enum" (BmwDrvgDynStMac.c line 981 column 34) and "BmwTrfcJamAssiDampgStReq_Cnt_T_enum" (BmwDrvgDynStMac.c line 433 column 30) have the same first 35 characters.
</Message>
</Rule>

<Rule Name="5.1" Mode="required" Report="warning" Id="155">
<Loc File="C:\_S\work\ses_dev_ea4\CF089A_BmwDrvgDynStMac_Impl-z172399\CF089A_BmwDrvgDynStMac_Impl\src\BmwDrvgDynStMac.c" Line="1033" Column="24">
</Loc>
<Message>
Identifiers "BmwTarSteerTqDrvrActrQlfr_Cnt_T_enum" (BmwDrvgDynStMac.c line 1033 column 24) and "BmwTarSteerTqDrvrActrQlfr_Cnt_T_enum" (BmwDrvgDynStMac.c line 431 column 20) have the same first 36 characters.
</Message>
</Rule>

<Rule Name="5.1" Mode="required" Report="warning" Id="156">
<Loc File="C:\_S\work\ses_dev_ea4\CF089A_BmwDrvgDynStMac_Impl-z172399\CF089A_BmwDrvgDynStMac_Impl\src\BmwDrvgDynStMac.c" Line="1034" Column="34">
</Loc>
<Message>
Identifiers "BmwTrfcJamAssiDampgStReq_Cnt_T_enum" (BmwDrvgDynStMac.c line 1034 column 34) and "BmwTrfcJamAssiDampgStReq_Cnt_T_enum" (BmwDrvgDynStMac.c line 433 column 30) have the same first 35 characters.
</Message>
</Rule>

<Rule Name="5.1" Mode="required" Report="warning" Id="157">
<Loc File="C:\_S\work\ses_dev_ea4\CF089A_BmwDrvgDynStMac_Impl-z172399\CF089A_BmwDrvgDynStMac_Impl\src\BmwDrvgDynStMac.c" Line="1079" Column="24">
</Loc>
<Message>
Identifiers "BmwTarSteerTqDrvrActrQlfr_Cnt_T_enum" (BmwDrvgDynStMac.c line 1079 column 24) and "BmwTarSteerTqDrvrActrQlfr_Cnt_T_enum" (BmwDrvgDynStMac.c line 431 column 20) have the same first 36 characters.
</Message>
</Rule>

<Rule Name="5.1" Mode="required" Report="warning" Id="158">
<Loc File="C:\_S\work\ses_dev_ea4\CF089A_BmwDrvgDynStMac_Impl-z172399\CF089A_BmwDrvgDynStMac_Impl\src\BmwDrvgDynStMac.c" Line="1080" Column="34">
</Loc>
<Message>
Identifiers "BmwTrfcJamAssiDampgStReq_Cnt_T_enum" (BmwDrvgDynStMac.c line 1080 column 34) and "BmwTrfcJamAssiDampgStReq_Cnt_T_enum" (BmwDrvgDynStMac.c line 433 column 30) have the same first 35 characters.
</Message>
</Rule>

<Rule Name="5.1" Mode="required" Report="warning" Id="159">
<Loc File="C:\_S\work\ses_dev_ea4\CF089A_BmwDrvgDynStMac_Impl-z172399\CF089A_BmwDrvgDynStMac_Impl\src\BmwDrvgDynStMac.c" Line="1128" Column="24">
</Loc>
<Message>
Identifiers "BmwTarSteerTqDrvrActrQlfr_Cnt_T_enum" (BmwDrvgDynStMac.c line 1128 column 24) and "BmwTarSteerTqDrvrActrQlfr_Cnt_T_enum" (BmwDrvgDynStMac.c line 431 column 20) have the same first 36 characters.
</Message>
</Rule>

<Rule Name="5.1" Mode="required" Report="warning" Id="160">
<Loc File="C:\_S\work\ses_dev_ea4\CF089A_BmwDrvgDynStMac_Impl-z172399\CF089A_BmwDrvgDynStMac_Impl\src\BmwDrvgDynStMac.c" Line="1129" Column="34">
</Loc>
<Message>
Identifiers "BmwTrfcJamAssiDampgStReq_Cnt_T_enum" (BmwDrvgDynStMac.c line 1129 column 34) and "BmwTrfcJamAssiDampgStReq_Cnt_T_enum" (BmwDrvgDynStMac.c line 433 column 30) have the same first 35 characters.
</Message>
</Rule>

</CodeStruct>

<CodeStruct Name="AssiLvlCnd" File="C:\_S\work\ses_dev_ea4\CF089A_BmwDrvgDynStMac_Impl-z172399\CF089A_BmwDrvgDynStMac_Impl\src\BmwDrvgDynStMac.c" Line="678" Column="12">

<Rule Name="5.1" Mode="required" Report="warning" Id="161">
<Loc File="C:\_S\work\ses_dev_ea4\CF089A_BmwDrvgDynStMac_Impl-z172399\CF089A_BmwDrvgDynStMac_Impl\src\BmwDrvgDynStMac.c" Line="684" Column="12">
</Loc>
<Message>
Identifiers "MotTqCmdPwrLimdCdnActvt_Cnt_T_logl" (BmwDrvgDynStMac.c line 131 column 16) and "MotTqCmdPwrLimdCdnActvt_Cnt_T_logl" (BmwDrvgDynStMac.c line 684 column 12) have the same first 34 characters.
</Message>
</Rule>

<Rule Name="5.1" Mode="required" Report="warning" Id="162">
<Loc File="C:\_S\work\ses_dev_ea4\CF089A_BmwDrvgDynStMac_Impl-z172399\CF089A_BmwDrvgDynStMac_Impl\src\BmwDrvgDynStMac.c" Line="685" Column="12">
</Loc>
<Message>
Identifiers "MotTqCmdPwrLimdCdnDeactvt_Cnt_T_logl" (BmwDrvgDynStMac.c line 134 column 16) and "MotTqCmdPwrLimdCdnDeactvt_Cnt_T_logl" (BmwDrvgDynStMac.c line 685 column 12) have the same first 36 characters.
</Message>
</Rule>

<Rule Name="5.1" Mode="required" Report="warning" Id="163">
<Loc File="C:\_S\work\ses_dev_ea4\CF089A_BmwDrvgDynStMac_Impl-z172399\CF089A_BmwDrvgDynStMac_Impl\src\BmwDrvgDynStMac.c" Line="742" Column="16">
</Loc>
<Message>
Identifiers "MotTqCmdPwrLimdCdnActvt_Cnt_T_logl" (BmwDrvgDynStMac.c line 742 column 16) and "MotTqCmdPwrLimdCdnActvt_Cnt_T_logl" (BmwDrvgDynStMac.c line 684 column 12) have the same first 34 characters.
</Message>
</Rule>

<Rule Name="5.1" Mode="required" Report="warning" Id="164">
<Loc File="C:\_S\work\ses_dev_ea4\CF089A_BmwDrvgDynStMac_Impl-z172399\CF089A_BmwDrvgDynStMac_Impl\src\BmwDrvgDynStMac.c" Line="782" Column="16">
</Loc>
<Message>
Identifiers "MotTqCmdPwrLimdCdnDeactvt_Cnt_T_logl" (BmwDrvgDynStMac.c line 782 column 16) and "MotTqCmdPwrLimdCdnDeactvt_Cnt_T_logl" (BmwDrvgDynStMac.c line 685 column 12) have the same first 36 characters.
</Message>
</Rule>

</CodeStruct>

<CodeStruct Name="CheckDeactivateTime" File="C:\_S\work\ses_dev_ea4\CF089A_BmwDrvgDynStMac_Impl-z172399\CF089A_BmwDrvgDynStMac_Impl\src\BmwDrvgDynStMac.c" Line="781" Column="15">

<Rule Name="5.1" Mode="required" Report="warning" Id="165">
<Loc File="C:\_S\work\ses_dev_ea4\CF089A_BmwDrvgDynStMac_Impl-z172399\CF089A_BmwDrvgDynStMac_Impl\src\BmwDrvgDynStMac.c" Line="784" Column="12">
</Loc>
<Message>
Identifiers "MotTqCmdPwrLimdDeactvt_Cnt_T_logl" (BmwDrvgDynStMac.c line 687 column 12) and "MotTqCmdPwrLimdDeactvt_Cnt_T_logl" (BmwDrvgDynStMac.c line 784 column 12) have the same first 33 characters.
</Message>
</Rule>

</CodeStruct>

</MISRA-C-Report>
