<?xml version="1.0" encoding="UTF-8"?>
<Navig version="1.0">
<Files>
<F id="1" n="C:\Program Files\MATLAB\R2013b\polyspace\verifier\cxx\cinclude\stdarg.h"/>
<F id="2" n="C:\_PratikJadhav\_Synergy_Projects\Working\AR201A_ArCplrSuprt_Impl\include\ASR4.0.3\Platform_Types.h"/>
<F id="3" n="C:\_PratikJadhav\_Synergy_Projects\Working\AR200A_ArSuprt_Impl\include\ASR4.0.3\Std_Types.h"/>
<F id="4" n="C:\_PratikJadhav\_Synergy_Projects\Working\MM526A_BmwMsgSlot234Bas1Repn2BusFrChA_Impl\tools\local\generate\Rte_Type.h"/>
<F id="5" n="C:\_PratikJadhav\_Synergy_Projects\Working\MM526A_BmwMsgSlot234Bas1Repn2BusFrChA_Impl\tools\local\generate\Rte_BmwMsgSlot234Bas1Repn2BusFrChA.h"/>
<F id="6" n="C:\_PratikJadhav\_Synergy_Projects\Working\MM526A_BmwMsgSlot234Bas1Repn2BusFrChA_Impl\tools\local\include\Crc.h"/>
<F id="7" n="C:\_PratikJadhav\_Synergy_Projects\Working\MM526A_BmwMsgSlot234Bas1Repn2BusFrChA_Impl\tools\local\include\E2E_SM.h"/>
<F id="8" n="C:\_PratikJadhav\_Synergy_Projects\Working\MM526A_BmwMsgSlot234Bas1Repn2BusFrChA_Impl\tools\local\include\E2E_P01.h"/>
<F id="9" n="C:\_PratikJadhav\_Synergy_Projects\Working\MM526A_BmwMsgSlot234Bas1Repn2BusFrChA_Impl\tools\local\include\E2E.h"/>
<F id="10" n="C:\_PratikJadhav\_Synergy_Projects\Working\MM526A_BmwMsgSlot234Bas1Repn2BusFrChA_Impl\tools\local\include\E2EPW_BmwMsgSlot234Bas1Repn2BusFrChA_sigGroup_ST_EST_sigGroup_ST_EST_tx.h"/>
<F id="11" n="C:\_PratikJadhav\_Synergy_Projects\Working\MM526A_BmwMsgSlot234Bas1Repn2BusFrChA_Impl\src\BmwMsgSlot234Bas1Repn2BusFrChA.c"/>
<F id="12" n="C-STUBS\__polyspace__stdstubs.c"/>
<F id="13" n="C:\_PratikJadhav\_Synergy_Projects\Working\MM526A_BmwMsgSlot234Bas1Repn2BusFrChA_Impl\tools\Polyspace\~CodeProver\C-ALL\C-STUBS\pst_stub_types.h"/>
<F id="14" n="C-STUBS\pst_stubs_1.c"/>
<F id="15" n="C-STUBS\pst_stubs_0.c"/>
<F id="16" n="C-STUBS\__polyspace_main.c"/>
<F id="17" n="C:\Program Files\MATLAB\R2013b\polyspace\verifier\cxx\cinclude\__polyspace__std_decls.h"/>
<F id="18" n="C:\Program Files\MATLAB\R2013b\polyspace\verifier\cxx\cinclude\assert.h"/>
<F id="19" n="C:\Program Files\MATLAB\R2013b\polyspace\verifier\cxx\cinclude\__polyspace__libc_defs.h"/>
<F id="20" n="C:\_PratikJadhav\_Synergy_Projects\Working\MM526A_BmwMsgSlot234Bas1Repn2BusFrChA_Impl\tools\local\generate\Rte_BmwMsgSlot234Bas1Repn2BusFrChA_Type.h"/>
<F id="21" n="C:\_PratikJadhav\_Synergy_Projects\Working\MM526A_BmwMsgSlot234Bas1Repn2BusFrChA_Impl\tools\local\generate\Rte.h"/>
<F id="22" n="C:\_PratikJadhav\_Synergy_Projects\Working\AR201A_ArCplrSuprt_Impl\include\ASR4.0.3\Compiler.h"/>
<F id="23" n="C:\_PratikJadhav\_Synergy_Projects\Working\AR201A_ArCplrSuprt_Impl\tools\contract\Compiler_Cfg.h"/>
<F id="24" n="C:\_PratikJadhav\_Synergy_Projects\Working\AR201A_ArCplrSuprt_Impl\tools\contract\Renesas_Compiler.h"/>
<F id="25" n="C:\_PratikJadhav\_Synergy_Projects\Working\MM526A_BmwMsgSlot234Bas1Repn2BusFrChA_Impl\tools\local\generate\Rte_DataHandleType.h"/>
<F id="26" n="C:\_PratikJadhav\_Synergy_Projects\Working\AR200A_ArSuprt_Impl\tools\contract\MemMap.h"/>
<F id="27" n="C:\_PratikJadhav\_Synergy_Projects\Working\MM526A_BmwMsgSlot234Bas1Repn2BusFrChA_Impl\tools\local\generate\BmwMsgSlot234Bas1Repn2BusFrChA_MemMap.h"/>
<F id="28" n="C:\_PratikJadhav\_Synergy_Projects\Working\MM526A_BmwMsgSlot234Bas1Repn2BusFrChA_Impl\tools\local\include\Crc_Cfg.h"/>
</Files>
<Definitions>
<D id="1" f="15" l="120" c="21" n="random_for_return" t="4" d="1"/>
<D id="2" f="15" l="102" c="13" n="Rte_Read_BmwMsgSlot234Bas1Repn2BusFrChA_HaptcFbSt_Val" t="2" d="1"/>
<D id="3" f="14" l="104" c="22" n="_i_main_gen_tmp_13" t="4" d="1"/>
<D id="4" f="15" l="150" c="31" n="real_random_for_return" t="4" d="1"/>
<D id="5" f="15" l="130" c="14" n="E2EPW_Write_sigGroup_ST_EST_sigGroup_ST_EST" t="2" d="1"/>
<D id="6" f="15" l="151" c="22" n="random_for_return" t="4" d="1"/>
<D id="7" f="15" l="135" c="21" n="p_addr" t="4" d="1"/>
<D id="8" f="14" l="117" c="12" n="_main_gen_init_sym_Rte_Inst_BmwMsgSlot234Bas1Repn2BusFrChA" t="5" d="1"/>
<D id="9" f="15" l="102" c="80" n="P_0" t="4" d="1"/>
<D id="10" f="15" l="130" c="71" n="P_0" t="4" d="1"/>
<D id="11" f="12" l="480" c="13" n="_polyspace_random_int" t="5" d="1"/>
<D id="12" f="15" l="119" c="30" n="real_random_for_return" t="4" d="1"/>
<D id="13" f="12" l="503" c="16" n="_polyspace_random_double" t="5" d="1"/>
<D id="14" f="12" l="3550" c="4" n="__polyspace_nb_varargs" t="1" d="1"/>
<D id="15" f="12" l="472" c="23" n="_polyspace_random_uchar" t="5" d="1"/>
<D id="16" f="11" l="277" c="21" n="SigGroupStEst_Cnt_T_rec" t="4" d="1"/>
<D id="17" f="14" l="103" c="28" n="_main_gen_tmp_12" t="4" d="1"/>
<D id="18" f="12" l="464" c="14" n="_polyspace_random_char" t="5" d="1"/>
<D id="19" f="11" l="274" c="15" n="HaptcFbSt_Cnt_T_enum" t="4" d="1"/>
<D id="20" f="14" l="119" c="24" n="Rte_Inst_BmwMsgSlot234Bas1Repn2BusFrChA" t="1" d="0"/>
<D id="21" f="12" l="482" c="24" n="random" t="4" d="1"/>
<D id="22" f="12" l="490" c="25" n="random" t="4" d="1"/>
<D id="23" f="14" l="126" c="26" n="_i_main_gen_tmp_1" t="4" d="1"/>
<D id="24" f="12" l="505" c="27" n="random" t="4" d="1"/>
<D id="25" f="11" l="273" c="17" n="DrvgDynIfSt_Cnt_T_enum" t="4" d="1"/>
<D id="26" f="11" l="272" c="18" n="BmwEpsFctSts_Cnt_T_enum" t="4" d="1"/>
<D id="27" f="12" l="474" c="34" n="random" t="4" d="1"/>
<D id="28" f="12" l="496" c="23" n="_polyspace_random_ulong" t="5" d="1"/>
<D id="29" f="14" l="125" c="65" n="_main_gen_tmp_0" t="4" d="1"/>
<D id="30" f="12" l="466" c="25" n="random" t="4" d="1"/>
<D id="31" f="12" l="488" c="14" n="_polyspace_random_long" t="5" d="1"/>
<D id="32" f="12" l="498" c="34" n="random" t="4" d="1"/>
<D id="33" f="12" l="3549" c="7" n="__polyspace_vararg" t="1" d="1"/>
<D id="34" f="12" l="6895" c="14" n="_polyspace_compare_function_type" t="7" d="1"/>
<D id="35" f="8" l="41" c="2" n="E2E_P01DataIDMode" t="7" d="1"/>
<D id="36" f="7" l="61" c="2" n="E2E_PCheckStatusType" t="7" d="1"/>
<D id="37" f="8" l="80" c="2" n="E2E_P01CheckStateType" t="7" d="1"/>
<D id="38" f="8" l="54" c="2" n="E2E_P01ConfigType" t="7" d="1"/>
<D id="39" f="7" l="93" c="2" n="E2E_SMCheckStateType" t="7" d="1"/>
<D id="40" f="7" l="84" c="2" n="E2E_SMStateType" t="7" d="1"/>
<D id="41" f="7" l="75" c="2" n="E2E_SMConfigType" t="7" d="1"/>
<D id="42" f="4" l="67" c="2" n="sigGroup_ST_EST1" t="7" d="1"/>
<D id="43" f="5" l="50" c="7" n="Rte_CDS_BmwMsgSlot234Bas1Repn2BusFrChA" t="6" d="1"/>
<D id="44" f="8" l="58" c="2" n="E2E_P01ProtectStateType" t="7" d="1"/>
<D id="45" f="8" l="69" c="2" n="E2E_P01CheckStatusType" t="7" d="1"/>
<D id="46" f="12" l="11355" c="21" n="HUGE_VAL" t="1" d="1"/>
<D id="47" f="12" l="11337" c="12" n="_polyspace_random_long_double" t="2" d="1"/>
<D id="48" f="12" l="11356" c="21" n="HUGE_VALF" t="1" d="1"/>
<D id="49" f="12" l="11357" c="21" n="HUGE_VALL" t="1" d="1"/>
<D id="50" f="12" l="11339" c="23" n="random" t="4" d="1"/>
<D id="51" f="12" l="12199" c="16" n="__polyspace_absolute_address" t="1" d="1"/>
<D id="52" f="13" l="3" c="20" n="__PST__SINT8" t="7" d="1"/>
<D id="53" f="13" l="5" c="19" n="__PST__SINT32" t="7" d="1"/>
<D id="54" f="7" l="70" c="10" n="MinOkStateValid" t="9" d="1"/>
<D id="55" f="5" l="54" c="9" n="Pim_BurstModCntr" t="9" d="1"/>
<D id="56" f="13" l="1" c="13" n="__PST__CHAR" t="7" d="1"/>
<D id="57" f="7" l="71" c="10" n="MaxErrorStateValid" t="9" d="1"/>
<D id="58" f="3" l="141" c="2" n="Std_VersionInfoType" t="7" d="1"/>
<D id="59" f="5" l="55" c="9" n="Pim_CycCntr" t="9" d="1"/>
<D id="60" f="13" l="2" c="13" n="__PST__VOID" t="7" d="1"/>
<D id="61" f="13" l="4" c="21" n="__PST__SINT16" t="7" d="1"/>
<D id="62" f="4" l="50" c="22" n="QU_FN_EST1" t="7" d="1"/>
<D id="63" f="4" l="41" c="22" n="ALIV_ST_EST_FTAX1" t="7" d="1"/>
<D id="64" f="7" l="73" c="10" n="MinOkStateInvalid" t="9" d="1"/>
<D id="65" f="4" l="65" c="19" n="CRC_ST_EST_FTAX" t="9" d="1"/>
<D id="66" f="7" l="90" c="11" n="OkCount" t="9" d="1"/>
<D id="67" f="8" l="50" c="22" n="MaxDeltaCounterInit" t="9" d="1"/>
<D id="68" f="4" l="64" c="20" n="ALIV_ST_EST_FTAX" t="9" d="1"/>
<D id="69" f="7" l="74" c="10" n="MaxErrorStateInvalid" t="9" d="1"/>
<D id="70" f="5" l="58" c="9" n="Pim_PerdCntr" t="9" d="1"/>
<D id="71" f="7" l="65" c="10" n="WindowSize" t="9" d="1"/>
<D id="72" f="7" l="91" c="11" n="ErrorCount" t="9" d="1"/>
<D id="73" f="8" l="51" c="22" n="MaxNoNewOrRepeatedData" t="9" d="1"/>
<D id="74" f="7" l="92" c="20" n="SMState" t="9" d="1"/>
<D id="75" f="4" l="53" c="22" n="QU_FN_VIB_EPS1" t="7" d="1"/>
<D id="76" f="8" l="52" c="22" n="SyncCounterInit" t="9" d="1"/>
<D id="77" f="4" l="44" c="22" n="DrvgDynIfSt1" t="7" d="1"/>
<D id="78" f="13" l="7" c="22" n="__PST__UINT8" t="7" d="1"/>
<D id="79" f="4" l="35" c="22" n="CRC_ST_EST_FTAX1" t="7" d="1"/>
<D id="80" f="4" l="61" c="23" n="QU_SER_STMOM_DV_ACT" t="9" d="1"/>
<D id="81" f="4" l="70" c="14" n="BmwEpsFctSts1" t="7" d="1"/>
<D id="82" f="7" l="67" c="10" n="MinOkStateInit" t="9" d="1"/>
<D id="83" f="13" l="9" c="21" n="__PST__UINT32" t="7" d="1"/>
<D id="84" f="4" l="63" c="22" n="ST_EST_dummy_16_23" t="9" d="1"/>
<D id="85" f="8" l="44" c="22" n="CounterOffset" t="9" d="1"/>
<D id="86" f="7" l="68" c="10" n="MaxErrorStateInit" t="9" d="1"/>
<D id="87" f="8" l="57" c="11" n="Counter" t="9" d="1"/>
<D id="88" f="8" l="45" c="22" n="CRCOffset" t="9" d="1"/>
<D id="89" f="1" l="45" c="14" n="__va_list" t="7" d="1"/>
<D id="90" f="4" l="56" c="22" n="QU_SER_STMOM_DV_ACT1" t="7" d="1"/>
<D id="91" f="5" l="70" c="61" n="Rte_Instance" t="7" d="1"/>
<D id="92" f="16" l="42" c="5" n="main" t="2" d="1"/>
<D id="93" f="13" l="8" c="23" n="__PST__UINT16" t="7" d="1"/>
<D id="94" f="4" l="47" c="22" n="HaptcFbSt1" t="7" d="1"/>
<D id="95" f="8" l="46" c="22" n="DataID" t="9" d="1"/>
<D id="96" f="4" l="38" c="22" n="ST_EST_dummy_16_231" t="7" d="1"/>
<D id="97" f="4" l="66" c="13" n="QU_FN_EST" t="9" d="1"/>
<D id="98" f="8" l="47" c="22" n="DataIDNibbleOffset" t="9" d="1"/>
<D id="99" f="13" l="6" c="25" n="__PST__SINT64" t="7" d="1"/>
<D id="100" f="7" l="88" c="11" n="ProfileStatusWindow" t="9" d="1"/>
<D id="101" f="1" l="50" c="18" n="__gnuc_va_list" t="7" d="1"/>
<D id="102" f="8" l="48" c="22" n="DataIDMode" t="9" d="1"/>
<D id="103" f="13" l="24" c="7" n="Rte_CDS_BmwMsgSlot234Bas1Repn2BusFrChA" t="6" d="1"/>
<D id="104" f="7" l="89" c="11" n="WindowTopIndex" t="9" d="1"/>
<D id="105" f="6" l="88" c="21" n="Crc_DataRefType" t="7" d="1"/>
<D id="106" f="5" l="57" c="14" n="Pim_HaptcFbStPrev" t="9" d="1"/>
<D id="107" f="8" l="49" c="22" n="DataLength" t="9" d="1"/>
<D id="108" f="4" l="62" c="17" n="QU_FN_VIB_EPS" t="9" d="1"/>
<D id="109" f="5" l="53" c="17" n="Pim_BmwEpsFctStsPrev" t="9" d="1"/>
<D id="110" f="5" l="56" c="16" n="Pim_DrvgDynIfStPrev" t="9" d="1"/>
<D id="111" f="8" l="72" c="27" n="LastValidCounter" t="9" d="1"/>
<D id="112" f="13" l="37" c="7" n="__PST__g__31" t="6" d="1"/>
<D id="113" f="8" l="73" c="27" n="MaxDeltaCounter" t="9" d="1"/>
<D id="114" f="8" l="74" c="27" n="WaitForFirstData" t="9" d="1"/>
<D id="115" f="8" l="75" c="27" n="NewDataAvailable" t="9" d="1"/>
<D id="116" f="1" l="49" c="18" n="va_list" t="7" d="1"/>
<D id="117" f="8" l="76" c="27" n="LostData" t="9" d="1"/>
<D id="118" f="8" l="77" c="27" n="Status" t="9" d="1"/>
<D id="119" f="5" l="65" c="66" n="Rte_Inst_BmwMsgSlot234Bas1Repn2BusFrChA" t="1" d="0"/>
<D id="120" f="8" l="78" c="27" n="SyncCounter" t="9" d="1"/>
<D id="121" f="8" l="79" c="27" n="NoNewOrRepeatedDataCounter" t="9" d="1"/>
<D id="122" f="3" l="140" c="10" n="sw_patch_version" t="9" d="1"/>
<D id="123" f="2" l="110" c="31" n="uint32" t="7" d="1"/>
<D id="124" f="13" l="12" c="21" n="__PST__g__11" t="7" d="1"/>
<D id="125" f="13" l="14" c="20" n="__PST__g__15" t="7" d="1"/>
<D id="126" f="13" l="33" c="20" n="__PST__g__27" t="7" d="1"/>
<D id="127" f="13" l="21" c="22" n="__PST__g__23" t="7" d="1"/>
<D id="128" f="2" l="112" c="31" n="sint8_least" t="7" d="1"/>
<D id="129" f="2" l="103" c="31" n="boolean" t="7" d="1"/>
<D id="130" f="13" l="11" c="14" n="__PST__FLOAT32" t="7" d="1"/>
<D id="131" f="12" l="70" c="21" n="size_t" t="7" d="1"/>
<D id="132" f="2" l="113" c="31" n="uint8_least" t="7" d="1"/>
<D id="133" f="14" l="25" c="20" n="pst_random_int" t="3" d="1"/>
<D id="134" f="13" l="20" c="60" n="__PST__g__24" t="7" d="1"/>
<D id="135" f="13" l="50" c="22" n="__PST__g__36" t="7" d="1"/>
<D id="136" f="13" l="35" c="29" n="__PST__g__30" t="7" d="1"/>
<D id="137" f="3" l="136" c="10" n="vendorID" t="9" d="1"/>
<D id="138" f="15" l="25" c="20" n="pst_random_int" t="3" d="1"/>
<D id="139" f="13" l="52" c="21" n="__PST__g__43" t="7" d="1"/>
<D id="140" f="16" l="25" c="20" n="pst_random_int" t="3" d="1"/>
<D id="141" f="13" l="23" c="22" n="__PST__g__26" t="7" d="1"/>
<D id="142" f="2" l="114" c="31" n="sint16_least" t="7" d="1"/>
<D id="143" f="11" l="211" c="5" n="BmwMsgSlot234Bas1Repn2BusFrChAInit1" t="2" d="1"/>
<D id="144" f="13" l="34" c="21" n="__PST__g__28" t="7" d="1"/>
<D id="145" f="13" l="51" c="31" n="__PST__g__37" t="7" d="1"/>
<D id="146" f="2" l="105" c="31" n="sint8" t="7" d="1"/>
<D id="147" f="3" l="137" c="10" n="moduleID" t="9" d="1"/>
<D id="148" f="13" l="53" c="30" n="__PST__g__44" t="7" d="1"/>
<D id="149" f="14" l="27" c="29" n="pst_random_g_6" t="3" d="1"/>
<D id="150" f="2" l="115" c="31" n="uint16_least" t="7" d="1"/>
<D id="151" f="12" l="72" c="12" n="ptrdiff_t" t="7" d="1"/>
<D id="152" f="2" l="106" c="31" n="uint8" t="7" d="1"/>
<D id="153" f="15" l="27" c="29" n="pst_random_g_6" t="3" d="1"/>
<D id="154" f="3" l="138" c="10" n="sw_major_version" t="9" d="1"/>
<D id="155" f="13" l="54" c="21" n="__PST__g__45" t="7" d="1"/>
<D id="156" f="3" l="132" c="14" n="Std_ReturnType" t="7" d="1"/>
<D id="157" f="2" l="116" c="31" n="sint32_least" t="7" d="1"/>
<D id="158" f="15" l="63" c="30" n="real_random_for_return" t="4" d="1"/>
<D id="159" f="13" l="16" c="22" n="__PST__g__18" t="7" d="1"/>
<D id="160" f="2" l="107" c="31" n="sint16" t="7" d="1"/>
<D id="161" f="3" l="125" c="22" n="StatusType" t="7" d="1"/>
<D id="162" f="3" l="139" c="10" n="sw_minor_version" t="9" d="1"/>
<D id="163" f="15" l="91" c="30" n="real_random_for_return" t="4" d="1"/>
<D id="164" f="13" l="13" c="15" n="__PST__FLOAT64" t="7" d="1"/>
<D id="165" f="13" l="55" c="30" n="__PST__g__46" t="7" d="1"/>
<D id="166" f="13" l="15" c="23" n="__PST__g__16" t="7" d="1"/>
<D id="167" f="2" l="117" c="31" n="uint32_least" t="7" d="1"/>
<D id="168" f="2" l="108" c="31" n="uint16" t="7" d="1"/>
<D id="169" f="15" l="64" c="21" n="random_for_return" t="4" d="1"/>
<D id="170" f="13" l="19" c="30" n="__PST__g__20" t="7" d="1"/>
<D id="171" f="15" l="92" c="21" n="random_for_return" t="4" d="1"/>
<D id="172" f="13" l="36" c="22" n="__PST__g__29" t="7" d="1"/>
<D id="173" f="14" l="54" c="22" n="_i_main_gen_tmp_3" t="4" d="1"/>
<D id="174" f="2" l="127" c="31" n="sint64" t="7" d="1"/>
<D id="175" f="12" l="75" c="21" n="wchar_t" t="7" d="1"/>
<D id="176" f="13" l="10" c="27" n="__PST__UINT64" t="7" d="1"/>
<D id="177" f="13" l="18" c="22" n="__PST__g__21" t="7" d="1"/>
<D id="178" f="2" l="109" c="31" n="sint32" t="7" d="1"/>
<D id="179" f="13" l="30" c="17" n="Pim_HaptcFbStPrev" t="9" d="1"/>
<D id="180" f="13" l="17" c="32" n="__PST__g__19" t="7" d="1"/>
<D id="181" f="14" l="142" c="5" n="_extern_init" t="2" d="1"/>
<D id="182" f="14" l="64" c="22" n="_i_main_gen_tmp_5" t="4" d="1"/>
<D id="183" f="2" l="128" c="31" n="uint64" t="7" d="1"/>
<D id="184" f="13" l="40" c="17" n="QU_FN_VIB_EPS" t="9" d="1"/>
<D id="185" f="13" l="31" c="17" n="Pim_PerdCntr" t="9" d="1"/>
<D id="186" f="13" l="56" c="22" n="__PST__g__47" t="7" d="1"/>
<D id="187" f="14" l="74" c="22" n="_i_main_gen_tmp_7" t="4" d="1"/>
<D id="188" f="15" l="46" c="13" n="Rte_Read_BmwMsgSlot234Bas1Repn2BusFrChA_BmwEpsFctSts_Val" t="2" d="1"/>
<D id="189" f="13" l="47" c="22" n="__PST__g__33" t="7" d="1"/>
<D id="190" f="2" l="138" c="31" n="float32" t="7" d="1"/>
<D id="191" f="15" l="74" c="13" n="Rte_Read_BmwMsgSlot234Bas1Repn2BusFrChA_DrvgDynIfSt_Val" t="2" d="1"/>
<D id="192" f="13" l="41" c="17" n="__pst_unused_field_2" t="9" d="1"/>
<D id="193" f="14" l="84" c="22" n="_i_main_gen_tmp_9" t="4" d="1"/>
<D id="194" f="13" l="57" c="22" n="__PST__g__48" t="7" d="1"/>
<D id="195" f="14" l="41" c="17" n="x" t="4" d="1"/>
<D id="196" f="13" l="48" c="22" n="__PST__g__34" t="7" d="1"/>
<D id="197" f="2" l="139" c="31" n="float64" t="7" d="1"/>
<D id="198" f="15" l="162" c="5" n="__PST__MAIN__ENTRY__POINT__" t="2" d="1"/>
<D id="199" f="13" l="22" c="27" n="__PST__g__22" t="7" d="1"/>
<D id="200" f="14" l="94" c="22" n="_i_main_gen_tmp_11" t="4" d="1"/>
<D id="201" f="13" l="42" c="17" n="__pst_unused_field_3" t="9" d="1"/>
<D id="202" f="13" l="58" c="31" n="__PST__g__49" t="7" d="1"/>
<D id="203" f="14" l="39" c="13" n="_main_gen_init_g6" t="2" d="1"/>
<D id="204" f="13" l="49" c="22" n="__PST__g__35" t="7" d="1"/>
<D id="205" f="13" l="43" c="17" n="__pst_unused_field_4" t="9" d="1"/>
<D id="206" f="11" l="264" c="5" n="BmwMsgSlot234Bas1Repn2BusFrChAPer1" t="2" d="1"/>
<D id="207" f="13" l="44" c="17" n="QU_FN_EST" t="9" d="1"/>
<D id="208" f="12" l="446" c="4" n="errno" t="1" d="1"/>
<D id="209" f="13" l="26" c="17" n="Pim_BmwEpsFctStsPrev" t="9" d="1"/>
<D id="210" f="14" l="23" c="28" n="pst_random_char" t="3" d="1"/>
<D id="211" f="15" l="23" c="28" n="pst_random_char" t="3" d="1"/>
<D id="212" f="13" l="27" c="17" n="Pim_BurstModCntr" t="9" d="1"/>
<D id="213" f="16" l="23" c="28" n="pst_random_char" t="3" d="1"/>
<D id="214" f="13" l="28" c="17" n="Pim_CycCntr" t="9" d="1"/>
<D id="215" f="14" l="53" c="28" n="_main_gen_tmp_2" t="4" d="1"/>
<D id="216" f="13" l="29" c="17" n="Pim_DrvgDynIfStPrev" t="9" d="1"/>
<D id="217" f="13" l="46" c="27" n="__PST__g__32" t="7" d="1"/>
<D id="218" f="14" l="63" c="28" n="_main_gen_tmp_4" t="4" d="1"/>
<D id="219" f="13" l="39" c="17" n="QU_SER_STMOM_DV_ACT" t="9" d="1"/>
<D id="220" f="14" l="73" c="28" n="_main_gen_tmp_6" t="4" d="1"/>
<D id="221" f="15" l="74" c="82" n="P_0" t="4" d="1"/>
<D id="222" f="14" l="83" c="28" n="_main_gen_tmp_8" t="4" d="1"/>
<D id="223" f="14" l="47" c="46" n="_main_gen_init_g25" t="2" d="1"/>
<D id="224" f="15" l="46" c="83" n="P_0" t="4" d="1"/>
<D id="225" f="14" l="93" c="28" n="_main_gen_tmp_10" t="4" d="1"/>
<D id="226" f="14" l="49" c="57" n="x" t="4" d="1"/>
</Definitions>
<Uses>
<U id="1" f="11" l="312" c="10" d="119" a="0"/>
<U id="2" f="14" l="111" c="11" d="226" a="0"/>
<U id="3" f="11" l="331" c="10" d="119" a="0"/>
<U id="4" f="11" l="303" c="11" d="119" a="0"/>
<U id="5" f="11" l="332" c="10" d="119" a="0"/>
<U id="6" f="15" l="111" c="12" d="9" a="0"/>
<U id="7" f="11" l="280" c="10" d="188" a="0"/>
<U id="8" f="14" l="131" c="12" d="20" a="1"/>
<U id="9" f="11" l="290" c="10" d="119" a="0"/>
<U id="10" f="11" l="281" c="10" d="191" a="0"/>
<U id="11" f="11" l="300" c="42" d="119" a="0"/>
<U id="12" f="15" l="120" c="41" d="12" a="0"/>
<U id="13" f="6" l="192" c="100" d="129" a="0"/>
<U id="14" f="14" l="107" c="29" d="3" a="0"/>
<U id="15" f="6" l="215" c="102" d="129" a="0"/>
<U id="16" f="11" l="291" c="10" d="119" a="0"/>
<U id="17" f="11" l="282" c="10" d="2" a="0"/>
<U id="18" f="6" l="144" c="102" d="129" a="0"/>
<U id="19" f="14" l="109" c="10" d="185" a="0"/>
<U id="20" f="6" l="238" c="100" d="129" a="0"/>
<U id="21" f="11" l="309" c="10" d="119" a="0"/>
<U id="22" f="14" l="105" c="13" d="3" a="1"/>
<U id="23" f="12" l="506" c="11" d="24" a="0"/>
<U id="24" f="11" l="303" c="69" d="152" a="0"/>
<U id="25" f="11" l="337" c="10" d="119" a="0"/>
<U id="26" f="14" l="107" c="12" d="17" a="1"/>
<U id="27" f="11" l="312" c="51" d="59" a="0"/>
<U id="28" f="11" l="293" c="10" d="119" a="0"/>
<U id="29" f="15" l="121" c="15" d="1" a="0"/>
<U id="30" f="15" l="135" c="30" d="56" a="0"/>
<U id="31" f="14" l="103" c="15" d="78" a="0"/>
<U id="32" f="6" l="168" c="100" d="129" a="0"/>
<U id="33" f="14" l="126" c="12" d="83" a="0"/>
<U id="34" f="11" l="331" c="51" d="59" a="0"/>
<U id="35" f="15" l="111" c="34" d="153" a="0"/>
<U id="36" f="11" l="338" c="10" d="119" a="0"/>
<U id="37" f="15" l="143" c="22" d="56" a="0"/>
<U id="38" f="11" l="323" c="14" d="119" a="0"/>
<U id="39" f="15" l="111" c="16" d="138" a="0"/>
<U id="40" f="15" l="143" c="13" d="7" a="0"/>
<U id="41" f="11" l="294" c="10" d="119" a="0"/>
<U id="42" f="14" l="119" c="11" d="199" a="0"/>
<U id="43" f="12" l="491" c="11" d="22" a="0"/>
<U id="44" f="11" l="306" c="59" d="16" a="1"/>
<U id="45" f="15" l="165" c="20" d="92" a="0"/>
<U id="46" f="15" l="141" c="42" d="7" a="0"/>
<U id="47" f="11" l="303" c="52" d="59" a="0"/>
<U id="48" f="11" l="332" c="51" d="70" a="0"/>
<U id="49" f="11" l="306" c="14" d="5" a="0"/>
<U id="50" f="15" l="151" c="42" d="4" a="0"/>
<U id="51" f="12" l="483" c="11" d="21" a="0"/>
<U id="52" f="14" l="127" c="40" d="23" a="0"/>
<U id="53" f="11" l="285" c="11" d="119" a="0"/>
<U id="54" f="15" l="141" c="16" d="7" a="1"/>
<U id="55" f="12" l="475" c="11" d="27" a="0"/>
<U id="56" f="11" l="300" c="28" d="97" a="0"/>
<U id="57" f="15" l="138" c="12" d="7" a="1"/>
<U id="58" f="14" l="107" c="51" d="203" a="0"/>
<U id="59" f="11" l="286" c="11" d="119" a="0"/>
<U id="60" f="15" l="152" c="15" d="6" a="0"/>
<U id="61" f="11" l="290" c="51" d="110" a="0"/>
<U id="62" f="11" l="300" c="83" d="109" a="0"/>
<U id="63" f="11" l="317" c="14" d="119" a="0"/>
<U id="64" f="15" l="113" c="17" d="153" a="0"/>
<U id="65" f="14" l="131" c="54" d="133" a="0"/>
<U id="66" f="12" l="467" c="11" d="30" a="0"/>
<U id="67" f="11" l="287" c="11" d="119" a="0"/>
<U id="68" f="15" l="150" c="17" d="83" a="0"/>
<U id="69" f="15" l="141" c="26" d="56" a="0"/>
<U id="70" f="11" l="291" c="51" d="106" a="0"/>
<U id="71" f="15" l="138" c="22" d="138" a="0"/>
<U id="72" f="11" l="328" c="59" d="16" a="1"/>
<U id="73" f="11" l="289" c="10" d="119" a="0"/>
<U id="74" f="11" l="220" c="47" d="110" a="0"/>
<U id="75" f="11" l="328" c="14" d="5" a="0"/>
<U id="76" f="14" l="55" c="179" d="173" a="1"/>
<U id="77" f="11" l="309" c="51" d="55" a="0"/>
<U id="78" f="11" l="319" c="14" d="119" a="0"/>
<U id="79" f="15" l="136" c="15" d="138" a="0"/>
<U id="80" f="14" l="129" c="32" d="23" a="0"/>
<U id="81" f="11" l="337" c="51" d="59" a="0"/>
<U id="82" f="15" l="109" c="15" d="138" a="0"/>
<U id="83" f="15" l="143" c="35" d="211" a="0"/>
<U id="84" f="14" l="65" c="179" d="182" a="1"/>
<U id="85" f="11" l="221" c="47" d="106" a="0"/>
<U id="86" f="14" l="125" c="26" d="103" a="0"/>
<U id="87" f="11" l="293" c="51" d="55" a="0"/>
<U id="88" f="11" l="326" c="16" d="119" a="0"/>
<U id="89" f="11" l="338" c="69" d="119" a="0"/>
<U id="90" f="14" l="75" c="179" d="187" a="1"/>
<U id="91" f="11" l="323" c="73" d="119" a="0"/>
<U id="92" f="11" l="338" c="51" d="70" a="0"/>
<U id="93" f="14" l="109" c="25" d="133" a="0"/>
<U id="94" f="11" l="323" c="55" d="70" a="0"/>
<U id="95" f="11" l="294" c="51" d="59" a="0"/>
<U id="96" f="14" l="105" c="37" d="3" a="0"/>
<U id="97" f="14" l="85" c="179" d="193" a="1"/>
<U id="98" f="14" l="127" c="17" d="23" a="1"/>
<U id="99" f="11" l="291" c="72" d="19" a="0"/>
<U id="100" f="12" l="499" c="11" d="32" a="0"/>
<U id="101" f="15" l="102" c="67" d="141" a="0"/>
<U id="102" f="14" l="129" c="16" d="29" a="1"/>
<U id="103" f="11" l="285" c="52" d="109" a="0"/>
<U id="104" f="15" l="130" c="58" d="136" a="0"/>
<U id="105" f="14" l="131" c="76" d="29" a="1"/>
<U id="106" f="14" l="129" c="53" d="223" a="0"/>
<U id="107" f="15" l="119" c="17" d="78" a="0"/>
<U id="108" f="11" l="286" c="52" d="110" a="0"/>
<U id="109" f="11" l="317" c="73" d="152" a="0"/>
<U id="110" f="15" l="135" c="46" d="10" a="1"/>
<U id="111" f="15" l="139" c="16" d="138" a="0"/>
<U id="112" f="11" l="317" c="55" d="70" a="0"/>
<U id="113" f="11" l="290" c="74" d="25" a="0"/>
<U id="114" f="11" l="287" c="52" d="106" a="0"/>
<U id="115" f="14" l="95" c="181" d="200" a="1"/>
<U id="116" f="11" l="309" c="73" d="119" a="0"/>
<U id="117" f="11" l="289" c="51" d="109" a="0"/>
<U id="118" f="11" l="282" c="65" d="19" a="1"/>
<U id="119" f="11" l="319" c="55" d="70" a="0"/>
<U id="120" f="11" l="303" c="87" d="119" a="0"/>
<U id="121" f="14" l="109" c="47" d="17" a="1"/>
<U id="122" f="11" l="326" c="75" d="152" a="0"/>
<U id="123" f="11" l="326" c="57" d="70" a="0"/>
<U id="124" f="11" l="219" c="47" d="109" a="0"/>
<U id="125" f="11" l="281" c="67" d="25" a="1"/>
<U id="126" f="11" l="299" c="52" d="119" a="0"/>
<U id="127" f="11" l="326" c="94" d="119" a="0"/>
<U id="128" f="11" l="280" c="68" d="26" a="1"/>
<U id="129" f="11" l="287" c="74" d="19" a="0"/>
<U id="130" f="11" l="298" c="46" d="119" a="0"/>
<U id="131" f="11" l="294" c="67" d="152" a="0"/>
<U id="132" f="11" l="298" c="28" d="108" a="0"/>
<U id="133" f="11" l="337" c="68" d="119" a="0"/>
<U id="134" f="11" l="286" c="76" d="25" a="0"/>
<U id="135" f="11" l="299" c="28" d="80" a="0"/>
<U id="136" f="11" l="285" c="77" d="26" a="0"/>
<U id="137" f="11" l="289" c="75" d="26" a="0"/>
<U id="138" f="11" l="299" c="93" d="110" a="0"/>
<U id="139" f="11" l="298" c="87" d="106" a="0"/>
<U id="140" f="11" l="303" c="149" d="152" a="0"/>
<U id="141" f="11" l="337" c="109" d="59" a="0"/>
<U id="142" f="11" l="338" c="110" d="70" a="0"/>
<U id="143" f="11" l="323" c="114" d="70" a="0"/>
<U id="144" f="14" l="127" c="249" d="23" a="1"/>
<U id="145" f="11" l="309" c="114" d="55" a="0"/>
<U id="146" f="14" l="105" c="181" d="3" a="1"/>
<U id="147" f="11" l="326" c="152" d="152" a="0"/>
<U id="148" f="11" l="303" c="128" d="55" a="0"/>
<U id="149" f="11" l="326" c="135" d="59" a="0"/>
<U id="150" f="5" l="90" c="0" d="156" a="0"/>
<U id="151" f="5" l="91" c="0" d="156" a="0"/>
<U id="152" f="4" l="61" c="2" d="90" a="0"/>
<U id="153" f="4" l="62" c="2" d="75" a="0"/>
<U id="154" f="5" l="53" c="2" d="81" a="0"/>
<U id="155" f="4" l="63" c="2" d="96" a="0"/>
<U id="156" f="8" l="50" c="4" d="152" a="0"/>
<U id="157" f="5" l="54" c="2" d="152" a="0"/>
<U id="158" f="4" l="64" c="2" d="63" a="0"/>
<U id="159" f="8" l="51" c="4" d="152" a="0"/>
<U id="160" f="5" l="55" c="2" d="152" a="0"/>
<U id="161" f="7" l="70" c="4" d="152" a="0"/>
<U id="162" f="4" l="65" c="2" d="79" a="0"/>
<U id="163" f="8" l="52" c="4" d="152" a="0"/>
<U id="164" f="5" l="56" c="2" d="77" a="0"/>
<U id="165" f="7" l="71" c="4" d="152" a="0"/>
<U id="166" f="4" l="66" c="2" d="62" a="0"/>
<U id="167" f="7" l="90" c="4" d="152" a="0"/>
<U id="168" f="5" l="57" c="2" d="94" a="0"/>
<U id="169" f="8" l="44" c="4" d="168" a="0"/>
<U id="170" f="8" l="72" c="4" d="152" a="0"/>
<U id="171" f="5" l="88" c="0" d="156" a="0"/>
<U id="172" f="7" l="91" c="4" d="152" a="0"/>
<U id="173" f="1" l="50" c="8" d="89" a="0"/>
<U id="174" f="5" l="58" c="2" d="152" a="0"/>
<U id="175" f="7" l="73" c="4" d="152" a="0"/>
<U id="176" f="8" l="45" c="4" d="168" a="0"/>
<U id="177" f="8" l="73" c="4" d="152" a="0"/>
<U id="178" f="5" l="89" c="0" d="156" a="0"/>
<U id="179" f="7" l="92" c="4" d="40" a="0"/>
<U id="180" f="7" l="74" c="4" d="152" a="0"/>
<U id="181" f="8" l="46" c="4" d="168" a="0"/>
<U id="182" f="7" l="65" c="4" d="152" a="0"/>
<U id="183" f="8" l="74" c="4" d="129" a="0"/>
<U id="184" f="8" l="47" c="4" d="168" a="0"/>
<U id="185" f="4" l="70" c="8" d="152" a="0"/>
<U id="186" f="8" l="75" c="4" d="129" a="0"/>
<U id="187" f="8" l="57" c="4" d="152" a="0"/>
<U id="188" f="8" l="48" c="4" d="35" a="0"/>
<U id="189" f="7" l="67" c="4" d="152" a="0"/>
<U id="190" f="8" l="76" c="4" d="152" a="0"/>
<U id="191" f="8" l="49" c="4" d="168" a="0"/>
<U id="192" f="7" l="68" c="4" d="152" a="0"/>
<U id="193" f="8" l="77" c="4" d="45" a="0"/>
<U id="194" f="1" l="84" c="7" d="116" a="0"/>
<U id="195" f="8" l="78" c="4" d="152" a="0"/>
<U id="196" f="7" l="88" c="4" d="152" a="0"/>
<U id="197" f="8" l="79" c="4" d="152" a="0"/>
<U id="198" f="7" l="89" c="4" d="152" a="0"/>
<U id="199" f="1" l="49" c="8" d="89" a="0"/>
<U id="200" f="12" l="11340" c="9" d="50" a="0"/>
<U id="201" f="6" l="120" c="0" d="152" a="0"/>
<U id="202" f="8" l="111" c="0" d="156" a="0"/>
<U id="203" f="8" l="131" c="0" d="156" a="0"/>
<U id="204" f="7" l="123" c="0" d="156" a="0"/>
<U id="205" f="6" l="215" c="0" d="123" a="0"/>
<U id="206" f="3" l="140" c="3" d="152" a="0"/>
<U id="207" f="13" l="30" c="4" d="141" a="0"/>
<U id="208" f="6" l="144" c="0" d="152" a="0"/>
<U id="209" f="7" l="144" c="0" d="156" a="0"/>
<U id="210" f="5" l="70" c="21" d="43" a="0"/>
<U id="211" f="13" l="40" c="4" d="78" a="0"/>
<U id="212" f="13" l="31" c="4" d="141" a="0"/>
<U id="213" f="8" l="154" c="0" d="156" a="0"/>
<U id="214" f="13" l="41" c="4" d="78" a="0"/>
<U id="215" f="15" l="46" c="0" d="78" a="0"/>
<U id="216" f="6" l="192" c="0" d="123" a="0"/>
<U id="217" f="14" l="41" c="4" d="78" a="0"/>
<U id="218" f="15" l="74" c="0" d="78" a="0"/>
<U id="219" f="5" l="65" c="20" d="43" a="0"/>
<U id="220" f="13" l="42" c="4" d="78" a="0"/>
<U id="221" f="8" l="174" c="0" d="156" a="0"/>
<U id="222" f="1" l="84" c="39" d="116" a="0"/>
<U id="223" f="13" l="43" c="4" d="78" a="0"/>
<U id="224" f="14" l="39" c="0" d="78" a="0"/>
<U id="225" f="6" l="238" c="0" d="183" a="0"/>
<U id="226" f="14" l="43" c="4" d="195" a="1"/>
<U id="227" f="13" l="44" c="4" d="78" a="0"/>
<U id="228" f="3" l="136" c="3" d="168" a="0"/>
<U id="229" f="5" l="90" c="69" d="94" a="0"/>
<U id="230" f="10" l="53" c="5" d="42" a="0"/>
<U id="231" f="13" l="26" c="4" d="141" a="0"/>
<U id="232" f="6" l="168" c="0" d="168" a="0"/>
<U id="233" f="13" l="21" c="8" d="134" a="0"/>
<U id="234" f="3" l="137" c="3" d="168" a="0"/>
<U id="235" f="5" l="90" c="15" d="2" a="0"/>
<U id="236" f="13" l="12" c="8" d="60" a="0"/>
<U id="237" f="13" l="27" c="4" d="141" a="0"/>
<U id="238" f="10" l="52" c="7" d="123" a="0"/>
<U id="239" f="3" l="138" c="3" d="152" a="0"/>
<U id="240" f="13" l="50" c="8" d="172" a="0"/>
<U id="241" f="13" l="28" c="4" d="141" a="0"/>
<U id="242" f="8" l="197" c="0" d="36" a="0"/>
<U id="243" f="13" l="23" c="8" d="78" a="0"/>
<U id="244" f="3" l="132" c="8" d="152" a="0"/>
<U id="245" f="3" l="139" c="3" d="152" a="0"/>
<U id="246" f="15" l="50" c="8" d="224" a="0"/>
<U id="247" f="13" l="14" c="8" d="60" a="0"/>
<U id="248" f="13" l="29" c="4" d="141" a="0"/>
<U id="249" f="13" l="33" c="8" d="60" a="0"/>
<U id="250" f="15" l="51" c="8" d="138" a="0"/>
<U id="251" f="13" l="15" c="8" d="164" a="0"/>
<U id="252" f="13" l="39" c="4" d="78" a="0"/>
<U id="253" f="10" l="36" c="7" d="44" a="0"/>
<U id="254" f="13" l="52" c="8" d="52" a="0"/>
<U id="255" f="13" l="34" c="8" d="78" a="0"/>
<U id="256" f="14" l="43" c="8" d="149" a="0"/>
<U id="257" f="13" l="16" c="8" d="124" a="0"/>
<U id="258" f="9" l="85" c="24" d="58" a="0"/>
<U id="259" f="6" l="88" c="14" d="152" a="0"/>
<U id="260" f="13" l="54" c="8" d="78" a="0"/>
<U id="261" f="13" l="36" c="8" d="83" a="0"/>
<U id="262" f="14" l="54" c="8" d="83" a="0"/>
<U id="263" f="5" l="88" c="15" d="188" a="0"/>
<U id="264" f="13" l="18" c="8" d="52" a="0"/>
<U id="265" f="14" l="47" c="7" d="103" a="0"/>
<U id="266" f="14" l="64" c="8" d="83" a="0"/>
<U id="267" f="5" l="89" c="15" d="191" a="0"/>
<U id="268" f="15" l="64" c="8" d="78" a="0"/>
<U id="269" f="15" l="92" c="8" d="78" a="0"/>
<U id="270" f="13" l="56" c="8" d="53" a="0"/>
<U id="271" f="14" l="74" c="8" d="83" a="0"/>
<U id="272" f="13" l="47" c="8" d="217" a="0"/>
<U id="273" f="14" l="84" c="8" d="83" a="0"/>
<U id="274" f="13" l="57" c="8" d="83" a="0"/>
<U id="275" f="5" l="89" c="71" d="77" a="0"/>
<U id="276" f="13" l="48" c="8" d="144" a="0"/>
<U id="277" f="14" l="94" c="8" d="83" a="0"/>
<U id="278" f="5" l="88" c="72" d="81" a="0"/>
<U id="279" f="15" l="57" c="8" d="224" a="0"/>
<U id="280" f="5" l="91" c="94" d="42" a="0"/>
<U id="281" f="15" l="85" c="8" d="221" a="0"/>
<U id="282" f="13" l="49" c="8" d="126" a="0"/>
<U id="283" f="14" l="59" c="8" d="226" a="1"/>
<U id="284" f="14" l="69" c="8" d="226" a="1"/>
<U id="285" f="15" l="78" c="8" d="221" a="0"/>
<U id="286" f="14" l="79" c="8" d="226" a="1"/>
<U id="287" f="15" l="79" c="8" d="138" a="0"/>
<U id="288" f="14" l="89" c="8" d="226" a="1"/>
<U id="289" f="14" l="99" c="8" d="226" a="1"/>
<U id="290" f="15" l="102" c="0" d="78" a="0"/>
<U id="291" f="15" l="130" c="0" d="83" a="0"/>
<U id="292" f="13" l="20" c="21" d="103" a="0"/>
<U id="293" f="11" l="300" c="4" d="16" a="1"/>
<U id="294" f="16" l="62" c="19" d="60" a="0"/>
<U id="295" f="6" l="215" c="29" d="105" a="0"/>
<U id="296" f="16" l="54" c="19" d="60" a="0"/>
<U id="297" f="16" l="60" c="12" d="140" a="0"/>
<U id="298" f="14" l="44" c="11" d="195" a="0"/>
<U id="299" f="13" l="22" c="14" d="127" a="0"/>
<U id="300" f="16" l="52" c="12" d="140" a="0"/>
<U id="301" f="11" l="220" c="6" d="119" a="0"/>
<U id="302" f="10" l="52" c="14" d="5" a="0"/>
<U id="303" f="6" l="120" c="25" d="105" a="0"/>
<U id="304" f="11" l="221" c="6" d="119" a="0"/>
<U id="305" f="16" l="46" c="11" d="140" a="0"/>
<U id="306" f="16" l="62" c="31" d="206" a="0"/>
<U id="307" f="15" l="55" c="12" d="224" a="0"/>
<U id="308" f="13" l="33" c="33" d="53" a="0"/>
<U id="309" f="16" l="64" c="12" d="206" a="0"/>
<U id="310" f="15" l="83" c="12" d="221" a="0"/>
<U id="311" f="14" l="59" c="10" d="209" a="0"/>
<U id="312" f="16" l="54" c="31" d="143" a="0"/>
<U id="313" f="7" l="124" c="51" d="41" a="0"/>
<U id="314" f="14" l="55" c="13" d="173" a="1"/>
<U id="315" f="14" l="69" c="10" d="212" a="0"/>
<U id="316" f="7" l="144" c="32" d="39" a="0"/>
<U id="317" f="16" l="56" c="12" d="143" a="0"/>
<U id="318" f="6" l="120" c="54" d="123" a="0"/>
<U id="319" f="15" l="120" c="8" d="78" a="0"/>
<U id="320" f="14" l="23" c="16" d="56" a="0"/>
<U id="321" f="14" l="57" c="12" d="215" a="1"/>
<U id="322" f="11" l="272" c="4" d="81" a="0"/>
<U id="323" f="15" l="23" c="16" d="56" a="0"/>
<U id="324" f="14" l="65" c="13" d="182" a="1"/>
<U id="325" f="14" l="79" c="10" d="214" a="0"/>
<U id="326" f="16" l="23" c="16" d="56" a="0"/>
<U id="327" f="15" l="64" c="41" d="158" a="0"/>
<U id="328" f="13" l="35" c="15" d="112" a="0"/>
<U id="329" f="14" l="53" c="15" d="78" a="0"/>
<U id="330" f="14" l="57" c="49" d="203" a="0"/>
<U id="331" f="14" l="67" c="12" d="218" a="1"/>
<U id="332" f="14" l="69" c="29" d="133" a="0"/>
<U id="333" f="8" l="131" c="35" d="44" a="0"/>
<U id="334" f="13" l="34" c="34" d="141" a="0"/>
<U id="335" f="13" l="46" c="14" d="141" a="0"/>
<U id="336" f="6" l="120" c="73" d="152" a="0"/>
<U id="337" f="15" l="53" c="15" d="138" a="0"/>
<U id="338" f="15" l="92" c="41" d="163" a="0"/>
<U id="339" f="14" l="75" c="13" d="187" a="1"/>
<U id="340" f="14" l="89" c="10" d="216" a="0"/>
<U id="341" f="14" l="97" c="29" d="200" a="0"/>
<U id="342" f="11" l="273" c="4" d="77" a="0"/>
<U id="343" f="15" l="81" c="15" d="138" a="0"/>
<U id="344" f="13" l="51" c="17" d="53" a="0"/>
<U id="345" f="14" l="63" c="15" d="78" a="0"/>
<U id="346" f="14" l="67" c="49" d="203" a="0"/>
<U id="347" f="14" l="77" c="12" d="220" a="1"/>
<U id="348" f="14" l="85" c="13" d="193" a="1"/>
<U id="349" f="14" l="99" c="10" d="179" a="0"/>
<U id="350" f="14" l="104" c="8" d="83" a="0"/>
<U id="351" f="14" l="73" c="15" d="78" a="0"/>
<U id="352" f="14" l="77" c="49" d="203" a="0"/>
<U id="353" f="14" l="87" c="12" d="222" a="1"/>
<U id="354" f="8" l="111" c="37" d="38" a="0"/>
<U id="355" f="15" l="113" c="8" d="9" a="0"/>
<U id="356" f="15" l="74" c="69" d="141" a="0"/>
<U id="357" f="11" l="274" c="4" d="94" a="0"/>
<U id="358" f="14" l="95" c="13" d="200" a="1"/>
<U id="359" f="14" l="83" c="15" d="78" a="0"/>
<U id="360" f="14" l="87" c="49" d="203" a="0"/>
<U id="361" f="14" l="97" c="12" d="225" a="1"/>
<U id="362" f="13" l="53" c="17" d="52" a="0"/>
<U id="363" f="14" l="147" c="4" d="8" a="0"/>
<U id="364" f="15" l="46" c="70" d="141" a="0"/>
<U id="365" f="8" l="174" c="33" d="37" a="0"/>
<U id="366" f="15" l="65" c="15" d="169" a="0"/>
<U id="367" f="14" l="27" c="16" d="78" a="0"/>
<U id="368" f="14" l="93" c="15" d="78" a="0"/>
<U id="369" f="15" l="151" c="8" d="83" a="0"/>
<U id="370" f="15" l="27" c="16" d="78" a="0"/>
<U id="371" f="15" l="55" c="34" d="153" a="0"/>
<U id="372" f="15" l="93" c="15" d="171" a="0"/>
<U id="373" f="13" l="17" c="17" d="164" a="0"/>
<U id="374" f="13" l="36" c="35" d="136" a="0"/>
<U id="375" f="15" l="55" c="16" d="138" a="0"/>
<U id="376" f="15" l="83" c="34" d="153" a="0"/>
<U id="377" f="14" l="99" c="30" d="133" a="0"/>
<U id="378" f="15" l="106" c="8" d="9" a="0"/>
<U id="379" f="15" l="63" c="17" d="78" a="0"/>
<U id="380" f="15" l="83" c="16" d="138" a="0"/>
<U id="381" f="7" l="123" c="28" d="36" a="0"/>
<U id="382" f="7" l="125" c="45" d="39" a="0"/>
<U id="383" f="8" l="154" c="35" d="38" a="0"/>
<U id="384" f="8" l="156" c="52" d="152" a="0"/>
<U id="385" f="15" l="91" c="17" d="78" a="0"/>
<U id="386" f="13" l="55" c="17" d="78" a="0"/>
<U id="387" f="11" l="219" c="6" d="119" a="0"/>
<U id="388" f="11" l="277" c="4" d="42" a="0"/>
<U id="389" f="15" l="107" c="8" d="138" a="0"/>
<U id="390" f="13" l="19" c="17" d="177" a="0"/>
<U id="391" f="14" l="59" c="33" d="133" a="0"/>
<U id="392" f="8" l="112" c="48" d="44" a="0"/>
<U id="393" f="14" l="69" c="51" d="218" a="1"/>
<U id="394" f="15" l="135" c="8" d="56" a="0"/>
<U id="395" f="14" l="55" c="36" d="173" a="0"/>
<U id="396" f="14" l="89" c="32" d="133" a="0"/>
<U id="397" f="14" l="97" c="51" d="203" a="0"/>
<U id="398" f="6" l="257" c="25" d="58" a="0"/>
<U id="399" f="8" l="113" c="48" d="152" a="0"/>
<U id="400" f="6" l="144" c="28" d="105" a="0"/>
<U id="401" f="14" l="65" c="36" d="182" a="0"/>
<U id="402" f="6" l="192" c="27" d="105" a="0"/>
<U id="403" f="14" l="79" c="24" d="133" a="0"/>
<U id="404" f="7" l="145" c="55" d="41" a="0"/>
<U id="405" f="15" l="57" c="17" d="153" a="0"/>
<U id="406" f="14" l="109" c="8" d="226" a="1"/>
<U id="407" f="13" l="58" c="17" d="83" a="0"/>
<U id="408" f="6" l="120" c="96" d="129" a="0"/>
<U id="409" f="15" l="85" c="17" d="153" a="0"/>
<U id="410" f="14" l="75" c="36" d="187" a="0"/>
<U id="411" f="8" l="198" c="60" d="45" a="0"/>
<U id="412" f="8" l="155" c="46" d="37" a="0"/>
<U id="413" f="11" l="298" c="4" d="16" a="1"/>
<U id="414" f="14" l="85" c="36" d="193" a="0"/>
<U id="415" f="6" l="238" c="27" d="105" a="0"/>
<U id="416" f="8" l="197" c="43" d="156" a="0"/>
<U id="417" f="8" l="199" c="60" d="129" a="0"/>
<U id="418" f="15" l="165" c="8" d="60" a="0"/>
<U id="419" f="6" l="144" c="57" d="123" a="0"/>
<U id="420" f="6" l="192" c="56" d="123" a="0"/>
<U id="421" f="11" l="299" c="4" d="16" a="1"/>
<U id="422" f="14" l="49" c="18" d="103" a="0"/>
<U id="423" f="14" l="99" c="52" d="225" a="1"/>
<U id="424" f="14" l="57" c="28" d="173" a="0"/>
<U id="425" f="6" l="215" c="58" d="123" a="0"/>
<U id="426" f="6" l="144" c="76" d="152" a="0"/>
<U id="427" f="6" l="168" c="27" d="105" a="0"/>
<U id="428" f="14" l="67" c="28" d="182" a="0"/>
<U id="429" f="6" l="192" c="75" d="123" a="0"/>
<U id="430" f="14" l="95" c="37" d="200" a="0"/>
<U id="431" f="6" l="215" c="77" d="123" a="0"/>
<U id="432" f="15" l="167" c="8" d="92" a="0"/>
<U id="433" f="14" l="59" c="55" d="215" a="1"/>
<U id="434" f="6" l="238" c="56" d="123" a="0"/>
<U id="435" f="14" l="77" c="28" d="187" a="0"/>
<U id="436" f="14" l="89" c="54" d="222" a="1"/>
<U id="437" f="14" l="87" c="28" d="193" a="0"/>
<U id="438" f="6" l="238" c="75" d="183" a="0"/>
<U id="439" f="14" l="79" c="46" d="220" a="1"/>
<U id="440" f="6" l="168" c="56" d="123" a="0"/>
<U id="441" f="6" l="168" c="75" d="168" a="0"/>
</Uses>
<Blocks>
<B id="1" t="routine" f="11" l="211" c="5">
<BEGIN l="212" c="0"/>
<END l="226" c="0"/>
</B>
<B id="2" t="else" f="11" l="321" c="8">
<BEGIN l="322" c="8"/>
<END l="324" c="8"/>
</B>
<B id="3" t="if" f="11" l="317" c="8">
<BEGIN l="318" c="8"/>
<END l="320" c="8"/>
<ELSE d="2"/>
</B>
<B id="4" t="else" f="11" l="334" c="4">
<BEGIN l="335" c="4"/>
<END l="339" c="4"/>
</B>
<B id="5" t="if" f="11" l="326" c="9">
<BEGIN l="327" c="4"/>
<END l="333" c="4"/>
<ELSE d="4"/>
</B>
<B id="6" t="else" f="11" l="326" c="4">
<BEGIN l="326" c="9"/>
<END l="339" c="4"/>
<SUB d="5"/>
</B>
<B id="7" t="if" f="11" l="303" c="4">
<BEGIN l="304" c="4"/>
<END l="325" c="4"/>
<SUB d="3"/>
<ELSE d="6"/>
</B>
<B id="8" t="if" f="11" l="285" c="4">
<BEGIN l="288" c="4"/>
<END l="295" c="4"/>
</B>
<B id="9" t="routine" f="11" l="264" c="5">
<BEGIN l="265" c="0"/>
<END l="344" c="0"/>
<SUB d="7"/>
<SUB d="8"/>
</B>
<B id="10" t="ppcif" f="17" l="15" c="0">
<BEGIN l="15" c="27"/>
<END l="330" c="0"/>
</B>
<B id="11" t="ppcif" f="17" l="25" c="0">
<BEGIN l="25" c="19"/>
<END l="155" c="0"/>
</B>
<B id="12" t="ppcrmif" f="17" l="46" c="0">
<BEGIN l="46" c="93"/>
<END l="91" c="0"/>
</B>
<B id="13" t="ppcrmif" f="17" l="94" c="0">
<BEGIN l="94" c="91"/>
<END l="153" c="0"/>
</B>
<B id="14" t="ppcrmelse" f="17" l="155" c="0">
<BEGIN l="155" c="35"/>
<END l="328" c="0"/>
</B>
<B id="15" t="ppcif" f="18" l="11" c="0">
<BEGIN l="11" c="27"/>
<END l="36" c="0"/>
</B>
<B id="16" t="ppcrmif" f="18" l="14" c="0">
<BEGIN l="14" c="19"/>
<END l="29" c="0"/>
</B>
<B id="17" t="ppcelse" f="18" l="29" c="0">
<BEGIN l="29" c="5"/>
<END l="33" c="0"/>
</B>
<B id="18" t="ppcif" f="1" l="22" c="0">
<BEGIN l="22" c="17"/>
<END l="109" c="0"/>
</B>
<B id="19" t="ppcrmif" f="1" l="39" c="0">
<BEGIN l="39" c="66"/>
<END l="43" c="0"/>
</B>
<B id="20" t="ppcelse" f="1" l="43" c="0">
<BEGIN l="43" c="60"/>
<END l="47" c="0"/>
</B>
<B id="21" t="ppcrmif" f="1" l="52" c="0">
<BEGIN l="52" c="18"/>
<END l="58" c="0"/>
</B>
<B id="22" t="ppcrmif" f="1" l="62" c="0">
<BEGIN l="62" c="33"/>
<END l="80" c="0"/>
</B>
<B id="23" t="ppcelse" f="1" l="80" c="0">
<BEGIN l="80" c="31"/>
<END l="93" c="0"/>
</B>
<B id="24" t="ppcrmif" f="1" l="96" c="0">
<BEGIN l="96" c="14"/>
<END l="106" c="0"/>
</B>
<B id="25" t="ppcif" f="19" l="3" c="0">
<BEGIN l="3" c="29"/>
<END l="348" c="0"/>
</B>
<B id="26" t="ppcif" f="19" l="61" c="0">
<BEGIN l="63" c="27"/>
<END l="66" c="0"/>
</B>
<B id="27" t="ppcrmif" f="19" l="165" c="0">
<BEGIN l="165" c="17"/>
<END l="206" c="0"/>
</B>
<B id="28" t="ppcrmif" f="19" l="209" c="0">
<BEGIN l="209" c="37"/>
<END l="211" c="0"/>
</B>
<B id="29" t="ppcrmif" f="19" l="213" c="0">
<BEGIN l="213" c="44"/>
<END l="321" c="0"/>
</B>
<B id="30" t="ppcif" f="19" l="323" c="0">
<BEGIN l="323" c="18"/>
<END l="346" c="0"/>
</B>
<B id="31" t="ppcrmif" f="19" l="326" c="0">
<BEGIN l="326" c="18"/>
<END l="328" c="0"/>
</B>
<B id="32" t="ppcrmif" f="19" l="329" c="0">
<BEGIN l="329" c="63"/>
<END l="331" c="0"/>
</B>
<B id="33" t="ppcrmif" f="19" l="332" c="0">
<BEGIN l="332" c="64"/>
<END l="334" c="0"/>
</B>
<B id="34" t="ppcrmif" f="19" l="335" c="0">
<BEGIN l="335" c="16"/>
<END l="340" c="0"/>
</B>
<B id="35" t="ppcif" f="19" l="343" c="0">
<BEGIN l="343" c="57"/>
<END l="345" c="0"/>
</B>
<B id="36" t="type" f="5" l="50" c="7">
<BEGIN l="50" c="44"/>
<END l="60" c="0"/>
</B>
<B id="37" t="ppcif" f="5" l="24" c="0">
<BEGIN l="24" c="45"/>
<END l="206" c="0"/>
</B>
<B id="38" t="ppcrmif" f="5" l="27" c="0">
<BEGIN l="27" c="35"/>
<END l="29" c="0"/>
</B>
<B id="39" t="ppcif" f="5" l="31" c="0">
<BEGIN l="31" c="38"/>
<END l="33" c="0"/>
</B>
<B id="40" t="ppcrmif" f="5" l="35" c="0">
<BEGIN l="35" c="19"/>
<END l="38" c="0"/>
</B>
<B id="41" t="ppcrmif" f="5" l="202" c="0">
<BEGIN l="202" c="19"/>
<END l="204" c="0"/>
</B>
<B id="42" t="ppcif" f="20" l="24" c="0">
<BEGIN l="24" c="50"/>
<END l="259" c="0"/>
</B>
<B id="43" t="ppcrmif" f="20" l="27" c="0">
<BEGIN l="27" c="19"/>
<END l="30" c="0"/>
</B>
<B id="44" t="ppcif" f="20" l="38" c="0">
<BEGIN l="38" c="40"/>
<END l="40" c="0"/>
</B>
<B id="45" t="ppcif" f="20" l="42" c="0">
<BEGIN l="42" c="35"/>
<END l="44" c="0"/>
</B>
<B id="46" t="ppcif" f="20" l="46" c="0">
<BEGIN l="46" c="35"/>
<END l="48" c="0"/>
</B>
<B id="47" t="ppcif" f="20" l="50" c="0">
<BEGIN l="50" c="56"/>
<END l="52" c="0"/>
</B>
<B id="48" t="ppcif" f="20" l="54" c="0">
<BEGIN l="54" c="31"/>
<END l="56" c="0"/>
</B>
<B id="49" t="ppcif" f="20" l="58" c="0">
<BEGIN l="58" c="26"/>
<END l="60" c="0"/>
</B>
<B id="50" t="ppcif" f="20" l="62" c="0">
<BEGIN l="62" c="38"/>
<END l="64" c="0"/>
</B>
<B id="51" t="ppcif" f="20" l="66" c="0">
<BEGIN l="66" c="53"/>
<END l="68" c="0"/>
</B>
<B id="52" t="ppcif" f="20" l="70" c="0">
<BEGIN l="70" c="38"/>
<END l="72" c="0"/>
</B>
<B id="53" t="ppcif" f="20" l="74" c="0">
<BEGIN l="74" c="38"/>
<END l="76" c="0"/>
</B>
<B id="54" t="ppcif" f="20" l="78" c="0">
<BEGIN l="78" c="38"/>
<END l="80" c="0"/>
</B>
<B id="55" t="ppcif" f="20" l="82" c="0">
<BEGIN l="82" c="58"/>
<END l="84" c="0"/>
</B>
<B id="56" t="ppcif" f="20" l="86" c="0">
<BEGIN l="86" c="34"/>
<END l="88" c="0"/>
</B>
<B id="57" t="ppcif" f="20" l="90" c="0">
<BEGIN l="90" c="27"/>
<END l="92" c="0"/>
</B>
<B id="58" t="ppcif" f="20" l="94" c="0">
<BEGIN l="94" c="47"/>
<END l="96" c="0"/>
</B>
<B id="59" t="ppcif" f="20" l="98" c="0">
<BEGIN l="98" c="42"/>
<END l="100" c="0"/>
</B>
<B id="60" t="ppcif" f="20" l="102" c="0">
<BEGIN l="102" c="45"/>
<END l="104" c="0"/>
</B>
<B id="61" t="ppcif" f="20" l="106" c="0">
<BEGIN l="106" c="39"/>
<END l="108" c="0"/>
</B>
<B id="62" t="ppcif" f="20" l="110" c="0">
<BEGIN l="110" c="33"/>
<END l="112" c="0"/>
</B>
<B id="63" t="ppcif" f="20" l="114" c="0">
<BEGIN l="114" c="27"/>
<END l="116" c="0"/>
</B>
<B id="64" t="ppcif" f="20" l="118" c="0">
<BEGIN l="118" c="36"/>
<END l="120" c="0"/>
</B>
<B id="65" t="ppcif" f="20" l="122" c="0">
<BEGIN l="122" c="39"/>
<END l="124" c="0"/>
</B>
<B id="66" t="ppcif" f="20" l="126" c="0">
<BEGIN l="126" c="29"/>
<END l="128" c="0"/>
</B>
<B id="67" t="ppcif" f="20" l="130" c="0">
<BEGIN l="130" c="32"/>
<END l="132" c="0"/>
</B>
<B id="68" t="ppcif" f="20" l="134" c="0">
<BEGIN l="134" c="22"/>
<END l="136" c="0"/>
</B>
<B id="69" t="ppcif" f="20" l="138" c="0">
<BEGIN l="138" c="29"/>
<END l="140" c="0"/>
</B>
<B id="70" t="ppcif" f="20" l="142" c="0">
<BEGIN l="142" c="28"/>
<END l="144" c="0"/>
</B>
<B id="71" t="ppcif" f="20" l="146" c="0">
<BEGIN l="146" c="27"/>
<END l="148" c="0"/>
</B>
<B id="72" t="ppcif" f="20" l="150" c="0">
<BEGIN l="150" c="34"/>
<END l="152" c="0"/>
</B>
<B id="73" t="ppcif" f="20" l="154" c="0">
<BEGIN l="154" c="49"/>
<END l="156" c="0"/>
</B>
<B id="74" t="ppcif" f="20" l="158" c="0">
<BEGIN l="158" c="49"/>
<END l="160" c="0"/>
</B>
<B id="75" t="ppcif" f="20" l="162" c="0">
<BEGIN l="162" c="49"/>
<END l="164" c="0"/>
</B>
<B id="76" t="ppcif" f="20" l="166" c="0">
<BEGIN l="166" c="80"/>
<END l="168" c="0"/>
</B>
<B id="77" t="ppcif" f="20" l="170" c="0">
<BEGIN l="170" c="43"/>
<END l="172" c="0"/>
</B>
<B id="78" t="ppcif" f="20" l="174" c="0">
<BEGIN l="174" c="80"/>
<END l="176" c="0"/>
</B>
<B id="79" t="ppcif" f="20" l="178" c="0">
<BEGIN l="178" c="52"/>
<END l="180" c="0"/>
</B>
<B id="80" t="ppcif" f="20" l="182" c="0">
<BEGIN l="182" c="89"/>
<END l="184" c="0"/>
</B>
<B id="81" t="ppcif" f="20" l="186" c="0">
<BEGIN l="186" c="49"/>
<END l="188" c="0"/>
</B>
<B id="82" t="ppcif" f="20" l="190" c="0">
<BEGIN l="190" c="56"/>
<END l="192" c="0"/>
</B>
<B id="83" t="ppcif" f="20" l="194" c="0">
<BEGIN l="194" c="34"/>
<END l="196" c="0"/>
</B>
<B id="84" t="ppcif" f="20" l="198" c="0">
<BEGIN l="198" c="54"/>
<END l="200" c="0"/>
</B>
<B id="85" t="ppcif" f="20" l="202" c="0">
<BEGIN l="202" c="48"/>
<END l="204" c="0"/>
</B>
<B id="86" t="ppcif" f="20" l="206" c="0">
<BEGIN l="206" c="48"/>
<END l="208" c="0"/>
</B>
<B id="87" t="ppcif" f="20" l="210" c="0">
<BEGIN l="210" c="29"/>
<END l="212" c="0"/>
</B>
<B id="88" t="ppcif" f="20" l="214" c="0">
<BEGIN l="214" c="40"/>
<END l="216" c="0"/>
</B>
<B id="89" t="ppcif" f="20" l="218" c="0">
<BEGIN l="218" c="65"/>
<END l="220" c="0"/>
</B>
<B id="90" t="ppcif" f="20" l="222" c="0">
<BEGIN l="222" c="97"/>
<END l="224" c="0"/>
</B>
<B id="91" t="ppcif" f="20" l="226" c="0">
<BEGIN l="226" c="96"/>
<END l="228" c="0"/>
</B>
<B id="92" t="ppcif" f="20" l="230" c="0">
<BEGIN l="230" c="84"/>
<END l="232" c="0"/>
</B>
<B id="93" t="ppcif" f="20" l="234" c="0">
<BEGIN l="234" c="79"/>
<END l="236" c="0"/>
</B>
<B id="94" t="ppcif" f="20" l="238" c="0">
<BEGIN l="238" c="64"/>
<END l="240" c="0"/>
</B>
<B id="95" t="ppcif" f="20" l="242" c="0">
<BEGIN l="242" c="69"/>
<END l="244" c="0"/>
</B>
<B id="96" t="ppcif" f="20" l="246" c="0">
<BEGIN l="246" c="75"/>
<END l="248" c="0"/>
</B>
<B id="97" t="ppcif" f="20" l="250" c="0">
<BEGIN l="250" c="50"/>
<END l="252" c="0"/>
</B>
<B id="98" t="ppcrmif" f="20" l="255" c="0">
<BEGIN l="255" c="19"/>
<END l="257" c="0"/>
</B>
<B id="99" t="type" f="4" l="60" c="0">
<BEGIN l="60" c="0"/>
<END l="67" c="0"/>
</B>
<B id="100" t="ppcif" f="4" l="24" c="0">
<BEGIN l="24" c="19"/>
<END l="77" c="0"/>
</B>
<B id="101" t="ppcif" f="21" l="25" c="0">
<BEGIN l="25" c="14"/>
<END l="96" c="0"/>
</B>
<B id="102" t="ppcrmif" f="21" l="41" c="0">
<BEGIN l="41" c="33"/>
<END l="43" c="0"/>
</B>
<B id="103" t="ppcrmif" f="21" l="45" c="0">
<BEGIN l="45" c="46"/>
<END l="47" c="0"/>
</B>
<B id="104" t="ppcrmif" f="21" l="49" c="0">
<BEGIN l="49" c="28"/>
<END l="51" c="0"/>
</B>
<B id="105" t="type" f="3" l="135" c="0">
<BEGIN l="135" c="0"/>
<END l="141" c="0"/>
</B>
<B id="106" t="ppcif" f="3" l="56" c="0">
<BEGIN l="56" c="19"/>
<END l="154" c="0"/>
</B>
<B id="107" t="ppcif" f="3" l="122" c="0">
<BEGIN l="122" c="26"/>
<END l="126" c="0"/>
</B>
<B id="108" t="ppcif" f="2" l="43" c="0">
<BEGIN l="43" c="24"/>
<END l="150" c="0"/>
</B>
<B id="109" t="ppcif" f="2" l="81" c="0">
<BEGIN l="81" c="13"/>
<END l="83" c="0"/>
</B>
<B id="110" t="ppcif" f="2" l="85" c="0">
<BEGIN l="85" c="14"/>
<END l="87" c="0"/>
</B>
<B id="111" t="ppcrmif" f="2" l="119" c="0">
<BEGIN l="119" c="46"/>
<END l="125" c="0"/>
</B>
<B id="112" t="ppcelse" f="2" l="125" c="0">
<BEGIN l="125" c="6"/>
<END l="129" c="0"/>
</B>
<B id="113" t="ppcrmif" f="2" l="131" c="0">
<BEGIN l="131" c="46"/>
<END l="137" c="0"/>
</B>
<B id="114" t="ppcelse" f="2" l="137" c="0">
<BEGIN l="137" c="6"/>
<END l="140" c="0"/>
</B>
<B id="115" t="ppcif" f="22" l="43" c="0">
<BEGIN l="43" c="18"/>
<END l="202" c="0"/>
</B>
<B id="116" t="ppcif" f="22" l="88" c="0">
<BEGIN l="88" c="17"/>
<END l="90" c="0"/>
</B>
<B id="117" t="ppcif" f="23" l="19" c="0">
<BEGIN l="19" c="22"/>
<END l="23" c="0"/>
</B>
<B id="118" t="ppcif" f="24" l="19" c="0">
<BEGIN l="19" c="26"/>
<END l="23" c="0"/>
</B>
<B id="119" t="ppcif" f="25" l="24" c="0">
<BEGIN l="24" c="31"/>
<END l="27" c="0"/>
</B>
<B id="120" t="ppcif" f="26" l="19" c="0">
<BEGIN l="19" c="16"/>
<END l="24" c="0"/>
</B>
<B id="121" t="ppcif" f="27" l="53" c="0">
<BEGIN l="53" c="52"/>
<END l="57" c="0"/>
</B>
<B id="122" t="ppcrmif" f="27" l="67" c="0">
<BEGIN l="67" c="65"/>
<END l="71" c="0"/>
</B>
<B id="123" t="ppcrmif" f="27" l="81" c="0">
<BEGIN l="81" c="70"/>
<END l="85" c="0"/>
</B>
<B id="124" t="ppcrmif" f="27" l="95" c="0">
<BEGIN l="95" c="68"/>
<END l="99" c="0"/>
</B>
<B id="125" t="ppcrmif" f="27" l="109" c="0">
<BEGIN l="109" c="73"/>
<END l="113" c="0"/>
</B>
<B id="126" t="ppcif" f="27" l="125" c="0">
<BEGIN l="125" c="51"/>
<END l="129" c="0"/>
</B>
<B id="127" t="ppcrmif" f="27" l="139" c="0">
<BEGIN l="139" c="64"/>
<END l="143" c="0"/>
</B>
<B id="128" t="ppcrmif" f="27" l="153" c="0">
<BEGIN l="153" c="69"/>
<END l="157" c="0"/>
</B>
<B id="129" t="ppcrmif" f="27" l="167" c="0">
<BEGIN l="167" c="67"/>
<END l="171" c="0"/>
</B>
<B id="130" t="ppcrmif" f="27" l="181" c="0">
<BEGIN l="181" c="72"/>
<END l="185" c="0"/>
</B>
<B id="131" t="ppcif" f="10" l="7" c="0">
<BEGIN l="7" c="81"/>
<END l="58" c="0"/>
</B>
<B id="132" t="type" f="8" l="36" c="8">
<BEGIN l="36" c="13"/>
<END l="41" c="0"/>
</B>
<B id="133" t="type" f="8" l="43" c="15">
<BEGIN l="43" c="15"/>
<END l="54" c="0"/>
</B>
<B id="134" t="type" f="8" l="56" c="15">
<BEGIN l="56" c="15"/>
<END l="58" c="0"/>
</B>
<B id="135" t="type" f="8" l="60" c="8">
<BEGIN l="60" c="13"/>
<END l="69" c="0"/>
</B>
<B id="136" t="type" f="8" l="71" c="15">
<BEGIN l="71" c="15"/>
<END l="80" c="0"/>
</B>
<B id="137" t="ppcif" f="8" l="24" c="0">
<BEGIN l="24" c="24"/>
<END l="204" c="0"/>
</B>
<B id="138" t="ppcif" f="9" l="41" c="0">
<BEGIN l="41" c="20"/>
<END l="91" c="0"/>
</B>
<B id="139" t="ppcif" f="6" l="56" c="0">
<BEGIN l="56" c="18"/>
<END l="264" c="0"/>
</B>
<B id="140" t="ppcif" f="6" l="241" c="0">
<BEGIN l="241" c="37"/>
<END l="258" c="0"/>
</B>
<B id="141" t="ppcif" f="28" l="42" c="0">
<BEGIN l="42" c="24"/>
<END l="102" c="0"/>
</B>
<B id="142" t="type" f="7" l="54" c="8">
<BEGIN l="55" c="0"/>
<END l="61" c="0"/>
</B>
<B id="143" t="type" f="7" l="64" c="0">
<BEGIN l="64" c="0"/>
<END l="75" c="0"/>
</B>
<B id="144" t="type" f="7" l="77" c="8">
<BEGIN l="78" c="0"/>
<END l="84" c="0"/>
</B>
<B id="145" t="type" f="7" l="87" c="0">
<BEGIN l="87" c="0"/>
<END l="93" c="0"/>
</B>
<B id="146" t="ppcif" f="7" l="26" c="0">
<BEGIN l="26" c="23"/>
<END l="150" c="0"/>
</B>
</Blocks>
</Navig>
