<?xml version="1.0" encoding="UTF-8"?>
<!--EDRS Version 1.0-->
<global>
   <file name="C:\\_Synergy_Projects\\Working\\ses_dev_ea4\\MM528A_BmwMsgSlot274Bas0Repn8BusFrChA_Impl\\src\\BmwMsgSlot274Bas0Repn8BusFrChA.c" comment="">
      <function name="BmwMsgSlot274Bas0Repn8BusFrChAInit1" comment="" line="140" main_generator_called="MAIN_GENERATOR" attributes="unused"/>
      <function name="BmwMsgSlot274Bas0Repn8BusFrChAPer1" comment="" line="188" main_generator_called="MAIN_GENERATOR" attributes="unused"/>
      <function name="CfgMsgTxReq_Oper" comment="" line="252" main_generator_called="MAIN_GENERATOR" attributes="unused"/>
   </file>
   <file name="C:\\_Synergy_Projects\\Working\\ses_dev_ea4\\MM528A_BmwMsgSlot274Bas0Repn8BusFrChA_Impl\\tools\\local\\generate\\Rte_BmwMsgSlot274Bas0Repn8BusFrChA.h" comment="">
      <pointer name="Rte_Inst_BmwMsgSlot274Bas0Repn8BusFrChA" comment="" line="63" attributes="extern const" complete_type="const struct Rte_CDS_BmwMsgSlot274Bas0Repn8BusFrChA *" init_mode="INIT" init_modes_allowed="2" initialize_pointer="May-be NULL" number_allocated="max" init_pointed="MULTI">
         <struct comment="" line="63" complete_type="struct Rte_CDS_BmwMsgSlot274Bas0Repn8BusFrChA" attributes="extern const">
            <pointer name="Pim_SigGroupSuEps" comment="" line="63" attributes="extern const" complete_type="struct  *" init_mode="INIT" init_modes_allowed="2" initialize_pointer="May-be NULL" number_allocated="max" init_pointed="MULTI">
               <struct comment="" line="63" attributes="extern">
                  <scalar name="TOT_STR_EPS" comment="" line="63" base_type="uint16" attributes="extern" complete_type="uint16" init_mode="INIT" init_modes_allowed="2" init_range="min..max" global_assert="unsupported" assert_range="unsupported"/>
                  <scalar name="UN_TOT_STR_EPS" comment="" line="63" base_type="uint8" attributes="extern" complete_type="uint8" init_mode="INIT" init_modes_allowed="2" init_range="min..max" global_assert="unsupported" assert_range="unsupported"/>
               </struct>
            </pointer>
            <pointer name="Pim_SuEpsBurstCntr" comment="" line="63" attributes="extern const" complete_type="uint8 *" init_mode="INIT" init_modes_allowed="2" initialize_pointer="May-be NULL" number_allocated="max" init_pointed="MULTI">
               <scalar comment="" line="63" base_type="uint8" attributes="extern" complete_type="uint8" init_mode="INIT" init_modes_allowed="2" init_range="min..max" global_assert="unsupported" assert_range="unsupported"/>
            </pointer>
            <pointer name="Pim_SuEpsDebCntr" comment="" line="63" attributes="extern const" complete_type="uint8 *" init_mode="INIT" init_modes_allowed="2" initialize_pointer="May-be NULL" number_allocated="max" init_pointed="MULTI">
               <scalar comment="" line="63" base_type="uint8" attributes="extern" complete_type="uint8" init_mode="INIT" init_modes_allowed="2" init_range="min..max" global_assert="unsupported" assert_range="unsupported"/>
            </pointer>
            <pointer name="Pim_SuEpsPerCntr" comment="" line="63" attributes="extern const" complete_type="uint16 *" init_mode="INIT" init_modes_allowed="2" initialize_pointer="May-be NULL" number_allocated="max" init_pointed="MULTI">
               <scalar comment="" line="63" base_type="uint16" attributes="extern" complete_type="uint16" init_mode="INIT" init_modes_allowed="2" init_range="min..max" global_assert="unsupported" assert_range="unsupported"/>
            </pointer>
         </struct>
      </pointer>
   </file>
   <file name="C:\\_Synergy_Projects\\Working\\ses_dev_ea4\\MM528A_BmwMsgSlot274Bas0Repn8BusFrChA_Impl\\tools\\local\\include\\E2EPW_BmwMsgSlot274Bas0Repn8BusFrChA_sigGroup_SU_EPS_sigGroup_SU_EPS_tx.h" comment="">
      <function name="E2EPW_Write_sigGroup_SU_EPS_sigGroup_SU_EPS" comment="" line="52" main_generator_called="disabled" attributes="extern">
         <pointer name="arg1" comment="" line="52" complete_type="struct  *" init_mode="disabled" initialize_pointer="disabled" number_allocated="disabled" init_pointed="MULTI">
            <struct comment="" line="52">
               <scalar name="TOT_STR_EPS" comment="" line="52" base_type="uint16" complete_type="uint16" init_mode="PERMANENT" init_modes_allowed="4" init_range="min..max" global_assert="unsupported" assert_range="unsupported"/>
               <scalar name="UN_TOT_STR_EPS" comment="" line="52" base_type="uint8" complete_type="uint8" init_mode="PERMANENT" init_modes_allowed="4" init_range="min..max" global_assert="unsupported" assert_range="unsupported"/>
            </struct>
         </pointer>
         <scalar name="return" comment="" line="52" base_type="uint32" complete_type="uint32" init_mode="PERMANENT" init_modes_allowed="4" init_range="min..max" global_assert="unsupported" assert_range="unsupported"/>
      </function>
   </file>
</global>
