<?pst parser version="1.0" encoding="UTF-8"?>
<DiffFile>
<Header>
--
-- File created by Polyspace / Comments Diff
-- Copyright 1999-2018 MathWorks, Inc.
--
</Header>

<File Name="" NewName="Rte_Stubs.c">
    <Added/>

    <CodeStruct NewName="Rte_Stubs.Rte_Stub" NewFile="Rte_Stubs.c" NewLine="79" NewCol="5">
        <Added/>
    </CodeStruct>

    <CodeStruct NewName="Rte_Stubs.Rte_Call_CDD_XcpIf_GetSegInfoReq_Oper" NewFile="Rte_Stubs.c" NewLine="34" NewCol="15">
        <Added/>
    </CodeStruct>

    <CodeStruct NewName="Rte_Stubs.Rte_Call_CDD_XcpIf_SetCalPageReq_Oper" NewFile="Rte_Stubs.c" NewLine="57" NewCol="15">
        <Added/>
    </CodeStruct>

    <CodeStruct NewName="Rte_Stubs.Rte_Call_CDD_XcpIf_GetRefTmr1MicroSec32bit_Oper" NewFile="Rte_Stubs.c" NewLine="70" NewCol="15">
        <Added/>
    </CodeStruct>

    <CodeStruct NewName="Rte_Stubs.Rte_Call_CDD_XcpIf_XcpCalChgReq_Oper" NewFile="Rte_Stubs.c" NewLine="65" NewCol="15">
        <Added/>
    </CodeStruct>

    <CodeStruct NewName="Rte_Stubs.Rte_Call_CDD_XcpIf_GetCalPageReq_Oper" NewFile="Rte_Stubs.c" NewLine="24" NewCol="15">
        <Added/>

        <Er Category="COR" Checker="NON_INIT_VAR">
            <Diff Reason="NO_MATCH_FOUND" NodeID="0" Color="Red" File="Rte_Stubs.c" Line="28" Col="39">
            </Diff>
        </Er>
    </CodeStruct>

    <CodeStruct NewName="Rte_Stubs.Rte_Call_CDD_XcpIf_OnlineTunRamAdrMpg_Oper" NewFile="Rte_Stubs.c" NewLine="48" NewCol="15">
        <Added/>

        <Er Category="COR" Checker="NON_INIT_VAR">
            <Diff Reason="NO_MATCH_FOUND" NodeID="0" Color="Red" File="Rte_Stubs.c" Line="51" Col="48">
            </Diff>
        </Er>
    </CodeStruct>

    <CodeStruct NewName="Rte_Stubs.Rte_Call_CDD_XcpIf_CopyCalPageReq_Oper" NewFile="Rte_Stubs.c" NewLine="18" NewCol="15">
        <Added/>
    </CodeStruct>
</File>

<File Name="None" NewName="None">

    <CodeStruct Name="?extern.GetApplicationID" File="None" Line="0" Col="0" NewFile="None" NewLine="0">
        <Removed/>
    </CodeStruct>

    <CodeStruct Name="?extern.Rte_Read_CDD_XcpIf_ActvIninIdx_Val" File="None" Line="0" Col="0" NewFile="None" NewLine="0">
        <Removed/>
    </CodeStruct>

    <CodeStruct Name="?extern.Rte_Call_CDD_XcpIf_GetSegInfoReq_Oper" File="None" Line="0" Col="0" NewFile="None" NewLine="0">
        <Removed/>
    </CodeStruct>

    <CodeStruct Name="?extern.Rte_Call_CDD_XcpIf_GetRefTmr1MicroSec32bit_Oper" File="None" Line="0" Col="0" NewFile="None" NewLine="0">
        <Removed/>
    </CodeStruct>

    <CodeStruct Name="?extern.Rte_Call_CDD_XcpIf_OnlineTunRamAdrMpg_Oper" File="None" Line="0" Col="0" NewFile="None" NewLine="0">
        <Removed/>
    </CodeStruct>

    <CodeStruct Name="?extern.Rte_Read_CDD_XcpIf_ActvIninOptSetAIdx_Val" File="None" Line="0" Col="0" NewFile="None" NewLine="0">
        <Removed/>
    </CodeStruct>

    <CodeStruct Name="?extern.Rte_Call_CDD_XcpIf_XcpCalChgReq_Oper" File="None" Line="0" Col="0" NewFile="None" NewLine="0">
        <Removed/>
    </CodeStruct>

    <CodeStruct Name="?extern.Rte_Read_CDD_XcpIf_ActvGroup_Val" File="None" Line="0" Col="0" NewFile="None" NewLine="0">
        <Removed/>
    </CodeStruct>

    <CodeStruct Name="?extern.Os_CallNonTrustedFunction" File="None" Line="0" Col="0" NewFile="None" NewLine="0">
        <Removed/>
    </CodeStruct>

    <CodeStruct Name="?extern.Os_Call_XcpAppl_CalibrationWriteTrustd" File="None" Line="0" Col="0" NewFile="None" NewLine="0">
        <Removed/>
    </CodeStruct>

    <CodeStruct Name="?extern.Rte_Call_CDD_XcpIf_CopyCalPageReq_Oper" File="None" Line="0" Col="0" NewFile="None" NewLine="0">
        <Removed/>
    </CodeStruct>

    <CodeStruct Name="?extern.Rte_Call_CDD_XcpIf_GetCalPageReq_Oper" File="None" Line="0" Col="0" NewFile="None" NewLine="0">
        <Removed/>
    </CodeStruct>

    <CodeStruct Name="?extern.Rte_Call_CDD_XcpIf_SetCalPageReq_Oper" File="None" Line="0" Col="0" NewFile="None" NewLine="0">
        <Removed/>
    </CodeStruct>
</File>

<File Name="CDD_XcpIf.c" NewName="CDD_XcpIf.c">

    <CodeStruct Name="CDD_XcpIf.XcpAppl_MeasurementRead" File="CDD_XcpIf.c" Line="416" Col="6" NewName="CDD_XcpIf.XcpAppl_MeasurementRead" NewFile="CDD_XcpIf.c" NewLine="416" NewCol="6">

        <Er Category="COR" Checker="NULL_PTR_ARITH" File="CDD_XcpIf.c">
            <Diff Reason="NO_MATCH_FOUND" NodeID="0" Color="Red" File="CDD_XcpIf.c" Line="430" Col="61">
            </Diff>
        </Er>
    </CodeStruct>
</File>
</DiffFile>
