<?xml version="1.0" encoding="UTF-8"?>
<MISRA-C-Report-Summary>
<File Mode="advisory" Error="0" Warning="1" Total="1">
<Name>
E:\EA4NewTemplate\AR102A_NxtrTi_Impl\src\CDD_NxtrTi.c</Name>
</File>
<File Mode="advisory" Error="0" Warning="1" Total="1">
<Name>
E:\EA4NewTemplate\AR102A_NxtrTi_Impl\src\CDD_NxtrTi_Init.c</Name>
</File>
<Rule Name="19.1" Count="2" Mode="advisory" Severity="warning">
<Message>
#include statements in a file shall only be preceded by other preprocessor directives or comments.</Message>
</Rule>
</MISRA-C-Report-Summary>
