<?xml version="1.0" encoding="UTF-8"?>

<MISRA-C-Report version="1.3">


<CodeStruct Name="" File="C:\_PratikJadhav\_Synergy_Projects\Working\MM102A_BmwMsgSlot68Bas1Repn2BusFrChA_Impl\src\BmwMsgSlot68Bas1Repn2BusFrChA.c" Line="0" Column="0">

<Rule Name="19.1" Mode="advisory" Report="warning" Id="1">
<Loc File="C:\_PratikJadhav\_Synergy_Projects\Working\MM102A_BmwMsgSlot68Bas1Repn2BusFrChA_Impl\src\BmwMsgSlot68Bas1Repn2BusFrChA.c" Line="732" Column="0">
</Loc>
<Message>
#include statements in a file shall only be preceded by other preprocessor directives or comments.
</Message>
</Rule>

<Rule Name="5.1" Mode="required" Report="warning" Id="2">
<Loc File="C:\_PratikJadhav\_Synergy_Projects\Working\MM102A_BmwMsgSlot68Bas1Repn2BusFrChA_Impl\src\BmwMsgSlot68Bas1Repn2BusFrChA.c" Line="1090" Column="8">
</Loc>
<Message>
Identifiers "BmwMsgSlot68Bas1Repn2BusFrChA_STOP_SEC_CODE" (BmwMsgSlot68Bas1Repn2BusFrChA.c line 1090 column 8) and "BmwMsgSlot68Bas1Repn2BusFrChA_START_SEC_CODE" (BmwMsgSlot68Bas1Repn2BusFrChA.c line 731 column 8) have the same first 32 characters.
</Message>
</Rule>

<Rule Name="19.1" Mode="advisory" Report="warning" Id="3">
<Loc File="C:\_PratikJadhav\_Synergy_Projects\Working\MM102A_BmwMsgSlot68Bas1Repn2BusFrChA_Impl\src\BmwMsgSlot68Bas1Repn2BusFrChA.c" Line="1091" Column="0">
</Loc>
<Message>
#include statements in a file shall only be preceded by other preprocessor directives or comments.
</Message>
</Rule>

</CodeStruct>

<CodeStruct Name="BmwMsgSlot68Bas1Repn2BusFrChAInit1" File="C:\_PratikJadhav\_Synergy_Projects\Working\MM102A_BmwMsgSlot68Bas1Repn2BusFrChA_Impl\src\BmwMsgSlot68Bas1Repn2BusFrChA.c" Line="763" Column="5">

<Rule Name="21.1" Mode="required" Report="warning" Id="4">
<Loc File="C:\_PratikJadhav\_Synergy_Projects\Working\MM102A_BmwMsgSlot68Bas1Repn2BusFrChA_Impl\src\BmwMsgSlot68Bas1Repn2BusFrChA.c" Line="775" Column="1">
</Loc>
<Message>
Minimisation of run-time failures.
</Message>
</Rule>

<Rule Name="21.1" Mode="required" Report="warning" Id="5">
<Loc File="C:\_PratikJadhav\_Synergy_Projects\Working\MM102A_BmwMsgSlot68Bas1Repn2BusFrChA_Impl\src\BmwMsgSlot68Bas1Repn2BusFrChA.c" Line="775" Column="41">
</Loc>
<Message>
Minimisation of run-time failures.
</Message>
</Rule>

<Rule Name="21.1" Mode="required" Report="warning" Id="6">
<Loc File="C:\_PratikJadhav\_Synergy_Projects\Working\MM102A_BmwMsgSlot68Bas1Repn2BusFrChA_Impl\src\BmwMsgSlot68Bas1Repn2BusFrChA.c" Line="776" Column="1">
</Loc>
<Message>
Minimisation of run-time failures.
</Message>
</Rule>

</CodeStruct>

<CodeStruct Name="ENERG_DGR_DRDY_Missing_Oper" File="C:\_PratikJadhav\_Synergy_Projects\Working\MM102A_BmwMsgSlot68Bas1Repn2BusFrChA_Impl\src\BmwMsgSlot68Bas1Repn2BusFrChA.c" Line="829" Column="5">

<Rule Name="9.1" Mode="required" Report="warning" Id="7">
<Loc File="C:\_PratikJadhav\_Synergy_Projects\Working\MM102A_BmwMsgSlot68Bas1Repn2BusFrChA_Impl\src\BmwMsgSlot68Bas1Repn2BusFrChA.c" Line="843" Column="11">
</Loc>
<Message>
All automatic variables shall have been assigned a value before being used.
</Message>
</Rule>

<Rule Name="21.1" Mode="required" Report="warning" Id="8">
<Loc File="C:\_PratikJadhav\_Synergy_Projects\Working\MM102A_BmwMsgSlot68Bas1Repn2BusFrChA_Impl\src\BmwMsgSlot68Bas1Repn2BusFrChA.c" Line="845" Column="16">
</Loc>
<Message>
Minimisation of run-time failures.
</Message>
</Rule>

<Rule Name="21.1" Mode="required" Report="warning" Id="9">
<Loc File="C:\_PratikJadhav\_Synergy_Projects\Working\MM102A_BmwMsgSlot68Bas1Repn2BusFrChA_Impl\src\BmwMsgSlot68Bas1Repn2BusFrChA.c" Line="845" Column="56">
</Loc>
<Message>
Minimisation of run-time failures.
</Message>
</Rule>

<Rule Name="21.1" Mode="required" Report="warning" Id="10">
<Loc File="C:\_PratikJadhav\_Synergy_Projects\Working\MM102A_BmwMsgSlot68Bas1Repn2BusFrChA_Impl\src\BmwMsgSlot68Bas1Repn2BusFrChA.c" Line="855" Column="19">
</Loc>
<Message>
Minimisation of run-time failures.
</Message>
</Rule>

<Rule Name="21.1" Mode="required" Report="warning" Id="11">
<Loc File="C:\_PratikJadhav\_Synergy_Projects\Working\MM102A_BmwMsgSlot68Bas1Repn2BusFrChA_Impl\src\BmwMsgSlot68Bas1Repn2BusFrChA.c" Line="855" Column="59">
</Loc>
<Message>
Minimisation of run-time failures.
</Message>
</Rule>

<Rule Name="21.1" Mode="required" Report="warning" Id="12">
<Loc File="C:\_PratikJadhav\_Synergy_Projects\Working\MM102A_BmwMsgSlot68Bas1Repn2BusFrChA_Impl\src\BmwMsgSlot68Bas1Repn2BusFrChA.c" Line="866" Column="43">
</Loc>
<Message>
Minimisation of run-time failures.
</Message>
</Rule>

<Rule Name="21.1" Mode="required" Report="warning" Id="13">
<Loc File="C:\_PratikJadhav\_Synergy_Projects\Working\MM102A_BmwMsgSlot68Bas1Repn2BusFrChA_Impl\src\BmwMsgSlot68Bas1Repn2BusFrChA.c" Line="868" Column="36">
</Loc>
<Message>
Minimisation of run-time failures.
</Message>
</Rule>

<Rule Name="21.1" Mode="required" Report="warning" Id="14">
<Loc File="C:\_PratikJadhav\_Synergy_Projects\Working\MM102A_BmwMsgSlot68Bas1Repn2BusFrChA_Impl\src\BmwMsgSlot68Bas1Repn2BusFrChA.c" Line="870" Column="8">
</Loc>
<Message>
Minimisation of run-time failures.
</Message>
</Rule>

<Rule Name="21.1" Mode="required" Report="warning" Id="15">
<Loc File="C:\_PratikJadhav\_Synergy_Projects\Working\MM102A_BmwMsgSlot68Bas1Repn2BusFrChA_Impl\src\BmwMsgSlot68Bas1Repn2BusFrChA.c" Line="871" Column="8">
</Loc>
<Message>
Minimisation of run-time failures.
</Message>
</Rule>

<Rule Name="21.1" Mode="required" Report="warning" Id="16">
<Loc File="C:\_PratikJadhav\_Synergy_Projects\Working\MM102A_BmwMsgSlot68Bas1Repn2BusFrChA_Impl\src\BmwMsgSlot68Bas1Repn2BusFrChA.c" Line="872" Column="8">
</Loc>
<Message>
Minimisation of run-time failures.
</Message>
</Rule>

<Rule Name="21.1" Mode="required" Report="warning" Id="17">
<Loc File="C:\_PratikJadhav\_Synergy_Projects\Working\MM102A_BmwMsgSlot68Bas1Repn2BusFrChA_Impl\src\BmwMsgSlot68Bas1Repn2BusFrChA.c" Line="873" Column="8">
</Loc>
<Message>
Minimisation of run-time failures.
</Message>
</Rule>

<Rule Name="21.1" Mode="required" Report="warning" Id="18">
<Loc File="C:\_PratikJadhav\_Synergy_Projects\Working\MM102A_BmwMsgSlot68Bas1Repn2BusFrChA_Impl\src\BmwMsgSlot68Bas1Repn2BusFrChA.c" Line="874" Column="8">
</Loc>
<Message>
Minimisation of run-time failures.
</Message>
</Rule>

<Rule Name="21.1" Mode="required" Report="warning" Id="19">
<Loc File="C:\_PratikJadhav\_Synergy_Projects\Working\MM102A_BmwMsgSlot68Bas1Repn2BusFrChA_Impl\src\BmwMsgSlot68Bas1Repn2BusFrChA.c" Line="875" Column="8">
</Loc>
<Message>
Minimisation of run-time failures.
</Message>
</Rule>

<Rule Name="21.1" Mode="required" Report="warning" Id="20">
<Loc File="C:\_PratikJadhav\_Synergy_Projects\Working\MM102A_BmwMsgSlot68Bas1Repn2BusFrChA_Impl\src\BmwMsgSlot68Bas1Repn2BusFrChA.c" Line="876" Column="8">
</Loc>
<Message>
Minimisation of run-time failures.
</Message>
</Rule>

<Rule Name="21.1" Mode="required" Report="warning" Id="21">
<Loc File="C:\_PratikJadhav\_Synergy_Projects\Working\MM102A_BmwMsgSlot68Bas1Repn2BusFrChA_Impl\src\BmwMsgSlot68Bas1Repn2BusFrChA.c" Line="877" Column="8">
</Loc>
<Message>
Minimisation of run-time failures.
</Message>
</Rule>

<Rule Name="21.1" Mode="required" Report="warning" Id="22">
<Loc File="C:\_PratikJadhav\_Synergy_Projects\Working\MM102A_BmwMsgSlot68Bas1Repn2BusFrChA_Impl\src\BmwMsgSlot68Bas1Repn2BusFrChA.c" Line="878" Column="8">
</Loc>
<Message>
Minimisation of run-time failures.
</Message>
</Rule>

</CodeStruct>

<CodeStruct Name="ChkNtcSts" File="C:\_PratikJadhav\_Synergy_Projects\Working\MM102A_BmwMsgSlot68Bas1Repn2BusFrChA_Impl\src\BmwMsgSlot68Bas1Repn2BusFrChA.c" Line="1104" Column="12">

<Rule Name="21.1" Mode="required" Report="warning" Id="23">
<Loc File="C:\_PratikJadhav\_Synergy_Projects\Working\MM102A_BmwMsgSlot68Bas1Repn2BusFrChA_Impl\src\BmwMsgSlot68Bas1Repn2BusFrChA.c" Line="1109" Column="19">
</Loc>
<Message>
Minimisation of run-time failures.
</Message>
</Rule>

<Rule Name="21.1" Mode="required" Report="warning" Id="24">
<Loc File="C:\_PratikJadhav\_Synergy_Projects\Working\MM102A_BmwMsgSlot68Bas1Repn2BusFrChA_Impl\src\BmwMsgSlot68Bas1Repn2BusFrChA.c" Line="1117" Column="16">
</Loc>
<Message>
Minimisation of run-time failures.
</Message>
</Rule>

</CodeStruct>

<CodeStruct Name="ENERG_DGR_DRDY_Received_Oper" File="C:\_PratikJadhav\_Synergy_Projects\Working\MM102A_BmwMsgSlot68Bas1Repn2BusFrChA_Impl\src\BmwMsgSlot68Bas1Repn2BusFrChA.c" Line="936" Column="5">

<Rule Name="5.1" Mode="required" Report="warning" Id="25">
<Loc File="C:\_PratikJadhav\_Synergy_Projects\Working\MM102A_BmwMsgSlot68Bas1Repn2BusFrChA_Impl\src\BmwMsgSlot68Bas1Repn2BusFrChA.c" Line="947" Column="16">
</Loc>
<Message>
Identifiers "BmwRqrdCurrLimEpsSftyVld_Cnt_T_logl" (BmwMsgSlot68Bas1Repn2BusFrChA.c line 836 column 16) and "BmwRqrdCurrLimEpsSftyVld_Cnt_T_logl" (BmwMsgSlot68Bas1Repn2BusFrChA.c line 947 column 16) have the same first 35 characters.
</Message>
</Rule>

<Rule Name="5.1" Mode="required" Report="warning" Id="26">
<Loc File="C:\_PratikJadhav\_Synergy_Projects\Working\MM102A_BmwMsgSlot68Bas1Repn2BusFrChA_Impl\src\BmwMsgSlot68Bas1Repn2BusFrChA.c" Line="948" Column="31">
</Loc>
<Message>
Identifiers "BmwRqrdCurrLimEpsSfty_Cnt_T_enum" (BmwMsgSlot68Bas1Repn2BusFrChA.c line 837 column 31) and "BmwRqrdCurrLimEpsSfty_Cnt_T_enum" (BmwMsgSlot68Bas1Repn2BusFrChA.c line 948 column 31) have the same first 32 characters.
</Message>
</Rule>

<Rule Name="21.1" Mode="required" Report="warning" Id="27">
<Loc File="C:\_PratikJadhav\_Synergy_Projects\Working\MM102A_BmwMsgSlot68Bas1Repn2BusFrChA_Impl\src\BmwMsgSlot68Bas1Repn2BusFrChA.c" Line="955" Column="43">
</Loc>
<Message>
Minimisation of run-time failures.
</Message>
</Rule>

<Rule Name="21.1" Mode="required" Report="warning" Id="28">
<Loc File="C:\_PratikJadhav\_Synergy_Projects\Working\MM102A_BmwMsgSlot68Bas1Repn2BusFrChA_Impl\src\BmwMsgSlot68Bas1Repn2BusFrChA.c" Line="955" Column="83">
</Loc>
<Message>
Minimisation of run-time failures.
</Message>
</Rule>

<Rule Name="21.1" Mode="required" Report="warning" Id="29">
<Loc File="C:\_PratikJadhav\_Synergy_Projects\Working\MM102A_BmwMsgSlot68Bas1Repn2BusFrChA_Impl\src\BmwMsgSlot68Bas1Repn2BusFrChA.c" Line="956" Column="36">
</Loc>
<Message>
Minimisation of run-time failures.
</Message>
</Rule>

<Rule Name="9.1" Mode="required" Report="warning" Id="30">
<Loc File="C:\_PratikJadhav\_Synergy_Projects\Working\MM102A_BmwMsgSlot68Bas1Repn2BusFrChA_Impl\src\BmwMsgSlot68Bas1Repn2BusFrChA.c" Line="958" Column="11">
</Loc>
<Message>
All automatic variables shall have been assigned a value before being used.
</Message>
</Rule>

<Rule Name="21.1" Mode="required" Report="warning" Id="31">
<Loc File="C:\_PratikJadhav\_Synergy_Projects\Working\MM102A_BmwMsgSlot68Bas1Repn2BusFrChA_Impl\src\BmwMsgSlot68Bas1Repn2BusFrChA.c" Line="966" Column="16">
</Loc>
<Message>
Minimisation of run-time failures.
</Message>
</Rule>

<Rule Name="21.1" Mode="required" Report="warning" Id="32">
<Loc File="C:\_PratikJadhav\_Synergy_Projects\Working\MM102A_BmwMsgSlot68Bas1Repn2BusFrChA_Impl\src\BmwMsgSlot68Bas1Repn2BusFrChA.c" Line="967" Column="16">
</Loc>
<Message>
Minimisation of run-time failures.
</Message>
</Rule>

<Rule Name="21.1" Mode="required" Report="warning" Id="33">
<Loc File="C:\_PratikJadhav\_Synergy_Projects\Working\MM102A_BmwMsgSlot68Bas1Repn2BusFrChA_Impl\src\BmwMsgSlot68Bas1Repn2BusFrChA.c" Line="968" Column="16">
</Loc>
<Message>
Minimisation of run-time failures.
</Message>
</Rule>

<Rule Name="21.1" Mode="required" Report="warning" Id="34">
<Loc File="C:\_PratikJadhav\_Synergy_Projects\Working\MM102A_BmwMsgSlot68Bas1Repn2BusFrChA_Impl\src\BmwMsgSlot68Bas1Repn2BusFrChA.c" Line="969" Column="16">
</Loc>
<Message>
Minimisation of run-time failures.
</Message>
</Rule>

<Rule Name="21.1" Mode="required" Report="warning" Id="35">
<Loc File="C:\_PratikJadhav\_Synergy_Projects\Working\MM102A_BmwMsgSlot68Bas1Repn2BusFrChA_Impl\src\BmwMsgSlot68Bas1Repn2BusFrChA.c" Line="970" Column="16">
</Loc>
<Message>
Minimisation of run-time failures.
</Message>
</Rule>

<Rule Name="21.1" Mode="required" Report="warning" Id="36">
<Loc File="C:\_PratikJadhav\_Synergy_Projects\Working\MM102A_BmwMsgSlot68Bas1Repn2BusFrChA_Impl\src\BmwMsgSlot68Bas1Repn2BusFrChA.c" Line="971" Column="16">
</Loc>
<Message>
Minimisation of run-time failures.
</Message>
</Rule>

<Rule Name="21.1" Mode="required" Report="warning" Id="37">
<Loc File="C:\_PratikJadhav\_Synergy_Projects\Working\MM102A_BmwMsgSlot68Bas1Repn2BusFrChA_Impl\src\BmwMsgSlot68Bas1Repn2BusFrChA.c" Line="972" Column="16">
</Loc>
<Message>
Minimisation of run-time failures.
</Message>
</Rule>

<Rule Name="21.1" Mode="required" Report="warning" Id="38">
<Loc File="C:\_PratikJadhav\_Synergy_Projects\Working\MM102A_BmwMsgSlot68Bas1Repn2BusFrChA_Impl\src\BmwMsgSlot68Bas1Repn2BusFrChA.c" Line="973" Column="16">
</Loc>
<Message>
Minimisation of run-time failures.
</Message>
</Rule>

<Rule Name="21.1" Mode="required" Report="warning" Id="39">
<Loc File="C:\_PratikJadhav\_Synergy_Projects\Working\MM102A_BmwMsgSlot68Bas1Repn2BusFrChA_Impl\src\BmwMsgSlot68Bas1Repn2BusFrChA.c" Line="974" Column="16">
</Loc>
<Message>
Minimisation of run-time failures.
</Message>
</Rule>

<Rule Name="21.1" Mode="required" Report="warning" Id="40">
<Loc File="C:\_PratikJadhav\_Synergy_Projects\Working\MM102A_BmwMsgSlot68Bas1Repn2BusFrChA_Impl\src\BmwMsgSlot68Bas1Repn2BusFrChA.c" Line="975" Column="16">
</Loc>
<Message>
Minimisation of run-time failures.
</Message>
</Rule>

<Rule Name="21.1" Mode="required" Report="warning" Id="41">
<Loc File="C:\_PratikJadhav\_Synergy_Projects\Working\MM102A_BmwMsgSlot68Bas1Repn2BusFrChA_Impl\src\BmwMsgSlot68Bas1Repn2BusFrChA.c" Line="980" Column="19">
</Loc>
<Message>
Minimisation of run-time failures.
</Message>
</Rule>

<Rule Name="21.1" Mode="required" Report="warning" Id="42">
<Loc File="C:\_PratikJadhav\_Synergy_Projects\Working\MM102A_BmwMsgSlot68Bas1Repn2BusFrChA_Impl\src\BmwMsgSlot68Bas1Repn2BusFrChA.c" Line="990" Column="8">
</Loc>
<Message>
Minimisation of run-time failures.
</Message>
</Rule>

<Rule Name="21.1" Mode="required" Report="warning" Id="43">
<Loc File="C:\_PratikJadhav\_Synergy_Projects\Working\MM102A_BmwMsgSlot68Bas1Repn2BusFrChA_Impl\src\BmwMsgSlot68Bas1Repn2BusFrChA.c" Line="999" Column="16">
</Loc>
<Message>
Minimisation of run-time failures.
</Message>
</Rule>

<Rule Name="21.1" Mode="required" Report="warning" Id="44">
<Loc File="C:\_PratikJadhav\_Synergy_Projects\Working\MM102A_BmwMsgSlot68Bas1Repn2BusFrChA_Impl\src\BmwMsgSlot68Bas1Repn2BusFrChA.c" Line="1000" Column="16">
</Loc>
<Message>
Minimisation of run-time failures.
</Message>
</Rule>

<Rule Name="21.1" Mode="required" Report="warning" Id="45">
<Loc File="C:\_PratikJadhav\_Synergy_Projects\Working\MM102A_BmwMsgSlot68Bas1Repn2BusFrChA_Impl\src\BmwMsgSlot68Bas1Repn2BusFrChA.c" Line="1001" Column="16">
</Loc>
<Message>
Minimisation of run-time failures.
</Message>
</Rule>

<Rule Name="21.1" Mode="required" Report="warning" Id="46">
<Loc File="C:\_PratikJadhav\_Synergy_Projects\Working\MM102A_BmwMsgSlot68Bas1Repn2BusFrChA_Impl\src\BmwMsgSlot68Bas1Repn2BusFrChA.c" Line="1002" Column="16">
</Loc>
<Message>
Minimisation of run-time failures.
</Message>
</Rule>

<Rule Name="21.1" Mode="required" Report="warning" Id="47">
<Loc File="C:\_PratikJadhav\_Synergy_Projects\Working\MM102A_BmwMsgSlot68Bas1Repn2BusFrChA_Impl\src\BmwMsgSlot68Bas1Repn2BusFrChA.c" Line="1003" Column="16">
</Loc>
<Message>
Minimisation of run-time failures.
</Message>
</Rule>

<Rule Name="21.1" Mode="required" Report="warning" Id="48">
<Loc File="C:\_PratikJadhav\_Synergy_Projects\Working\MM102A_BmwMsgSlot68Bas1Repn2BusFrChA_Impl\src\BmwMsgSlot68Bas1Repn2BusFrChA.c" Line="1004" Column="16">
</Loc>
<Message>
Minimisation of run-time failures.
</Message>
</Rule>

<Rule Name="9.1" Mode="required" Report="warning" Id="49">
<Loc File="C:\_PratikJadhav\_Synergy_Projects\Working\MM102A_BmwMsgSlot68Bas1Repn2BusFrChA_Impl\src\BmwMsgSlot68Bas1Repn2BusFrChA.c" Line="1013" Column="59">
</Loc>
<Message>
All automatic variables shall have been assigned a value before being used.
</Message>
</Rule>

<Rule Name="21.1" Mode="required" Report="warning" Id="50">
<Loc File="C:\_PratikJadhav\_Synergy_Projects\Working\MM102A_BmwMsgSlot68Bas1Repn2BusFrChA_Impl\src\BmwMsgSlot68Bas1Repn2BusFrChA.c" Line="1019" Column="24">
</Loc>
<Message>
Minimisation of run-time failures.
</Message>
</Rule>

<Rule Name="21.1" Mode="required" Report="warning" Id="51">
<Loc File="C:\_PratikJadhav\_Synergy_Projects\Working\MM102A_BmwMsgSlot68Bas1Repn2BusFrChA_Impl\src\BmwMsgSlot68Bas1Repn2BusFrChA.c" Line="1020" Column="24">
</Loc>
<Message>
Minimisation of run-time failures.
</Message>
</Rule>

<Rule Name="21.1" Mode="required" Report="warning" Id="52">
<Loc File="C:\_PratikJadhav\_Synergy_Projects\Working\MM102A_BmwMsgSlot68Bas1Repn2BusFrChA_Impl\src\BmwMsgSlot68Bas1Repn2BusFrChA.c" Line="1021" Column="24">
</Loc>
<Message>
Minimisation of run-time failures.
</Message>
</Rule>

<Rule Name="21.1" Mode="required" Report="warning" Id="53">
<Loc File="C:\_PratikJadhav\_Synergy_Projects\Working\MM102A_BmwMsgSlot68Bas1Repn2BusFrChA_Impl\src\BmwMsgSlot68Bas1Repn2BusFrChA.c" Line="1022" Column="24">
</Loc>
<Message>
Minimisation of run-time failures.
</Message>
</Rule>

<Rule Name="9.1" Mode="required" Report="warning" Id="54">
<Loc File="C:\_PratikJadhav\_Synergy_Projects\Working\MM102A_BmwMsgSlot68Bas1Repn2BusFrChA_Impl\src\BmwMsgSlot68Bas1Repn2BusFrChA.c" Line="1028" Column="63">
</Loc>
<Message>
All automatic variables shall have been assigned a value before being used.
</Message>
</Rule>

<Rule Name="9.1" Mode="required" Report="warning" Id="55">
<Loc File="C:\_PratikJadhav\_Synergy_Projects\Working\MM102A_BmwMsgSlot68Bas1Repn2BusFrChA_Impl\src\BmwMsgSlot68Bas1Repn2BusFrChA.c" Line="1047" Column="61">
</Loc>
<Message>
All automatic variables shall have been assigned a value before being used.
</Message>
</Rule>

</CodeStruct>

</MISRA-C-Report>
