<?pst parser version="1.0" encoding="UTF-8"?>
<DiffFile>
<Header>
--
-- File created by Polyspace / Comments Diff
-- Copyright 1999-2018 MathWorks, Inc.
--
</Header>

<File Name="" NewName="SrvFED1.c">
    <Added/>

    <CodeStruct NewName="SrvFED1.ProgMfgSrv_SrvFED1Rd" NewFile="SrvFED1.c" NewLine="42" NewCol="15">
        <Added/>
    </CodeStruct>

    <CodeStruct NewName="SrvFED1.ProgMfgSrv_SrvFED1Wr" NewFile="SrvFED1.c" NewLine="70" NewCol="15">
        <Added/>
    </CodeStruct>
</File>

<File Name="None" NewName="None">

    <CodeStruct File="None" NewName="?extern.Rte_Call_ProgMfgSrv_MotVrntWr_Oper" NewFile="None" NewLine="0" NewCol="0">
        <Added/>
    </CodeStruct>

    <CodeStruct File="None" NewName="?extern.Rte_Call_ProgMfgSrv_MotVrntRead_Oper" NewFile="None" NewLine="0" NewCol="0">
        <Added/>
    </CodeStruct>
</File>
</DiffFile>
