<?xml version="1.0" encoding="UTF-8"?>
<!--EDRS Version 1.0-->
<global>
   <file name="C:\\Component\\AR202A_MicroCtrlrSuprt_Impl\\include\\P1M\\NxtrMcuSuprtLib.h" comment="">
      <function name="ResumeAllInterrupts" comment="" line="119" main_generator_called="disabled" attributes="extern">
         <scalar name="return" comment="" line="119" base_type="int32" complete_type="int32" init_mode="PERMANENT" init_modes_allowed="4" init_range="min..max" global_assert="unsupported" assert_range="unsupported"/>
      </function>
      <function name="ResumeOSInterrupts" comment="" line="109" main_generator_called="disabled" attributes="extern">
         <scalar name="return" comment="" line="109" base_type="int32" complete_type="int32" init_mode="PERMANENT" init_modes_allowed="4" init_range="min..max" global_assert="unsupported" assert_range="unsupported"/>
      </function>
      <function name="SuspendAllInterrupts" comment="" line="114" main_generator_called="disabled" attributes="extern">
         <scalar name="return" comment="" line="114" base_type="int32" complete_type="int32" init_mode="PERMANENT" init_modes_allowed="4" init_range="min..max" global_assert="unsupported" assert_range="unsupported"/>
      </function>
      <function name="SuspendOSInterrupts" comment="" line="104" main_generator_called="disabled" attributes="extern">
         <scalar name="return" comment="" line="104" base_type="int32" complete_type="int32" init_mode="PERMANENT" init_modes_allowed="4" init_range="min..max" global_assert="unsupported" assert_range="unsupported"/>
      </function>
      <function name="WrProtdRegEcm_u32" comment="" line="1109" main_generator_called="MAIN_GENERATOR" attributes="static">
         <scalar name="arg1" comment="" line="1109" base_type="uint32" attributes="static" complete_type="uint32" init_mode="MAIN_GENERATOR" init_modes_allowed="10" init_range="min..max" global_assert="unsupported" assert_range="unsupported"/>
         <pointer name="arg2" comment="" line="1109" attributes="static" complete_type="volatile uint32 *" init_mode="MAIN_GENERATOR" init_modes_allowed="10" initialize_pointer="May-be NULL" number_allocated="max" init_pointed="unsupported">
            <scalar comment="" line="1109" base_type="uint32" attributes="volatile static" complete_type="uint32" init_mode="unsupported" init_range="unsupported" global_assert="unsupported" assert_range="unsupported"/>
         </pointer>
      </function>
   </file>
   <file name="C:\\Component\\AR202A_MicroCtrlrSuprt_Impl\\include\\P1M\\R7F701311\\ecm_regs.h" comment="">
      <struct name="ECM" comment="" line="687" attributes="volatile extern">
         <struct name="EMK0" comment="" line="687" attributes="volatile extern">
            <scalar name="UINT32" comment="" line="687" base_type="uint32" attributes="volatile extern" complete_type="uint32" init_mode="PERMANENT" init_modes_allowed="4" init_range="min..max" global_assert="disabled" assert_range="disabled"/>
         </struct>
         <struct name="ESSTC0" comment="" line="687" attributes="volatile extern">
            <scalar name="UINT32" comment="" line="687" base_type="uint32" attributes="volatile extern" complete_type="uint32" init_mode="PERMANENT" init_modes_allowed="4" init_range="min..max" global_assert="disabled" assert_range="disabled"/>
         </struct>
         <struct name="IRCFG0" comment="" line="687" attributes="volatile extern">
            <scalar name="UINT32" comment="" line="687" base_type="uint32" attributes="volatile extern" complete_type="uint32" init_mode="PERMANENT" init_modes_allowed="4" init_range="min..max" global_assert="disabled" assert_range="disabled"/>
         </struct>
         <struct name="MICFG0" comment="" line="687" attributes="volatile extern">
            <scalar name="UINT32" comment="" line="687" base_type="uint32" attributes="volatile extern" complete_type="uint32" init_mode="PERMANENT" init_modes_allowed="4" init_range="min..max" global_assert="disabled" assert_range="disabled"/>
         </struct>
         <struct name="NMICFG0" comment="" line="687" attributes="volatile extern">
            <scalar name="UINT32" comment="" line="687" base_type="uint32" attributes="volatile extern" complete_type="uint32" init_mode="PERMANENT" init_modes_allowed="4" init_range="min..max" global_assert="disabled" assert_range="disabled"/>
         </struct>
         <struct name="PCMD1" comment="" line="687" attributes="volatile extern">
            <scalar name="UINT32" comment="" line="687" base_type="uint32" attributes="volatile extern" complete_type="uint32" init_mode="PERMANENT" init_modes_allowed="4" init_range="min..max" global_assert="disabled" assert_range="disabled"/>
         </struct>
         <struct name="PS" comment="" line="687" attributes="volatile extern const">
            <scalar name="UINT8" comment="" line="687" base_type="uint8" attributes="volatile extern const" complete_type="uint8" init_mode="PERMANENT" init_modes_allowed="4" init_range="min..max" global_assert="disabled" assert_range="disabled"/>
         </struct>
      </struct>
      <struct name="ECMC" comment="" line="686" attributes="volatile extern">
         <struct name="ESSTR0" comment="" line="686" attributes="volatile extern const">
            <struct name="BIT" comment="" line="686" attributes="volatile extern const">
               <scalar name="SSE001" comment="" line="686" base_type="uint1" attributes="volatile extern const" complete_type="uint1" init_mode="PERMANENT" init_modes_allowed="4" init_range="min..max" global_assert="disabled" assert_range="disabled"/>
            </struct>
         </struct>
         <struct name="ESSTR1" comment="" line="686" attributes="volatile extern const">
            <struct name="BIT" comment="" line="686" attributes="volatile extern const">
               <scalar name="SSE108" comment="" line="686" base_type="uint1" attributes="volatile extern const" complete_type="uint1" init_mode="PERMANENT" init_modes_allowed="4" init_range="min..max" global_assert="disabled" assert_range="disabled"/>
               <scalar name="SSE109" comment="" line="686" base_type="uint1" attributes="volatile extern const" complete_type="uint1" init_mode="PERMANENT" init_modes_allowed="4" init_range="min..max" global_assert="disabled" assert_range="disabled"/>
            </struct>
         </struct>
      </struct>
      <struct name="ECMM" comment="" line="685" attributes="volatile extern">
         <struct name="ESSTR0" comment="" line="685" attributes="volatile extern const">
            <struct name="BIT" comment="" line="685" attributes="volatile extern const">
               <scalar name="SSE001" comment="" line="685" base_type="uint1" attributes="volatile extern const" complete_type="uint1" init_mode="PERMANENT" init_modes_allowed="4" init_range="min..max" global_assert="disabled" assert_range="disabled"/>
            </struct>
         </struct>
         <struct name="ESSTR1" comment="" line="685" attributes="volatile extern const">
            <struct name="BIT" comment="" line="685" attributes="volatile extern const">
               <scalar name="SSE108" comment="" line="685" base_type="uint1" attributes="volatile extern const" complete_type="uint1" init_mode="PERMANENT" init_modes_allowed="4" init_range="min..max" global_assert="disabled" assert_range="disabled"/>
               <scalar name="SSE109" comment="" line="685" base_type="uint1" attributes="volatile extern const" complete_type="uint1" init_mode="PERMANENT" init_modes_allowed="4" init_range="min..max" global_assert="disabled" assert_range="disabled"/>
            </struct>
         </struct>
      </struct>
   </file>
   <file name="C:\\Component\\AR202A_MicroCtrlrSuprt_Impl\\include\\P1M\\R7F701311\\lockstep_regs.h" comment="">
      <struct name="PDMACOMP" comment="" line="54" attributes="volatile extern">
         <struct name="PDMA_COMP_CNTRL" comment="" line="54" attributes="volatile extern">
            <scalar name="UINT32" comment="" line="54" base_type="uint32" attributes="volatile extern" complete_type="uint32" init_mode="PERMANENT" init_modes_allowed="4" init_range="min..max" global_assert="disabled" assert_range="disabled"/>
         </struct>
      </struct>
      <struct name="TESTCOMP" comment="" line="55" attributes="volatile extern">
         <struct name="REG0" comment="" line="55" attributes="volatile extern">
            <scalar name="UINT32" comment="" line="55" base_type="uint32" attributes="volatile extern" complete_type="uint32" init_mode="PERMANENT" init_modes_allowed="4" init_range="min..max" global_assert="disabled" assert_range="disabled"/>
         </struct>
         <struct name="REG1" comment="" line="55" attributes="volatile extern">
            <scalar name="UINT32" comment="" line="55" base_type="uint32" attributes="volatile extern" complete_type="uint32" init_mode="PERMANENT" init_modes_allowed="4" init_range="min..max" global_assert="disabled" assert_range="disabled"/>
         </struct>
      </struct>
   </file>
   <file name="C:\\Component\\AR202A_MicroCtrlrSuprt_Impl\\include\\P1M\\R7F701311\\sys_regs.h" comment="">
      <struct name="SYS" comment="" line="791" attributes="volatile extern">
         <struct name="BSEQ0ST" comment="" line="791" attributes="volatile extern const">
            <struct name="BIT" comment="" line="791" attributes="volatile extern const">
               <scalar name="BIST_RESULT" comment="" line="791" base_type="uint3" attributes="volatile extern const" complete_type="uint3" init_mode="PERMANENT" init_modes_allowed="4" init_range="min..max" global_assert="disabled" assert_range="disabled"/>
               <scalar name="DEBUGMODE" comment="" line="791" base_type="uint1" attributes="volatile extern const" complete_type="uint1" init_mode="PERMANENT" init_modes_allowed="4" init_range="min..max" global_assert="disabled" assert_range="disabled"/>
            </struct>
         </struct>
         <struct name="BSEQ0STB" comment="" line="791" attributes="volatile extern const">
            <struct name="BIT" comment="" line="791" attributes="volatile extern const">
               <scalar name="BIST_RESULTB" comment="" line="791" base_type="uint3" attributes="volatile extern const" complete_type="uint3" init_mode="PERMANENT" init_modes_allowed="4" init_range="min..max" global_assert="disabled" assert_range="disabled"/>
               <scalar name="DEBUGMODEB" comment="" line="791" base_type="uint1" attributes="volatile extern const" complete_type="uint1" init_mode="PERMANENT" init_modes_allowed="4" init_range="min..max" global_assert="disabled" assert_range="disabled"/>
            </struct>
         </struct>
         <struct name="LBISTREF1" comment="" line="791" attributes="volatile extern">
            <scalar name="UINT32" comment="" line="791" base_type="uint32" attributes="volatile extern" complete_type="uint32" init_mode="PERMANENT" init_modes_allowed="4" init_range="min..max" global_assert="disabled" assert_range="disabled"/>
         </struct>
         <struct name="LBISTREF2" comment="" line="791" attributes="volatile extern">
            <scalar name="UINT32" comment="" line="791" base_type="uint32" attributes="volatile extern" complete_type="uint32" init_mode="PERMANENT" init_modes_allowed="4" init_range="min..max" global_assert="disabled" assert_range="disabled"/>
         </struct>
         <struct name="LBISTSIG1" comment="" line="791" attributes="volatile extern">
            <scalar name="UINT32" comment="" line="791" base_type="uint32" attributes="volatile extern" complete_type="uint32" init_mode="PERMANENT" init_modes_allowed="4" init_range="min..max" global_assert="disabled" assert_range="disabled"/>
         </struct>
         <struct name="LBISTSIG2" comment="" line="791" attributes="volatile extern">
            <scalar name="UINT32" comment="" line="791" base_type="uint32" attributes="volatile extern" complete_type="uint32" init_mode="PERMANENT" init_modes_allowed="4" init_range="min..max" global_assert="disabled" assert_range="disabled"/>
         </struct>
         <struct name="MBISTREF" comment="" line="791" attributes="volatile extern">
            <scalar name="UINT32" comment="" line="791" base_type="uint32" attributes="volatile extern" complete_type="uint32" init_mode="PERMANENT" init_modes_allowed="4" init_range="min..max" global_assert="disabled" assert_range="disabled"/>
         </struct>
         <struct name="MBISTSIG" comment="" line="791" attributes="volatile extern">
            <scalar name="UINT32" comment="" line="791" base_type="uint32" attributes="volatile extern" complete_type="uint32" init_mode="PERMANENT" init_modes_allowed="4" init_range="min..max" global_assert="disabled" assert_range="disabled"/>
         </struct>
      </struct>
   </file>
   <file name="C:\\Component\\CM101A_ExcpnHndlg_Impl\\include\\CDD_ExcpnHndlg.h" comment="">
      <function name="ChkForStrtUpTest_Oper" comment="" line="156" main_generator_called="disabled" attributes="extern">
         <pointer name="arg1" comment="" line="156" complete_type="uint8 *" init_mode="disabled" initialize_pointer="disabled" number_allocated="disabled" init_pointed="MULTI">
            <scalar comment="" line="156" base_type="uint8" complete_type="uint8" init_mode="PERMANENT" init_modes_allowed="4" init_range="min..max" global_assert="unsupported" assert_range="unsupported"/>
         </pointer>
      </function>
      <function name="GetMcuDiagcIdnData" comment="" line="127" main_generator_called="disabled" attributes="extern">
         <pointer name="arg1" comment="" line="127" complete_type="uint32 *" init_mode="disabled" initialize_pointer="disabled" number_allocated="disabled" init_pointed="MULTI">
            <scalar comment="" line="127" base_type="uint32" complete_type="uint32" init_mode="PERMANENT" init_modes_allowed="4" init_range="min..max" global_assert="unsupported" assert_range="unsupported"/>
         </pointer>
      </function>
      <function name="SetMcuDiagcIdnData" comment="" line="125" main_generator_called="disabled" attributes="extern">
         <scalar name="arg1" comment="" line="125" base_type="uint32" complete_type="uint32" init_mode="disabled" init_range="disabled" global_assert="unsupported" assert_range="unsupported"/>
         <scalar name="arg2" comment="" line="125" base_type="uint32" complete_type="uint32" init_mode="disabled" init_range="disabled" global_assert="unsupported" assert_range="unsupported"/>
      </function>
   </file>
   <file name="C:\\Component\\CM106A_McuCoreCfgAndDiagc_Impl\\src\\CDD_McuCoreCfgAndDiagc.c" comment="">
      <function name="McuCoreCfgAndDiagcInit3" comment="" line="81" main_generator_called="MAIN_GENERATOR" attributes="unused"/>
   </file>
   <file name="C:\\Component\\CM106A_McuCoreCfgAndDiagc_Impl\\src\\CDD_McuCoreCfgAndDiagcNonRte.c" comment="">
      <function name="McuCoreCfgAndDiagcInit1" comment="" line="56" main_generator_called="MAIN_GENERATOR" attributes="unused"/>
      <function name="McuCoreCfgAndDiagcInit2" comment="" line="217" main_generator_called="MAIN_GENERATOR" attributes="unused"/>
   </file>
   <file name="C:\\Component\\CM106A_McuCoreCfgAndDiagc_Impl\\tools\\contract\\Rte_CDD_McuCoreCfgAndDiagc.h" comment="">
      <pointer name="Rte_Inst_CDD_McuCoreCfgAndDiagc" comment="" line="58" attributes="extern const" complete_type="const struct Rte_CDS_CDD_McuCoreCfgAndDiagc *" init_mode="INIT" init_modes_allowed="2" initialize_pointer="May-be NULL" number_allocated="max" init_pointed="MULTI">
         <struct comment="" line="58" complete_type="struct Rte_CDS_CDD_McuCoreCfgAndDiagc" attributes="extern const">
            <pointer name="Pim_CoreCompTestRegRead" comment="" line="58" attributes="extern const" complete_type="uint32 *" init_mode="INIT" init_modes_allowed="2" initialize_pointer="May-be NULL" number_allocated="max" init_pointed="MULTI">
               <scalar comment="" line="58" base_type="uint32" attributes="extern" complete_type="uint32" init_mode="INIT" init_modes_allowed="2" init_range="min..max" global_assert="unsupported" assert_range="unsupported"/>
            </pointer>
         </struct>
      </pointer>
   </file>
</global>
