<?xml version="1.0" encoding="UTF-8"?>
<Navig version="1.0">
<Files>
<F id="1" n="C:\Program Files\MATLAB\R2013b\polyspace\verifier\cxx\cinclude\stdarg.h"/>
<F id="2" n="C:\_PratikJadhav\_Synergy_Projects\Working\AR201A_ArCplrSuprt_Impl\include\ASR4.0.3\Platform_Types.h"/>
<F id="3" n="C:\_PratikJadhav\_Synergy_Projects\Working\AR200A_ArSuprt_Impl\include\ASR4.0.3\Std_Types.h"/>
<F id="4" n="C:\_PratikJadhav\_Synergy_Projects\Working\MM526A_BmwMsgSlot234Bas1Repn2BusFrChA_Impl\tools\local\generate\Rte_Type.h"/>
<F id="5" n="C:\_PratikJadhav\_Synergy_Projects\Working\MM526A_BmwMsgSlot234Bas1Repn2BusFrChA_Impl\tools\local\generate\Rte_BmwMsgSlot234Bas1Repn2BusFrChA.h"/>
<F id="6" n="C:\_PratikJadhav\_Synergy_Projects\Working\MM526A_BmwMsgSlot234Bas1Repn2BusFrChA_Impl\tools\local\include\Crc.h"/>
<F id="7" n="C:\_PratikJadhav\_Synergy_Projects\Working\MM526A_BmwMsgSlot234Bas1Repn2BusFrChA_Impl\tools\local\include\E2E_SM.h"/>
<F id="8" n="C:\_PratikJadhav\_Synergy_Projects\Working\MM526A_BmwMsgSlot234Bas1Repn2BusFrChA_Impl\tools\local\include\E2E_P01.h"/>
<F id="9" n="C:\_PratikJadhav\_Synergy_Projects\Working\MM526A_BmwMsgSlot234Bas1Repn2BusFrChA_Impl\tools\local\include\E2E.h"/>
<F id="10" n="C:\_PratikJadhav\_Synergy_Projects\Working\MM526A_BmwMsgSlot234Bas1Repn2BusFrChA_Impl\tools\local\include\E2EPW_BmwMsgSlot234Bas1Repn2BusFrChA_sigGroup_ST_EST_sigGroup_ST_EST_tx.h"/>
<F id="11" n="C:\_PratikJadhav\_Synergy_Projects\Working\MM526A_BmwMsgSlot234Bas1Repn2BusFrChA_Impl\src\BmwMsgSlot234Bas1Repn2BusFrChA.c"/>
<F id="12" n="C-STUBS\__polyspace__stdstubs.c"/>
<F id="13" n="C:\Program Files\MATLAB\R2013b\polyspace\verifier\cxx\cinclude\__polyspace__std_decls.h"/>
<F id="14" n="C:\Program Files\MATLAB\R2013b\polyspace\verifier\cxx\cinclude\assert.h"/>
<F id="15" n="C:\Program Files\MATLAB\R2013b\polyspace\verifier\cxx\cinclude\__polyspace__libc_defs.h"/>
<F id="16" n="C:\_PratikJadhav\_Synergy_Projects\Working\MM526A_BmwMsgSlot234Bas1Repn2BusFrChA_Impl\tools\local\generate\Rte_BmwMsgSlot234Bas1Repn2BusFrChA_Type.h"/>
<F id="17" n="C:\_PratikJadhav\_Synergy_Projects\Working\MM526A_BmwMsgSlot234Bas1Repn2BusFrChA_Impl\tools\local\generate\Rte.h"/>
<F id="18" n="C:\_PratikJadhav\_Synergy_Projects\Working\AR201A_ArCplrSuprt_Impl\include\ASR4.0.3\Compiler.h"/>
<F id="19" n="C:\_PratikJadhav\_Synergy_Projects\Working\AR201A_ArCplrSuprt_Impl\tools\contract\Compiler_Cfg.h"/>
<F id="20" n="C:\_PratikJadhav\_Synergy_Projects\Working\AR201A_ArCplrSuprt_Impl\tools\contract\Renesas_Compiler.h"/>
<F id="21" n="C:\_PratikJadhav\_Synergy_Projects\Working\MM526A_BmwMsgSlot234Bas1Repn2BusFrChA_Impl\tools\local\generate\Rte_DataHandleType.h"/>
<F id="22" n="C:\_PratikJadhav\_Synergy_Projects\Working\AR200A_ArSuprt_Impl\tools\contract\MemMap.h"/>
<F id="23" n="C:\_PratikJadhav\_Synergy_Projects\Working\MM526A_BmwMsgSlot234Bas1Repn2BusFrChA_Impl\tools\local\generate\BmwMsgSlot234Bas1Repn2BusFrChA_MemMap.h"/>
<F id="24" n="C:\_PratikJadhav\_Synergy_Projects\Working\MM526A_BmwMsgSlot234Bas1Repn2BusFrChA_Impl\tools\local\include\Crc_Cfg.h"/>
</Files>
<Definitions>
<D id="1" f="12" l="480" c="13" n="_polyspace_random_int" t="5" d="1"/>
<D id="2" f="12" l="503" c="16" n="_polyspace_random_double" t="5" d="1"/>
<D id="3" f="12" l="3550" c="4" n="__polyspace_nb_varargs" t="1" d="1"/>
<D id="4" f="12" l="472" c="23" n="_polyspace_random_uchar" t="5" d="1"/>
<D id="5" f="11" l="277" c="21" n="SigGroupStEst_Cnt_T_rec" t="4" d="1"/>
<D id="6" f="12" l="464" c="14" n="_polyspace_random_char" t="5" d="1"/>
<D id="7" f="11" l="274" c="15" n="HaptcFbSt_Cnt_T_enum" t="4" d="1"/>
<D id="8" f="12" l="482" c="24" n="random" t="4" d="1"/>
<D id="9" f="12" l="490" c="25" n="random" t="4" d="1"/>
<D id="10" f="12" l="505" c="27" n="random" t="4" d="1"/>
<D id="11" f="11" l="273" c="17" n="DrvgDynIfSt_Cnt_T_enum" t="4" d="1"/>
<D id="12" f="11" l="272" c="18" n="BmwEpsFctSts_Cnt_T_enum" t="4" d="1"/>
<D id="13" f="12" l="474" c="34" n="random" t="4" d="1"/>
<D id="14" f="12" l="496" c="23" n="_polyspace_random_ulong" t="5" d="1"/>
<D id="15" f="12" l="466" c="25" n="random" t="4" d="1"/>
<D id="16" f="12" l="488" c="14" n="_polyspace_random_long" t="5" d="1"/>
<D id="17" f="12" l="498" c="34" n="random" t="4" d="1"/>
<D id="18" f="12" l="3549" c="7" n="__polyspace_vararg" t="1" d="1"/>
<D id="19" f="12" l="6895" c="14" n="_polyspace_compare_function_type" t="7" d="1"/>
<D id="20" f="8" l="41" c="2" n="E2E_P01DataIDMode" t="7" d="1"/>
<D id="21" f="7" l="61" c="2" n="E2E_PCheckStatusType" t="7" d="1"/>
<D id="22" f="8" l="80" c="2" n="E2E_P01CheckStateType" t="7" d="1"/>
<D id="23" f="8" l="54" c="2" n="E2E_P01ConfigType" t="7" d="1"/>
<D id="24" f="7" l="93" c="2" n="E2E_SMCheckStateType" t="7" d="1"/>
<D id="25" f="7" l="84" c="2" n="E2E_SMStateType" t="7" d="1"/>
<D id="26" f="7" l="75" c="2" n="E2E_SMConfigType" t="7" d="1"/>
<D id="27" f="4" l="67" c="2" n="sigGroup_ST_EST1" t="7" d="1"/>
<D id="28" f="5" l="50" c="7" n="Rte_CDS_BmwMsgSlot234Bas1Repn2BusFrChA" t="6" d="1"/>
<D id="29" f="8" l="58" c="2" n="E2E_P01ProtectStateType" t="7" d="1"/>
<D id="30" f="8" l="69" c="2" n="E2E_P01CheckStatusType" t="7" d="1"/>
<D id="31" f="12" l="11355" c="21" n="HUGE_VAL" t="1" d="1"/>
<D id="32" f="12" l="11337" c="12" n="_polyspace_random_long_double" t="2" d="1"/>
<D id="33" f="12" l="11356" c="21" n="HUGE_VALF" t="1" d="1"/>
<D id="34" f="12" l="11357" c="21" n="HUGE_VALL" t="1" d="1"/>
<D id="35" f="12" l="11339" c="23" n="random" t="4" d="1"/>
<D id="36" f="12" l="12199" c="16" n="__polyspace_absolute_address" t="1" d="1"/>
<D id="37" f="7" l="70" c="10" n="MinOkStateValid" t="9" d="1"/>
<D id="38" f="5" l="54" c="9" n="Pim_BurstModCntr" t="9" d="1"/>
<D id="39" f="7" l="71" c="10" n="MaxErrorStateValid" t="9" d="1"/>
<D id="40" f="3" l="141" c="2" n="Std_VersionInfoType" t="7" d="1"/>
<D id="41" f="5" l="55" c="9" n="Pim_CycCntr" t="9" d="1"/>
<D id="42" f="4" l="50" c="22" n="QU_FN_EST1" t="7" d="1"/>
<D id="43" f="4" l="41" c="22" n="ALIV_ST_EST_FTAX1" t="7" d="1"/>
<D id="44" f="7" l="73" c="10" n="MinOkStateInvalid" t="9" d="1"/>
<D id="45" f="4" l="65" c="19" n="CRC_ST_EST_FTAX" t="9" d="1"/>
<D id="46" f="7" l="90" c="11" n="OkCount" t="9" d="1"/>
<D id="47" f="8" l="50" c="22" n="MaxDeltaCounterInit" t="9" d="1"/>
<D id="48" f="4" l="64" c="20" n="ALIV_ST_EST_FTAX" t="9" d="1"/>
<D id="49" f="7" l="74" c="10" n="MaxErrorStateInvalid" t="9" d="1"/>
<D id="50" f="5" l="58" c="9" n="Pim_PerdCntr" t="9" d="1"/>
<D id="51" f="7" l="65" c="10" n="WindowSize" t="9" d="1"/>
<D id="52" f="7" l="91" c="11" n="ErrorCount" t="9" d="1"/>
<D id="53" f="8" l="51" c="22" n="MaxNoNewOrRepeatedData" t="9" d="1"/>
<D id="54" f="7" l="92" c="20" n="SMState" t="9" d="1"/>
<D id="55" f="4" l="53" c="22" n="QU_FN_VIB_EPS1" t="7" d="1"/>
<D id="56" f="8" l="52" c="22" n="SyncCounterInit" t="9" d="1"/>
<D id="57" f="4" l="44" c="22" n="DrvgDynIfSt1" t="7" d="1"/>
<D id="58" f="4" l="35" c="22" n="CRC_ST_EST_FTAX1" t="7" d="1"/>
<D id="59" f="4" l="61" c="23" n="QU_SER_STMOM_DV_ACT" t="9" d="1"/>
<D id="60" f="4" l="70" c="14" n="BmwEpsFctSts1" t="7" d="1"/>
<D id="61" f="7" l="67" c="10" n="MinOkStateInit" t="9" d="1"/>
<D id="62" f="4" l="63" c="22" n="ST_EST_dummy_16_23" t="9" d="1"/>
<D id="63" f="8" l="44" c="22" n="CounterOffset" t="9" d="1"/>
<D id="64" f="7" l="68" c="10" n="MaxErrorStateInit" t="9" d="1"/>
<D id="65" f="8" l="57" c="11" n="Counter" t="9" d="1"/>
<D id="66" f="8" l="45" c="22" n="CRCOffset" t="9" d="1"/>
<D id="67" f="1" l="45" c="14" n="__va_list" t="7" d="1"/>
<D id="68" f="4" l="56" c="22" n="QU_SER_STMOM_DV_ACT1" t="7" d="1"/>
<D id="69" f="5" l="70" c="61" n="Rte_Instance" t="7" d="1"/>
<D id="70" f="4" l="47" c="22" n="HaptcFbSt1" t="7" d="1"/>
<D id="71" f="8" l="46" c="22" n="DataID" t="9" d="1"/>
<D id="72" f="4" l="38" c="22" n="ST_EST_dummy_16_231" t="7" d="1"/>
<D id="73" f="4" l="66" c="13" n="QU_FN_EST" t="9" d="1"/>
<D id="74" f="5" l="90" c="15" n="Rte_Read_BmwMsgSlot234Bas1Repn2BusFrChA_HaptcFbSt_Val" t="2" d="0"/>
<D id="75" f="8" l="47" c="22" n="DataIDNibbleOffset" t="9" d="1"/>
<D id="76" f="7" l="88" c="11" n="ProfileStatusWindow" t="9" d="1"/>
<D id="77" f="1" l="50" c="18" n="__gnuc_va_list" t="7" d="1"/>
<D id="78" f="8" l="48" c="22" n="DataIDMode" t="9" d="1"/>
<D id="79" f="7" l="89" c="11" n="WindowTopIndex" t="9" d="1"/>
<D id="80" f="6" l="88" c="21" n="Crc_DataRefType" t="7" d="1"/>
<D id="81" f="5" l="57" c="14" n="Pim_HaptcFbStPrev" t="9" d="1"/>
<D id="82" f="8" l="49" c="22" n="DataLength" t="9" d="1"/>
<D id="83" f="4" l="62" c="17" n="QU_FN_VIB_EPS" t="9" d="1"/>
<D id="84" f="5" l="53" c="17" n="Pim_BmwEpsFctStsPrev" t="9" d="1"/>
<D id="85" f="5" l="56" c="16" n="Pim_DrvgDynIfStPrev" t="9" d="1"/>
<D id="86" f="8" l="72" c="27" n="LastValidCounter" t="9" d="1"/>
<D id="87" f="8" l="73" c="27" n="MaxDeltaCounter" t="9" d="1"/>
<D id="88" f="5" l="88" c="15" n="Rte_Read_BmwMsgSlot234Bas1Repn2BusFrChA_BmwEpsFctSts_Val" t="2" d="0"/>
<D id="89" f="8" l="74" c="27" n="WaitForFirstData" t="9" d="1"/>
<D id="90" f="5" l="89" c="15" n="Rte_Read_BmwMsgSlot234Bas1Repn2BusFrChA_DrvgDynIfSt_Val" t="2" d="0"/>
<D id="91" f="8" l="75" c="27" n="NewDataAvailable" t="9" d="1"/>
<D id="92" f="1" l="49" c="18" n="va_list" t="7" d="1"/>
<D id="93" f="8" l="76" c="27" n="LostData" t="9" d="1"/>
<D id="94" f="8" l="77" c="27" n="Status" t="9" d="1"/>
<D id="95" f="5" l="65" c="66" n="Rte_Inst_BmwMsgSlot234Bas1Repn2BusFrChA" t="1" d="0"/>
<D id="96" f="8" l="78" c="27" n="SyncCounter" t="9" d="1"/>
<D id="97" f="8" l="79" c="27" n="NoNewOrRepeatedDataCounter" t="9" d="1"/>
<D id="98" f="3" l="140" c="10" n="sw_patch_version" t="9" d="1"/>
<D id="99" f="2" l="110" c="31" n="uint32" t="7" d="1"/>
<D id="100" f="2" l="112" c="31" n="sint8_least" t="7" d="1"/>
<D id="101" f="2" l="103" c="31" n="boolean" t="7" d="1"/>
<D id="102" f="12" l="70" c="21" n="size_t" t="7" d="1"/>
<D id="103" f="2" l="113" c="31" n="uint8_least" t="7" d="1"/>
<D id="104" f="3" l="136" c="10" n="vendorID" t="9" d="1"/>
<D id="105" f="2" l="114" c="31" n="sint16_least" t="7" d="1"/>
<D id="106" f="11" l="211" c="5" n="BmwMsgSlot234Bas1Repn2BusFrChAInit1" t="2" d="1"/>
<D id="107" f="2" l="105" c="31" n="sint8" t="7" d="1"/>
<D id="108" f="3" l="137" c="10" n="moduleID" t="9" d="1"/>
<D id="109" f="2" l="115" c="31" n="uint16_least" t="7" d="1"/>
<D id="110" f="12" l="72" c="12" n="ptrdiff_t" t="7" d="1"/>
<D id="111" f="2" l="106" c="31" n="uint8" t="7" d="1"/>
<D id="112" f="3" l="138" c="10" n="sw_major_version" t="9" d="1"/>
<D id="113" f="3" l="132" c="14" n="Std_ReturnType" t="7" d="1"/>
<D id="114" f="2" l="116" c="31" n="sint32_least" t="7" d="1"/>
<D id="115" f="10" l="52" c="14" n="E2EPW_Write_sigGroup_ST_EST_sigGroup_ST_EST" t="2" d="0"/>
<D id="116" f="2" l="107" c="31" n="sint16" t="7" d="1"/>
<D id="117" f="3" l="125" c="22" n="StatusType" t="7" d="1"/>
<D id="118" f="3" l="139" c="10" n="sw_minor_version" t="9" d="1"/>
<D id="119" f="2" l="117" c="31" n="uint32_least" t="7" d="1"/>
<D id="120" f="2" l="108" c="31" n="uint16" t="7" d="1"/>
<D id="121" f="2" l="127" c="31" n="sint64" t="7" d="1"/>
<D id="122" f="12" l="75" c="21" n="wchar_t" t="7" d="1"/>
<D id="123" f="2" l="109" c="31" n="sint32" t="7" d="1"/>
<D id="124" f="2" l="128" c="31" n="uint64" t="7" d="1"/>
<D id="125" f="2" l="138" c="31" n="float32" t="7" d="1"/>
<D id="126" f="2" l="139" c="31" n="float64" t="7" d="1"/>
<D id="127" f="11" l="264" c="5" n="BmwMsgSlot234Bas1Repn2BusFrChAPer1" t="2" d="1"/>
<D id="128" f="12" l="446" c="4" n="errno" t="1" d="1"/>
</Definitions>
<Uses>
<U id="1" f="11" l="312" c="10" d="95" a="0"/>
<U id="2" f="11" l="331" c="10" d="95" a="0"/>
<U id="3" f="11" l="303" c="11" d="95" a="0"/>
<U id="4" f="11" l="332" c="10" d="95" a="0"/>
<U id="5" f="11" l="280" c="10" d="88" a="0"/>
<U id="6" f="11" l="290" c="10" d="95" a="0"/>
<U id="7" f="11" l="281" c="10" d="90" a="0"/>
<U id="8" f="11" l="300" c="42" d="95" a="0"/>
<U id="9" f="6" l="192" c="100" d="101" a="0"/>
<U id="10" f="6" l="215" c="102" d="101" a="0"/>
<U id="11" f="11" l="291" c="10" d="95" a="0"/>
<U id="12" f="11" l="282" c="10" d="74" a="0"/>
<U id="13" f="6" l="144" c="102" d="101" a="0"/>
<U id="14" f="6" l="238" c="100" d="101" a="0"/>
<U id="15" f="11" l="309" c="10" d="95" a="0"/>
<U id="16" f="12" l="506" c="11" d="10" a="0"/>
<U id="17" f="11" l="303" c="69" d="111" a="0"/>
<U id="18" f="11" l="337" c="10" d="95" a="0"/>
<U id="19" f="11" l="312" c="51" d="41" a="0"/>
<U id="20" f="11" l="293" c="10" d="95" a="0"/>
<U id="21" f="6" l="168" c="100" d="101" a="0"/>
<U id="22" f="11" l="331" c="51" d="41" a="0"/>
<U id="23" f="11" l="338" c="10" d="95" a="0"/>
<U id="24" f="11" l="323" c="14" d="95" a="0"/>
<U id="25" f="11" l="294" c="10" d="95" a="0"/>
<U id="26" f="12" l="491" c="11" d="9" a="0"/>
<U id="27" f="11" l="306" c="59" d="5" a="1"/>
<U id="28" f="11" l="303" c="52" d="41" a="0"/>
<U id="29" f="11" l="332" c="51" d="50" a="0"/>
<U id="30" f="11" l="306" c="14" d="115" a="0"/>
<U id="31" f="12" l="483" c="11" d="8" a="0"/>
<U id="32" f="11" l="285" c="11" d="95" a="0"/>
<U id="33" f="12" l="475" c="11" d="13" a="0"/>
<U id="34" f="11" l="300" c="28" d="73" a="0"/>
<U id="35" f="11" l="286" c="11" d="95" a="0"/>
<U id="36" f="11" l="290" c="51" d="85" a="0"/>
<U id="37" f="11" l="300" c="83" d="84" a="0"/>
<U id="38" f="11" l="317" c="14" d="95" a="0"/>
<U id="39" f="12" l="467" c="11" d="15" a="0"/>
<U id="40" f="11" l="287" c="11" d="95" a="0"/>
<U id="41" f="11" l="291" c="51" d="81" a="0"/>
<U id="42" f="11" l="328" c="59" d="5" a="1"/>
<U id="43" f="11" l="289" c="10" d="95" a="0"/>
<U id="44" f="11" l="220" c="47" d="85" a="0"/>
<U id="45" f="11" l="328" c="14" d="115" a="0"/>
<U id="46" f="11" l="309" c="51" d="38" a="0"/>
<U id="47" f="11" l="319" c="14" d="95" a="0"/>
<U id="48" f="11" l="337" c="51" d="41" a="0"/>
<U id="49" f="11" l="221" c="47" d="81" a="0"/>
<U id="50" f="11" l="293" c="51" d="38" a="0"/>
<U id="51" f="11" l="326" c="16" d="95" a="0"/>
<U id="52" f="11" l="338" c="69" d="95" a="0"/>
<U id="53" f="11" l="323" c="73" d="95" a="0"/>
<U id="54" f="11" l="338" c="51" d="50" a="0"/>
<U id="55" f="11" l="323" c="55" d="50" a="0"/>
<U id="56" f="11" l="294" c="51" d="41" a="0"/>
<U id="57" f="11" l="291" c="72" d="7" a="0"/>
<U id="58" f="12" l="499" c="11" d="17" a="0"/>
<U id="59" f="11" l="285" c="52" d="84" a="0"/>
<U id="60" f="11" l="286" c="52" d="85" a="0"/>
<U id="61" f="11" l="317" c="73" d="111" a="0"/>
<U id="62" f="11" l="317" c="55" d="50" a="0"/>
<U id="63" f="11" l="290" c="74" d="11" a="0"/>
<U id="64" f="11" l="287" c="52" d="81" a="0"/>
<U id="65" f="11" l="309" c="73" d="95" a="0"/>
<U id="66" f="11" l="289" c="51" d="84" a="0"/>
<U id="67" f="11" l="282" c="65" d="7" a="1"/>
<U id="68" f="11" l="319" c="55" d="50" a="0"/>
<U id="69" f="11" l="303" c="87" d="95" a="0"/>
<U id="70" f="11" l="326" c="75" d="111" a="0"/>
<U id="71" f="11" l="326" c="57" d="50" a="0"/>
<U id="72" f="11" l="219" c="47" d="84" a="0"/>
<U id="73" f="11" l="281" c="67" d="11" a="1"/>
<U id="74" f="11" l="299" c="52" d="95" a="0"/>
<U id="75" f="11" l="326" c="94" d="95" a="0"/>
<U id="76" f="11" l="280" c="68" d="12" a="1"/>
<U id="77" f="11" l="287" c="74" d="7" a="0"/>
<U id="78" f="11" l="298" c="46" d="95" a="0"/>
<U id="79" f="11" l="294" c="67" d="111" a="0"/>
<U id="80" f="11" l="298" c="28" d="83" a="0"/>
<U id="81" f="11" l="337" c="68" d="95" a="0"/>
<U id="82" f="11" l="286" c="76" d="11" a="0"/>
<U id="83" f="11" l="299" c="28" d="59" a="0"/>
<U id="84" f="11" l="285" c="77" d="12" a="0"/>
<U id="85" f="11" l="289" c="75" d="12" a="0"/>
<U id="86" f="11" l="299" c="93" d="85" a="0"/>
<U id="87" f="11" l="298" c="87" d="81" a="0"/>
<U id="88" f="11" l="303" c="149" d="111" a="0"/>
<U id="89" f="11" l="337" c="109" d="41" a="0"/>
<U id="90" f="11" l="338" c="110" d="50" a="0"/>
<U id="91" f="11" l="323" c="114" d="50" a="0"/>
<U id="92" f="11" l="309" c="114" d="38" a="0"/>
<U id="93" f="11" l="326" c="152" d="111" a="0"/>
<U id="94" f="11" l="303" c="128" d="38" a="0"/>
<U id="95" f="11" l="326" c="135" d="41" a="0"/>
<U id="96" f="5" l="90" c="0" d="113" a="0"/>
<U id="97" f="5" l="91" c="0" d="113" a="0"/>
<U id="98" f="4" l="61" c="2" d="68" a="0"/>
<U id="99" f="4" l="62" c="2" d="55" a="0"/>
<U id="100" f="5" l="53" c="2" d="60" a="0"/>
<U id="101" f="4" l="63" c="2" d="72" a="0"/>
<U id="102" f="8" l="50" c="4" d="111" a="0"/>
<U id="103" f="5" l="54" c="2" d="111" a="0"/>
<U id="104" f="4" l="64" c="2" d="43" a="0"/>
<U id="105" f="8" l="51" c="4" d="111" a="0"/>
<U id="106" f="5" l="55" c="2" d="111" a="0"/>
<U id="107" f="7" l="70" c="4" d="111" a="0"/>
<U id="108" f="4" l="65" c="2" d="58" a="0"/>
<U id="109" f="8" l="52" c="4" d="111" a="0"/>
<U id="110" f="5" l="56" c="2" d="57" a="0"/>
<U id="111" f="7" l="71" c="4" d="111" a="0"/>
<U id="112" f="4" l="66" c="2" d="42" a="0"/>
<U id="113" f="7" l="90" c="4" d="111" a="0"/>
<U id="114" f="5" l="57" c="2" d="70" a="0"/>
<U id="115" f="8" l="44" c="4" d="120" a="0"/>
<U id="116" f="8" l="72" c="4" d="111" a="0"/>
<U id="117" f="5" l="88" c="0" d="113" a="0"/>
<U id="118" f="7" l="91" c="4" d="111" a="0"/>
<U id="119" f="1" l="50" c="8" d="67" a="0"/>
<U id="120" f="5" l="58" c="2" d="111" a="0"/>
<U id="121" f="7" l="73" c="4" d="111" a="0"/>
<U id="122" f="8" l="45" c="4" d="120" a="0"/>
<U id="123" f="8" l="73" c="4" d="111" a="0"/>
<U id="124" f="5" l="89" c="0" d="113" a="0"/>
<U id="125" f="7" l="92" c="4" d="25" a="0"/>
<U id="126" f="7" l="74" c="4" d="111" a="0"/>
<U id="127" f="8" l="46" c="4" d="120" a="0"/>
<U id="128" f="7" l="65" c="4" d="111" a="0"/>
<U id="129" f="8" l="74" c="4" d="101" a="0"/>
<U id="130" f="8" l="47" c="4" d="120" a="0"/>
<U id="131" f="4" l="70" c="8" d="111" a="0"/>
<U id="132" f="8" l="75" c="4" d="101" a="0"/>
<U id="133" f="8" l="57" c="4" d="111" a="0"/>
<U id="134" f="8" l="48" c="4" d="20" a="0"/>
<U id="135" f="7" l="67" c="4" d="111" a="0"/>
<U id="136" f="8" l="76" c="4" d="111" a="0"/>
<U id="137" f="8" l="49" c="4" d="120" a="0"/>
<U id="138" f="7" l="68" c="4" d="111" a="0"/>
<U id="139" f="8" l="77" c="4" d="30" a="0"/>
<U id="140" f="1" l="84" c="7" d="92" a="0"/>
<U id="141" f="8" l="78" c="4" d="111" a="0"/>
<U id="142" f="7" l="88" c="4" d="111" a="0"/>
<U id="143" f="8" l="79" c="4" d="111" a="0"/>
<U id="144" f="7" l="89" c="4" d="111" a="0"/>
<U id="145" f="1" l="49" c="8" d="67" a="0"/>
<U id="146" f="12" l="11340" c="9" d="35" a="0"/>
<U id="147" f="6" l="120" c="0" d="111" a="0"/>
<U id="148" f="8" l="111" c="0" d="113" a="0"/>
<U id="149" f="8" l="131" c="0" d="113" a="0"/>
<U id="150" f="7" l="123" c="0" d="113" a="0"/>
<U id="151" f="6" l="215" c="0" d="99" a="0"/>
<U id="152" f="3" l="140" c="3" d="111" a="0"/>
<U id="153" f="6" l="144" c="0" d="111" a="0"/>
<U id="154" f="7" l="144" c="0" d="113" a="0"/>
<U id="155" f="5" l="70" c="21" d="28" a="0"/>
<U id="156" f="8" l="154" c="0" d="113" a="0"/>
<U id="157" f="6" l="192" c="0" d="99" a="0"/>
<U id="158" f="5" l="65" c="20" d="28" a="0"/>
<U id="159" f="8" l="174" c="0" d="113" a="0"/>
<U id="160" f="1" l="84" c="39" d="92" a="0"/>
<U id="161" f="6" l="238" c="0" d="124" a="0"/>
<U id="162" f="3" l="136" c="3" d="120" a="0"/>
<U id="163" f="5" l="90" c="69" d="70" a="0"/>
<U id="164" f="10" l="53" c="5" d="27" a="0"/>
<U id="165" f="6" l="168" c="0" d="120" a="0"/>
<U id="166" f="3" l="137" c="3" d="120" a="0"/>
<U id="167" f="10" l="52" c="7" d="99" a="0"/>
<U id="168" f="3" l="138" c="3" d="111" a="0"/>
<U id="169" f="8" l="197" c="0" d="21" a="0"/>
<U id="170" f="3" l="132" c="8" d="111" a="0"/>
<U id="171" f="3" l="139" c="3" d="111" a="0"/>
<U id="172" f="10" l="36" c="7" d="29" a="0"/>
<U id="173" f="9" l="85" c="24" d="40" a="0"/>
<U id="174" f="6" l="88" c="14" d="111" a="0"/>
<U id="175" f="5" l="89" c="71" d="57" a="0"/>
<U id="176" f="5" l="88" c="72" d="60" a="0"/>
<U id="177" f="5" l="91" c="94" d="27" a="0"/>
<U id="178" f="11" l="300" c="4" d="5" a="1"/>
<U id="179" f="6" l="215" c="29" d="80" a="0"/>
<U id="180" f="11" l="220" c="6" d="95" a="0"/>
<U id="181" f="6" l="120" c="25" d="80" a="0"/>
<U id="182" f="11" l="221" c="6" d="95" a="0"/>
<U id="183" f="7" l="124" c="51" d="26" a="0"/>
<U id="184" f="7" l="144" c="32" d="24" a="0"/>
<U id="185" f="6" l="120" c="54" d="99" a="0"/>
<U id="186" f="11" l="272" c="4" d="60" a="0"/>
<U id="187" f="8" l="131" c="35" d="29" a="0"/>
<U id="188" f="6" l="120" c="73" d="111" a="0"/>
<U id="189" f="11" l="273" c="4" d="57" a="0"/>
<U id="190" f="8" l="111" c="37" d="23" a="0"/>
<U id="191" f="11" l="274" c="4" d="70" a="0"/>
<U id="192" f="8" l="174" c="33" d="22" a="0"/>
<U id="193" f="7" l="123" c="28" d="21" a="0"/>
<U id="194" f="7" l="125" c="45" d="24" a="0"/>
<U id="195" f="8" l="154" c="35" d="23" a="0"/>
<U id="196" f="8" l="156" c="52" d="111" a="0"/>
<U id="197" f="11" l="219" c="6" d="95" a="0"/>
<U id="198" f="11" l="277" c="4" d="27" a="0"/>
<U id="199" f="8" l="112" c="48" d="29" a="0"/>
<U id="200" f="6" l="257" c="25" d="40" a="0"/>
<U id="201" f="8" l="113" c="48" d="111" a="0"/>
<U id="202" f="6" l="144" c="28" d="80" a="0"/>
<U id="203" f="6" l="192" c="27" d="80" a="0"/>
<U id="204" f="7" l="145" c="55" d="26" a="0"/>
<U id="205" f="6" l="120" c="96" d="101" a="0"/>
<U id="206" f="8" l="198" c="60" d="30" a="0"/>
<U id="207" f="8" l="155" c="46" d="22" a="0"/>
<U id="208" f="11" l="298" c="4" d="5" a="1"/>
<U id="209" f="6" l="238" c="27" d="80" a="0"/>
<U id="210" f="8" l="197" c="43" d="113" a="0"/>
<U id="211" f="8" l="199" c="60" d="101" a="0"/>
<U id="212" f="6" l="144" c="57" d="99" a="0"/>
<U id="213" f="6" l="192" c="56" d="99" a="0"/>
<U id="214" f="11" l="299" c="4" d="5" a="1"/>
<U id="215" f="6" l="215" c="58" d="99" a="0"/>
<U id="216" f="6" l="144" c="76" d="111" a="0"/>
<U id="217" f="6" l="168" c="27" d="80" a="0"/>
<U id="218" f="6" l="192" c="75" d="99" a="0"/>
<U id="219" f="6" l="215" c="77" d="99" a="0"/>
<U id="220" f="6" l="238" c="56" d="99" a="0"/>
<U id="221" f="6" l="238" c="75" d="124" a="0"/>
<U id="222" f="6" l="168" c="56" d="99" a="0"/>
<U id="223" f="6" l="168" c="75" d="120" a="0"/>
</Uses>
<Blocks>
<B id="1" t="routine" f="11" l="211" c="5">
<BEGIN l="212" c="0"/>
<END l="226" c="0"/>
</B>
<B id="2" t="else" f="11" l="321" c="8">
<BEGIN l="322" c="8"/>
<END l="324" c="8"/>
</B>
<B id="3" t="if" f="11" l="317" c="8">
<BEGIN l="318" c="8"/>
<END l="320" c="8"/>
<ELSE d="2"/>
</B>
<B id="4" t="else" f="11" l="334" c="4">
<BEGIN l="335" c="4"/>
<END l="339" c="4"/>
</B>
<B id="5" t="if" f="11" l="326" c="9">
<BEGIN l="327" c="4"/>
<END l="333" c="4"/>
<ELSE d="4"/>
</B>
<B id="6" t="else" f="11" l="326" c="4">
<BEGIN l="326" c="9"/>
<END l="339" c="4"/>
<SUB d="5"/>
</B>
<B id="7" t="if" f="11" l="303" c="4">
<BEGIN l="304" c="4"/>
<END l="325" c="4"/>
<SUB d="3"/>
<ELSE d="6"/>
</B>
<B id="8" t="if" f="11" l="285" c="4">
<BEGIN l="288" c="4"/>
<END l="295" c="4"/>
</B>
<B id="9" t="routine" f="11" l="264" c="5">
<BEGIN l="265" c="0"/>
<END l="344" c="0"/>
<SUB d="7"/>
<SUB d="8"/>
</B>
<B id="10" t="ppcif" f="13" l="15" c="0">
<BEGIN l="15" c="27"/>
<END l="330" c="0"/>
</B>
<B id="11" t="ppcif" f="13" l="25" c="0">
<BEGIN l="25" c="19"/>
<END l="155" c="0"/>
</B>
<B id="12" t="ppcrmif" f="13" l="46" c="0">
<BEGIN l="46" c="93"/>
<END l="91" c="0"/>
</B>
<B id="13" t="ppcrmif" f="13" l="94" c="0">
<BEGIN l="94" c="91"/>
<END l="153" c="0"/>
</B>
<B id="14" t="ppcrmelse" f="13" l="155" c="0">
<BEGIN l="155" c="35"/>
<END l="328" c="0"/>
</B>
<B id="15" t="ppcif" f="14" l="11" c="0">
<BEGIN l="11" c="27"/>
<END l="36" c="0"/>
</B>
<B id="16" t="ppcrmif" f="14" l="14" c="0">
<BEGIN l="14" c="19"/>
<END l="29" c="0"/>
</B>
<B id="17" t="ppcelse" f="14" l="29" c="0">
<BEGIN l="29" c="5"/>
<END l="33" c="0"/>
</B>
<B id="18" t="ppcif" f="1" l="22" c="0">
<BEGIN l="22" c="17"/>
<END l="109" c="0"/>
</B>
<B id="19" t="ppcrmif" f="1" l="39" c="0">
<BEGIN l="39" c="66"/>
<END l="43" c="0"/>
</B>
<B id="20" t="ppcelse" f="1" l="43" c="0">
<BEGIN l="43" c="60"/>
<END l="47" c="0"/>
</B>
<B id="21" t="ppcrmif" f="1" l="52" c="0">
<BEGIN l="52" c="18"/>
<END l="58" c="0"/>
</B>
<B id="22" t="ppcrmif" f="1" l="62" c="0">
<BEGIN l="62" c="33"/>
<END l="80" c="0"/>
</B>
<B id="23" t="ppcelse" f="1" l="80" c="0">
<BEGIN l="80" c="31"/>
<END l="93" c="0"/>
</B>
<B id="24" t="ppcrmif" f="1" l="96" c="0">
<BEGIN l="96" c="14"/>
<END l="106" c="0"/>
</B>
<B id="25" t="ppcif" f="15" l="3" c="0">
<BEGIN l="3" c="29"/>
<END l="348" c="0"/>
</B>
<B id="26" t="ppcif" f="15" l="61" c="0">
<BEGIN l="63" c="27"/>
<END l="66" c="0"/>
</B>
<B id="27" t="ppcrmif" f="15" l="165" c="0">
<BEGIN l="165" c="17"/>
<END l="206" c="0"/>
</B>
<B id="28" t="ppcrmif" f="15" l="209" c="0">
<BEGIN l="209" c="37"/>
<END l="211" c="0"/>
</B>
<B id="29" t="ppcrmif" f="15" l="213" c="0">
<BEGIN l="213" c="44"/>
<END l="321" c="0"/>
</B>
<B id="30" t="ppcif" f="15" l="323" c="0">
<BEGIN l="323" c="18"/>
<END l="346" c="0"/>
</B>
<B id="31" t="ppcrmif" f="15" l="326" c="0">
<BEGIN l="326" c="18"/>
<END l="328" c="0"/>
</B>
<B id="32" t="ppcrmif" f="15" l="329" c="0">
<BEGIN l="329" c="63"/>
<END l="331" c="0"/>
</B>
<B id="33" t="ppcrmif" f="15" l="332" c="0">
<BEGIN l="332" c="64"/>
<END l="334" c="0"/>
</B>
<B id="34" t="ppcrmif" f="15" l="335" c="0">
<BEGIN l="335" c="16"/>
<END l="340" c="0"/>
</B>
<B id="35" t="ppcif" f="15" l="343" c="0">
<BEGIN l="343" c="57"/>
<END l="345" c="0"/>
</B>
<B id="36" t="type" f="5" l="50" c="7">
<BEGIN l="50" c="44"/>
<END l="60" c="0"/>
</B>
<B id="37" t="ppcif" f="5" l="24" c="0">
<BEGIN l="24" c="45"/>
<END l="206" c="0"/>
</B>
<B id="38" t="ppcrmif" f="5" l="27" c="0">
<BEGIN l="27" c="35"/>
<END l="29" c="0"/>
</B>
<B id="39" t="ppcif" f="5" l="31" c="0">
<BEGIN l="31" c="38"/>
<END l="33" c="0"/>
</B>
<B id="40" t="ppcrmif" f="5" l="35" c="0">
<BEGIN l="35" c="19"/>
<END l="38" c="0"/>
</B>
<B id="41" t="ppcrmif" f="5" l="202" c="0">
<BEGIN l="202" c="19"/>
<END l="204" c="0"/>
</B>
<B id="42" t="ppcif" f="16" l="24" c="0">
<BEGIN l="24" c="50"/>
<END l="259" c="0"/>
</B>
<B id="43" t="ppcrmif" f="16" l="27" c="0">
<BEGIN l="27" c="19"/>
<END l="30" c="0"/>
</B>
<B id="44" t="ppcif" f="16" l="38" c="0">
<BEGIN l="38" c="40"/>
<END l="40" c="0"/>
</B>
<B id="45" t="ppcif" f="16" l="42" c="0">
<BEGIN l="42" c="35"/>
<END l="44" c="0"/>
</B>
<B id="46" t="ppcif" f="16" l="46" c="0">
<BEGIN l="46" c="35"/>
<END l="48" c="0"/>
</B>
<B id="47" t="ppcif" f="16" l="50" c="0">
<BEGIN l="50" c="56"/>
<END l="52" c="0"/>
</B>
<B id="48" t="ppcif" f="16" l="54" c="0">
<BEGIN l="54" c="31"/>
<END l="56" c="0"/>
</B>
<B id="49" t="ppcif" f="16" l="58" c="0">
<BEGIN l="58" c="26"/>
<END l="60" c="0"/>
</B>
<B id="50" t="ppcif" f="16" l="62" c="0">
<BEGIN l="62" c="38"/>
<END l="64" c="0"/>
</B>
<B id="51" t="ppcif" f="16" l="66" c="0">
<BEGIN l="66" c="53"/>
<END l="68" c="0"/>
</B>
<B id="52" t="ppcif" f="16" l="70" c="0">
<BEGIN l="70" c="38"/>
<END l="72" c="0"/>
</B>
<B id="53" t="ppcif" f="16" l="74" c="0">
<BEGIN l="74" c="38"/>
<END l="76" c="0"/>
</B>
<B id="54" t="ppcif" f="16" l="78" c="0">
<BEGIN l="78" c="38"/>
<END l="80" c="0"/>
</B>
<B id="55" t="ppcif" f="16" l="82" c="0">
<BEGIN l="82" c="58"/>
<END l="84" c="0"/>
</B>
<B id="56" t="ppcif" f="16" l="86" c="0">
<BEGIN l="86" c="34"/>
<END l="88" c="0"/>
</B>
<B id="57" t="ppcif" f="16" l="90" c="0">
<BEGIN l="90" c="27"/>
<END l="92" c="0"/>
</B>
<B id="58" t="ppcif" f="16" l="94" c="0">
<BEGIN l="94" c="47"/>
<END l="96" c="0"/>
</B>
<B id="59" t="ppcif" f="16" l="98" c="0">
<BEGIN l="98" c="42"/>
<END l="100" c="0"/>
</B>
<B id="60" t="ppcif" f="16" l="102" c="0">
<BEGIN l="102" c="45"/>
<END l="104" c="0"/>
</B>
<B id="61" t="ppcif" f="16" l="106" c="0">
<BEGIN l="106" c="39"/>
<END l="108" c="0"/>
</B>
<B id="62" t="ppcif" f="16" l="110" c="0">
<BEGIN l="110" c="33"/>
<END l="112" c="0"/>
</B>
<B id="63" t="ppcif" f="16" l="114" c="0">
<BEGIN l="114" c="27"/>
<END l="116" c="0"/>
</B>
<B id="64" t="ppcif" f="16" l="118" c="0">
<BEGIN l="118" c="36"/>
<END l="120" c="0"/>
</B>
<B id="65" t="ppcif" f="16" l="122" c="0">
<BEGIN l="122" c="39"/>
<END l="124" c="0"/>
</B>
<B id="66" t="ppcif" f="16" l="126" c="0">
<BEGIN l="126" c="29"/>
<END l="128" c="0"/>
</B>
<B id="67" t="ppcif" f="16" l="130" c="0">
<BEGIN l="130" c="32"/>
<END l="132" c="0"/>
</B>
<B id="68" t="ppcif" f="16" l="134" c="0">
<BEGIN l="134" c="22"/>
<END l="136" c="0"/>
</B>
<B id="69" t="ppcif" f="16" l="138" c="0">
<BEGIN l="138" c="29"/>
<END l="140" c="0"/>
</B>
<B id="70" t="ppcif" f="16" l="142" c="0">
<BEGIN l="142" c="28"/>
<END l="144" c="0"/>
</B>
<B id="71" t="ppcif" f="16" l="146" c="0">
<BEGIN l="146" c="27"/>
<END l="148" c="0"/>
</B>
<B id="72" t="ppcif" f="16" l="150" c="0">
<BEGIN l="150" c="34"/>
<END l="152" c="0"/>
</B>
<B id="73" t="ppcif" f="16" l="154" c="0">
<BEGIN l="154" c="49"/>
<END l="156" c="0"/>
</B>
<B id="74" t="ppcif" f="16" l="158" c="0">
<BEGIN l="158" c="49"/>
<END l="160" c="0"/>
</B>
<B id="75" t="ppcif" f="16" l="162" c="0">
<BEGIN l="162" c="49"/>
<END l="164" c="0"/>
</B>
<B id="76" t="ppcif" f="16" l="166" c="0">
<BEGIN l="166" c="80"/>
<END l="168" c="0"/>
</B>
<B id="77" t="ppcif" f="16" l="170" c="0">
<BEGIN l="170" c="43"/>
<END l="172" c="0"/>
</B>
<B id="78" t="ppcif" f="16" l="174" c="0">
<BEGIN l="174" c="80"/>
<END l="176" c="0"/>
</B>
<B id="79" t="ppcif" f="16" l="178" c="0">
<BEGIN l="178" c="52"/>
<END l="180" c="0"/>
</B>
<B id="80" t="ppcif" f="16" l="182" c="0">
<BEGIN l="182" c="89"/>
<END l="184" c="0"/>
</B>
<B id="81" t="ppcif" f="16" l="186" c="0">
<BEGIN l="186" c="49"/>
<END l="188" c="0"/>
</B>
<B id="82" t="ppcif" f="16" l="190" c="0">
<BEGIN l="190" c="56"/>
<END l="192" c="0"/>
</B>
<B id="83" t="ppcif" f="16" l="194" c="0">
<BEGIN l="194" c="34"/>
<END l="196" c="0"/>
</B>
<B id="84" t="ppcif" f="16" l="198" c="0">
<BEGIN l="198" c="54"/>
<END l="200" c="0"/>
</B>
<B id="85" t="ppcif" f="16" l="202" c="0">
<BEGIN l="202" c="48"/>
<END l="204" c="0"/>
</B>
<B id="86" t="ppcif" f="16" l="206" c="0">
<BEGIN l="206" c="48"/>
<END l="208" c="0"/>
</B>
<B id="87" t="ppcif" f="16" l="210" c="0">
<BEGIN l="210" c="29"/>
<END l="212" c="0"/>
</B>
<B id="88" t="ppcif" f="16" l="214" c="0">
<BEGIN l="214" c="40"/>
<END l="216" c="0"/>
</B>
<B id="89" t="ppcif" f="16" l="218" c="0">
<BEGIN l="218" c="65"/>
<END l="220" c="0"/>
</B>
<B id="90" t="ppcif" f="16" l="222" c="0">
<BEGIN l="222" c="97"/>
<END l="224" c="0"/>
</B>
<B id="91" t="ppcif" f="16" l="226" c="0">
<BEGIN l="226" c="96"/>
<END l="228" c="0"/>
</B>
<B id="92" t="ppcif" f="16" l="230" c="0">
<BEGIN l="230" c="84"/>
<END l="232" c="0"/>
</B>
<B id="93" t="ppcif" f="16" l="234" c="0">
<BEGIN l="234" c="79"/>
<END l="236" c="0"/>
</B>
<B id="94" t="ppcif" f="16" l="238" c="0">
<BEGIN l="238" c="64"/>
<END l="240" c="0"/>
</B>
<B id="95" t="ppcif" f="16" l="242" c="0">
<BEGIN l="242" c="69"/>
<END l="244" c="0"/>
</B>
<B id="96" t="ppcif" f="16" l="246" c="0">
<BEGIN l="246" c="75"/>
<END l="248" c="0"/>
</B>
<B id="97" t="ppcif" f="16" l="250" c="0">
<BEGIN l="250" c="50"/>
<END l="252" c="0"/>
</B>
<B id="98" t="ppcrmif" f="16" l="255" c="0">
<BEGIN l="255" c="19"/>
<END l="257" c="0"/>
</B>
<B id="99" t="type" f="4" l="60" c="0">
<BEGIN l="60" c="0"/>
<END l="67" c="0"/>
</B>
<B id="100" t="ppcif" f="4" l="24" c="0">
<BEGIN l="24" c="19"/>
<END l="77" c="0"/>
</B>
<B id="101" t="ppcif" f="17" l="25" c="0">
<BEGIN l="25" c="14"/>
<END l="96" c="0"/>
</B>
<B id="102" t="ppcrmif" f="17" l="41" c="0">
<BEGIN l="41" c="33"/>
<END l="43" c="0"/>
</B>
<B id="103" t="ppcrmif" f="17" l="45" c="0">
<BEGIN l="45" c="46"/>
<END l="47" c="0"/>
</B>
<B id="104" t="ppcrmif" f="17" l="49" c="0">
<BEGIN l="49" c="28"/>
<END l="51" c="0"/>
</B>
<B id="105" t="type" f="3" l="135" c="0">
<BEGIN l="135" c="0"/>
<END l="141" c="0"/>
</B>
<B id="106" t="ppcif" f="3" l="56" c="0">
<BEGIN l="56" c="19"/>
<END l="154" c="0"/>
</B>
<B id="107" t="ppcif" f="3" l="122" c="0">
<BEGIN l="122" c="26"/>
<END l="126" c="0"/>
</B>
<B id="108" t="ppcif" f="2" l="43" c="0">
<BEGIN l="43" c="24"/>
<END l="150" c="0"/>
</B>
<B id="109" t="ppcif" f="2" l="81" c="0">
<BEGIN l="81" c="13"/>
<END l="83" c="0"/>
</B>
<B id="110" t="ppcif" f="2" l="85" c="0">
<BEGIN l="85" c="14"/>
<END l="87" c="0"/>
</B>
<B id="111" t="ppcrmif" f="2" l="119" c="0">
<BEGIN l="119" c="46"/>
<END l="125" c="0"/>
</B>
<B id="112" t="ppcelse" f="2" l="125" c="0">
<BEGIN l="125" c="6"/>
<END l="129" c="0"/>
</B>
<B id="113" t="ppcrmif" f="2" l="131" c="0">
<BEGIN l="131" c="46"/>
<END l="137" c="0"/>
</B>
<B id="114" t="ppcelse" f="2" l="137" c="0">
<BEGIN l="137" c="6"/>
<END l="140" c="0"/>
</B>
<B id="115" t="ppcif" f="18" l="43" c="0">
<BEGIN l="43" c="18"/>
<END l="202" c="0"/>
</B>
<B id="116" t="ppcif" f="18" l="88" c="0">
<BEGIN l="88" c="17"/>
<END l="90" c="0"/>
</B>
<B id="117" t="ppcif" f="19" l="19" c="0">
<BEGIN l="19" c="22"/>
<END l="23" c="0"/>
</B>
<B id="118" t="ppcif" f="20" l="19" c="0">
<BEGIN l="19" c="26"/>
<END l="23" c="0"/>
</B>
<B id="119" t="ppcif" f="21" l="24" c="0">
<BEGIN l="24" c="31"/>
<END l="27" c="0"/>
</B>
<B id="120" t="ppcif" f="22" l="19" c="0">
<BEGIN l="19" c="16"/>
<END l="24" c="0"/>
</B>
<B id="121" t="ppcif" f="23" l="53" c="0">
<BEGIN l="53" c="52"/>
<END l="57" c="0"/>
</B>
<B id="122" t="ppcrmif" f="23" l="67" c="0">
<BEGIN l="67" c="65"/>
<END l="71" c="0"/>
</B>
<B id="123" t="ppcrmif" f="23" l="81" c="0">
<BEGIN l="81" c="70"/>
<END l="85" c="0"/>
</B>
<B id="124" t="ppcrmif" f="23" l="95" c="0">
<BEGIN l="95" c="68"/>
<END l="99" c="0"/>
</B>
<B id="125" t="ppcrmif" f="23" l="109" c="0">
<BEGIN l="109" c="73"/>
<END l="113" c="0"/>
</B>
<B id="126" t="ppcif" f="23" l="125" c="0">
<BEGIN l="125" c="51"/>
<END l="129" c="0"/>
</B>
<B id="127" t="ppcrmif" f="23" l="139" c="0">
<BEGIN l="139" c="64"/>
<END l="143" c="0"/>
</B>
<B id="128" t="ppcrmif" f="23" l="153" c="0">
<BEGIN l="153" c="69"/>
<END l="157" c="0"/>
</B>
<B id="129" t="ppcrmif" f="23" l="167" c="0">
<BEGIN l="167" c="67"/>
<END l="171" c="0"/>
</B>
<B id="130" t="ppcrmif" f="23" l="181" c="0">
<BEGIN l="181" c="72"/>
<END l="185" c="0"/>
</B>
<B id="131" t="ppcif" f="10" l="7" c="0">
<BEGIN l="7" c="81"/>
<END l="58" c="0"/>
</B>
<B id="132" t="type" f="8" l="36" c="8">
<BEGIN l="36" c="13"/>
<END l="41" c="0"/>
</B>
<B id="133" t="type" f="8" l="43" c="15">
<BEGIN l="43" c="15"/>
<END l="54" c="0"/>
</B>
<B id="134" t="type" f="8" l="56" c="15">
<BEGIN l="56" c="15"/>
<END l="58" c="0"/>
</B>
<B id="135" t="type" f="8" l="60" c="8">
<BEGIN l="60" c="13"/>
<END l="69" c="0"/>
</B>
<B id="136" t="type" f="8" l="71" c="15">
<BEGIN l="71" c="15"/>
<END l="80" c="0"/>
</B>
<B id="137" t="ppcif" f="8" l="24" c="0">
<BEGIN l="24" c="24"/>
<END l="204" c="0"/>
</B>
<B id="138" t="ppcif" f="9" l="41" c="0">
<BEGIN l="41" c="20"/>
<END l="91" c="0"/>
</B>
<B id="139" t="ppcif" f="6" l="56" c="0">
<BEGIN l="56" c="18"/>
<END l="264" c="0"/>
</B>
<B id="140" t="ppcif" f="6" l="241" c="0">
<BEGIN l="241" c="37"/>
<END l="258" c="0"/>
</B>
<B id="141" t="ppcif" f="24" l="42" c="0">
<BEGIN l="42" c="24"/>
<END l="102" c="0"/>
</B>
<B id="142" t="type" f="7" l="54" c="8">
<BEGIN l="55" c="0"/>
<END l="61" c="0"/>
</B>
<B id="143" t="type" f="7" l="64" c="0">
<BEGIN l="64" c="0"/>
<END l="75" c="0"/>
</B>
<B id="144" t="type" f="7" l="77" c="8">
<BEGIN l="78" c="0"/>
<END l="84" c="0"/>
</B>
<B id="145" t="type" f="7" l="87" c="0">
<BEGIN l="87" c="0"/>
<END l="93" c="0"/>
</B>
<B id="146" t="ppcif" f="7" l="26" c="0">
<BEGIN l="26" c="23"/>
<END l="150" c="0"/>
</B>
</Blocks>
</Navig>
