<?xml version="1.0" encoding="UTF-8"?>
<MISRA-C-Report-Summary>
<File Mode="advisory" Error="0" Warning="4" Total="4">
<Name>
C:\_S\work\ses_dev_ea4\CF071A_BmwHwAgArbnAndEotPosn_Impl-z172399\CF071A_BmwHwAgArbnAndEotPosn_Impl\src\BmwHwAgArbnAndEotPosn.c</Name>
</File>
<File Mode="required" Error="0" Warning="26" Total="26">
<Name>
C:\_S\work\ses_dev_ea4\CF071A_BmwHwAgArbnAndEotPosn_Impl-z172399\CF071A_BmwHwAgArbnAndEotPosn_Impl\src\BmwHwAgArbnAndEotPosn.c</Name>
</File>
<File Mode="required" Error="0" Warning="1" Total="1">
<Name>
C:\_S\work\ses_dev_ea4\CF071A_BmwHwAgArbnAndEotPosn_Impl-z172399\CF071A_BmwHwAgArbnAndEotPosn_Impl\tools\local\generate\BmwHwAgArbnAndEotPosn_Cfg.h</Name>
</File>
<Rule Name="5.1" Count="26" Mode="required" Severity="warning">
<Message>
</Message>
</Rule>
<Rule Name="19.1" Count="4" Mode="advisory" Severity="warning">
<Message>
#include statements in a file shall only be preceded by other preprocessor directives or comments.</Message>
</Rule>
<Rule Name="21.1" Count="1" Mode="required" Severity="warning">
<Message>
Minimisation of run-time failures.</Message>
</Rule>
</MISRA-C-Report-Summary>
