<?xml version="1.0" encoding="UTF-8"?>

<MISRA-C-Report version="1.3">


<CodeStruct Name="" File="C:\_S\work\ses_dev_ea4\CF082A_BmwPwrPrkgDampg_Impl-z172399\CF082A_BmwPwrPrkgDampg_Impl\src\BmwPwrPrkgDampg.c" Line="0" Column="0">

<Rule Name="19.1" Mode="advisory" Report="warning" Id="1">
<Loc File="C:\_S\work\ses_dev_ea4\CF082A_BmwPwrPrkgDampg_Impl-z172399\CF082A_BmwPwrPrkgDampg_Impl\src\BmwPwrPrkgDampg.c" Line="354" Column="0">
</Loc>
<Message>
#include statements in a file shall only be preceded by other preprocessor directives or comments.
</Message>
</Rule>

</CodeStruct>

<CodeStruct Name="BmwPwrPrkgDampgPer1" File="C:\_S\work\ses_dev_ea4\CF082A_BmwPwrPrkgDampg_Impl-z172399\CF082A_BmwPwrPrkgDampg_Impl\src\BmwPwrPrkgDampg.c" Line="259" Column="5">

<Rule Name="11.5" Mode="required" Report="warning" Id="2">
<Loc File="C:\_S\work\ses_dev_ea4\CF082A_BmwPwrPrkgDampg_Impl-z172399\CF082A_BmwPwrPrkgDampg_Impl\src\BmwPwrPrkgDampg.c" Line="301" Column="97">
</Loc>
<Message>
A cast shall not be performed that removes any const or volatile qualification
from the type addressed by a pointer.
</Message>
</Rule>

<Rule Name="11.5" Mode="required" Report="warning" Id="3">
<Loc File="C:\_S\work\ses_dev_ea4\CF082A_BmwPwrPrkgDampg_Impl-z172399\CF082A_BmwPwrPrkgDampg_Impl\src\BmwPwrPrkgDampg.c" Line="301" Column="191">
</Loc>
<Message>
A cast shall not be performed that removes any const or volatile qualification
from the type addressed by a pointer.
</Message>
</Rule>

<Rule Name="11.5" Mode="required" Report="warning" Id="4">
<Loc File="C:\_S\work\ses_dev_ea4\CF082A_BmwPwrPrkgDampg_Impl-z172399\CF082A_BmwPwrPrkgDampg_Impl\src\BmwPwrPrkgDampg.c" Line="307" Column="99">
</Loc>
<Message>
A cast shall not be performed that removes any const or volatile qualification
from the type addressed by a pointer.
</Message>
</Rule>

<Rule Name="11.5" Mode="required" Report="warning" Id="5">
<Loc File="C:\_S\work\ses_dev_ea4\CF082A_BmwPwrPrkgDampg_Impl-z172399\CF082A_BmwPwrPrkgDampg_Impl\src\BmwPwrPrkgDampg.c" Line="307" Column="194">
</Loc>
<Message>
A cast shall not be performed that removes any const or volatile qualification
from the type addressed by a pointer.
</Message>
</Rule>

<Rule Name="11.5" Mode="required" Report="warning" Id="6">
<Loc File="C:\_S\work\ses_dev_ea4\CF082A_BmwPwrPrkgDampg_Impl-z172399\CF082A_BmwPwrPrkgDampg_Impl\src\BmwPwrPrkgDampg.c" Line="309" Column="103">
</Loc>
<Message>
A cast shall not be performed that removes any const or volatile qualification
from the type addressed by a pointer.
</Message>
</Rule>

<Rule Name="11.5" Mode="required" Report="warning" Id="7">
<Loc File="C:\_S\work\ses_dev_ea4\CF082A_BmwPwrPrkgDampg_Impl-z172399\CF082A_BmwPwrPrkgDampg_Impl\src\BmwPwrPrkgDampg.c" Line="309" Column="192">
</Loc>
<Message>
A cast shall not be performed that removes any const or volatile qualification
from the type addressed by a pointer.
</Message>
</Rule>

</CodeStruct>

</MISRA-C-Report>
