<?xml version="1.0" encoding="UTF-8"?>

<MISRA-C-Report version="1.3">


<CodeStruct Name="" File="C:\Users\nz3541\Documents\SynergyWorkingEA4\SF066A_EpsStEstimn_Impl\src\EpsStEstimn.c" Line="0" Column="0">

<Rule Name="19.1" Mode="advisory" Report="warning" Id="1">
<Loc File="C:\Users\nz3541\Documents\SynergyWorkingEA4\SF066A_EpsStEstimn_Impl\src\EpsStEstimn.c" Line="382" Column="0">
</Loc>
<Message>
#include statements in a file shall only be preceded by other preprocessor directives or comments.
</Message>
</Rule>

</CodeStruct>

<CodeStruct Name="EpsStEstimnPer1" File="C:\Users\nz3541\Documents\SynergyWorkingEA4\SF066A_EpsStEstimn_Impl\src\EpsStEstimn.c" Line="267" Column="5">

<Rule Name="11.5" Mode="required" Report="warning" Id="2">
<Loc File="C:\Users\nz3541\Documents\SynergyWorkingEA4\SF066A_EpsStEstimn_Impl\src\EpsStEstimn.c" Line="313" Column="121">
</Loc>
<Message>
A cast shall not be performed that removes any const or volatile qualification
from the type addressed by a pointer.
</Message>
</Rule>

<Rule Name="12.12" Mode="required" Report="warning" Id="3">
<Loc File="C:\Users\nz3541\Documents\SynergyWorkingEA4\SF066A_EpsStEstimn_Impl\src\EpsStEstimn.c" Line="313" Column="121">
</Loc>
<Message>
The underlying bit representations of floating-point values shall not be used.
</Message>
</Rule>

<Rule Name="11.5" Mode="required" Report="warning" Id="4">
<Loc File="C:\Users\nz3541\Documents\SynergyWorkingEA4\SF066A_EpsStEstimn_Impl\src\EpsStEstimn.c" Line="313" Column="200">
</Loc>
<Message>
A cast shall not be performed that removes any const or volatile qualification
from the type addressed by a pointer.
</Message>
</Rule>

<Rule Name="12.12" Mode="required" Report="warning" Id="5">
<Loc File="C:\Users\nz3541\Documents\SynergyWorkingEA4\SF066A_EpsStEstimn_Impl\src\EpsStEstimn.c" Line="313" Column="200">
</Loc>
<Message>
The underlying bit representations of floating-point values shall not be used.
</Message>
</Rule>

<Rule Name="11.5" Mode="required" Report="warning" Id="6">
<Loc File="C:\Users\nz3541\Documents\SynergyWorkingEA4\SF066A_EpsStEstimn_Impl\src\EpsStEstimn.c" Line="315" Column="125">
</Loc>
<Message>
A cast shall not be performed that removes any const or volatile qualification
from the type addressed by a pointer.
</Message>
</Rule>

<Rule Name="12.12" Mode="required" Report="warning" Id="7">
<Loc File="C:\Users\nz3541\Documents\SynergyWorkingEA4\SF066A_EpsStEstimn_Impl\src\EpsStEstimn.c" Line="315" Column="125">
</Loc>
<Message>
The underlying bit representations of floating-point values shall not be used.
</Message>
</Rule>

<Rule Name="11.5" Mode="required" Report="warning" Id="8">
<Loc File="C:\Users\nz3541\Documents\SynergyWorkingEA4\SF066A_EpsStEstimn_Impl\src\EpsStEstimn.c" Line="315" Column="207">
</Loc>
<Message>
A cast shall not be performed that removes any const or volatile qualification
from the type addressed by a pointer.
</Message>
</Rule>

<Rule Name="12.12" Mode="required" Report="warning" Id="9">
<Loc File="C:\Users\nz3541\Documents\SynergyWorkingEA4\SF066A_EpsStEstimn_Impl\src\EpsStEstimn.c" Line="315" Column="207">
</Loc>
<Message>
The underlying bit representations of floating-point values shall not be used.
</Message>
</Rule>

<Rule Name="11.5" Mode="required" Report="warning" Id="10">
<Loc File="C:\Users\nz3541\Documents\SynergyWorkingEA4\SF066A_EpsStEstimn_Impl\src\EpsStEstimn.c" Line="317" Column="121">
</Loc>
<Message>
A cast shall not be performed that removes any const or volatile qualification
from the type addressed by a pointer.
</Message>
</Rule>

<Rule Name="12.12" Mode="required" Report="warning" Id="11">
<Loc File="C:\Users\nz3541\Documents\SynergyWorkingEA4\SF066A_EpsStEstimn_Impl\src\EpsStEstimn.c" Line="317" Column="121">
</Loc>
<Message>
The underlying bit representations of floating-point values shall not be used.
</Message>
</Rule>

<Rule Name="11.5" Mode="required" Report="warning" Id="12">
<Loc File="C:\Users\nz3541\Documents\SynergyWorkingEA4\SF066A_EpsStEstimn_Impl\src\EpsStEstimn.c" Line="322" Column="121">
</Loc>
<Message>
A cast shall not be performed that removes any const or volatile qualification
from the type addressed by a pointer.
</Message>
</Rule>

<Rule Name="12.12" Mode="required" Report="warning" Id="13">
<Loc File="C:\Users\nz3541\Documents\SynergyWorkingEA4\SF066A_EpsStEstimn_Impl\src\EpsStEstimn.c" Line="322" Column="121">
</Loc>
<Message>
The underlying bit representations of floating-point values shall not be used.
</Message>
</Rule>

<Rule Name="11.5" Mode="required" Report="warning" Id="14">
<Loc File="C:\Users\nz3541\Documents\SynergyWorkingEA4\SF066A_EpsStEstimn_Impl\src\EpsStEstimn.c" Line="322" Column="200">
</Loc>
<Message>
A cast shall not be performed that removes any const or volatile qualification
from the type addressed by a pointer.
</Message>
</Rule>

<Rule Name="12.12" Mode="required" Report="warning" Id="15">
<Loc File="C:\Users\nz3541\Documents\SynergyWorkingEA4\SF066A_EpsStEstimn_Impl\src\EpsStEstimn.c" Line="322" Column="200">
</Loc>
<Message>
The underlying bit representations of floating-point values shall not be used.
</Message>
</Rule>

<Rule Name="11.5" Mode="required" Report="warning" Id="16">
<Loc File="C:\Users\nz3541\Documents\SynergyWorkingEA4\SF066A_EpsStEstimn_Impl\src\EpsStEstimn.c" Line="324" Column="125">
</Loc>
<Message>
A cast shall not be performed that removes any const or volatile qualification
from the type addressed by a pointer.
</Message>
</Rule>

<Rule Name="12.12" Mode="required" Report="warning" Id="17">
<Loc File="C:\Users\nz3541\Documents\SynergyWorkingEA4\SF066A_EpsStEstimn_Impl\src\EpsStEstimn.c" Line="324" Column="125">
</Loc>
<Message>
The underlying bit representations of floating-point values shall not be used.
</Message>
</Rule>

<Rule Name="11.5" Mode="required" Report="warning" Id="18">
<Loc File="C:\Users\nz3541\Documents\SynergyWorkingEA4\SF066A_EpsStEstimn_Impl\src\EpsStEstimn.c" Line="324" Column="207">
</Loc>
<Message>
A cast shall not be performed that removes any const or volatile qualification
from the type addressed by a pointer.
</Message>
</Rule>

<Rule Name="12.12" Mode="required" Report="warning" Id="19">
<Loc File="C:\Users\nz3541\Documents\SynergyWorkingEA4\SF066A_EpsStEstimn_Impl\src\EpsStEstimn.c" Line="324" Column="207">
</Loc>
<Message>
The underlying bit representations of floating-point values shall not be used.
</Message>
</Rule>

<Rule Name="11.5" Mode="required" Report="warning" Id="20">
<Loc File="C:\Users\nz3541\Documents\SynergyWorkingEA4\SF066A_EpsStEstimn_Impl\src\EpsStEstimn.c" Line="326" Column="121">
</Loc>
<Message>
A cast shall not be performed that removes any const or volatile qualification
from the type addressed by a pointer.
</Message>
</Rule>

<Rule Name="12.12" Mode="required" Report="warning" Id="21">
<Loc File="C:\Users\nz3541\Documents\SynergyWorkingEA4\SF066A_EpsStEstimn_Impl\src\EpsStEstimn.c" Line="326" Column="121">
</Loc>
<Message>
The underlying bit representations of floating-point values shall not be used.
</Message>
</Rule>

<Rule Name="11.5" Mode="required" Report="warning" Id="22">
<Loc File="C:\Users\nz3541\Documents\SynergyWorkingEA4\SF066A_EpsStEstimn_Impl\src\EpsStEstimn.c" Line="337" Column="121">
</Loc>
<Message>
A cast shall not be performed that removes any const or volatile qualification
from the type addressed by a pointer.
</Message>
</Rule>

<Rule Name="12.12" Mode="required" Report="warning" Id="23">
<Loc File="C:\Users\nz3541\Documents\SynergyWorkingEA4\SF066A_EpsStEstimn_Impl\src\EpsStEstimn.c" Line="337" Column="121">
</Loc>
<Message>
The underlying bit representations of floating-point values shall not be used.
</Message>
</Rule>

<Rule Name="11.5" Mode="required" Report="warning" Id="24">
<Loc File="C:\Users\nz3541\Documents\SynergyWorkingEA4\SF066A_EpsStEstimn_Impl\src\EpsStEstimn.c" Line="337" Column="200">
</Loc>
<Message>
A cast shall not be performed that removes any const or volatile qualification
from the type addressed by a pointer.
</Message>
</Rule>

<Rule Name="12.12" Mode="required" Report="warning" Id="25">
<Loc File="C:\Users\nz3541\Documents\SynergyWorkingEA4\SF066A_EpsStEstimn_Impl\src\EpsStEstimn.c" Line="337" Column="200">
</Loc>
<Message>
The underlying bit representations of floating-point values shall not be used.
</Message>
</Rule>

<Rule Name="11.5" Mode="required" Report="warning" Id="26">
<Loc File="C:\Users\nz3541\Documents\SynergyWorkingEA4\SF066A_EpsStEstimn_Impl\src\EpsStEstimn.c" Line="339" Column="125">
</Loc>
<Message>
A cast shall not be performed that removes any const or volatile qualification
from the type addressed by a pointer.
</Message>
</Rule>

<Rule Name="12.12" Mode="required" Report="warning" Id="27">
<Loc File="C:\Users\nz3541\Documents\SynergyWorkingEA4\SF066A_EpsStEstimn_Impl\src\EpsStEstimn.c" Line="339" Column="125">
</Loc>
<Message>
The underlying bit representations of floating-point values shall not be used.
</Message>
</Rule>

<Rule Name="11.5" Mode="required" Report="warning" Id="28">
<Loc File="C:\Users\nz3541\Documents\SynergyWorkingEA4\SF066A_EpsStEstimn_Impl\src\EpsStEstimn.c" Line="339" Column="207">
</Loc>
<Message>
A cast shall not be performed that removes any const or volatile qualification
from the type addressed by a pointer.
</Message>
</Rule>

<Rule Name="12.12" Mode="required" Report="warning" Id="29">
<Loc File="C:\Users\nz3541\Documents\SynergyWorkingEA4\SF066A_EpsStEstimn_Impl\src\EpsStEstimn.c" Line="339" Column="207">
</Loc>
<Message>
The underlying bit representations of floating-point values shall not be used.
</Message>
</Rule>

<Rule Name="11.5" Mode="required" Report="warning" Id="30">
<Loc File="C:\Users\nz3541\Documents\SynergyWorkingEA4\SF066A_EpsStEstimn_Impl\src\EpsStEstimn.c" Line="341" Column="124">
</Loc>
<Message>
A cast shall not be performed that removes any const or volatile qualification
from the type addressed by a pointer.
</Message>
</Rule>

<Rule Name="12.12" Mode="required" Report="warning" Id="31">
<Loc File="C:\Users\nz3541\Documents\SynergyWorkingEA4\SF066A_EpsStEstimn_Impl\src\EpsStEstimn.c" Line="341" Column="124">
</Loc>
<Message>
The underlying bit representations of floating-point values shall not be used.
</Message>
</Rule>

<Rule Name="11.5" Mode="required" Report="warning" Id="32">
<Loc File="C:\Users\nz3541\Documents\SynergyWorkingEA4\SF066A_EpsStEstimn_Impl\src\EpsStEstimn.c" Line="346" Column="121">
</Loc>
<Message>
A cast shall not be performed that removes any const or volatile qualification
from the type addressed by a pointer.
</Message>
</Rule>

<Rule Name="12.12" Mode="required" Report="warning" Id="33">
<Loc File="C:\Users\nz3541\Documents\SynergyWorkingEA4\SF066A_EpsStEstimn_Impl\src\EpsStEstimn.c" Line="346" Column="121">
</Loc>
<Message>
The underlying bit representations of floating-point values shall not be used.
</Message>
</Rule>

<Rule Name="11.5" Mode="required" Report="warning" Id="34">
<Loc File="C:\Users\nz3541\Documents\SynergyWorkingEA4\SF066A_EpsStEstimn_Impl\src\EpsStEstimn.c" Line="346" Column="200">
</Loc>
<Message>
A cast shall not be performed that removes any const or volatile qualification
from the type addressed by a pointer.
</Message>
</Rule>

<Rule Name="12.12" Mode="required" Report="warning" Id="35">
<Loc File="C:\Users\nz3541\Documents\SynergyWorkingEA4\SF066A_EpsStEstimn_Impl\src\EpsStEstimn.c" Line="346" Column="200">
</Loc>
<Message>
The underlying bit representations of floating-point values shall not be used.
</Message>
</Rule>

<Rule Name="11.5" Mode="required" Report="warning" Id="36">
<Loc File="C:\Users\nz3541\Documents\SynergyWorkingEA4\SF066A_EpsStEstimn_Impl\src\EpsStEstimn.c" Line="348" Column="125">
</Loc>
<Message>
A cast shall not be performed that removes any const or volatile qualification
from the type addressed by a pointer.
</Message>
</Rule>

<Rule Name="12.12" Mode="required" Report="warning" Id="37">
<Loc File="C:\Users\nz3541\Documents\SynergyWorkingEA4\SF066A_EpsStEstimn_Impl\src\EpsStEstimn.c" Line="348" Column="125">
</Loc>
<Message>
The underlying bit representations of floating-point values shall not be used.
</Message>
</Rule>

<Rule Name="11.5" Mode="required" Report="warning" Id="38">
<Loc File="C:\Users\nz3541\Documents\SynergyWorkingEA4\SF066A_EpsStEstimn_Impl\src\EpsStEstimn.c" Line="348" Column="207">
</Loc>
<Message>
A cast shall not be performed that removes any const or volatile qualification
from the type addressed by a pointer.
</Message>
</Rule>

<Rule Name="12.12" Mode="required" Report="warning" Id="39">
<Loc File="C:\Users\nz3541\Documents\SynergyWorkingEA4\SF066A_EpsStEstimn_Impl\src\EpsStEstimn.c" Line="348" Column="207">
</Loc>
<Message>
The underlying bit representations of floating-point values shall not be used.
</Message>
</Rule>

<Rule Name="11.5" Mode="required" Report="warning" Id="40">
<Loc File="C:\Users\nz3541\Documents\SynergyWorkingEA4\SF066A_EpsStEstimn_Impl\src\EpsStEstimn.c" Line="350" Column="122">
</Loc>
<Message>
A cast shall not be performed that removes any const or volatile qualification
from the type addressed by a pointer.
</Message>
</Rule>

<Rule Name="12.12" Mode="required" Report="warning" Id="41">
<Loc File="C:\Users\nz3541\Documents\SynergyWorkingEA4\SF066A_EpsStEstimn_Impl\src\EpsStEstimn.c" Line="350" Column="122">
</Loc>
<Message>
The underlying bit representations of floating-point values shall not be used.
</Message>
</Rule>

</CodeStruct>

</MISRA-C-Report>
