<?xml version="1.0" encoding="UTF-8"?>
<MISRA-C-Report-Summary>
<File Mode="advisory" Error="0" Warning="1" Total="1">
<Name>
C:\Users\nz3541\Documents\SynergyWorkingEA4\SF066A_EpsStEstimn_Impl\src\EpsStEstimn.c</Name>
</File>
<File Mode="required" Error="0" Warning="40" Total="40">
<Name>
C:\Users\nz3541\Documents\SynergyWorkingEA4\SF066A_EpsStEstimn_Impl\src\EpsStEstimn.c</Name>
</File>
<Rule Name="11.5" Count="20" Mode="required" Severity="warning">
<Message>
A cast shall not be performed that removes any const or volatile qualification</Message>
</Rule>
<Rule Name="12.12" Count="20" Mode="required" Severity="warning">
<Message>
The underlying bit representations of floating-point values shall not be used.</Message>
</Rule>
<Rule Name="19.1" Count="1" Mode="advisory" Severity="warning">
<Message>
#include statements in a file shall only be preceded by other preprocessor directives or comments.</Message>
</Rule>
</MISRA-C-Report-Summary>
