<?xml version="1.0" encoding="UTF-8"?>
<MISRA-C-Report-Summary>
<File Mode="required" Error="0" Warning="1" Total="1">
<Name>
C:\Users\nz3541\Documents\SynergyWorkingEA4\SF103A_MotRefMdl_Impl\include\MotRefMdl.h</Name>
</File>
<File Mode="advisory" Error="0" Warning="2" Total="2">
<Name>
C:\Users\nz3541\Documents\SynergyWorkingEA4\SF103A_MotRefMdl_Impl\src\MotRefMdl.c</Name>
</File>
<File Mode="required" Error="0" Warning="55" Total="55">
<Name>
C:\Users\nz3541\Documents\SynergyWorkingEA4\SF103A_MotRefMdl_Impl\src\MotRefMdl.c</Name>
</File>
<Rule Name="11.5" Count="21" Mode="required" Severity="warning">
<Message>
A cast shall not be performed that removes any const or volatile qualification</Message>
</Rule>
<Rule Name="12.12" Count="15" Mode="required" Severity="warning">
<Message>
The underlying bit representations of floating-point values shall not be used.</Message>
</Rule>
<Rule Name="5.1" Count="9" Mode="required" Severity="warning">
<Message>
</Message>
</Rule>
<Rule Name="12.3" Count="8" Mode="required" Severity="warning">
<Message>
The sizeof operator should not be used on expressions that contain side effects.</Message>
</Rule>
<Rule Name="12.4" Count="3" Mode="required" Severity="warning">
<Message>
The right hand operand of a logical &amp;&amp; or || operator shall not contain side effects.</Message>
</Rule>
<Rule Name="19.1" Count="2" Mode="advisory" Severity="warning">
<Message>
#include statements in a file shall only be preceded by other preprocessor directives or comments.</Message>
</Rule>
</MISRA-C-Report-Summary>
