<?xml version="1.0" encoding="UTF-8"?>
<!--EDRS Version 1.0-->
<global>
   <file name="C:\\_PratikJadhav\\_Synergy_Projects\\Working\\AR100A_NxtrMath_Impl\\include\\NxtrMath.h" comment="">
      <function name="Lim_f32" comment="" line="561" main_generator_called="MAIN_GENERATOR" attributes="static">
         <scalar name="arg1" comment="" line="561" base_type="float32" attributes="static" complete_type="float32" init_mode="MAIN_GENERATOR" init_modes_allowed="10" init_range="min..max" global_assert="unsupported" assert_range="unsupported"/>
         <scalar name="arg2" comment="" line="561" base_type="float32" attributes="static" complete_type="float32" init_mode="MAIN_GENERATOR" init_modes_allowed="10" init_range="min..max" global_assert="unsupported" assert_range="unsupported"/>
         <scalar name="arg3" comment="" line="561" base_type="float32" attributes="static" complete_type="float32" init_mode="MAIN_GENERATOR" init_modes_allowed="10" init_range="min..max" global_assert="unsupported" assert_range="unsupported"/>
         <scalar name="return" comment="" line="561" base_type="float32" attributes="static" complete_type="float32" init_mode="disabled" init_range="disabled" global_assert="unsupported" assert_range="unsupported"/>
      </function>
   </file>
   <file name="C:\\_PratikJadhav\\_Synergy_Projects\\Working\\MM106A_BmwMsgSlot108Bas0Repn2BusFrChA_Impl\\src\\BmwMsgSlot108Bas0Repn2BusFrChA.c" comment="">
      <function name="BmwMsgSlot108Bas0Repn2BusFrChAInit1" comment="" line="702" main_generator_called="MAIN_GENERATOR" attributes="unused"/>
      <function name="STEA_OFFS_Missing_Oper" comment="" line="762" main_generator_called="MAIN_GENERATOR" attributes="unused"/>
      <function name="STEA_OFFS_Received_Oper" comment="" line="855" main_generator_called="MAIN_GENERATOR" attributes="unused"/>
   </file>
   <file name="C:\\_PratikJadhav\\_Synergy_Projects\\Working\\MM106A_BmwMsgSlot108Bas0Repn2BusFrChA_Impl\\tools\\local\\generate\\Rte_BmwMsgSlot108Bas0Repn2BusFrChA.h" comment="">
      <function name="Rte_Call_BmwMsgSlot108Bas0Repn2BusFrChA_SetNtcSts_Oper" comment="" line="92" main_generator_called="disabled" attributes="extern">
         <scalar name="arg1" comment="" line="92" base_type="uint16" complete_type="uint16" init_mode="disabled" init_range="disabled" global_assert="unsupported" assert_range="unsupported"/>
         <scalar name="arg2" comment="" line="92" base_type="uint8" complete_type="uint8" init_mode="disabled" init_range="disabled" global_assert="unsupported" assert_range="unsupported"/>
         <scalar name="arg3" comment="" line="92" base_type="uint8" complete_type="uint8" init_mode="disabled" init_range="disabled" global_assert="unsupported" assert_range="unsupported"/>
         <scalar name="arg4" comment="" line="92" base_type="uint16" complete_type="uint16" init_mode="disabled" init_range="disabled" global_assert="unsupported" assert_range="unsupported"/>
         <scalar name="return" comment="" line="92" base_type="uint8" complete_type="uint8" init_mode="PERMANENT" init_modes_allowed="4" init_range="min..max" global_assert="unsupported" assert_range="unsupported"/>
      </function>
      <pointer name="Rte_Inst_BmwMsgSlot108Bas0Repn2BusFrChA" comment="" line="64" attributes="extern const" complete_type="const struct Rte_CDS_BmwMsgSlot108Bas0Repn2BusFrChA *" init_mode="INIT" init_modes_allowed="2" initialize_pointer="May-be NULL" number_allocated="max" init_pointed="MULTI">
         <struct comment="" line="64" complete_type="struct Rte_CDS_BmwMsgSlot108Bas0Repn2BusFrChA" attributes="extern const">
            <pointer name="Pim_AvlSteaPniOffsFaildCnt" comment="" line="64" attributes="extern const" complete_type="uint8 *" init_mode="INIT" init_modes_allowed="2" initialize_pointer="May-be NULL" number_allocated="max" init_pointed="MULTI">
               <scalar comment="" line="64" base_type="uint8" attributes="extern" complete_type="uint8" init_mode="INIT" init_modes_allowed="2" init_range="min..max" global_assert="unsupported" assert_range="unsupported"/>
            </pointer>
            <pointer name="Pim_AvlSteaPniOffsPassdCnt" comment="" line="64" attributes="extern const" complete_type="uint8 *" init_mode="INIT" init_modes_allowed="2" initialize_pointer="May-be NULL" number_allocated="max" init_pointed="MULTI">
               <scalar comment="" line="64" base_type="uint8" attributes="extern" complete_type="uint8" init_mode="INIT" init_modes_allowed="2" init_range="min..max" global_assert="unsupported" assert_range="unsupported"/>
            </pointer>
            <pointer name="Pim_BmwPinionAgOffsPrev" comment="" line="64" attributes="extern const" complete_type="float32 *" init_mode="INIT" init_modes_allowed="2" initialize_pointer="May-be NULL" number_allocated="max" init_pointed="MULTI">
               <scalar comment="" line="64" base_type="float32" attributes="extern" complete_type="float32" init_mode="INIT" init_modes_allowed="2" init_range="min..max" global_assert="unsupported" assert_range="unsupported"/>
            </pointer>
            <pointer name="Pim_MissingMsgCnt" comment="" line="64" attributes="extern const" complete_type="uint8 *" init_mode="INIT" init_modes_allowed="2" initialize_pointer="May-be NULL" number_allocated="max" init_pointed="MULTI">
               <scalar comment="" line="64" base_type="uint8" attributes="extern" complete_type="uint8" init_mode="INIT" init_modes_allowed="2" init_range="min..max" global_assert="unsupported" assert_range="unsupported"/>
            </pointer>
            <pointer name="Pim_RxMsgCnt" comment="" line="64" attributes="extern const" complete_type="uint8 *" init_mode="INIT" init_modes_allowed="2" initialize_pointer="May-be NULL" number_allocated="max" init_pointed="MULTI">
               <scalar comment="" line="64" base_type="uint8" attributes="extern" complete_type="uint8" init_mode="INIT" init_modes_allowed="2" init_range="min..max" global_assert="unsupported" assert_range="unsupported"/>
            </pointer>
         </struct>
      </pointer>
      <function name="Rte_Prm_BmwMsgSlot108Bas0Repn2BusFrChA_BmwMsgSlot108Bas0Repn2BusFrChABmwSteerPolarity_Val" comment="" line="93" main_generator_called="disabled" attributes="extern">
         <scalar name="return" comment="" line="93" base_type="int8" complete_type="int8" init_mode="PERMANENT" init_modes_allowed="4" init_range="min..max" global_assert="unsupported" assert_range="unsupported"/>
      </function>
      <function name="Rte_Read_BmwMsgSlot108Bas0Repn2BusFrChA_AVL_STEA_PNI_OFFS_AVL_STEA_PNI_OFFS" comment="" line="88" main_generator_called="disabled" attributes="extern">
         <pointer name="arg1" comment="" line="88" complete_type="uint16 *" init_mode="disabled" initialize_pointer="disabled" number_allocated="disabled" init_pointed="MULTI">
            <scalar comment="" line="88" base_type="uint16" complete_type="uint16" init_mode="PERMANENT" init_modes_allowed="4" init_range="min..max" global_assert="unsupported" assert_range="unsupported"/>
         </pointer>
         <scalar name="return" comment="" line="88" base_type="uint8" complete_type="uint8" init_mode="PERMANENT" init_modes_allowed="4" init_range="min..max" global_assert="unsupported" assert_range="unsupported"/>
      </function>
      <function name="Rte_Read_BmwMsgSlot108Bas0Repn2BusFrChA_FltCodEnad_Logl" comment="" line="89" main_generator_called="disabled" attributes="extern">
         <pointer name="arg1" comment="" line="89" complete_type="uint8 *" init_mode="disabled" initialize_pointer="disabled" number_allocated="disabled" init_pointed="MULTI">
            <scalar comment="" line="89" base_type="uint8" complete_type="uint8" init_mode="PERMANENT" init_modes_allowed="4" init_range="min..max" global_assert="unsupported" assert_range="unsupported"/>
         </pointer>
         <scalar name="return" comment="" line="89" base_type="uint8" complete_type="uint8" init_mode="PERMANENT" init_modes_allowed="4" init_range="min..max" global_assert="unsupported" assert_range="unsupported"/>
      </function>
      <function name="Rte_Write_BmwMsgSlot108Bas0Repn2BusFrChA_BmwPinionAgOffsSts_Val" comment="" line="91" main_generator_called="disabled" attributes="extern">
         <scalar name="arg1" comment="" line="91" base_type="uint8" complete_type="uint8" init_mode="disabled" init_range="disabled" global_assert="unsupported" assert_range="unsupported"/>
         <scalar name="return" comment="" line="91" base_type="uint8" complete_type="uint8" init_mode="PERMANENT" init_modes_allowed="4" init_range="min..max" global_assert="unsupported" assert_range="unsupported"/>
      </function>
      <function name="Rte_Write_BmwMsgSlot108Bas0Repn2BusFrChA_BmwPinionAgOffs_Val" comment="" line="90" main_generator_called="disabled" attributes="extern">
         <scalar name="arg1" comment="" line="90" base_type="float32" complete_type="float32" init_mode="disabled" init_range="disabled" global_assert="unsupported" assert_range="unsupported"/>
         <scalar name="return" comment="" line="90" base_type="uint8" complete_type="uint8" init_mode="PERMANENT" init_modes_allowed="4" init_range="min..max" global_assert="unsupported" assert_range="unsupported"/>
      </function>
   </file>
</global>
