<?xml version="1.0" encoding="UTF-8"?>
<MISRA-C-Report-Summary>
<File Mode="advisory" Error="0" Warning="7" Total="7">
<Name>
C:\Users\NZ4246\Documents\_Synergy_Projects\New_Working\CM101A_ExcpnHndlg_Impl\src\CDD_ExcpnHndlg.c</Name>
</File>
<File Mode="required" Error="0" Warning="1" Total="1">
<Name>
C:\Users\NZ4246\Documents\_Synergy_Projects\New_Working\CM101A_ExcpnHndlg_Impl\src\CDD_ExcpnHndlg.c</Name>
</File>
<File Mode="advisory" Error="0" Warning="1" Total="1">
<Name>
C:\Users\NZ4246\Documents\_Synergy_Projects\New_Working\CM101A_ExcpnHndlg_Impl\src\CDD_ExcpnHndlgIrq.c</Name>
</File>
<File Mode="required" Error="0" Warning="16" Total="16">
<Name>
C:\Users\NZ4246\Documents\_Synergy_Projects\New_Working\CM101A_ExcpnHndlg_Impl\src\CDD_ExcpnHndlgIrq.c</Name>
</File>
<File Mode="advisory" Error="0" Warning="1" Total="1">
<Name>
C:\Users\NZ4246\Documents\_Synergy_Projects\New_Working\CM101A_ExcpnHndlg_Impl\src\CDD_ExcpnHndlgNonRte.c</Name>
</File>
<File Mode="required" Error="0" Warning="24" Total="24">
<Name>
C:\Users\NZ4246\Documents\_Synergy_Projects\New_Working\CM101A_ExcpnHndlg_Impl\src\CDD_ExcpnHndlgNonRte.c</Name>
</File>
<Rule Name="8.10" Count="24" Mode="required" Severity="warning">
<Message>
</Message>
</Rule>
<Rule Name="2.1" Count="12" Mode="required" Severity="warning">
<Message>
Assembly language shall be encapsulated and isolated.</Message>
</Rule>
<Rule Name="19.1" Count="7" Mode="advisory" Severity="warning">
<Message>
#include statements in a file shall only be preceded by other preprocessor directives or comments.</Message>
</Rule>
<Rule Name="3.4" Count="4" Mode="required" Severity="warning">
<Message>
All uses of the #pragma directive shall be documented and explained.</Message>
</Rule>
<Rule Name="11.3" Count="2" Mode="advisory" Severity="warning">
<Message>
A cast should not be performed between a pointer type and an integral type.</Message>
</Rule>
<Rule Name="1.1" Count="1" Mode="required" Severity="warning">
<Message>
All code shall conform to ISO 9899:1990 Programming languages  C,</Message>
</Rule>
</MISRA-C-Report-Summary>
