<?xml version="1.0" encoding="UTF-8"?>

<MISRA-C-Report version="1.3">


<CodeStruct Name="" File="C:\Users\nz2999\Documents\Synergy\ccm_wa\ses_dev_ea4\CF069A_BmwStReqMgr_Impl-nz2999\CF069A_BmwStReqMgr_Impl\src\BmwStReqMgr.c" Line="0" Column="0">

<Rule Name="5.1" Mode="required" Report="warning" Id="1">
<Loc File="C:\Users\nz2999\Documents\Synergy\ccm_wa\ses_dev_ea4\CF069A_BmwStReqMgr_Impl-nz2999\CF069A_BmwStReqMgr_Impl\src\BmwStReqMgr.c" Line="253" Column="38">
</Loc>
<Message>
Identifiers "DiagcStsNonRcvrlReqDiFltPrsnt_Cnt_T_logl" (BmwStReqMgr.c line 246 column 75) and "DiagcStsNonRcvrlReqDiFltPrsnt_Cnt_T_logl" (BmwStReqMgr.c line 253 column 38) have the same first 40 characters.
</Message>
</Rule>

<Rule Name="5.1" Mode="required" Report="warning" Id="2">
<Loc File="C:\Users\nz2999\Documents\Synergy\ccm_wa\ses_dev_ea4\CF069A_BmwStReqMgr_Impl-nz2999\CF069A_BmwStReqMgr_Impl\src\BmwStReqMgr.c" Line="264" Column="35">
</Loc>
<Message>
Identifiers "DiagcStsNonRcvrlReqDiFltPrsnt_Cnt_T_logl" (BmwStReqMgr.c line 246 column 75) and "DiagcStsNonRcvrlReqDiFltPrsnt_Cnt_T_logl" (BmwStReqMgr.c line 264 column 35) have the same first 40 characters.
Identifiers "DiagcStsNonRcvrlReqDiFltPrsnt_Cnt_T_logl" (BmwStReqMgr.c line 253 column 38) and "DiagcStsNonRcvrlReqDiFltPrsnt_Cnt_T_logl" (BmwStReqMgr.c line 264 column 35) have the same first 40 characters.
</Message>
</Rule>

<Rule Name="19.1" Mode="advisory" Report="warning" Id="4">
<Loc File="C:\Users\nz2999\Documents\Synergy\ccm_wa\ses_dev_ea4\CF069A_BmwStReqMgr_Impl-nz2999\CF069A_BmwStReqMgr_Impl\src\BmwStReqMgr.c" Line="370" Column="0">
</Loc>
<Message>
#include statements in a file shall only be preceded by other preprocessor directives or comments.
</Message>
</Rule>

<Rule Name="19.1" Mode="advisory" Report="warning" Id="5">
<Loc File="C:\Users\nz2999\Documents\Synergy\ccm_wa\ses_dev_ea4\CF069A_BmwStReqMgr_Impl-nz2999\CF069A_BmwStReqMgr_Impl\src\BmwStReqMgr.c" Line="609" Column="0">
</Loc>
<Message>
#include statements in a file shall only be preceded by other preprocessor directives or comments.
</Message>
</Rule>

<Rule Name="19.1" Mode="advisory" Report="warning" Id="6">
<Loc File="C:\Users\nz2999\Documents\Synergy\ccm_wa\ses_dev_ea4\CF069A_BmwStReqMgr_Impl-nz2999\CF069A_BmwStReqMgr_Impl\src\BmwStReqMgr.c" Line="618" Column="0">
</Loc>
<Message>
#include statements in a file shall only be preceded by other preprocessor directives or comments.
</Message>
</Rule>

<Rule Name="5.1" Mode="required" Report="warning" Id="7">
<Loc File="C:\Users\nz2999\Documents\Synergy\ccm_wa\ses_dev_ea4\CF069A_BmwStReqMgr_Impl-nz2999\CF069A_BmwStReqMgr_Impl\src\BmwStReqMgr.c" Line="711" Column="75">
</Loc>
<Message>
Identifiers "DiagcStsNonRcvrlReqDiFltPrsnt_Cnt_T_logl" (BmwStReqMgr.c line 711 column 75) and "DiagcStsNonRcvrlReqDiFltPrsnt_Cnt_T_logl" (BmwStReqMgr.c line 253 column 38) have the same first 40 characters.
Identifiers "DiagcStsNonRcvrlReqDiFltPrsnt_Cnt_T_logl" (BmwStReqMgr.c line 711 column 75) and "DiagcStsNonRcvrlReqDiFltPrsnt_Cnt_T_logl" (BmwStReqMgr.c line 264 column 35) have the same first 40 characters.
Identifiers "DiagcStsNonRcvrlReqDiFltPrsnt_Cnt_T_logl" (BmwStReqMgr.c line 711 column 75) and "DiagcStsNonRcvrlReqDiFltPrsnt_Cnt_T_logl" (BmwStReqMgr.c line 246 column 75) have the same first 40 characters.
</Message>
</Rule>

<Rule Name="5.1" Mode="required" Report="warning" Id="10">
<Loc File="C:\Users\nz2999\Documents\Synergy\ccm_wa\ses_dev_ea4\CF069A_BmwStReqMgr_Impl-nz2999\CF069A_BmwStReqMgr_Impl\src\BmwStReqMgr.c" Line="837" Column="38">
</Loc>
<Message>
Identifiers "DiagcStsNonRcvrlReqDiFltPrsnt_Cnt_T_logl" (BmwStReqMgr.c line 837 column 38) and "DiagcStsNonRcvrlReqDiFltPrsnt_Cnt_T_logl" (BmwStReqMgr.c line 253 column 38) have the same first 40 characters.
Identifiers "DiagcStsNonRcvrlReqDiFltPrsnt_Cnt_T_logl" (BmwStReqMgr.c line 837 column 38) and "DiagcStsNonRcvrlReqDiFltPrsnt_Cnt_T_logl" (BmwStReqMgr.c line 264 column 35) have the same first 40 characters.
Identifiers "DiagcStsNonRcvrlReqDiFltPrsnt_Cnt_T_logl" (BmwStReqMgr.c line 837 column 38) and "DiagcStsNonRcvrlReqDiFltPrsnt_Cnt_T_logl" (BmwStReqMgr.c line 246 column 75) have the same first 40 characters.
Identifiers "DiagcStsNonRcvrlReqDiFltPrsnt_Cnt_T_logl" (BmwStReqMgr.c line 711 column 75) and "DiagcStsNonRcvrlReqDiFltPrsnt_Cnt_T_logl" (BmwStReqMgr.c line 837 column 38) have the same first 40 characters.
</Message>
</Rule>

<Rule Name="5.1" Mode="required" Report="warning" Id="14">
<Loc File="C:\Users\nz2999\Documents\Synergy\ccm_wa\ses_dev_ea4\CF069A_BmwStReqMgr_Impl-nz2999\CF069A_BmwStReqMgr_Impl\src\BmwStReqMgr.c" Line="980" Column="35">
</Loc>
<Message>
Identifiers "DiagcStsNonRcvrlReqDiFltPrsnt_Cnt_T_logl" (BmwStReqMgr.c line 980 column 35) and "DiagcStsNonRcvrlReqDiFltPrsnt_Cnt_T_logl" (BmwStReqMgr.c line 253 column 38) have the same first 40 characters.
Identifiers "DiagcStsNonRcvrlReqDiFltPrsnt_Cnt_T_logl" (BmwStReqMgr.c line 711 column 75) and "DiagcStsNonRcvrlReqDiFltPrsnt_Cnt_T_logl" (BmwStReqMgr.c line 980 column 35) have the same first 40 characters.
Identifiers "DiagcStsNonRcvrlReqDiFltPrsnt_Cnt_T_logl" (BmwStReqMgr.c line 837 column 38) and "DiagcStsNonRcvrlReqDiFltPrsnt_Cnt_T_logl" (BmwStReqMgr.c line 980 column 35) have the same first 40 characters.
Identifiers "DiagcStsNonRcvrlReqDiFltPrsnt_Cnt_T_logl" (BmwStReqMgr.c line 980 column 35) and "DiagcStsNonRcvrlReqDiFltPrsnt_Cnt_T_logl" (BmwStReqMgr.c line 264 column 35) have the same first 40 characters.
Identifiers "DiagcStsNonRcvrlReqDiFltPrsnt_Cnt_T_logl" (BmwStReqMgr.c line 980 column 35) and "DiagcStsNonRcvrlReqDiFltPrsnt_Cnt_T_logl" (BmwStReqMgr.c line 246 column 75) have the same first 40 characters.
</Message>
</Rule>

<Rule Name="19.1" Mode="advisory" Report="warning" Id="19">
<Loc File="C:\Users\nz2999\Documents\Synergy\ccm_wa\ses_dev_ea4\CF069A_BmwStReqMgr_Impl-nz2999\CF069A_BmwStReqMgr_Impl\src\BmwStReqMgr.c" Line="1116" Column="0">
</Loc>
<Message>
#include statements in a file shall only be preceded by other preprocessor directives or comments.
</Message>
</Rule>

</CodeStruct>

<CodeStruct Name="BmwStReqMgrPer1" File="C:\Users\nz2999\Documents\Synergy\ccm_wa\ses_dev_ea4\CF069A_BmwStReqMgr_Impl-nz2999\CF069A_BmwStReqMgr_Impl\src\BmwStReqMgr.c" Line="476" Column="5">

<Rule Name="5.1" Mode="required" Report="warning" Id="20">
<Loc File="C:\Users\nz2999\Documents\Synergy\ccm_wa\ses_dev_ea4\CF069A_BmwStReqMgr_Impl-nz2999\CF069A_BmwStReqMgr_Impl\src\BmwStReqMgr.c" Line="487" Column="12">
</Loc>
<Message>
Identifiers "DiagcStsNonRcvrlReqDiFltPrsnt_Cnt_T_logl" (BmwStReqMgr.c line 264 column 35) and "DiagcStsNonRcvrlReqDiFltPrsnt_Cnt_T_logl" (BmwStReqMgr.c line 487 column 12) have the same first 40 characters.
Identifiers "DiagcStsNonRcvrlReqDiFltPrsnt_Cnt_T_logl" (BmwStReqMgr.c line 246 column 75) and "DiagcStsNonRcvrlReqDiFltPrsnt_Cnt_T_logl" (BmwStReqMgr.c line 487 column 12) have the same first 40 characters.
Identifiers "DiagcStsNonRcvrlReqDiFltPrsnt_Cnt_T_logl" (BmwStReqMgr.c line 253 column 38) and "DiagcStsNonRcvrlReqDiFltPrsnt_Cnt_T_logl" (BmwStReqMgr.c line 487 column 12) have the same first 40 characters.
</Message>
</Rule>

<Rule Name="5.1" Mode="required" Report="warning" Id="23">
<Loc File="C:\Users\nz2999\Documents\Synergy\ccm_wa\ses_dev_ea4\CF069A_BmwStReqMgr_Impl-nz2999\CF069A_BmwStReqMgr_Impl\src\BmwStReqMgr.c" Line="711" Column="75">
</Loc>
<Message>
Identifiers "DiagcStsNonRcvrlReqDiFltPrsnt_Cnt_T_logl" (BmwStReqMgr.c line 711 column 75) and "DiagcStsNonRcvrlReqDiFltPrsnt_Cnt_T_logl" (BmwStReqMgr.c line 487 column 12) have the same first 40 characters.
</Message>
</Rule>

<Rule Name="5.1" Mode="required" Report="warning" Id="24">
<Loc File="C:\Users\nz2999\Documents\Synergy\ccm_wa\ses_dev_ea4\CF069A_BmwStReqMgr_Impl-nz2999\CF069A_BmwStReqMgr_Impl\src\BmwStReqMgr.c" Line="837" Column="38">
</Loc>
<Message>
Identifiers "DiagcStsNonRcvrlReqDiFltPrsnt_Cnt_T_logl" (BmwStReqMgr.c line 837 column 38) and "DiagcStsNonRcvrlReqDiFltPrsnt_Cnt_T_logl" (BmwStReqMgr.c line 487 column 12) have the same first 40 characters.
</Message>
</Rule>

<Rule Name="5.1" Mode="required" Report="warning" Id="25">
<Loc File="C:\Users\nz2999\Documents\Synergy\ccm_wa\ses_dev_ea4\CF069A_BmwStReqMgr_Impl-nz2999\CF069A_BmwStReqMgr_Impl\src\BmwStReqMgr.c" Line="980" Column="35">
</Loc>
<Message>
Identifiers "DiagcStsNonRcvrlReqDiFltPrsnt_Cnt_T_logl" (BmwStReqMgr.c line 980 column 35) and "DiagcStsNonRcvrlReqDiFltPrsnt_Cnt_T_logl" (BmwStReqMgr.c line 487 column 12) have the same first 40 characters.
</Message>
</Rule>

</CodeStruct>

<CodeStruct Name="StsDrvrActvyTmr" File="C:\Users\nz2999\Documents\Synergy\ccm_wa\ses_dev_ea4\CF069A_BmwStReqMgr_Impl-nz2999\CF069A_BmwStReqMgr_Impl\src\BmwStReqMgr.c" Line="791" Column="21">

<Rule Name="12.4" Mode="required" Report="warning" Id="26">
<Loc File="C:\Users\nz2999\Documents\Synergy\ccm_wa\ses_dev_ea4\CF069A_BmwStReqMgr_Impl-nz2999\CF069A_BmwStReqMgr_Impl\src\BmwStReqMgr.c" Line="797" Column="75">
</Loc>
<Message>
The right hand operand of a logical &amp;&amp; or || operator shall not contain side effects.
</Message>
</Rule>

</CodeStruct>

</MISRA-C-Report>
