<?xml version="1.0" encoding="UTF-8"?>
<MISRA-C-Report-Summary>
<File Mode="advisory" Error="0" Warning="4" Total="4">
<Name>
C:\Users\nz2999\Documents\Synergy\ccm_wa\ses_dev_ea4\CF083A_BmwMotTqOvrlArbn_Impl-nz2999\CF083A_BmwMotTqOvrlArbn_Impl\src\BmwMotTqOvrlArbn.c</Name>
</File>
<File Mode="required" Error="0" Warning="3" Total="3">
<Name>
C:\Users\nz2999\Documents\Synergy\ccm_wa\ses_dev_ea4\CF083A_BmwMotTqOvrlArbn_Impl-nz2999\CF083A_BmwMotTqOvrlArbn_Impl\src\BmwMotTqOvrlArbn.c</Name>
</File>
<Rule Name="19.1" Count="4" Mode="advisory" Severity="warning">
<Message>
#include statements in a file shall only be preceded by other preprocessor directives or comments.</Message>
</Rule>
<Rule Name="5.1" Count="3" Mode="required" Severity="warning">
<Message>
</Message>
</Rule>
</MISRA-C-Report-Summary>
