<?xml version="1.0" encoding="UTF-8"?>
<MISRA-C-Report-Summary>
<File Mode="advisory" Error="0" Warning="2" Total="2">
<Name>
C:\Users\nz3541\Documents\SynergyWorkingEA4\SF019D_PwrLimr_Impl\src\PwrLimr.c</Name>
</File>
<File Mode="required" Error="0" Warning="36" Total="36">
<Name>
C:\Users\nz3541\Documents\SynergyWorkingEA4\SF019D_PwrLimr_Impl\src\PwrLimr.c</Name>
</File>
<Rule Name="11.5" Count="34" Mode="required" Severity="warning">
<Message>
A cast shall not be performed that removes any const or volatile qualification</Message>
</Rule>
<Rule Name="19.1" Count="2" Mode="advisory" Severity="warning">
<Message>
#include statements in a file shall only be preceded by other preprocessor directives or comments.</Message>
</Rule>
<Rule Name="21.1" Count="2" Mode="required" Severity="warning">
<Message>
Minimisation of run-time failures.</Message>
</Rule>
</MISRA-C-Report-Summary>
