<?xml version="1.0" encoding="UTF-8"?>

<MISRA-C-Report version="1.3">


<CodeStruct Name="" File="C:\_Synergy_Projects\Working\SF039A_LrndRackCentr_Impl\src\LrndRackCentr.c" Line="0" Column="0">

<Rule Name="19.1" Mode="advisory" Report="warning" Id="1">
<Loc File="C:\_Synergy_Projects\Working\SF039A_LrndRackCentr_Impl\src\LrndRackCentr.c" Line="164" Column="0">
</Loc>
<Message>
#include statements in a file shall only be preceded by other preprocessor directives or comments.
</Message>
</Rule>

<Rule Name="19.1" Mode="advisory" Report="warning" Id="2">
<Loc File="C:\_Synergy_Projects\Working\SF039A_LrndRackCentr_Impl\src\LrndRackCentr.c" Line="580" Column="0">
</Loc>
<Message>
#include statements in a file shall only be preceded by other preprocessor directives or comments.
</Message>
</Rule>

</CodeStruct>

<CodeStruct Name="ChkRackCentr" File="C:\_Synergy_Projects\Working\SF039A_LrndRackCentr_Impl\src\LrndRackCentr.c" Line="669" Column="12">

<Rule Name="21.1" Mode="required" Report="warning" Id="3">
<Loc File="C:\_Synergy_Projects\Working\SF039A_LrndRackCentr_Impl\src\LrndRackCentr.c" Line="693" Column="51">
</Loc>
<Message>
Minimisation of run-time failures.
</Message>
</Rule>

<Rule Name="21.1" Mode="required" Report="warning" Id="4">
<Loc File="C:\_Synergy_Projects\Working\SF039A_LrndRackCentr_Impl\src\LrndRackCentr.c" Line="696" Column="132">
</Loc>
<Message>
Minimisation of run-time failures.
</Message>
</Rule>

<Rule Name="21.1" Mode="required" Report="warning" Id="5">
<Loc File="C:\_Synergy_Projects\Working\SF039A_LrndRackCentr_Impl\src\LrndRackCentr.c" Line="700" Column="51">
</Loc>
<Message>
Minimisation of run-time failures.
</Message>
</Rule>

<Rule Name="21.1" Mode="required" Report="warning" Id="6">
<Loc File="C:\_Synergy_Projects\Working\SF039A_LrndRackCentr_Impl\src\LrndRackCentr.c" Line="701" Column="51">
</Loc>
<Message>
Minimisation of run-time failures.
</Message>
</Rule>

<Rule Name="21.1" Mode="required" Report="warning" Id="7">
<Loc File="C:\_Synergy_Projects\Working\SF039A_LrndRackCentr_Impl\src\LrndRackCentr.c" Line="702" Column="51">
</Loc>
<Message>
Minimisation of run-time failures.
</Message>
</Rule>

<Rule Name="21.1" Mode="required" Report="warning" Id="8">
<Loc File="C:\_Synergy_Projects\Working\SF039A_LrndRackCentr_Impl\src\LrndRackCentr.c" Line="703" Column="51">
</Loc>
<Message>
Minimisation of run-time failures.
</Message>
</Rule>

<Rule Name="21.1" Mode="required" Report="warning" Id="9">
<Loc File="C:\_Synergy_Projects\Working\SF039A_LrndRackCentr_Impl\src\LrndRackCentr.c" Line="706" Column="117">
</Loc>
<Message>
Minimisation of run-time failures.
</Message>
</Rule>

<Rule Name="21.1" Mode="required" Report="warning" Id="10">
<Loc File="C:\_Synergy_Projects\Working\SF039A_LrndRackCentr_Impl\src\LrndRackCentr.c" Line="723" Column="132">
</Loc>
<Message>
Minimisation of run-time failures.
</Message>
</Rule>

<Rule Name="21.1" Mode="required" Report="warning" Id="11">
<Loc File="C:\_Synergy_Projects\Working\SF039A_LrndRackCentr_Impl\src\LrndRackCentr.c" Line="728" Column="51">
</Loc>
<Message>
Minimisation of run-time failures.
</Message>
</Rule>

<Rule Name="21.1" Mode="required" Report="warning" Id="12">
<Loc File="C:\_Synergy_Projects\Working\SF039A_LrndRackCentr_Impl\src\LrndRackCentr.c" Line="735" Column="132">
</Loc>
<Message>
Minimisation of run-time failures.
</Message>
</Rule>

</CodeStruct>

<CodeStruct Name="LrndRackCentrInit1" File="C:\_Synergy_Projects\Working\SF039A_LrndRackCentr_Impl\src\LrndRackCentr.c" Line="211" Column="5">

<Rule Name="9.1" Mode="required" Report="warning" Id="13">
<Loc File="C:\_Synergy_Projects\Working\SF039A_LrndRackCentr_Impl\src\LrndRackCentr.c" Line="226" Column="7">
</Loc>
<Message>
All automatic variables shall have been assigned a value before being used.
</Message>
</Rule>

<Rule Name="21.1" Mode="required" Report="warning" Id="14">
<Loc File="C:\_Synergy_Projects\Working\SF039A_LrndRackCentr_Impl\src\LrndRackCentr.c" Line="231" Column="31">
</Loc>
<Message>
Minimisation of run-time failures.
</Message>
</Rule>

<Rule Name="21.1" Mode="required" Report="warning" Id="15">
<Loc File="C:\_Synergy_Projects\Working\SF039A_LrndRackCentr_Impl\src\LrndRackCentr.c" Line="231" Column="51">
</Loc>
<Message>
Minimisation of run-time failures.
</Message>
</Rule>

<Rule Name="21.1" Mode="required" Report="warning" Id="16">
<Loc File="C:\_Synergy_Projects\Working\SF039A_LrndRackCentr_Impl\src\LrndRackCentr.c" Line="232" Column="51">
</Loc>
<Message>
Minimisation of run-time failures.
</Message>
</Rule>

<Rule Name="21.1" Mode="required" Report="warning" Id="17">
<Loc File="C:\_Synergy_Projects\Working\SF039A_LrndRackCentr_Impl\src\LrndRackCentr.c" Line="233" Column="51">
</Loc>
<Message>
Minimisation of run-time failures.
</Message>
</Rule>

<Rule Name="21.1" Mode="required" Report="warning" Id="18">
<Loc File="C:\_Synergy_Projects\Working\SF039A_LrndRackCentr_Impl\src\LrndRackCentr.c" Line="234" Column="51">
</Loc>
<Message>
Minimisation of run-time failures.
</Message>
</Rule>

<Rule Name="21.1" Mode="required" Report="warning" Id="19">
<Loc File="C:\_Synergy_Projects\Working\SF039A_LrndRackCentr_Impl\src\LrndRackCentr.c" Line="235" Column="51">
</Loc>
<Message>
Minimisation of run-time failures.
</Message>
</Rule>

<Rule Name="21.1" Mode="required" Report="warning" Id="20">
<Loc File="C:\_Synergy_Projects\Working\SF039A_LrndRackCentr_Impl\src\LrndRackCentr.c" Line="239" Column="76">
</Loc>
<Message>
Minimisation of run-time failures.
</Message>
</Rule>

<Rule Name="21.1" Mode="required" Report="warning" Id="21">
<Loc File="C:\_Synergy_Projects\Working\SF039A_LrndRackCentr_Impl\src\LrndRackCentr.c" Line="239" Column="96">
</Loc>
<Message>
Minimisation of run-time failures.
</Message>
</Rule>

<Rule Name="21.1" Mode="required" Report="warning" Id="22">
<Loc File="C:\_Synergy_Projects\Working\SF039A_LrndRackCentr_Impl\src\LrndRackCentr.c" Line="244" Column="90">
</Loc>
<Message>
Minimisation of run-time failures.
</Message>
</Rule>

<Rule Name="21.1" Mode="required" Report="warning" Id="23">
<Loc File="C:\_Synergy_Projects\Working\SF039A_LrndRackCentr_Impl\src\LrndRackCentr.c" Line="244" Column="184">
</Loc>
<Message>
Minimisation of run-time failures.
</Message>
</Rule>

</CodeStruct>

<CodeStruct Name="RstRackCentrMotRev_Oper" File="C:\_Synergy_Projects\Working\SF039A_LrndRackCentr_Impl\src\LrndRackCentr.c" Line="543" Column="5">

<Rule Name="21.1" Mode="required" Report="warning" Id="27">
<Loc File="C:\_Synergy_Projects\Working\SF039A_LrndRackCentr_Impl\src\LrndRackCentr.c" Line="568" Column="47">
</Loc>
<Message>
Minimisation of run-time failures.
</Message>
</Rule>

<Rule Name="21.1" Mode="required" Report="warning" Id="28">
<Loc File="C:\_Synergy_Projects\Working\SF039A_LrndRackCentr_Impl\src\LrndRackCentr.c" Line="569" Column="47">
</Loc>
<Message>
Minimisation of run-time failures.
</Message>
</Rule>

</CodeStruct>

<CodeStruct Name="RstRackCentrMotAg_Oper" File="C:\_Synergy_Projects\Working\SF039A_LrndRackCentr_Impl\src\LrndRackCentr.c" Line="466" Column="5">

<Rule Name="21.1" Mode="required" Report="warning" Id="24">
<Loc File="C:\_Synergy_Projects\Working\SF039A_LrndRackCentr_Impl\src\LrndRackCentr.c" Line="473" Column="44">
</Loc>
<Message>
Minimisation of run-time failures.
</Message>
</Rule>

<Rule Name="21.1" Mode="required" Report="warning" Id="25">
<Loc File="C:\_Synergy_Projects\Working\SF039A_LrndRackCentr_Impl\src\LrndRackCentr.c" Line="474" Column="44">
</Loc>
<Message>
Minimisation of run-time failures.
</Message>
</Rule>

<Rule Name="21.1" Mode="required" Report="warning" Id="26">
<Loc File="C:\_Synergy_Projects\Working\SF039A_LrndRackCentr_Impl\src\LrndRackCentr.c" Line="475" Column="44">
</Loc>
<Message>
Minimisation of run-time failures.
</Message>
</Rule>

</CodeStruct>

<CodeStruct Name="LrndRackCentrPer1" File="C:\_Synergy_Projects\Working\SF039A_LrndRackCentr_Impl\src\LrndRackCentr.c" Line="327" Column="5">

<Rule Name="21.1" Mode="required" Report="warning" Id="29">
<Loc File="C:\_Synergy_Projects\Working\SF039A_LrndRackCentr_Impl\src\LrndRackCentr.c" Line="362" Column="50">
</Loc>
<Message>
Minimisation of run-time failures.
</Message>
</Rule>

<Rule Name="21.1" Mode="required" Report="warning" Id="30">
<Loc File="C:\_Synergy_Projects\Working\SF039A_LrndRackCentr_Impl\src\LrndRackCentr.c" Line="400" Column="86">
</Loc>
<Message>
Minimisation of run-time failures.
</Message>
</Rule>

<Rule Name="21.1" Mode="required" Report="warning" Id="31">
<Loc File="C:\_Synergy_Projects\Working\SF039A_LrndRackCentr_Impl\src\LrndRackCentr.c" Line="411" Column="81">
</Loc>
<Message>
Minimisation of run-time failures.
</Message>
</Rule>

</CodeStruct>

</MISRA-C-Report>
