<?xml version="1.0" encoding="UTF-8"?>

<MISRA-C-Report version="1.3">


<CodeStruct Name="" File="C:\Workspace\_EA4\_Components\AR100A_NxtrMath_Impl-kzdyfh\AR100A_NxtrMath_Impl\src\NxtrMathNonRte.c" Line="0" Column="0">

<Rule Name="19.1" Mode="advisory" Report="warning" Id="1">
<Loc File="C:\Workspace\_EA4\_Components\AR100A_NxtrMath_Impl-kzdyfh\AR100A_NxtrMath_Impl\src\NxtrMathNonRte.c" Line="40" Column="0">
</Loc>
<Message>
#include statements in a file shall only be preceded by other preprocessor directives or comments.
</Message>
</Rule>

<Rule Name="19.1" Mode="advisory" Report="warning" Id="2">
<Loc File="C:\Workspace\_EA4\_Components\AR100A_NxtrMath_Impl-kzdyfh\AR100A_NxtrMath_Impl\src\NxtrMathNonRte.c" Line="46" Column="0">
</Loc>
<Message>
#include statements in a file shall only be preceded by other preprocessor directives or comments.
</Message>
</Rule>

<Rule Name="19.1" Mode="advisory" Report="warning" Id="3">
<Loc File="C:\Workspace\_EA4\_Components\AR100A_NxtrMath_Impl-kzdyfh\AR100A_NxtrMath_Impl\src\NxtrMathNonRte.c" Line="85" Column="0">
</Loc>
<Message>
#include statements in a file shall only be preceded by other preprocessor directives or comments.
</Message>
</Rule>

<Rule Name="19.1" Mode="advisory" Report="warning" Id="4">
<Loc File="C:\Workspace\_EA4\_Components\AR100A_NxtrMath_Impl-kzdyfh\AR100A_NxtrMath_Impl\src\NxtrMathNonRte.c" Line="91" Column="0">
</Loc>
<Message>
#include statements in a file shall only be preceded by other preprocessor directives or comments.
</Message>
</Rule>

<Rule Name="19.1" Mode="advisory" Report="warning" Id="5">
<Loc File="C:\Workspace\_EA4\_Components\AR100A_NxtrMath_Impl-kzdyfh\AR100A_NxtrMath_Impl\src\NxtrMathNonRte.c" Line="141" Column="0">
</Loc>
<Message>
#include statements in a file shall only be preceded by other preprocessor directives or comments.
</Message>
</Rule>

</CodeStruct>

<CodeStruct Name="" File="C:\Workspace\_EA4\_Components\AR100A_NxtrMath_Impl-kzdyfh\AR100A_NxtrMath_Impl\src\NxtrMath.c" Line="0" Column="0">

<Rule Name="19.1" Mode="advisory" Report="warning" Id="6">
<Loc File="C:\Workspace\_EA4\_Components\AR100A_NxtrMath_Impl-kzdyfh\AR100A_NxtrMath_Impl\src\NxtrMath.c" Line="699" Column="0">
</Loc>
<Message>
#include statements in a file shall only be preceded by other preprocessor directives or comments.
</Message>
</Rule>

</CodeStruct>

</MISRA-C-Report>
