<?xml version="1.0" encoding="UTF-8"?>
<MISRA-C-Report-Summary>
<File Mode="advisory" Error="0" Warning="1" Total="1">
<Name>
C:\Workspace\_EA4\_Components\AR100A_NxtrMath_Impl-kzdyfh\AR100A_NxtrMath_Impl\src\NxtrMath.c</Name>
</File>
<File Mode="advisory" Error="0" Warning="5" Total="5">
<Name>
C:\Workspace\_EA4\_Components\AR100A_NxtrMath_Impl-kzdyfh\AR100A_NxtrMath_Impl\src\NxtrMathNonRte.c</Name>
</File>
<Rule Name="19.1" Count="6" Mode="advisory" Severity="warning">
<Message>
#include statements in a file shall only be preceded by other preprocessor directives or comments.</Message>
</Rule>
</MISRA-C-Report-Summary>
