<?xml version="1.0" encoding="UTF-8"?>
<Navig version="1.0">
<Files>
<F id="1" n="C:\Program Files\MATLAB\R2013b\polyspace\verifier\cxx\cinclude\stdarg.h"/>
<F id="2" n="C:\Workspace\_EA4\_Components\NM002C_CmnMfgSrvIf_Impl-kzdyfh\AR201A_ArCplrSuprt_Impl\include\ASR4.0.3\Platform_Types.h"/>
<F id="3" n="C:\Workspace\_EA4\_Components\NM002C_CmnMfgSrvIf_Impl-kzdyfh\AR200A_ArSuprt_Impl\include\ASR4.0.3\Std_Types.h"/>
<F id="4" n="C:\Workspace\_EA4\_Components\NM002C_CmnMfgSrvIf_Impl-kzdyfh\NM002C_CmnMfgSrvIf_Impl\tools\local\generate\Rte_CmnMfgSrvIf.h"/>
<F id="5" n="C:\Workspace\_EA4\_Components\NM002C_CmnMfgSrvIf_Impl-kzdyfh\NM002C_CmnMfgSrvIf_Impl\src\CmnMfgSrvIf.c"/>
<F id="6" n="C:\Workspace\_EA4\_Components\NM002C_CmnMfgSrvIf_Impl-kzdyfh\NM002C_CmnMfgSrvIf_Impl\tools\local\generate\Rte_Stubs.c"/>
<F id="7" n="C-STUBS\__polyspace__stdstubs.c"/>
<F id="8" n="C:\Workspace\_EA4\_Components\NM002C_CmnMfgSrvIf_Impl-kzdyfh\NM002C_CmnMfgSrvIf_Impl\tools\Polyspace\~CodeProver\C-ALL\C-STUBS\pst_stub_types.h"/>
<F id="9" n="C-STUBS\pst_stubs_0.c"/>
<F id="10" n="C-STUBS\__polyspace_main.c"/>
<F id="11" n="C:\Program Files\MATLAB\R2013b\polyspace\verifier\cxx\include\include-libc\float.h"/>
<F id="12" n="C:\Program Files\MATLAB\R2013b\polyspace\verifier\cxx\cinclude\__polyspace__std_decls.h"/>
<F id="13" n="C:\Program Files\MATLAB\R2013b\polyspace\verifier\cxx\cinclude\assert.h"/>
<F id="14" n="C:\Program Files\MATLAB\R2013b\polyspace\verifier\cxx\cinclude\__polyspace__libc_defs.h"/>
<F id="15" n="C:\Workspace\_EA4\_Components\NM002C_CmnMfgSrvIf_Impl-kzdyfh\NM002C_CmnMfgSrvIf_Impl\tools\local\generate\Rte_CmnMfgSrvIf_Type.h"/>
<F id="16" n="C:\Workspace\_EA4\_Components\NM002C_CmnMfgSrvIf_Impl-kzdyfh\NM002C_CmnMfgSrvIf_Impl\tools\local\generate\Rte_Type.h"/>
<F id="17" n="C:\Workspace\_EA4\_Components\NM002C_CmnMfgSrvIf_Impl-kzdyfh\NM002C_CmnMfgSrvIf_Impl\tools\local\generate\Rte.h"/>
<F id="18" n="C:\Workspace\_EA4\_Components\NM002C_CmnMfgSrvIf_Impl-kzdyfh\AR201A_ArCplrSuprt_Impl\include\ASR4.0.3\Compiler.h"/>
<F id="19" n="C:\Workspace\_EA4\_Components\NM002C_CmnMfgSrvIf_Impl-kzdyfh\AR201A_ArCplrSuprt_Impl\tools\contract\Compiler_Cfg.h"/>
<F id="20" n="C:\Workspace\_EA4\_Components\NM002C_CmnMfgSrvIf_Impl-kzdyfh\AR201A_ArCplrSuprt_Impl\tools\contract\Renesas_Compiler.h"/>
<F id="21" n="C:\Workspace\_EA4\_Components\NM002C_CmnMfgSrvIf_Impl-kzdyfh\NM002C_CmnMfgSrvIf_Impl\tools\local\generate\Rte_DataHandleType.h"/>
<F id="22" n="C:\Workspace\_EA4\_Components\NM002C_CmnMfgSrvIf_Impl-kzdyfh\AR200A_ArSuprt_Impl\tools\contract\MemMap.h"/>
<F id="23" n="C:\Workspace\_EA4\_Components\NM002C_CmnMfgSrvIf_Impl-kzdyfh\NM002C_CmnMfgSrvIf_Impl\tools\local\generate\CmnMfgSrvIf_MemMap.h"/>
<F id="24" n="C:\Workspace\_EA4\_Components\NM002C_CmnMfgSrvIf_Impl-kzdyfh\NM002C_CmnMfgSrvIf_Impl\tools\local\generate\Rte_Stubs.h"/>
</Files>
<Definitions>
<D id="1" f="7" l="6830" c="14" n="_polyspace_compare_function_type" t="7" d="1"/>
<D id="2" f="7" l="11290" c="21" n="HUGE_VAL" t="1" d="1"/>
<D id="3" f="7" l="11272" c="12" n="_polyspace_random_long_double" t="2" d="1"/>
<D id="4" f="7" l="11291" c="21" n="HUGE_VALF" t="1" d="1"/>
<D id="5" f="7" l="11292" c="21" n="HUGE_VALL" t="1" d="1"/>
<D id="6" f="7" l="12134" c="16" n="__polyspace_absolute_address" t="1" d="1"/>
<D id="7" f="7" l="11274" c="23" n="random" t="4" d="1"/>
<D id="8" f="8" l="3" c="20" n="__PST__SINT8" t="7" d="1"/>
<D id="9" f="8" l="5" c="19" n="__PST__SINT32" t="7" d="1"/>
<D id="10" f="8" l="1" c="13" n="__PST__CHAR" t="7" d="1"/>
<D id="11" f="8" l="4" c="21" n="__PST__SINT16" t="7" d="1"/>
<D id="12" f="8" l="2" c="13" n="__PST__VOID" t="7" d="1"/>
<D id="13" f="7" l="5" c="21" n="size_t" t="7" d="1"/>
<D id="14" f="7" l="7" c="12" n="ptrdiff_t" t="7" d="1"/>
<D id="15" f="8" l="7" c="22" n="__PST__UINT8" t="7" d="1"/>
<D id="16" f="8" l="9" c="21" n="__PST__UINT32" t="7" d="1"/>
<D id="17" f="4" l="50" c="7" n="Rte_CDS_CmnMfgSrvIf" t="6" d="1"/>
<D id="18" f="8" l="8" c="23" n="__PST__UINT16" t="7" d="1"/>
<D id="19" f="8" l="6" c="25" n="__PST__SINT64" t="7" d="1"/>
<D id="20" f="9" l="45" c="5" n="__PST__MAIN__ENTRY__POINT__" t="2" d="1"/>
<D id="21" f="6" l="18" c="5" n="Rte_Stub" t="2" d="1"/>
<D id="22" f="4" l="53" c="8" n="_dummy" t="9" d="1"/>
<D id="23" f="8" l="20" c="20" n="__PST__g__22" t="7" d="1"/>
<D id="24" f="7" l="10" c="21" n="wchar_t" t="7" d="1"/>
<D id="25" f="8" l="12" c="21" n="__PST__g__11" t="7" d="1"/>
<D id="26" f="8" l="14" c="20" n="__PST__g__15" t="7" d="1"/>
<D id="27" f="3" l="141" c="2" n="Std_VersionInfoType" t="7" d="1"/>
<D id="28" f="8" l="21" c="22" n="__PST__g__23" t="7" d="1"/>
<D id="29" f="8" l="23" c="21" n="__PST__g__30" t="7" d="1"/>
<D id="30" f="5" l="101" c="5" n="CmnMfgSrvIfInit1" t="2" d="1"/>
<D id="31" f="8" l="22" c="31" n="__PST__g__24" t="7" d="1"/>
<D id="32" f="9" l="25" c="20" n="pst_random_int" t="3" d="1"/>
<D id="33" f="8" l="24" c="30" n="__PST__g__31" t="7" d="1"/>
<D id="34" f="8" l="11" c="14" n="__PST__FLOAT32" t="7" d="1"/>
<D id="35" f="8" l="25" c="21" n="__PST__g__32" t="7" d="1"/>
<D id="36" f="8" l="26" c="30" n="__PST__g__33" t="7" d="1"/>
<D id="37" f="10" l="42" c="5" n="main" t="2" d="1"/>
<D id="38" f="8" l="16" c="22" n="__PST__g__18" t="7" d="1"/>
<D id="39" f="8" l="13" c="15" n="__PST__FLOAT64" t="7" d="1"/>
<D id="40" f="8" l="15" c="23" n="__PST__g__16" t="7" d="1"/>
<D id="41" f="8" l="19" c="30" n="__PST__g__20" t="7" d="1"/>
<D id="42" f="1" l="45" c="14" n="__va_list" t="7" d="1"/>
<D id="43" f="8" l="27" c="22" n="__PST__g__34" t="7" d="1"/>
<D id="44" f="8" l="18" c="22" n="__PST__g__21" t="7" d="1"/>
<D id="45" f="8" l="17" c="32" n="__PST__g__19" t="7" d="1"/>
<D id="46" f="8" l="10" c="27" n="__PST__UINT64" t="7" d="1"/>
<D id="47" f="8" l="28" c="22" n="__PST__g__35" t="7" d="1"/>
<D id="48" f="8" l="29" c="31" n="__PST__g__36" t="7" d="1"/>
<D id="49" f="4" l="64" c="42" n="Rte_Instance" t="7" d="1"/>
<D id="50" f="1" l="50" c="18" n="__gnuc_va_list" t="7" d="1"/>
<D id="51" f="7" l="381" c="4" n="errno" t="1" d="1"/>
<D id="52" f="9" l="23" c="28" n="pst_random_char" t="3" d="1"/>
<D id="53" f="1" l="49" c="18" n="va_list" t="7" d="1"/>
<D id="54" f="3" l="140" c="10" n="sw_patch_version" t="9" d="1"/>
<D id="55" f="2" l="110" c="31" n="uint32" t="7" d="1"/>
<D id="56" f="10" l="25" c="20" n="pst_random_int" t="3" d="1"/>
<D id="57" f="2" l="112" c="31" n="sint8_least" t="7" d="1"/>
<D id="58" f="2" l="103" c="31" n="boolean" t="7" d="1"/>
<D id="59" f="2" l="113" c="31" n="uint8_least" t="7" d="1"/>
<D id="60" f="3" l="136" c="10" n="vendorID" t="9" d="1"/>
<D id="61" f="2" l="114" c="31" n="sint16_least" t="7" d="1"/>
<D id="62" f="2" l="105" c="31" n="sint8" t="7" d="1"/>
<D id="63" f="3" l="137" c="10" n="moduleID" t="9" d="1"/>
<D id="64" f="2" l="115" c="31" n="uint16_least" t="7" d="1"/>
<D id="65" f="2" l="106" c="31" n="uint8" t="7" d="1"/>
<D id="66" f="3" l="138" c="10" n="sw_major_version" t="9" d="1"/>
<D id="67" f="3" l="132" c="14" n="Std_ReturnType" t="7" d="1"/>
<D id="68" f="2" l="116" c="31" n="sint32_least" t="7" d="1"/>
<D id="69" f="2" l="107" c="31" n="sint16" t="7" d="1"/>
<D id="70" f="3" l="125" c="22" n="StatusType" t="7" d="1"/>
<D id="71" f="3" l="139" c="10" n="sw_minor_version" t="9" d="1"/>
<D id="72" f="2" l="117" c="31" n="uint32_least" t="7" d="1"/>
<D id="73" f="7" l="431" c="23" n="_polyspace_random_ulong" t="5" d="1"/>
<D id="74" f="2" l="108" c="31" n="uint16" t="7" d="1"/>
<D id="75" f="2" l="127" c="31" n="sint64" t="7" d="1"/>
<D id="76" f="7" l="401" c="25" n="random" t="4" d="1"/>
<D id="77" f="7" l="415" c="13" n="_polyspace_random_int" t="5" d="1"/>
<D id="78" f="2" l="109" c="31" n="sint32" t="7" d="1"/>
<D id="79" f="7" l="423" c="14" n="_polyspace_random_long" t="5" d="1"/>
<D id="80" f="2" l="128" c="31" n="uint64" t="7" d="1"/>
<D id="81" f="2" l="138" c="31" n="float32" t="7" d="1"/>
<D id="82" f="2" l="139" c="31" n="float64" t="7" d="1"/>
<D id="83" f="7" l="407" c="23" n="_polyspace_random_uchar" t="5" d="1"/>
<D id="84" f="7" l="433" c="34" n="random" t="4" d="1"/>
<D id="85" f="10" l="23" c="28" n="pst_random_char" t="3" d="1"/>
<D id="86" f="7" l="417" c="24" n="random" t="4" d="1"/>
<D id="87" f="7" l="440" c="27" n="random" t="4" d="1"/>
<D id="88" f="7" l="425" c="25" n="random" t="4" d="1"/>
<D id="89" f="7" l="409" c="34" n="random" t="4" d="1"/>
<D id="90" f="7" l="438" c="16" n="_polyspace_random_double" t="5" d="1"/>
<D id="91" f="7" l="3485" c="4" n="__polyspace_nb_varargs" t="1" d="1"/>
<D id="92" f="7" l="399" c="14" n="_polyspace_random_char" t="5" d="1"/>
<D id="93" f="7" l="3484" c="7" n="__polyspace_vararg" t="1" d="1"/>
</Definitions>
<Uses>
<U id="1" f="7" l="11275" c="9" d="7" a="0"/>
<U id="2" f="6" l="20" c="4" d="30" a="0"/>
<U id="3" f="4" l="73" c="0" d="67" a="0"/>
<U id="4" f="4" l="53" c="2" d="65" a="0"/>
<U id="5" f="8" l="20" c="8" d="12" a="0"/>
<U id="6" f="1" l="50" c="8" d="42" a="0"/>
<U id="7" f="8" l="21" c="8" d="26" a="0"/>
<U id="8" f="8" l="12" c="8" d="12" a="0"/>
<U id="9" f="9" l="50" c="8" d="37" a="0"/>
<U id="10" f="8" l="23" c="8" d="8" a="0"/>
<U id="11" f="8" l="14" c="8" d="12" a="0"/>
<U id="12" f="8" l="15" c="8" d="39" a="0"/>
<U id="13" f="8" l="25" c="8" d="15" a="0"/>
<U id="14" f="8" l="16" c="8" d="25" a="0"/>
<U id="15" f="1" l="84" c="7" d="53" a="0"/>
<U id="16" f="8" l="27" c="8" d="9" a="0"/>
<U id="17" f="8" l="18" c="8" d="8" a="0"/>
<U id="18" f="8" l="28" c="8" d="16" a="0"/>
<U id="19" f="1" l="49" c="8" d="42" a="0"/>
<U id="20" f="9" l="48" c="8" d="12" a="0"/>
<U id="21" f="3" l="140" c="3" d="65" a="0"/>
<U id="22" f="8" l="20" c="33" d="9" a="0"/>
<U id="23" f="4" l="112" c="5" d="30" a="0"/>
<U id="24" f="4" l="64" c="21" d="17" a="0"/>
<U id="25" f="1" l="84" c="39" d="53" a="0"/>
<U id="26" f="9" l="48" c="20" d="37" a="0"/>
<U id="27" f="3" l="136" c="3" d="74" a="0"/>
<U id="28" f="3" l="137" c="3" d="74" a="0"/>
<U id="29" f="9" l="23" c="16" d="10" a="0"/>
<U id="30" f="8" l="22" c="17" d="9" a="0"/>
<U id="31" f="3" l="138" c="3" d="65" a="0"/>
<U id="32" f="3" l="132" c="8" d="65" a="0"/>
<U id="33" f="3" l="139" c="3" d="65" a="0"/>
<U id="34" f="8" l="24" c="17" d="8" a="0"/>
<U id="35" f="8" l="26" c="17" d="15" a="0"/>
<U id="36" f="8" l="17" c="17" d="39" a="0"/>
<U id="37" f="8" l="19" c="17" d="44" a="0"/>
<U id="38" f="8" l="29" c="17" d="16" a="0"/>
<U id="39" f="4" l="73" c="66" d="65" a="0"/>
<U id="40" f="4" l="73" c="97" d="65" a="0"/>
<U id="41" f="7" l="410" c="11" d="89" a="0"/>
<U id="42" f="7" l="402" c="11" d="76" a="0"/>
<U id="43" f="10" l="54" c="19" d="12" a="0"/>
<U id="44" f="10" l="52" c="12" d="56" a="0"/>
<U id="45" f="7" l="441" c="11" d="87" a="0"/>
<U id="46" f="4" l="73" c="129" d="74" a="0"/>
<U id="47" f="4" l="73" c="201" d="74" a="0"/>
<U id="48" f="10" l="46" c="11" d="56" a="0"/>
<U id="49" f="7" l="434" c="11" d="84" a="0"/>
<U id="50" f="10" l="54" c="31" d="21" a="0"/>
<U id="51" f="10" l="56" c="12" d="21" a="0"/>
<U id="52" f="7" l="426" c="11" d="88" a="0"/>
<U id="53" f="10" l="23" c="16" d="10" a="0"/>
<U id="54" f="7" l="418" c="11" d="86" a="0"/>
<U id="55" f="4" l="73" c="269" d="65" a="0"/>
<U id="56" f="4" l="73" c="161" d="65" a="0"/>
<U id="57" f="4" l="73" c="234" d="74" a="0"/>
</Uses>
<Blocks>
<B id="1" t="routine" f="6" l="18" c="5">
<BEGIN l="19" c="0"/>
<END l="21" c="0"/>
</B>
<B id="2" t="ppcif" f="11" l="3" c="0">
<BEGIN l="3" c="19"/>
<END l="68" c="0"/>
</B>
<B id="3" t="routine" f="5" l="101" c="5">
<BEGIN l="102" c="0"/>
<END l="113" c="0"/>
</B>
<B id="4" t="ppcif" f="12" l="15" c="0">
<BEGIN l="15" c="27"/>
<END l="330" c="0"/>
</B>
<B id="5" t="ppcif" f="12" l="25" c="0">
<BEGIN l="25" c="19"/>
<END l="155" c="0"/>
</B>
<B id="6" t="ppcrmif" f="12" l="46" c="0">
<BEGIN l="46" c="93"/>
<END l="91" c="0"/>
</B>
<B id="7" t="ppcrmif" f="12" l="94" c="0">
<BEGIN l="94" c="91"/>
<END l="153" c="0"/>
</B>
<B id="8" t="ppcrmelse" f="12" l="155" c="0">
<BEGIN l="155" c="35"/>
<END l="328" c="0"/>
</B>
<B id="9" t="ppcif" f="13" l="11" c="0">
<BEGIN l="11" c="27"/>
<END l="36" c="0"/>
</B>
<B id="10" t="ppcrmif" f="13" l="14" c="0">
<BEGIN l="14" c="19"/>
<END l="29" c="0"/>
</B>
<B id="11" t="ppcelse" f="13" l="29" c="0">
<BEGIN l="29" c="5"/>
<END l="33" c="0"/>
</B>
<B id="12" t="ppcif" f="1" l="22" c="0">
<BEGIN l="22" c="17"/>
<END l="109" c="0"/>
</B>
<B id="13" t="ppcrmif" f="1" l="39" c="0">
<BEGIN l="39" c="66"/>
<END l="43" c="0"/>
</B>
<B id="14" t="ppcelse" f="1" l="43" c="0">
<BEGIN l="43" c="60"/>
<END l="47" c="0"/>
</B>
<B id="15" t="ppcrmif" f="1" l="52" c="0">
<BEGIN l="52" c="18"/>
<END l="58" c="0"/>
</B>
<B id="16" t="ppcrmif" f="1" l="62" c="0">
<BEGIN l="62" c="33"/>
<END l="80" c="0"/>
</B>
<B id="17" t="ppcelse" f="1" l="80" c="0">
<BEGIN l="80" c="31"/>
<END l="93" c="0"/>
</B>
<B id="18" t="ppcrmif" f="1" l="96" c="0">
<BEGIN l="96" c="14"/>
<END l="106" c="0"/>
</B>
<B id="19" t="ppcif" f="14" l="3" c="0">
<BEGIN l="3" c="29"/>
<END l="348" c="0"/>
</B>
<B id="20" t="ppcif" f="14" l="61" c="0">
<BEGIN l="63" c="27"/>
<END l="66" c="0"/>
</B>
<B id="21" t="ppcrmif" f="14" l="165" c="0">
<BEGIN l="165" c="17"/>
<END l="206" c="0"/>
</B>
<B id="22" t="ppcrmif" f="14" l="209" c="0">
<BEGIN l="209" c="37"/>
<END l="211" c="0"/>
</B>
<B id="23" t="ppcrmif" f="14" l="213" c="0">
<BEGIN l="213" c="44"/>
<END l="321" c="0"/>
</B>
<B id="24" t="ppcif" f="14" l="323" c="0">
<BEGIN l="323" c="18"/>
<END l="346" c="0"/>
</B>
<B id="25" t="ppcrmif" f="14" l="326" c="0">
<BEGIN l="326" c="18"/>
<END l="328" c="0"/>
</B>
<B id="26" t="ppcrmif" f="14" l="329" c="0">
<BEGIN l="329" c="63"/>
<END l="331" c="0"/>
</B>
<B id="27" t="ppcrmif" f="14" l="332" c="0">
<BEGIN l="332" c="64"/>
<END l="334" c="0"/>
</B>
<B id="28" t="ppcrmif" f="14" l="335" c="0">
<BEGIN l="335" c="16"/>
<END l="340" c="0"/>
</B>
<B id="29" t="ppcif" f="14" l="343" c="0">
<BEGIN l="343" c="57"/>
<END l="345" c="0"/>
</B>
<B id="30" t="type" f="4" l="50" c="7">
<BEGIN l="50" c="25"/>
<END l="54" c="0"/>
</B>
<B id="31" t="ppcif" f="4" l="24" c="0">
<BEGIN l="24" c="26"/>
<END l="121" c="0"/>
</B>
<B id="32" t="ppcrmif" f="4" l="27" c="0">
<BEGIN l="27" c="35"/>
<END l="29" c="0"/>
</B>
<B id="33" t="ppcif" f="4" l="31" c="0">
<BEGIN l="31" c="38"/>
<END l="33" c="0"/>
</B>
<B id="34" t="ppcrmif" f="4" l="35" c="0">
<BEGIN l="35" c="19"/>
<END l="38" c="0"/>
</B>
<B id="35" t="ppcrmif" f="4" l="117" c="0">
<BEGIN l="117" c="19"/>
<END l="119" c="0"/>
</B>
<B id="36" t="ppcif" f="15" l="24" c="0">
<BEGIN l="24" c="31"/>
<END l="39" c="0"/>
</B>
<B id="37" t="ppcrmif" f="15" l="27" c="0">
<BEGIN l="27" c="19"/>
<END l="30" c="0"/>
</B>
<B id="38" t="ppcrmif" f="15" l="35" c="0">
<BEGIN l="35" c="19"/>
<END l="37" c="0"/>
</B>
<B id="39" t="ppcif" f="16" l="24" c="0">
<BEGIN l="24" c="19"/>
<END l="29" c="0"/>
</B>
<B id="40" t="ppcif" f="17" l="25" c="0">
<BEGIN l="25" c="14"/>
<END l="96" c="0"/>
</B>
<B id="41" t="ppcrmif" f="17" l="41" c="0">
<BEGIN l="41" c="33"/>
<END l="43" c="0"/>
</B>
<B id="42" t="ppcrmif" f="17" l="45" c="0">
<BEGIN l="45" c="46"/>
<END l="47" c="0"/>
</B>
<B id="43" t="ppcrmif" f="17" l="49" c="0">
<BEGIN l="49" c="28"/>
<END l="51" c="0"/>
</B>
<B id="44" t="type" f="3" l="135" c="0">
<BEGIN l="135" c="0"/>
<END l="141" c="0"/>
</B>
<B id="45" t="ppcif" f="3" l="56" c="0">
<BEGIN l="56" c="19"/>
<END l="154" c="0"/>
</B>
<B id="46" t="ppcif" f="3" l="122" c="0">
<BEGIN l="122" c="26"/>
<END l="126" c="0"/>
</B>
<B id="47" t="ppcif" f="2" l="43" c="0">
<BEGIN l="43" c="24"/>
<END l="150" c="0"/>
</B>
<B id="48" t="ppcif" f="2" l="81" c="0">
<BEGIN l="81" c="13"/>
<END l="83" c="0"/>
</B>
<B id="49" t="ppcif" f="2" l="85" c="0">
<BEGIN l="85" c="14"/>
<END l="87" c="0"/>
</B>
<B id="50" t="ppcrmif" f="2" l="119" c="0">
<BEGIN l="119" c="46"/>
<END l="125" c="0"/>
</B>
<B id="51" t="ppcelse" f="2" l="125" c="0">
<BEGIN l="125" c="6"/>
<END l="129" c="0"/>
</B>
<B id="52" t="ppcrmif" f="2" l="131" c="0">
<BEGIN l="131" c="46"/>
<END l="137" c="0"/>
</B>
<B id="53" t="ppcelse" f="2" l="137" c="0">
<BEGIN l="137" c="6"/>
<END l="140" c="0"/>
</B>
<B id="54" t="ppcif" f="18" l="43" c="0">
<BEGIN l="43" c="18"/>
<END l="202" c="0"/>
</B>
<B id="55" t="ppcif" f="18" l="88" c="0">
<BEGIN l="88" c="17"/>
<END l="90" c="0"/>
</B>
<B id="56" t="ppcif" f="19" l="19" c="0">
<BEGIN l="19" c="22"/>
<END l="23" c="0"/>
</B>
<B id="57" t="ppcif" f="20" l="19" c="0">
<BEGIN l="19" c="26"/>
<END l="23" c="0"/>
</B>
<B id="58" t="ppcif" f="21" l="24" c="0">
<BEGIN l="24" c="31"/>
<END l="27" c="0"/>
</B>
<B id="59" t="ppcif" f="22" l="19" c="0">
<BEGIN l="19" c="16"/>
<END l="24" c="0"/>
</B>
<B id="60" t="ppcif" f="23" l="53" c="0">
<BEGIN l="53" c="33"/>
<END l="57" c="0"/>
</B>
<B id="61" t="ppcrmif" f="23" l="67" c="0">
<BEGIN l="67" c="46"/>
<END l="71" c="0"/>
</B>
<B id="62" t="ppcrmif" f="23" l="81" c="0">
<BEGIN l="81" c="51"/>
<END l="85" c="0"/>
</B>
<B id="63" t="ppcrmif" f="23" l="95" c="0">
<BEGIN l="95" c="49"/>
<END l="99" c="0"/>
</B>
<B id="64" t="ppcrmif" f="23" l="109" c="0">
<BEGIN l="109" c="54"/>
<END l="113" c="0"/>
</B>
<B id="65" t="ppcif" f="23" l="125" c="0">
<BEGIN l="125" c="32"/>
<END l="129" c="0"/>
</B>
<B id="66" t="ppcrmif" f="23" l="139" c="0">
<BEGIN l="139" c="45"/>
<END l="143" c="0"/>
</B>
<B id="67" t="ppcrmif" f="23" l="153" c="0">
<BEGIN l="153" c="50"/>
<END l="157" c="0"/>
</B>
<B id="68" t="ppcrmif" f="23" l="167" c="0">
<BEGIN l="167" c="48"/>
<END l="171" c="0"/>
</B>
<B id="69" t="ppcrmif" f="23" l="181" c="0">
<BEGIN l="181" c="53"/>
<END l="185" c="0"/>
</B>
<B id="70" t="ppcif" f="24" l="12" c="0">
<BEGIN l="12" c="19"/>
<END l="26" c="0"/>
</B>
</Blocks>
</Navig>
