<?xml version="1.0" encoding="UTF-8"?>
<Navig version="1.0">
<Files>
<F id="1" n="C:\Program Files\MATLAB\R2013b\polyspace\verifier\cxx\cinclude\stdarg.h"/>
<F id="2" n="C:\Component\AR201A_ArCplrSuprt_Impl\include\ASR4.0.3\Platform_Types.h"/>
<F id="3" n="C:\Component\AR200A_ArSuprt_Impl\include\ASR4.0.3\Std_Types.h"/>
<F id="4" n="C:\Component\ES004A_PwrUpSeq_Impl\tools\local\generate\Rte_Type.h"/>
<F id="5" n="C:\Component\ES004A_PwrUpSeq_Impl\tools\local\generate\Rte_PwrUpSeq.h"/>
<F id="6" n="C:\Component\TL103A_CplrSuprt\include\2013.5.5\ansi\math.h"/>
<F id="7" n="C:\Component\ES004A_PwrUpSeq_Impl\tools\local\generate\Rte_Stubs.h"/>
<F id="8" n="C:\Component\AR100A_NxtrMath_Impl\include\NxtrMath.h"/>
<F id="9" n="C:\Component\ES004A_PwrUpSeq_Impl\src\PwrUpSeq.c"/>
<F id="10" n="C-STUBS\__polyspace__stdstubs.c"/>
<F id="11" n="C:\Program Files\MATLAB\R2013b\polyspace\verifier\cxx\cinclude\__polyspace__std_decls.h"/>
<F id="12" n="C:\Program Files\MATLAB\R2013b\polyspace\verifier\cxx\cinclude\assert.h"/>
<F id="13" n="C:\Program Files\MATLAB\R2013b\polyspace\verifier\cxx\cinclude\__polyspace__libc_defs.h"/>
<F id="14" n="C:\Component\ES004A_PwrUpSeq_Impl\tools\local\generate\Rte_PwrUpSeq_Type.h"/>
<F id="15" n="C:\Component\ES004A_PwrUpSeq_Impl\tools\local\generate\Rte.h"/>
<F id="16" n="C:\Component\AR201A_ArCplrSuprt_Impl\include\ASR4.0.3\Compiler.h"/>
<F id="17" n="C:\Component\AR201A_ArCplrSuprt_Impl\tools\contract\Compiler_Cfg.h"/>
<F id="18" n="C:\Component\AR201A_ArCplrSuprt_Impl\tools\contract\Renesas_Compiler.h"/>
<F id="19" n="C:\Component\ES004A_PwrUpSeq_Impl\tools\local\generate\Rte_DataHandleType.h"/>
<F id="20" n="C:\Component\AR200A_ArSuprt_Impl\tools\contract\MemMap.h"/>
<F id="21" n="C:\Component\ES004A_PwrUpSeq_Impl\tools\local\generate\PwrUpSeq_MemMap.h"/>
<F id="22" n="C:\Component\AR999A_ArchGlbPrm_Impl\include\ArchGlbPrm.h"/>
<F id="23" n="C:\Component\ES999A_ElecGlbPrm_Impl\include\ElecGlbPrm.h"/>
<F id="24" n="C:\Component\ES004A_PwrUpSeq_Impl\tools\local\include\ElecGlbPrm_Cfg.h"/>
</Files>
<Definitions>
<D id="1" f="10" l="450" c="13" n="_polyspace_random_int" t="5" d="1"/>
<D id="2" f="10" l="3520" c="4" n="__polyspace_nb_varargs" t="1" d="1"/>
<D id="3" f="10" l="442" c="23" n="_polyspace_random_uchar" t="5" d="1"/>
<D id="4" f="8" l="561" c="104" n="RngLo" t="4" d="1"/>
<D id="5" f="10" l="434" c="14" n="_polyspace_random_char" t="5" d="1"/>
<D id="6" f="8" l="562" c="104" n="RngHi" t="4" d="1"/>
<D id="7" f="10" l="452" c="24" n="random" t="4" d="1"/>
<D id="8" f="10" l="460" c="25" n="random" t="4" d="1"/>
<D id="9" f="8" l="637" c="104" n="Denom" t="4" d="1"/>
<D id="10" f="10" l="444" c="34" n="random" t="4" d="1"/>
<D id="11" f="8" l="654" c="105" n="SinVal" t="4" d="1"/>
<D id="12" f="10" l="466" c="23" n="_polyspace_random_ulong" t="5" d="1"/>
<D id="13" f="8" l="655" c="105" n="CosVal" t="4" d="1"/>
<D id="14" f="8" l="576" c="104" n="Denom" t="4" d="1"/>
<D id="15" f="10" l="436" c="25" n="random" t="4" d="1"/>
<D id="16" f="10" l="473" c="16" n="_polyspace_random_double" t="5" d="1"/>
<D id="17" f="10" l="458" c="14" n="_polyspace_random_long" t="5" d="1"/>
<D id="18" f="10" l="468" c="34" n="random" t="4" d="1"/>
<D id="19" f="10" l="475" c="27" n="random" t="4" d="1"/>
<D id="20" f="10" l="3519" c="7" n="__polyspace_vararg" t="1" d="1"/>
<D id="21" f="10" l="6865" c="14" n="_polyspace_compare_function_type" t="7" d="1"/>
<D id="22" f="5" l="50" c="7" n="Rte_CDS_PwrUpSeq" t="6" d="1"/>
<D id="23" f="10" l="11325" c="21" n="HUGE_VAL" t="1" d="1"/>
<D id="24" f="10" l="11307" c="12" n="_polyspace_random_long_double" t="2" d="1"/>
<D id="25" f="10" l="11326" c="21" n="HUGE_VALF" t="1" d="1"/>
<D id="26" f="10" l="11327" c="21" n="HUGE_VALL" t="1" d="1"/>
<D id="27" f="10" l="11309" c="23" n="random" t="4" d="1"/>
<D id="28" f="10" l="12169" c="16" n="__polyspace_absolute_address" t="1" d="1"/>
<D id="29" f="5" l="53" c="9" n="Pim_PwrTurnOffCtrlPrev" t="9" d="1"/>
<D id="30" f="3" l="141" c="2" n="Std_VersionInfoType" t="7" d="1"/>
<D id="31" f="7" l="30" c="13" n="PwrUpSeq_Op_StrtUpSt" t="1" d="0"/>
<D id="32" f="7" l="20" c="15" n="PwrUpSeq_Ip_CurrMeasWrmIninTestCmpl" t="1" d="0"/>
<D id="33" f="7" l="21" c="15" n="PwrUpSeq_Ip_MotDrvr0IninTestCmpl" t="1" d="0"/>
<D id="34" f="7" l="34" c="13" n="PwrUpSeq_Pim_PwrTurnOffCtrlPrev" t="1" d="0"/>
<D id="35" f="5" l="65" c="39" n="Rte_Instance" t="7" d="1"/>
<D id="36" f="7" l="31" c="15" n="PwrUpSeq_Op_SysStWrmIninCmpl" t="1" d="0"/>
<D id="37" f="7" l="22" c="15" n="PwrUpSeq_Ip_MotDrvr1IninTestCmpl" t="1" d="0"/>
<D id="38" f="7" l="23" c="15" n="PwrUpSeq_Ip_PhaDiscnctWrmIninTestCmpl" t="1" d="0"/>
<D id="39" f="1" l="45" c="14" n="__va_list" t="7" d="1"/>
<D id="40" f="4" l="35" c="14" n="SysSt1" t="7" d="1"/>
<D id="41" f="7" l="24" c="15" n="PwrUpSeq_Ip_PwrDiscnctATestCmpl" t="1" d="0"/>
<D id="42" f="7" l="26" c="14" n="PwrUpSeq_Ip_SysSt" t="1" d="0"/>
<D id="43" f="9" l="251" c="5" n="PwrUpSeqPer1" t="2" d="1"/>
<D id="44" f="7" l="25" c="15" n="PwrUpSeq_Ip_PwrDiscnctBTestCmpl" t="1" d="0"/>
<D id="45" f="1" l="50" c="18" n="__gnuc_va_list" t="7" d="1"/>
<D id="46" f="6" l="51" c="17" n="double_t" t="7" d="1"/>
<D id="47" f="7" l="27" c="15" n="PwrUpSeq_Ip_TmplMonIninTestCmpl" t="1" d="0"/>
<D id="48" f="6" l="52" c="17" n="float_t" t="7" d="1"/>
<D id="49" f="6" l="731" c="6" n="expf" t="2" d="0"/>
<D id="50" f="9" l="163" c="5" n="PwrTurnOffCtrl_Oper" t="2" d="1"/>
<D id="51" f="7" l="19" c="15" n="PwrUpSeq_Ip_CodFlsCrcChkCmpl" t="1" d="0"/>
<D id="52" f="6" l="741" c="6" n="sqrtf" t="2" d="0"/>
<D id="53" f="6" l="742" c="6" n="fabsf" t="2" d="0"/>
<D id="54" f="6" l="724" c="6" n="atan2f" t="2" d="0"/>
<D id="55" f="6" l="725" c="6" n="cosf" t="2" d="0"/>
<D id="56" f="6" l="726" c="6" n="sinf" t="2" d="0"/>
<D id="57" f="9" l="195" c="5" n="PwrUpSeqInit1" t="2" d="1"/>
<D id="58" f="1" l="49" c="18" n="va_list" t="7" d="1"/>
<D id="59" f="6" l="748" c="6" n="fmodf" t="2" d="0"/>
<D id="60" f="3" l="140" c="10" n="sw_patch_version" t="9" d="1"/>
<D id="61" f="10" l="40" c="21" n="size_t" t="7" d="1"/>
<D id="62" f="2" l="110" c="31" n="uint32" t="7" d="1"/>
<D id="63" f="10" l="42" c="12" n="ptrdiff_t" t="7" d="1"/>
<D id="64" f="2" l="112" c="31" n="sint8_least" t="7" d="1"/>
<D id="65" f="2" l="103" c="31" n="boolean" t="7" d="1"/>
<D id="66" f="2" l="113" c="31" n="uint8_least" t="7" d="1"/>
<D id="67" f="8" l="410" c="31" n="Inp1" t="4" d="1"/>
<D id="68" f="3" l="136" c="10" n="vendorID" t="9" d="1"/>
<D id="69" f="2" l="114" c="31" n="sint16_least" t="7" d="1"/>
<D id="70" f="2" l="105" c="31" n="sint8" t="7" d="1"/>
<D id="71" f="3" l="137" c="10" n="moduleID" t="9" d="1"/>
<D id="72" f="8" l="306" c="29" n="Inp1" t="4" d="1"/>
<D id="73" f="8" l="233" c="39" n="Inp" t="4" d="1"/>
<D id="74" f="10" l="45" c="21" n="wchar_t" t="7" d="1"/>
<D id="75" f="2" l="115" c="31" n="uint16_least" t="7" d="1"/>
<D id="76" f="2" l="106" c="31" n="uint8" t="7" d="1"/>
<D id="77" f="3" l="138" c="10" n="sw_major_version" t="9" d="1"/>
<D id="78" f="5" l="102" c="15" n="Rte_Call_PwrUpSeq_IoHwAb_SetGpioPwrTurnOffCtrl_Oper" t="2" d="0"/>
<D id="79" f="3" l="132" c="14" n="Std_ReturnType" t="7" d="1"/>
<D id="80" f="2" l="116" c="31" n="sint32_least" t="7" d="1"/>
<D id="81" f="8" l="332" c="31" n="Inp1" t="4" d="1"/>
<D id="82" f="2" l="107" c="31" n="sint16" t="7" d="1"/>
<D id="83" f="3" l="125" c="22" n="StatusType" t="7" d="1"/>
<D id="84" f="8" l="490" c="29" n="Inp" t="4" d="1"/>
<D id="85" f="3" l="139" c="10" n="sw_minor_version" t="9" d="1"/>
<D id="86" f="8" l="600" c="33" n="Inp" t="4" d="1"/>
<D id="87" f="8" l="423" c="31" n="Inp1" t="4" d="1"/>
<D id="88" f="8" l="504" c="31" n="Inp" t="4" d="1"/>
<D id="89" f="2" l="117" c="31" n="uint32_least" t="7" d="1"/>
<D id="90" f="2" l="108" c="31" n="uint16" t="7" d="1"/>
<D id="91" f="8" l="532" c="31" n="Inp" t="4" d="1"/>
<D id="92" f="2" l="127" c="31" n="sint64" t="7" d="1"/>
<D id="93" f="8" l="220" c="16" n="Abslt_u32_s32" t="2" d="1"/>
<D id="94" f="8" l="293" c="29" n="Inp1" t="4" d="1"/>
<D id="95" f="2" l="109" c="31" n="sint32" t="7" d="1"/>
<D id="96" f="8" l="410" c="16" n="Max_s16" t="2" d="1"/>
<D id="97" f="2" l="128" c="31" n="uint64" t="7" d="1"/>
<D id="98" f="8" l="384" c="29" n="Inp1" t="4" d="1"/>
<D id="99" f="8" l="612" c="33" n="Inp" t="4" d="1"/>
<D id="100" f="10" l="416" c="4" n="errno" t="1" d="1"/>
<D id="101" f="2" l="138" c="31" n="float32" t="7" d="1"/>
<D id="102" f="8" l="345" c="31" n="Inp1" t="4" d="1"/>
<D id="103" f="8" l="600" c="17" n="Cos_f32" t="2" d="1"/>
<D id="104" f="2" l="139" c="31" n="float64" t="7" d="1"/>
<D id="105" f="8" l="436" c="31" n="Inp1" t="4" d="1"/>
<D id="106" f="8" l="476" c="29" n="Inp" t="4" d="1"/>
<D id="107" f="8" l="560" c="33" n="Inp" t="4" d="1"/>
<D id="108" f="8" l="169" c="20" n="NXTRMATH_SINCNVNCONTBL_ULS_U16" t="1" d="0"/>
<D id="109" f="8" l="306" c="15" n="Min_u08" t="2" d="1"/>
<D id="110" f="8" l="332" c="16" n="Min_u16" t="2" d="1"/>
<D id="111" f="8" l="319" c="31" n="Inp1" t="4" d="1"/>
<D id="112" f="8" l="371" c="33" n="Inp1" t="4" d="1"/>
<D id="113" f="9" l="271" c="15" n="StrtUpSt_Cnt_T_u08" t="4" d="1"/>
<D id="114" f="8" l="180" c="34" n="Inp1" t="4" d="1"/>
<D id="115" f="8" l="518" c="31" n="Inp" t="4" d="1"/>
<D id="116" f="9" l="163" c="33" n="PinSt_Arg" t="4" d="1"/>
<D id="117" f="8" l="281" c="15" n="Sign_s08_f32" t="2" d="1"/>
<D id="118" f="8" l="423" c="16" n="Max_u16" t="2" d="1"/>
<D id="119" f="8" l="504" c="16" n="Lim_s16" t="2" d="1"/>
<D id="120" f="8" l="546" c="31" n="Inp" t="4" d="1"/>
<D id="121" f="8" l="220" c="37" n="Inp" t="4" d="1"/>
<D id="122" f="8" l="462" c="33" n="Inp1" t="4" d="1"/>
<D id="123" f="8" l="532" c="16" n="Lim_s32" t="2" d="1"/>
<D id="124" f="8" l="653" c="14" n="SinCos_f32" t="2" d="1"/>
<D id="125" f="8" l="397" c="29" n="Inp1" t="4" d="1"/>
<D id="126" f="8" l="245" c="15" n="Sign_s08_s08" t="2" d="1"/>
<D id="127" f="9" l="260" c="17" n="PwrDiscnctATestCmpl_Cnt_T_lgc" t="4" d="1"/>
<D id="128" f="8" l="490" c="15" n="Lim_u08" t="2" d="1"/>
<D id="129" f="8" l="612" c="17" n="Exp_f32" t="2" d="1"/>
<D id="130" f="8" l="207" c="16" n="Abslt_u16_s16" t="2" d="1"/>
<D id="131" f="8" l="233" c="17" n="Abslt_f32_f32" t="2" d="1"/>
<D id="132" f="8" l="781" c="14" n="SignFlip_Cnt_T_s08" t="4" d="1"/>
<D id="133" f="8" l="180" c="17" n="Blnd_f32" t="2" d="1"/>
<D id="134" f="8" l="358" c="31" n="Inp1" t="4" d="1"/>
<D id="135" f="8" l="653" c="33" n="Inp" t="4" d="1"/>
<D id="136" f="8" l="624" c="34" n="Inp" t="4" d="1"/>
<D id="137" f="9" l="261" c="17" n="TmplMonIninTestCmpl_Cnt_T_lgc" t="4" d="1"/>
<D id="138" f="8" l="245" c="34" n="Inp" t="4" d="1"/>
<D id="139" f="8" l="780" c="15" n="Theta_Cnt_T_u16" t="4" d="1"/>
<D id="140" f="8" l="560" c="17" n="Lim_f32" t="2" d="1"/>
<D id="141" f="8" l="449" c="31" n="Inp1" t="4" d="1"/>
<D id="142" f="8" l="293" c="15" n="Min_s08" t="2" d="1"/>
<D id="143" f="9" l="262" c="17" n="PwrDiscnctBTestCmpl_Cnt_T_lgc" t="4" d="1"/>
<D id="144" f="8" l="345" c="16" n="Min_s32" t="2" d="1"/>
<D id="145" f="8" l="371" c="17" n="Min_f32" t="2" d="1"/>
<D id="146" f="8" l="636" c="33" n="Numer" t="4" d="1"/>
<D id="147" f="8" l="660" c="17" n="InpSqd" t="4" d="1"/>
<D id="148" f="8" l="194" c="15" n="Abslt_u08_s08" t="2" d="1"/>
<D id="149" f="8" l="257" c="15" n="Sign_s08_s16" t="2" d="1"/>
<D id="150" f="8" l="384" c="15" n="Max_s08" t="2" d="1"/>
<D id="151" f="9" l="272" c="17" n="SysStWrmIninCmpl_Cnt_T_lgc" t="4" d="1"/>
<D id="152" f="8" l="436" c="16" n="Max_s32" t="2" d="1"/>
<D id="153" f="8" l="462" c="17" n="Max_f32" t="2" d="1"/>
<D id="154" f="8" l="624" c="17" n="Sqrt_f32" t="2" d="1"/>
<D id="155" f="9" l="263" c="17" n="MotDrvr0IninTestCmpl_Cnt_T_lgc" t="4" d="1"/>
<D id="156" f="8" l="661" c="17" n="SinA" t="4" d="1"/>
<D id="157" f="8" l="281" c="36" n="Inp" t="4" d="1"/>
<D id="158" f="8" l="319" c="16" n="Min_s16" t="2" d="1"/>
<D id="159" f="8" l="518" c="16" n="Lim_u16" t="2" d="1"/>
<D id="160" f="9" l="264" c="17" n="MotDrvr1IninTestCmpl_Cnt_T_lgc" t="4" d="1"/>
<D id="161" f="8" l="662" c="17" n="CosA" t="4" d="1"/>
<D id="162" f="8" l="546" c="16" n="Lim_u32" t="2" d="1"/>
<D id="163" f="8" l="476" c="15" n="Lim_s08" t="2" d="1"/>
<D id="164" f="8" l="207" c="37" n="Inp" t="4" d="1"/>
<D id="165" f="8" l="782" c="16" n="SinVal_Uls_T_f32" t="4" d="1"/>
<D id="166" f="9" l="265" c="17" n="CurrMeasWrmIninTestCmpl_Cnt_T_lgc" t="4" d="1"/>
<D id="167" f="8" l="194" c="35" n="Inp" t="4" d="1"/>
<D id="168" f="8" l="320" c="95" n="Inp2" t="4" d="1"/>
<D id="169" f="8" l="663" c="17" n="Tmp" t="4" d="1"/>
<D id="170" f="9" l="267" c="16" n="SysSt_Cnt_T_enum" t="4" d="1"/>
<D id="171" f="8" l="269" c="15" n="Sign_s08_s32" t="2" d="1"/>
<D id="172" f="8" l="257" c="35" n="Inp" t="4" d="1"/>
<D id="173" f="8" l="636" c="17" n="Mod_f32" t="2" d="1"/>
<D id="174" f="8" l="358" c="16" n="Min_u32" t="2" d="1"/>
<D id="175" f="8" l="411" c="95" n="Inp2" t="4" d="1"/>
<D id="176" f="9" l="266" c="17" n="PhaDiscnctWrmIninTestCmpl_Cnt_T_logl" t="4" d="1"/>
<D id="177" f="8" l="520" c="95" n="RngHi" t="4" d="1"/>
<D id="178" f="8" l="397" c="15" n="Max_u08" t="2" d="1"/>
<D id="179" f="8" l="449" c="16" n="Max_u32" t="2" d="1"/>
<D id="180" f="8" l="659" c="15" n="Normdn" t="4" d="1"/>
<D id="181" f="8" l="575" c="17" n="Arctan2_f32" t="2" d="1"/>
<D id="182" f="8" l="588" c="33" n="Inp" t="4" d="1"/>
<D id="183" f="8" l="658" c="16" n="n" t="4" d="1"/>
<D id="184" f="8" l="450" c="95" n="Inp2" t="4" d="1"/>
<D id="185" f="9" l="259" c="17" n="CodFlsCrcChkCmpl_Cnt_T_lgc" t="4" d="1"/>
<D id="186" f="8" l="269" c="35" n="Inp" t="4" d="1"/>
<D id="187" f="8" l="333" c="95" n="Inp2" t="4" d="1"/>
<D id="188" f="8" l="424" c="95" n="Inp2" t="4" d="1"/>
<D id="189" f="8" l="505" c="95" n="RngLo" t="4" d="1"/>
<D id="190" f="8" l="533" c="95" n="RngLo" t="4" d="1"/>
<D id="191" f="8" l="575" c="37" n="Numer" t="4" d="1"/>
<D id="192" f="8" l="307" c="86" n="Inp2" t="4" d="1"/>
<D id="193" f="8" l="491" c="94" n="RngLo" t="4" d="1"/>
<D id="194" f="8" l="506" c="95" n="RngHi" t="4" d="1"/>
<D id="195" f="8" l="779" c="16" n="Theta_Rev_T_f32" t="4" d="1"/>
<D id="196" f="8" l="588" c="17" n="Sin_f32" t="2" d="1"/>
<D id="197" f="8" l="534" c="95" n="RngHi" t="4" d="1"/>
<D id="198" f="8" l="492" c="94" n="RngHi" t="4" d="1"/>
<D id="199" f="8" l="777" c="36" n="Ag" t="4" d="1"/>
<D id="200" f="8" l="777" c="18" n="SinLookup" t="2" d="1"/>
<D id="201" f="8" l="346" c="95" n="Inp2" t="4" d="1"/>
<D id="202" f="8" l="372" c="96" n="Inp2" t="4" d="1"/>
<D id="203" f="8" l="181" c="97" n="Inp2" t="4" d="1"/>
<D id="204" f="8" l="437" c="95" n="Inp2" t="4" d="1"/>
<D id="205" f="8" l="463" c="96" n="Inp2" t="4" d="1"/>
<D id="206" f="8" l="182" c="97" n="Fac" t="4" d="1"/>
<D id="207" f="8" l="294" c="86" n="Inp2" t="4" d="1"/>
<D id="208" f="8" l="519" c="95" n="RngLo" t="4" d="1"/>
<D id="209" f="8" l="547" c="95" n="RngLo" t="4" d="1"/>
<D id="210" f="8" l="385" c="86" n="Inp2" t="4" d="1"/>
<D id="211" f="8" l="477" c="94" n="RngLo" t="4" d="1"/>
<D id="212" f="8" l="548" c="95" n="RngHi" t="4" d="1"/>
<D id="213" f="8" l="478" c="94" n="RngHi" t="4" d="1"/>
<D id="214" f="8" l="359" c="95" n="Inp2" t="4" d="1"/>
<D id="215" f="8" l="398" c="86" n="Inp2" t="4" d="1"/>
</Definitions>
<Uses>
<U id="1" f="10" l="461" c="11" d="8" a="0"/>
<U id="2" f="10" l="453" c="11" d="7" a="0"/>
<U id="3" f="10" l="445" c="11" d="10" a="0"/>
<U id="4" f="10" l="437" c="11" d="15" a="0"/>
<U id="5" f="10" l="476" c="11" d="19" a="0"/>
<U id="6" f="10" l="469" c="11" d="18" a="0"/>
<U id="7" f="5" l="91" c="0" d="79" a="0"/>
<U id="8" f="5" l="92" c="0" d="79" a="0"/>
<U id="9" f="5" l="53" c="2" d="76" a="0"/>
<U id="10" f="5" l="93" c="0" d="79" a="0"/>
<U id="11" f="5" l="94" c="0" d="79" a="0"/>
<U id="12" f="5" l="95" c="0" d="79" a="0"/>
<U id="13" f="7" l="20" c="7" d="65" a="0"/>
<U id="14" f="5" l="96" c="0" d="79" a="0"/>
<U id="15" f="7" l="30" c="7" d="76" a="0"/>
<U id="16" f="7" l="21" c="7" d="65" a="0"/>
<U id="17" f="5" l="97" c="0" d="79" a="0"/>
<U id="18" f="7" l="31" c="7" d="65" a="0"/>
<U id="19" f="7" l="22" c="7" d="65" a="0"/>
<U id="20" f="1" l="50" c="8" d="39" a="0"/>
<U id="21" f="5" l="98" c="0" d="79" a="0"/>
<U id="22" f="7" l="23" c="7" d="65" a="0"/>
<U id="23" f="5" l="99" c="0" d="79" a="0"/>
<U id="24" f="7" l="24" c="7" d="65" a="0"/>
<U id="25" f="7" l="34" c="7" d="76" a="0"/>
<U id="26" f="7" l="25" c="7" d="65" a="0"/>
<U id="27" f="7" l="26" c="7" d="40" a="0"/>
<U id="28" f="4" l="35" c="8" d="76" a="0"/>
<U id="29" f="7" l="27" c="7" d="65" a="0"/>
<U id="30" f="1" l="84" c="7" d="58" a="0"/>
<U id="31" f="7" l="19" c="7" d="65" a="0"/>
<U id="32" f="1" l="49" c="8" d="39" a="0"/>
<U id="33" f="10" l="11310" c="9" d="27" a="0"/>
<U id="34" f="5" l="100" c="0" d="79" a="0"/>
<U id="35" f="5" l="101" c="0" d="79" a="0"/>
<U id="36" f="5" l="102" c="0" d="79" a="0"/>
<U id="37" f="3" l="140" c="3" d="76" a="0"/>
<U id="38" f="1" l="84" c="39" d="58" a="0"/>
<U id="39" f="5" l="65" c="21" d="22" a="0"/>
<U id="40" f="3" l="136" c="3" d="90" a="0"/>
<U id="41" f="3" l="137" c="3" d="90" a="0"/>
<U id="42" f="5" l="93" c="59" d="65" a="0"/>
<U id="43" f="3" l="138" c="3" d="76" a="0"/>
<U id="44" f="5" l="94" c="59" d="65" a="0"/>
<U id="45" f="3" l="132" c="8" d="76" a="0"/>
<U id="46" f="3" l="139" c="3" d="76" a="0"/>
<U id="47" f="5" l="92" c="62" d="65" a="0"/>
<U id="48" f="9" l="260" c="8" d="65" a="0"/>
<U id="49" f="9" l="261" c="8" d="65" a="0"/>
<U id="50" f="8" l="812" c="8" d="139" a="1"/>
<U id="51" f="5" l="91" c="55" d="65" a="0"/>
<U id="52" f="9" l="271" c="8" d="76" a="0"/>
<U id="53" f="9" l="262" c="8" d="65" a="0"/>
<U id="54" f="8" l="660" c="8" d="101" a="0"/>
<U id="55" f="9" l="362" c="8" d="113" a="1"/>
<U id="56" f="9" l="272" c="8" d="65" a="0"/>
<U id="57" f="9" l="263" c="8" d="65" a="0"/>
<U id="58" f="5" l="98" c="43" d="40" a="0"/>
<U id="59" f="8" l="661" c="8" d="101" a="0"/>
<U id="60" f="8" l="814" c="8" d="165" a="1"/>
<U id="61" f="8" l="671" c="8" d="147" a="1"/>
<U id="62" f="9" l="264" c="8" d="65" a="0"/>
<U id="63" f="8" l="662" c="8" d="101" a="0"/>
<U id="64" f="8" l="780" c="8" d="90" a="0"/>
<U id="65" f="5" l="95" c="64" d="65" a="0"/>
<U id="66" f="9" l="265" c="8" d="65" a="0"/>
<U id="67" f="8" l="663" c="8" d="101" a="0"/>
<U id="68" f="8" l="781" c="8" d="70" a="0"/>
<U id="69" f="8" l="673" c="8" d="156" a="1"/>
<U id="70" f="9" l="266" c="8" d="65" a="0"/>
<U id="71" f="8" l="782" c="8" d="101" a="0"/>
<U id="72" f="8" l="817" c="8" d="165" a="1"/>
<U id="73" f="8" l="674" c="8" d="161" a="1"/>
<U id="74" f="9" l="267" c="8" d="40" a="0"/>
<U id="75" f="8" l="666" c="8" d="169" a="1"/>
<U id="76" f="9" l="259" c="8" d="65" a="0"/>
<U id="77" f="8" l="784" c="8" d="195" a="1"/>
<U id="78" f="8" l="667" c="8" d="183" a="1"/>
<U id="79" f="8" l="658" c="8" d="95" a="0"/>
<U id="80" f="5" l="96" c="58" d="65" a="0"/>
<U id="81" f="8" l="668" c="8" d="135" a="1"/>
<U id="82" f="8" l="659" c="8" d="76" a="0"/>
<U id="83" f="8" l="786" c="8" d="195" a="1"/>
<U id="84" f="5" l="97" c="58" d="65" a="0"/>
<U id="85" f="8" l="669" c="8" d="180" a="1"/>
<U id="86" f="5" l="99" c="58" d="65" a="0"/>
<U id="87" f="8" l="779" c="8" d="101" a="0"/>
<U id="88" f="8" l="220" c="9" d="62" a="0"/>
<U id="89" f="8" l="410" c="9" d="82" a="0"/>
<U id="90" f="8" l="600" c="9" d="101" a="0"/>
<U id="91" f="8" l="332" c="9" d="90" a="0"/>
<U id="92" f="8" l="612" c="9" d="101" a="0"/>
<U id="93" f="8" l="233" c="9" d="101" a="0"/>
<U id="94" f="8" l="400" c="30" d="125" a="0"/>
<U id="95" f="8" l="180" c="9" d="101" a="0"/>
<U id="96" f="8" l="423" c="9" d="90" a="0"/>
<U id="97" f="8" l="504" c="9" d="82" a="0"/>
<U id="98" f="8" l="220" c="30" d="95" a="0"/>
<U id="99" f="8" l="532" c="9" d="95" a="0"/>
<U id="100" f="8" l="306" c="9" d="76" a="0"/>
<U id="101" f="8" l="560" c="9" d="101" a="0"/>
<U id="102" f="8" l="210" c="40" d="90" a="0"/>
<U id="103" f="8" l="207" c="9" d="90" a="0"/>
<U id="104" f="8" l="371" c="9" d="101" a="0"/>
<U id="105" f="8" l="281" c="9" d="70" a="0"/>
<U id="106" f="8" l="400" c="22" d="215" a="0"/>
<U id="107" f="8" l="210" c="59" d="164" a="0"/>
<U id="108" f="8" l="462" c="9" d="101" a="0"/>
<U id="109" f="8" l="624" c="9" d="101" a="0"/>
<U id="110" f="9" l="280" c="19" d="155" a="1"/>
<U id="111" f="8" l="245" c="9" d="70" a="0"/>
<U id="112" f="9" l="320" c="40" d="151" a="1"/>
<U id="113" f="8" l="490" c="9" d="76" a="0"/>
<U id="114" f="9" l="300" c="32" d="151" a="1"/>
<U id="115" f="8" l="322" c="30" d="111" a="0"/>
<U id="116" f="8" l="345" c="9" d="95" a="0"/>
<U id="117" f="8" l="210" c="14" d="164" a="0"/>
<U id="118" f="9" l="281" c="19" d="160" a="1"/>
<U id="119" f="9" l="310" c="41" d="137" a="0"/>
<U id="120" f="8" l="400" c="14" d="125" a="0"/>
<U id="121" f="8" l="602" c="12" d="55" a="0"/>
<U id="122" f="8" l="413" c="30" d="67" a="0"/>
<U id="123" f="8" l="710" c="49" d="156" a="0"/>
<U id="124" f="8" l="436" c="9" d="95" a="0"/>
<U id="125" f="8" l="522" c="30" d="177" a="0"/>
<U id="126" f="8" l="210" c="33" d="164" a="0"/>
<U id="127" f="8" l="522" c="21" d="177" a="0"/>
<U id="128" f="9" l="282" c="19" d="166" a="1"/>
<U id="129" f="9" l="331" c="40" d="113" a="1"/>
<U id="130" f="8" l="293" c="9" d="70" a="0"/>
<U id="131" f="8" l="210" c="24" d="90" a="0"/>
<U id="132" f="8" l="550" c="30" d="212" a="0"/>
<U id="133" f="8" l="319" c="9" d="82" a="0"/>
<U id="134" f="8" l="223" c="40" d="62" a="0"/>
<U id="135" f="8" l="322" c="22" d="168" a="0"/>
<U id="136" f="8" l="550" c="21" d="212" a="0"/>
<U id="137" f="8" l="711" c="49" d="156" a="0"/>
<U id="138" f="9" l="313" c="40" d="113" a="1"/>
<U id="139" f="9" l="362" c="29" d="128" a="0"/>
<U id="140" f="8" l="194" c="9" d="76" a="0"/>
<U id="141" f="8" l="518" c="9" d="90" a="0"/>
<U id="142" f="9" l="350" c="40" d="151" a="1"/>
<U id="143" f="8" l="636" c="9" d="101" a="0"/>
<U id="144" f="8" l="361" c="30" d="134" a="0"/>
<U id="145" f="8" l="257" c="9" d="70" a="0"/>
<U id="146" f="8" l="384" c="9" d="70" a="0"/>
<U id="147" f="8" l="546" c="9" d="62" a="0"/>
<U id="148" f="8" l="730" c="49" d="156" a="0"/>
<U id="149" f="9" l="283" c="19" d="170" a="1"/>
<U id="150" f="9" l="332" c="40" d="151" a="1"/>
<U id="151" f="8" l="413" c="22" d="175" a="0"/>
<U id="152" f="8" l="522" c="40" d="115" a="0"/>
<U id="153" f="8" l="207" c="30" d="82" a="0"/>
<U id="154" f="8" l="233" c="31" d="101" a="0"/>
<U id="155" f="8" l="410" c="24" d="82" a="0"/>
<U id="156" f="9" l="314" c="40" d="151" a="1"/>
<U id="157" f="9" l="340" c="41" d="185" a="0"/>
<U id="158" f="8" l="223" c="59" d="121" a="0"/>
<U id="159" f="8" l="452" c="30" d="141" a="0"/>
<U id="160" f="8" l="550" c="40" d="120" a="0"/>
<U id="161" f="8" l="480" c="30" d="213" a="0"/>
<U id="162" f="8" l="614" c="12" d="49" a="0"/>
<U id="163" f="8" l="731" c="49" d="156" a="0"/>
<U id="164" f="9" l="284" c="19" d="176" a="1"/>
<U id="165" f="8" l="235" c="12" d="53" a="0"/>
<U id="166" f="8" l="322" c="14" d="111" a="0"/>
<U id="167" f="8" l="480" c="21" d="213" a="0"/>
<U id="168" f="9" l="370" c="40" d="113" a="0"/>
<U id="169" f="8" l="575" c="9" d="101" a="0"/>
<U id="170" f="8" l="335" c="30" d="81" a="0"/>
<U id="171" f="8" l="358" c="9" d="62" a="0"/>
<U id="172" f="8" l="184" c="29" d="206" a="0"/>
<U id="173" f="8" l="223" c="14" d="121" a="0"/>
<U id="174" f="8" l="361" c="22" d="214" a="0"/>
<U id="175" f="8" l="750" c="49" d="156" a="0"/>
<U id="176" f="8" l="476" c="9" d="70" a="0"/>
<U id="177" f="9" l="364" c="11" d="34" a="1"/>
<U id="178" f="8" l="413" c="14" d="67" a="0"/>
<U id="179" f="8" l="426" c="30" d="87" a="0"/>
<U id="180" f="9" l="170" c="14" d="78" a="0"/>
<U id="181" f="9" l="276" c="19" d="185" a="1"/>
<U id="182" f="9" l="325" c="40" d="113" a="1"/>
<U id="183" f="8" l="194" c="29" d="70" a="0"/>
<U id="184" f="8" l="449" c="9" d="62" a="0"/>
<U id="185" f="8" l="600" c="25" d="101" a="0"/>
<U id="186" f="8" l="452" c="22" d="184" a="0"/>
<U id="187" f="8" l="480" c="40" d="106" a="0"/>
<U id="188" f="8" l="522" c="14" d="115" a="0"/>
<U id="189" f="8" l="805" c="12" d="195" a="0"/>
<U id="190" f="9" l="322" c="42" d="155" a="0"/>
<U id="191" f="8" l="751" c="49" d="156" a="0"/>
<U id="192" f="9" l="307" c="40" d="113" a="1"/>
<U id="193" f="8" l="269" c="9" d="70" a="0"/>
<U id="194" f="8" l="223" c="33" d="121" a="0"/>
<U id="195" f="8" l="550" c="14" d="120" a="0"/>
<U id="196" f="8" l="590" c="12" d="56" a="0"/>
<U id="197" f="8" l="700" c="34" d="161" a="0"/>
<U id="198" f="9" l="283" c="39" d="42" a="0"/>
<U id="199" f="9" l="344" c="40" d="151" a="1"/>
<U id="200" f="8" l="223" c="24" d="62" a="0"/>
<U id="201" f="8" l="309" c="30" d="72" a="0"/>
<U id="202" f="8" l="700" c="25" d="11" a="0"/>
<U id="203" f="8" l="335" c="22" d="187" a="0"/>
<U id="204" f="8" l="508" c="30" d="194" a="0"/>
<U id="205" f="9" l="277" c="19" d="127" a="1"/>
<U id="206" f="9" l="326" c="40" d="151" a="1"/>
<U id="207" f="8" l="306" c="23" d="76" a="0"/>
<U id="208" f="8" l="332" c="24" d="90" a="0"/>
<U id="209" f="8" l="361" c="14" d="134" a="0"/>
<U id="210" f="8" l="508" c="21" d="194" a="0"/>
<U id="211" f="8" l="715" c="49" d="156" a="0"/>
<U id="212" f="8" l="271" c="14" d="186" a="0"/>
<U id="213" f="8" l="374" c="30" d="112" a="0"/>
<U id="214" f="8" l="536" c="30" d="197" a="0"/>
<U id="215" f="8" l="706" c="49" d="156" a="0"/>
<U id="216" f="9" l="308" c="40" d="151" a="1"/>
<U id="217" f="8" l="397" c="9" d="76" a="0"/>
<U id="218" f="8" l="536" c="21" d="197" a="0"/>
<U id="219" f="8" l="626" c="12" d="52" a="0"/>
<U id="220" f="8" l="710" c="25" d="11" a="0"/>
<U id="221" f="8" l="820" c="15" d="165" a="0"/>
<U id="222" f="8" l="426" c="22" d="188" a="0"/>
<U id="223" f="8" l="564" c="30" d="6" a="0"/>
<U id="224" f="8" l="701" c="25" d="13" a="0"/>
<U id="225" f="9" l="316" c="41" d="143" a="0"/>
<U id="226" f="8" l="423" c="24" d="90" a="0"/>
<U id="227" f="8" l="504" c="24" d="82" a="0"/>
<U id="228" f="8" l="575" c="29" d="101" a="0"/>
<U id="229" f="8" l="283" c="40" d="70" a="0"/>
<U id="230" f="8" l="452" c="14" d="141" a="0"/>
<U id="231" f="8" l="564" c="21" d="6" a="0"/>
<U id="232" f="8" l="705" c="50" d="156" a="0"/>
<U id="233" f="8" l="725" c="49" d="156" a="0"/>
<U id="234" f="9" l="278" c="19" d="137" a="1"/>
<U id="235" f="9" l="364" c="49" d="34" a="1"/>
<U id="236" f="8" l="465" c="30" d="122" a="0"/>
<U id="237" f="8" l="812" c="42" d="101" a="0"/>
<U id="238" f="8" l="532" c="24" d="95" a="0"/>
<U id="239" f="8" l="480" c="14" d="106" a="0"/>
<U id="240" f="8" l="508" c="40" d="88" a="0"/>
<U id="241" f="8" l="720" c="25" d="11" a="0"/>
<U id="242" f="5" l="100" c="47" d="76" a="0"/>
<U id="243" f="8" l="309" c="22" d="192" a="0"/>
<U id="244" f="8" l="711" c="25" d="13" a="0"/>
<U id="245" f="8" l="271" c="24" d="70" a="0"/>
<U id="246" f="8" l="335" c="14" d="81" a="0"/>
<U id="247" f="8" l="536" c="40" d="91" a="0"/>
<U id="248" f="9" l="337" c="40" d="151" a="1"/>
<U id="249" f="8" l="490" c="23" d="76" a="0"/>
<U id="250" f="8" l="588" c="9" d="101" a="0"/>
<U id="251" f="8" l="612" c="25" d="101" a="0"/>
<U id="252" f="8" l="348" c="30" d="102" a="0"/>
<U id="253" f="8" l="691" c="49" d="156" a="0"/>
<U id="254" f="9" l="279" c="19" d="143" a="1"/>
<U id="255" f="8" l="374" c="22" d="202" a="0"/>
<U id="256" f="8" l="564" c="40" d="107" a="0"/>
<U id="257" f="8" l="701" c="35" d="156" a="0"/>
<U id="258" f="8" l="730" c="25" d="11" a="0"/>
<U id="259" f="9" l="319" c="40" d="113" a="1"/>
<U id="260" f="5" l="101" c="56" d="65" a="0"/>
<U id="261" f="8" l="721" c="25" d="13" a="0"/>
<U id="262" f="8" l="400" c="37" d="215" a="0"/>
<U id="263" f="8" l="426" c="14" d="87" a="0"/>
<U id="264" f="8" l="494" c="30" d="198" a="0"/>
<U id="265" f="8" l="578" c="19" d="191" a="0"/>
<U id="266" f="8" l="671" c="23" d="135" a="0"/>
<U id="267" f="8" l="802" c="16" d="132" a="1"/>
<U id="268" f="8" l="812" c="52" d="195" a="0"/>
<U id="269" f="8" l="439" c="30" d="105" a="0"/>
<U id="270" f="8" l="494" c="21" d="198" a="0"/>
<U id="271" f="8" l="673" c="31" d="147" a="0"/>
<U id="272" f="8" l="710" c="72" d="161" a="0"/>
<U id="273" f="8" l="716" c="50" d="156" a="0"/>
<U id="274" f="8" l="720" c="35" d="156" a="0"/>
<U id="275" f="8" l="736" c="49" d="156" a="0"/>
<U id="276" f="8" l="777" c="10" d="101" a="0"/>
<U id="277" f="8" l="465" c="22" d="205" a="0"/>
<U id="278" f="8" l="602" c="17" d="86" a="0"/>
<U id="279" f="8" l="667" c="20" d="169" a="0"/>
<U id="280" f="8" l="740" c="25" d="11" a="0"/>
<U id="281" f="8" l="812" c="34" d="62" a="0"/>
<U id="282" f="8" l="283" c="14" d="157" a="0"/>
<U id="283" f="8" l="731" c="25" d="13" a="0"/>
<U id="284" f="9" l="276" c="49" d="51" a="0"/>
<U id="285" f="8" l="560" c="25" d="101" a="0"/>
<U id="286" f="8" l="296" c="30" d="94" a="0"/>
<U id="287" f="8" l="309" c="14" d="72" a="0"/>
<U id="288" f="8" l="735" c="50" d="156" a="0"/>
<U id="289" f="9" l="284" c="59" d="38" a="0"/>
<U id="290" f="9" l="370" c="16" d="31" a="1"/>
<U id="291" f="8" l="184" c="14" d="114" a="0"/>
<U id="292" f="8" l="197" c="39" d="76" a="0"/>
<U id="293" f="8" l="508" c="14" d="88" a="0"/>
<U id="294" f="8" l="726" c="50" d="156" a="0"/>
<U id="295" f="8" l="746" c="49" d="156" a="0"/>
<U id="296" f="9" l="328" c="41" d="166" a="0"/>
<U id="297" f="8" l="181" c="89" d="101" a="0"/>
<U id="298" f="8" l="293" c="23" d="70" a="0"/>
<U id="299" f="8" l="348" c="22" d="201" a="0"/>
<U id="300" f="8" l="711" c="72" d="161" a="0"/>
<U id="301" f="8" l="721" c="35" d="161" a="0"/>
<U id="302" f="8" l="750" c="25" d="11" a="0"/>
<U id="303" f="8" l="807" c="41" d="195" a="0"/>
<U id="304" f="8" l="345" c="24" d="95" a="0"/>
<U id="305" f="8" l="371" c="25" d="101" a="0"/>
<U id="306" f="8" l="247" c="14" d="138" a="0"/>
<U id="307" f="8" l="374" c="14" d="112" a="0"/>
<U id="308" f="8" l="494" c="40" d="84" a="0"/>
<U id="309" f="8" l="536" c="14" d="91" a="0"/>
<U id="310" f="8" l="741" c="25" d="13" a="0"/>
<U id="311" f="8" l="180" c="26" d="101" a="0"/>
<U id="312" f="9" l="163" c="25" d="65" a="0"/>
<U id="313" f="8" l="387" c="30" d="98" a="0"/>
<U id="314" f="8" l="745" c="50" d="156" a="0"/>
<U id="315" f="8" l="564" c="14" d="107" a="0"/>
<U id="316" f="8" l="639" c="12" d="59" a="0"/>
<U id="317" f="8" l="730" c="72" d="161" a="0"/>
<U id="318" f="8" l="740" c="35" d="161" a="0"/>
<U id="319" f="8" l="756" c="49" d="156" a="0"/>
<U id="320" f="9" l="280" c="53" d="33" a="0"/>
<U id="321" f="9" l="365" c="14" d="34" a="1"/>
<U id="322" f="9" l="371" c="16" d="36" a="1"/>
<U id="323" f="8" l="384" c="23" d="70" a="0"/>
<U id="324" f="8" l="439" c="22" d="204" a="0"/>
<U id="325" f="9" l="304" c="36" d="127" a="0"/>
<U id="326" f="9" l="349" c="40" d="113" a="1"/>
<U id="327" f="8" l="182" c="89" d="101" a="0"/>
<U id="328" f="8" l="307" c="80" d="76" a="0"/>
<U id="329" f="8" l="436" c="24" d="95" a="0"/>
<U id="330" f="8" l="462" c="25" d="101" a="0"/>
<U id="331" f="8" l="465" c="14" d="122" a="0"/>
<U id="332" f="8" l="667" c="12" d="95" a="0"/>
<U id="333" f="8" l="705" c="25" d="11" a="0"/>
<U id="334" f="8" l="751" c="25" d="13" a="0"/>
<U id="335" f="8" l="812" c="26" d="90" a="0"/>
<U id="336" f="8" l="210" c="48" d="82" a="0"/>
<U id="337" f="8" l="296" c="22" d="207" a="0"/>
<U id="338" f="9" l="357" c="32" d="113" a="1"/>
<U id="339" f="8" l="169" c="13" d="90" a="0"/>
<U id="340" f="8" l="247" c="24" d="70" a="0"/>
<U id="341" f="8" l="668" c="30" d="183" a="0"/>
<U id="342" f="8" l="680" c="34" d="156" a="0"/>
<U id="343" f="8" l="690" c="70" d="161" a="0"/>
<U id="344" f="8" l="731" c="72" d="161" a="0"/>
<U id="345" f="8" l="741" c="35" d="156" a="0"/>
<U id="346" f="9" l="281" c="53" d="37" a="0"/>
<U id="347" f="8" l="319" c="24" d="82" a="0"/>
<U id="348" f="8" l="322" c="37" d="168" a="0"/>
<U id="349" f="8" l="348" c="14" d="102" a="0"/>
<U id="350" f="8" l="668" c="21" d="101" a="0"/>
<U id="351" f="8" l="674" c="23" d="147" a="0"/>
<U id="352" f="8" l="680" c="25" d="11" a="0"/>
<U id="353" f="8" l="715" c="25" d="11" a="0"/>
<U id="354" f="8" l="518" c="24" d="90" a="0"/>
<U id="355" f="8" l="614" c="17" d="99" a="0"/>
<U id="356" f="8" l="706" c="25" d="13" a="0"/>
<U id="357" f="8" l="795" c="12" d="195" a="0"/>
<U id="358" f="8" l="387" c="22" d="210" a="0"/>
<U id="359" f="8" l="578" c="12" d="54" a="0"/>
<U id="360" f="8" l="695" c="49" d="156" a="0"/>
<U id="361" f="8" l="750" c="72" d="161" a="0"/>
<U id="362" f="8" l="546" c="24" d="62" a="0"/>
<U id="363" f="8" l="653" c="25" d="101" a="0"/>
<U id="364" f="8" l="494" c="14" d="84" a="0"/>
<U id="365" f="8" l="522" c="64" d="115" a="0"/>
<U id="366" f="9" l="358" c="32" d="151" a="1"/>
<U id="367" f="5" l="102" c="67" d="65" a="0"/>
<U id="368" f="8" l="476" c="23" d="70" a="0"/>
<U id="369" f="8" l="624" c="26" d="101" a="0"/>
<U id="370" f="8" l="413" c="37" d="175" a="0"/>
<U id="371" f="8" l="439" c="14" d="105" a="0"/>
<U id="372" f="8" l="673" c="15" d="135" a="0"/>
<U id="373" f="8" l="681" c="34" d="161" a="0"/>
<U id="374" f="8" l="690" c="25" d="11" a="0"/>
<U id="375" f="8" l="725" c="25" d="11" a="0"/>
<U id="376" f="8" l="550" c="64" d="120" a="0"/>
<U id="377" f="8" l="666" c="32" d="135" a="0"/>
<U id="378" f="8" l="681" c="25" d="13" a="0"/>
<U id="379" f="8" l="716" c="25" d="13" a="0"/>
<U id="380" f="8" l="259" c="14" d="172" a="0"/>
<U id="381" f="9" l="343" c="36" d="113" a="1"/>
<U id="382" f="8" l="197" c="32" d="167" a="0"/>
<U id="383" f="8" l="296" c="14" d="94" a="0"/>
<U id="384" f="8" l="696" c="49" d="156" a="0"/>
<U id="385" f="8" l="705" c="72" d="161" a="0"/>
<U id="386" f="8" l="751" c="72" d="161" a="0"/>
<U id="387" f="8" l="757" c="50" d="156" a="0"/>
<U id="388" f="8" l="735" c="25" d="11" a="0"/>
<U id="389" f="8" l="790" c="16" d="195" a="1"/>
<U id="390" f="8" l="197" c="14" d="167" a="0"/>
<U id="391" f="8" l="691" c="25" d="13" a="0"/>
<U id="392" f="8" l="726" c="25" d="13" a="0"/>
<U id="393" f="8" l="636" c="25" d="101" a="0"/>
<U id="394" f="8" l="235" c="18" d="73" a="0"/>
<U id="395" f="8" l="590" c="17" d="182" a="0"/>
<U id="396" f="8" l="671" c="17" d="135" a="0"/>
<U id="397" f="8" l="807" c="16" d="195" a="1"/>
<U id="398" f="8" l="358" c="24" d="62" a="0"/>
<U id="399" f="8" l="361" c="37" d="214" a="0"/>
<U id="400" f="8" l="387" c="14" d="98" a="0"/>
<U id="401" f="8" l="686" c="50" d="156" a="0"/>
<U id="402" f="8" l="715" c="72" d="161" a="0"/>
<U id="403" f="8" l="271" c="37" d="70" a="0"/>
<U id="404" f="8" l="522" c="56" d="208" a="0"/>
<U id="405" f="8" l="691" c="71" d="161" a="0"/>
<U id="406" f="8" l="745" c="25" d="11" a="0"/>
<U id="407" f="8" l="788" c="12" d="195" a="0"/>
<U id="408" f="9" l="322" c="84" d="160" a="0"/>
<U id="409" f="8" l="259" c="24" d="70" a="0"/>
<U id="410" f="8" l="522" c="47" d="208" a="0"/>
<U id="411" f="8" l="736" c="25" d="13" a="0"/>
<U id="412" f="8" l="294" c="80" d="70" a="0"/>
<U id="413" f="8" l="397" c="23" d="76" a="0"/>
<U id="414" f="8" l="480" c="64" d="106" a="0"/>
<U id="415" f="8" l="550" c="56" d="209" a="0"/>
<U id="416" f="9" l="334" c="46" d="176" a="0"/>
<U id="417" f="8" l="449" c="24" d="62" a="0"/>
<U id="418" f="8" l="452" c="37" d="184" a="0"/>
<U id="419" f="8" l="550" c="47" d="209" a="0"/>
<U id="420" f="8" l="666" c="15" d="135" a="0"/>
<U id="421" f="8" l="197" c="24" d="76" a="0"/>
<U id="422" f="8" l="281" c="28" d="101" a="0"/>
<U id="423" f="8" l="223" c="48" d="95" a="0"/>
<U id="424" f="8" l="668" c="14" d="135" a="0"/>
<U id="425" f="8" l="746" c="25" d="13" a="0"/>
<U id="426" f="9" l="277" c="52" d="41" a="0"/>
<U id="427" f="9" l="336" c="36" d="113" a="1"/>
<U id="428" f="9" l="362" c="37" d="113" a="0"/>
<U id="429" f="8" l="385" c="80" d="70" a="0"/>
<U id="430" f="9" l="170" c="66" d="116" a="0"/>
<U id="431" f="8" l="184" c="45" d="206" a="0"/>
<U id="432" f="8" l="283" c="27" d="70" a="0"/>
<U id="433" f="8" l="335" c="37" d="187" a="0"/>
<U id="434" f="9" l="295" c="16" d="170" a="0"/>
<U id="435" f="8" l="706" c="73" d="161" a="0"/>
<U id="436" f="9" l="367" c="16" d="50" a="0"/>
<U id="437" f="8" l="245" c="28" d="70" a="0"/>
<U id="438" f="8" l="756" c="25" d="11" a="0"/>
<U id="439" f="8" l="814" c="37" d="108" a="1"/>
<U id="440" f="9" l="299" c="32" d="113" a="1"/>
<U id="441" f="8" l="814" c="28" d="101" a="0"/>
<U id="442" f="9" l="278" c="52" d="47" a="0"/>
<U id="443" f="8" l="426" c="37" d="188" a="0"/>
<U id="444" f="8" l="480" c="56" d="211" a="0"/>
<U id="445" f="8" l="626" c="18" d="136" a="0"/>
<U id="446" f="8" l="725" c="73" d="161" a="0"/>
<U id="447" f="8" l="480" c="47" d="211" a="0"/>
<U id="448" f="8" l="716" c="73" d="161" a="0"/>
<U id="449" f="8" l="508" c="64" d="88" a="0"/>
<U id="450" f="8" l="639" c="25" d="9" a="0"/>
<U id="451" f="8" l="685" c="25" d="11" a="0"/>
<U id="452" f="8" l="757" c="25" d="13" a="0"/>
<U id="453" f="8" l="309" c="37" d="192" a="0"/>
<U id="454" f="8" l="536" c="64" d="91" a="0"/>
<U id="455" f="8" l="735" c="73" d="161" a="0"/>
<U id="456" f="9" l="279" c="52" d="44" a="0"/>
<U id="457" f="8" l="685" c="71" d="161" a="0"/>
<U id="458" f="8" l="726" c="73" d="161" a="0"/>
<U id="459" f="9" l="282" c="56" d="32" a="0"/>
<U id="460" f="8" l="564" c="64" d="107" a="0"/>
<U id="461" f="8" l="695" c="25" d="11" a="0"/>
<U id="462" f="8" l="817" c="27" d="165" a="0"/>
<U id="463" f="8" l="247" c="37" d="70" a="0"/>
<U id="464" f="8" l="374" c="37" d="202" a="0"/>
<U id="465" f="8" l="686" c="25" d="13" a="0"/>
<U id="466" f="8" l="745" c="73" d="161" a="0"/>
<U id="467" f="8" l="784" c="26" d="199" a="0"/>
<U id="468" f="9" l="371" c="48" d="151" a="0"/>
<U id="469" f="8" l="695" c="71" d="161" a="0"/>
<U id="470" f="8" l="736" c="73" d="161" a="0"/>
<U id="471" f="8" l="320" c="88" d="82" a="0"/>
<U id="472" f="8" l="465" c="37" d="205" a="0"/>
<U id="473" f="8" l="508" c="56" d="189" a="0"/>
<U id="474" f="8" l="696" c="25" d="13" a="0"/>
<U id="475" f="8" l="817" c="55" d="132" a="0"/>
<U id="476" f="8" l="257" c="28" d="82" a="0"/>
<U id="477" f="8" l="508" c="47" d="189" a="0"/>
<U id="478" f="8" l="817" c="46" d="101" a="0"/>
<U id="479" f="8" l="184" c="38" d="203" a="0"/>
<U id="480" f="8" l="536" c="56" d="190" a="0"/>
<U id="481" f="8" l="669" c="34" d="183" a="0"/>
<U id="482" f="8" l="746" c="73" d="161" a="0"/>
<U id="483" f="8" l="398" c="80" d="76" a="0"/>
<U id="484" f="8" l="411" c="88" d="82" a="0"/>
<U id="485" f="8" l="588" c="25" d="101" a="0"/>
<U id="486" f="8" l="536" c="47" d="190" a="0"/>
<U id="487" f="8" l="348" c="37" d="201" a="0"/>
<U id="488" f="8" l="494" c="64" d="84" a="0"/>
<U id="489" f="8" l="564" c="56" d="4" a="0"/>
<U id="490" f="8" l="520" c="88" d="90" a="0"/>
<U id="491" f="8" l="564" c="47" d="4" a="0"/>
<U id="492" f="8" l="677" c="17" d="180" a="0"/>
<U id="493" f="8" l="756" c="73" d="161" a="0"/>
<U id="494" f="8" l="578" c="26" d="14" a="0"/>
<U id="495" f="8" l="686" c="72" d="161" a="0"/>
<U id="496" f="8" l="786" c="26" d="195" a="0"/>
<U id="497" f="8" l="439" c="37" d="204" a="0"/>
<U id="498" f="8" l="639" c="18" d="146" a="0"/>
<U id="499" f="8" l="690" c="48" d="156" a="0"/>
<U id="500" f="8" l="797" c="16" d="132" a="1"/>
<U id="501" f="8" l="259" c="37" d="70" a="0"/>
<U id="502" f="8" l="296" c="37" d="207" a="0"/>
<U id="503" f="8" l="669" c="26" d="62" a="0"/>
<U id="504" f="8" l="696" c="72" d="161" a="0"/>
<U id="505" f="8" l="757" c="73" d="161" a="0"/>
<U id="506" f="8" l="786" c="63" d="195" a="0"/>
<U id="507" f="8" l="197" c="46" d="70" a="0"/>
<U id="508" f="8" l="669" c="17" d="76" a="0"/>
<U id="509" f="8" l="494" c="56" d="193" a="0"/>
<U id="510" f="8" l="786" c="45" d="101" a="0"/>
<U id="511" f="9" l="336" c="58" d="76" a="0"/>
<U id="512" f="8" l="450" c="88" d="62" a="0"/>
<U id="513" f="8" l="494" c="47" d="193" a="0"/>
<U id="514" f="8" l="798" c="16" d="195" a="1"/>
<U id="515" f="8" l="269" c="28" d="95" a="0"/>
<U id="516" f="8" l="387" c="37" d="210" a="0"/>
<U id="517" f="8" l="814" c="68" d="139" a="0"/>
<U id="518" f="8" l="561" c="96" d="101" a="0"/>
<U id="519" f="8" l="333" c="88" d="90" a="0"/>
<U id="520" f="8" l="197" c="56" d="167" a="0"/>
<U id="521" f="8" l="786" c="55" d="95" a="0"/>
<U id="522" f="8" l="424" c="88" d="90" a="0"/>
<U id="523" f="8" l="505" c="88" d="82" a="0"/>
<U id="524" f="8" l="562" c="96" d="101" a="0"/>
<U id="525" f="8" l="533" c="88" d="95" a="0"/>
<U id="526" f="8" l="777" c="28" d="101" a="0"/>
<U id="527" f="8" l="666" c="66" d="135" a="0"/>
<U id="528" f="8" l="506" c="88" d="82" a="0"/>
<U id="529" f="8" l="372" c="88" d="101" a="0"/>
<U id="530" f="8" l="534" c="88" d="95" a="0"/>
<U id="531" f="8" l="685" c="48" d="156" a="0"/>
<U id="532" f="8" l="654" c="96" d="101" a="0"/>
<U id="533" f="8" l="463" c="88" d="101" a="0"/>
<U id="534" f="8" l="491" c="88" d="76" a="0"/>
<U id="535" f="8" l="655" c="96" d="101" a="0"/>
<U id="536" f="8" l="346" c="88" d="95" a="0"/>
<U id="537" f="8" l="637" c="96" d="101" a="0"/>
<U id="538" f="8" l="492" c="88" d="76" a="0"/>
<U id="539" f="8" l="437" c="88" d="95" a="0"/>
<U id="540" f="8" l="519" c="88" d="90" a="0"/>
<U id="541" f="8" l="576" c="96" d="101" a="0"/>
<U id="542" f="8" l="547" c="88" d="62" a="0"/>
<U id="543" f="8" l="548" c="88" d="62" a="0"/>
<U id="544" f="8" l="359" c="88" d="62" a="0"/>
<U id="545" f="8" l="477" c="88" d="70" a="0"/>
<U id="546" f="8" l="478" c="88" d="70" a="0"/>
</Uses>
<Blocks>
<B id="1" t="routine" f="9" l="163" c="5">
<BEGIN l="164" c="0"/>
<END l="174" c="0"/>
</B>
<B id="2" t="routine" f="9" l="195" c="5">
<BEGIN l="196" c="0"/>
<END l="206" c="0"/>
</B>
<B id="3" t="if" f="9" l="365" c="8">
<BEGIN l="366" c="8"/>
<END l="368" c="8"/>
</B>
<B id="4" t="case" f="9" l="356" c="16">
<BEGIN l="357" c="32"/>
<END l="359" c="21"/>
</B>
<B id="5" t="case" f="9" l="355" c="16">
<BEGIN l="355" c="26"/>
<END l="355" c="26"/>
</B>
<B id="6" t="case" f="9" l="354" c="16">
<BEGIN l="354" c="26"/>
<END l="354" c="26"/>
</B>
<B id="7" t="else" f="9" l="346" c="32">
<BEGIN l="347" c="32"/>
<END l="351" c="32"/>
</B>
<B id="8" t="if" f="9" l="340" c="37">
<BEGIN l="341" c="32"/>
<END l="345" c="32"/>
<ELSE d="7"/>
</B>
<B id="9" t="else" f="9" l="340" c="32">
<BEGIN l="340" c="37"/>
<END l="351" c="32"/>
<SUB d="8"/>
</B>
<B id="10" t="if" f="9" l="334" c="37">
<BEGIN l="335" c="32"/>
<END l="338" c="32"/>
<ELSE d="9"/>
</B>
<B id="11" t="else" f="9" l="334" c="32">
<BEGIN l="334" c="37"/>
<END l="351" c="32"/>
<SUB d="10"/>
</B>
<B id="12" t="if" f="9" l="328" c="37">
<BEGIN l="329" c="32"/>
<END l="333" c="32"/>
<ELSE d="11"/>
</B>
<B id="13" t="else" f="9" l="328" c="32">
<BEGIN l="328" c="37"/>
<END l="351" c="32"/>
<SUB d="12"/>
</B>
<B id="14" t="if" f="9" l="322" c="37">
<BEGIN l="323" c="32"/>
<END l="327" c="32"/>
<ELSE d="13"/>
</B>
<B id="15" t="else" f="9" l="322" c="32">
<BEGIN l="322" c="37"/>
<END l="351" c="32"/>
<SUB d="14"/>
</B>
<B id="16" t="if" f="9" l="316" c="37">
<BEGIN l="317" c="32"/>
<END l="321" c="32"/>
<ELSE d="15"/>
</B>
<B id="17" t="else" f="9" l="316" c="32">
<BEGIN l="316" c="37"/>
<END l="351" c="32"/>
<SUB d="16"/>
</B>
<B id="18" t="if" f="9" l="310" c="37">
<BEGIN l="311" c="32"/>
<END l="315" c="32"/>
<ELSE d="17"/>
</B>
<B id="19" t="else" f="9" l="310" c="32">
<BEGIN l="310" c="37"/>
<END l="351" c="32"/>
<SUB d="18"/>
</B>
<B id="20" t="if" f="9" l="304" c="32">
<BEGIN l="305" c="32"/>
<END l="309" c="32"/>
<ELSE d="19"/>
</B>
<B id="21" t="case" f="9" l="303" c="16">
<BEGIN l="304" c="32"/>
<END l="352" c="21"/>
<SUB d="20"/>
</B>
<B id="22" t="case" f="9" l="298" c="16">
<BEGIN l="299" c="32"/>
<END l="301" c="21"/>
</B>
<B id="23" t="switch" f="9" l="295" c="8">
<BEGIN l="296" c="8"/>
<END l="360" c="8"/>
<CASE d="4"/>
<CASE d="5"/>
<CASE d="6"/>
<CASE d="21"/>
<CASE d="22"/>
</B>
<B id="24" t="routine" f="9" l="251" c="5">
<BEGIN l="252" c="0"/>
<END l="376" c="0"/>
<SUB d="3"/>
<SUB d="23"/>
</B>
<B id="25" t="ppcif" f="11" l="15" c="0">
<BEGIN l="15" c="27"/>
<END l="330" c="0"/>
</B>
<B id="26" t="ppcif" f="11" l="25" c="0">
<BEGIN l="25" c="19"/>
<END l="155" c="0"/>
</B>
<B id="27" t="ppcrmif" f="11" l="46" c="0">
<BEGIN l="46" c="93"/>
<END l="91" c="0"/>
</B>
<B id="28" t="ppcrmif" f="11" l="94" c="0">
<BEGIN l="94" c="91"/>
<END l="153" c="0"/>
</B>
<B id="29" t="ppcrmelse" f="11" l="155" c="0">
<BEGIN l="155" c="35"/>
<END l="328" c="0"/>
</B>
<B id="30" t="ppcif" f="12" l="11" c="0">
<BEGIN l="11" c="27"/>
<END l="36" c="0"/>
</B>
<B id="31" t="ppcrmif" f="12" l="14" c="0">
<BEGIN l="14" c="19"/>
<END l="29" c="0"/>
</B>
<B id="32" t="ppcelse" f="12" l="29" c="0">
<BEGIN l="29" c="5"/>
<END l="33" c="0"/>
</B>
<B id="33" t="ppcif" f="1" l="22" c="0">
<BEGIN l="22" c="17"/>
<END l="109" c="0"/>
</B>
<B id="34" t="ppcrmif" f="1" l="39" c="0">
<BEGIN l="39" c="66"/>
<END l="43" c="0"/>
</B>
<B id="35" t="ppcelse" f="1" l="43" c="0">
<BEGIN l="43" c="60"/>
<END l="47" c="0"/>
</B>
<B id="36" t="ppcrmif" f="1" l="52" c="0">
<BEGIN l="52" c="18"/>
<END l="58" c="0"/>
</B>
<B id="37" t="ppcrmif" f="1" l="62" c="0">
<BEGIN l="62" c="33"/>
<END l="80" c="0"/>
</B>
<B id="38" t="ppcelse" f="1" l="80" c="0">
<BEGIN l="80" c="31"/>
<END l="93" c="0"/>
</B>
<B id="39" t="ppcrmif" f="1" l="96" c="0">
<BEGIN l="96" c="14"/>
<END l="106" c="0"/>
</B>
<B id="40" t="ppcif" f="13" l="3" c="0">
<BEGIN l="3" c="29"/>
<END l="348" c="0"/>
</B>
<B id="41" t="ppcif" f="13" l="61" c="0">
<BEGIN l="63" c="27"/>
<END l="66" c="0"/>
</B>
<B id="42" t="ppcrmif" f="13" l="165" c="0">
<BEGIN l="165" c="17"/>
<END l="206" c="0"/>
</B>
<B id="43" t="ppcrmif" f="13" l="209" c="0">
<BEGIN l="209" c="37"/>
<END l="211" c="0"/>
</B>
<B id="44" t="ppcrmif" f="13" l="213" c="0">
<BEGIN l="213" c="44"/>
<END l="321" c="0"/>
</B>
<B id="45" t="ppcif" f="13" l="323" c="0">
<BEGIN l="323" c="18"/>
<END l="346" c="0"/>
</B>
<B id="46" t="ppcrmif" f="13" l="326" c="0">
<BEGIN l="326" c="18"/>
<END l="328" c="0"/>
</B>
<B id="47" t="ppcrmif" f="13" l="329" c="0">
<BEGIN l="329" c="63"/>
<END l="331" c="0"/>
</B>
<B id="48" t="ppcrmif" f="13" l="332" c="0">
<BEGIN l="332" c="64"/>
<END l="334" c="0"/>
</B>
<B id="49" t="ppcrmif" f="13" l="335" c="0">
<BEGIN l="335" c="16"/>
<END l="340" c="0"/>
</B>
<B id="50" t="ppcif" f="13" l="343" c="0">
<BEGIN l="343" c="57"/>
<END l="345" c="0"/>
</B>
<B id="51" t="type" f="5" l="50" c="7">
<BEGIN l="50" c="22"/>
<END l="55" c="0"/>
</B>
<B id="52" t="ppcif" f="5" l="24" c="0">
<BEGIN l="24" c="23"/>
<END l="259" c="0"/>
</B>
<B id="53" t="ppcrmif" f="5" l="27" c="0">
<BEGIN l="27" c="35"/>
<END l="29" c="0"/>
</B>
<B id="54" t="ppcif" f="5" l="31" c="0">
<BEGIN l="31" c="38"/>
<END l="33" c="0"/>
</B>
<B id="55" t="ppcrmif" f="5" l="35" c="0">
<BEGIN l="35" c="19"/>
<END l="38" c="0"/>
</B>
<B id="56" t="ppcrmif" f="5" l="255" c="0">
<BEGIN l="255" c="19"/>
<END l="257" c="0"/>
</B>
<B id="57" t="ppcif" f="14" l="24" c="0">
<BEGIN l="24" c="28"/>
<END l="59" c="0"/>
</B>
<B id="58" t="ppcrmif" f="14" l="27" c="0">
<BEGIN l="27" c="19"/>
<END l="30" c="0"/>
</B>
<B id="59" t="ppcif" f="14" l="38" c="0">
<BEGIN l="38" c="17"/>
<END l="40" c="0"/>
</B>
<B id="60" t="ppcif" f="14" l="42" c="0">
<BEGIN l="42" c="18"/>
<END l="44" c="0"/>
</B>
<B id="61" t="ppcif" f="14" l="46" c="0">
<BEGIN l="46" c="18"/>
<END l="48" c="0"/>
</B>
<B id="62" t="ppcif" f="14" l="50" c="0">
<BEGIN l="50" c="22"/>
<END l="52" c="0"/>
</B>
<B id="63" t="ppcrmif" f="14" l="55" c="0">
<BEGIN l="55" c="19"/>
<END l="57" c="0"/>
</B>
<B id="64" t="ppcif" f="4" l="24" c="0">
<BEGIN l="24" c="19"/>
<END l="42" c="0"/>
</B>
<B id="65" t="ppcif" f="15" l="25" c="0">
<BEGIN l="25" c="14"/>
<END l="96" c="0"/>
</B>
<B id="66" t="ppcrmif" f="15" l="41" c="0">
<BEGIN l="41" c="33"/>
<END l="43" c="0"/>
</B>
<B id="67" t="ppcrmif" f="15" l="45" c="0">
<BEGIN l="45" c="46"/>
<END l="47" c="0"/>
</B>
<B id="68" t="ppcrmif" f="15" l="49" c="0">
<BEGIN l="49" c="28"/>
<END l="51" c="0"/>
</B>
<B id="69" t="type" f="3" l="135" c="0">
<BEGIN l="135" c="0"/>
<END l="141" c="0"/>
</B>
<B id="70" t="ppcif" f="3" l="56" c="0">
<BEGIN l="56" c="19"/>
<END l="154" c="0"/>
</B>
<B id="71" t="ppcif" f="3" l="122" c="0">
<BEGIN l="122" c="26"/>
<END l="126" c="0"/>
</B>
<B id="72" t="ppcif" f="2" l="43" c="0">
<BEGIN l="43" c="24"/>
<END l="150" c="0"/>
</B>
<B id="73" t="ppcif" f="2" l="81" c="0">
<BEGIN l="81" c="13"/>
<END l="83" c="0"/>
</B>
<B id="74" t="ppcif" f="2" l="85" c="0">
<BEGIN l="85" c="14"/>
<END l="87" c="0"/>
</B>
<B id="75" t="ppcrmif" f="2" l="119" c="0">
<BEGIN l="119" c="46"/>
<END l="125" c="0"/>
</B>
<B id="76" t="ppcelse" f="2" l="125" c="0">
<BEGIN l="125" c="6"/>
<END l="129" c="0"/>
</B>
<B id="77" t="ppcrmif" f="2" l="131" c="0">
<BEGIN l="131" c="46"/>
<END l="137" c="0"/>
</B>
<B id="78" t="ppcelse" f="2" l="137" c="0">
<BEGIN l="137" c="6"/>
<END l="140" c="0"/>
</B>
<B id="79" t="ppcif" f="16" l="43" c="0">
<BEGIN l="43" c="18"/>
<END l="202" c="0"/>
</B>
<B id="80" t="ppcif" f="16" l="88" c="0">
<BEGIN l="88" c="17"/>
<END l="90" c="0"/>
</B>
<B id="81" t="ppcif" f="17" l="19" c="0">
<BEGIN l="19" c="22"/>
<END l="23" c="0"/>
</B>
<B id="82" t="ppcif" f="18" l="19" c="0">
<BEGIN l="19" c="26"/>
<END l="23" c="0"/>
</B>
<B id="83" t="ppcif" f="19" l="24" c="0">
<BEGIN l="24" c="31"/>
<END l="27" c="0"/>
</B>
<B id="84" t="ppcif" f="20" l="19" c="0">
<BEGIN l="19" c="16"/>
<END l="24" c="0"/>
</B>
<B id="85" t="ppcif" f="21" l="53" c="0">
<BEGIN l="53" c="30"/>
<END l="57" c="0"/>
</B>
<B id="86" t="ppcrmif" f="21" l="67" c="0">
<BEGIN l="67" c="43"/>
<END l="71" c="0"/>
</B>
<B id="87" t="ppcrmif" f="21" l="81" c="0">
<BEGIN l="81" c="48"/>
<END l="85" c="0"/>
</B>
<B id="88" t="ppcrmif" f="21" l="95" c="0">
<BEGIN l="95" c="46"/>
<END l="99" c="0"/>
</B>
<B id="89" t="ppcrmif" f="21" l="109" c="0">
<BEGIN l="109" c="51"/>
<END l="113" c="0"/>
</B>
<B id="90" t="ppcif" f="21" l="125" c="0">
<BEGIN l="125" c="29"/>
<END l="129" c="0"/>
</B>
<B id="91" t="ppcrmif" f="21" l="139" c="0">
<BEGIN l="139" c="42"/>
<END l="143" c="0"/>
</B>
<B id="92" t="ppcrmif" f="21" l="153" c="0">
<BEGIN l="153" c="47"/>
<END l="157" c="0"/>
</B>
<B id="93" t="ppcrmif" f="21" l="167" c="0">
<BEGIN l="167" c="45"/>
<END l="171" c="0"/>
</B>
<B id="94" t="ppcrmif" f="21" l="181" c="0">
<BEGIN l="181" c="50"/>
<END l="185" c="0"/>
</B>
<B id="95" t="ppcif" f="7" l="12" c="0">
<BEGIN l="12" c="19"/>
<END l="116" c="0"/>
</B>
<B id="96" t="ppcif" f="7" l="44" c="0">
<BEGIN l="44" c="37"/>
<END l="46" c="0"/>
</B>
<B id="97" t="ppcif" f="7" l="49" c="0">
<BEGIN l="49" c="44"/>
<END l="51" c="0"/>
</B>
<B id="98" t="ppcif" f="7" l="54" c="0">
<BEGIN l="54" c="41"/>
<END l="56" c="0"/>
</B>
<B id="99" t="ppcif" f="7" l="59" c="0">
<BEGIN l="59" c="41"/>
<END l="61" c="0"/>
</B>
<B id="100" t="ppcif" f="7" l="64" c="0">
<BEGIN l="64" c="46"/>
<END l="66" c="0"/>
</B>
<B id="101" t="ppcif" f="7" l="69" c="0">
<BEGIN l="69" c="40"/>
<END l="71" c="0"/>
</B>
<B id="102" t="ppcif" f="7" l="74" c="0">
<BEGIN l="74" c="40"/>
<END l="76" c="0"/>
</B>
<B id="103" t="ppcif" f="7" l="79" c="0">
<BEGIN l="79" c="25"/>
<END l="81" c="0"/>
</B>
<B id="104" t="ppcif" f="7" l="84" c="0">
<BEGIN l="84" c="40"/>
<END l="86" c="0"/>
</B>
<B id="105" t="ppcif" f="7" l="92" c="0">
<BEGIN l="92" c="29"/>
<END l="94" c="0"/>
</B>
<B id="106" t="ppcif" f="7" l="97" c="0">
<BEGIN l="97" c="38"/>
<END l="99" c="0"/>
</B>
<B id="107" t="ppcif" f="7" l="105" c="0">
<BEGIN l="105" c="33"/>
<END l="107" c="0"/>
</B>
<B id="108" t="ppcif" f="8" l="24" c="0">
<BEGIN l="24" c="18"/>
<END l="823" c="0"/>
</B>
<B id="109" t="routine" f="8" l="180" c="17">
<BEGIN l="183" c="0"/>
<END l="185" c="0"/>
</B>
<B id="110" t="routine" f="8" l="194" c="15">
<BEGIN l="195" c="0"/>
<END l="198" c="0"/>
</B>
<B id="111" t="routine" f="8" l="207" c="16">
<BEGIN l="208" c="0"/>
<END l="211" c="0"/>
</B>
<B id="112" t="else" f="8" l="223" c="40">
<BEGIN l="223" c="40"/>
<END l="223" c="63"/>
</B>
<B id="113" t="if" f="8" l="223" c="22">
<BEGIN l="223" c="24"/>
<END l="223" c="36"/>
<ELSE d="112"/>
</B>
<B id="114" t="routine" f="8" l="220" c="16">
<BEGIN l="221" c="0"/>
<END l="224" c="0"/>
<SUB d="113"/>
</B>
<B id="115" t="routine" f="8" l="233" c="17">
<BEGIN l="234" c="0"/>
<END l="236" c="0"/>
</B>
<B id="116" t="else" f="8" l="247" c="37">
<BEGIN l="247" c="37"/>
<END l="247" c="45"/>
</B>
<B id="117" t="if" f="8" l="247" c="22">
<BEGIN l="247" c="24"/>
<END l="247" c="32"/>
<ELSE d="116"/>
</B>
<B id="118" t="routine" f="8" l="245" c="15">
<BEGIN l="246" c="0"/>
<END l="248" c="0"/>
<SUB d="117"/>
</B>
<B id="119" t="else" f="8" l="259" c="37">
<BEGIN l="259" c="37"/>
<END l="259" c="45"/>
</B>
<B id="120" t="if" f="8" l="259" c="22">
<BEGIN l="259" c="24"/>
<END l="259" c="32"/>
<ELSE d="119"/>
</B>
<B id="121" t="routine" f="8" l="257" c="15">
<BEGIN l="258" c="0"/>
<END l="260" c="0"/>
<SUB d="120"/>
</B>
<B id="122" t="else" f="8" l="271" c="37">
<BEGIN l="271" c="37"/>
<END l="271" c="45"/>
</B>
<B id="123" t="if" f="8" l="271" c="22">
<BEGIN l="271" c="24"/>
<END l="271" c="32"/>
<ELSE d="122"/>
</B>
<B id="124" t="routine" f="8" l="269" c="15">
<BEGIN l="270" c="0"/>
<END l="272" c="0"/>
<SUB d="123"/>
</B>
<B id="125" t="else" f="8" l="283" c="40">
<BEGIN l="283" c="40"/>
<END l="283" c="48"/>
</B>
<B id="126" t="if" f="8" l="283" c="25">
<BEGIN l="283" c="27"/>
<END l="283" c="35"/>
<ELSE d="125"/>
</B>
<B id="127" t="routine" f="8" l="281" c="15">
<BEGIN l="282" c="0"/>
<END l="284" c="0"/>
<SUB d="126"/>
</B>
<B id="128" t="routine" f="8" l="293" c="15">
<BEGIN l="295" c="0"/>
<END l="297" c="0"/>
</B>
<B id="129" t="routine" f="8" l="306" c="15">
<BEGIN l="308" c="0"/>
<END l="310" c="0"/>
</B>
<B id="130" t="routine" f="8" l="319" c="16">
<BEGIN l="321" c="0"/>
<END l="323" c="0"/>
</B>
<B id="131" t="routine" f="8" l="332" c="16">
<BEGIN l="334" c="0"/>
<END l="336" c="0"/>
</B>
<B id="132" t="else" f="8" l="348" c="37">
<BEGIN l="348" c="37"/>
<END l="348" c="40"/>
</B>
<B id="133" t="if" f="8" l="348" c="28">
<BEGIN l="348" c="30"/>
<END l="348" c="33"/>
<ELSE d="132"/>
</B>
<B id="134" t="routine" f="8" l="345" c="16">
<BEGIN l="347" c="0"/>
<END l="349" c="0"/>
<SUB d="133"/>
</B>
<B id="135" t="else" f="8" l="361" c="37">
<BEGIN l="361" c="37"/>
<END l="361" c="40"/>
</B>
<B id="136" t="if" f="8" l="361" c="28">
<BEGIN l="361" c="30"/>
<END l="361" c="33"/>
<ELSE d="135"/>
</B>
<B id="137" t="routine" f="8" l="358" c="16">
<BEGIN l="360" c="0"/>
<END l="362" c="0"/>
<SUB d="136"/>
</B>
<B id="138" t="else" f="8" l="374" c="37">
<BEGIN l="374" c="37"/>
<END l="374" c="40"/>
</B>
<B id="139" t="if" f="8" l="374" c="28">
<BEGIN l="374" c="30"/>
<END l="374" c="33"/>
<ELSE d="138"/>
</B>
<B id="140" t="routine" f="8" l="371" c="17">
<BEGIN l="373" c="0"/>
<END l="375" c="0"/>
<SUB d="139"/>
</B>
<B id="141" t="routine" f="8" l="384" c="15">
<BEGIN l="386" c="0"/>
<END l="388" c="0"/>
</B>
<B id="142" t="routine" f="8" l="397" c="15">
<BEGIN l="399" c="0"/>
<END l="401" c="0"/>
</B>
<B id="143" t="routine" f="8" l="410" c="16">
<BEGIN l="412" c="0"/>
<END l="414" c="0"/>
</B>
<B id="144" t="routine" f="8" l="423" c="16">
<BEGIN l="425" c="0"/>
<END l="427" c="0"/>
</B>
<B id="145" t="else" f="8" l="439" c="37">
<BEGIN l="439" c="37"/>
<END l="439" c="40"/>
</B>
<B id="146" t="if" f="8" l="439" c="28">
<BEGIN l="439" c="30"/>
<END l="439" c="33"/>
<ELSE d="145"/>
</B>
<B id="147" t="routine" f="8" l="436" c="16">
<BEGIN l="438" c="0"/>
<END l="440" c="0"/>
<SUB d="146"/>
</B>
<B id="148" t="else" f="8" l="452" c="37">
<BEGIN l="452" c="37"/>
<END l="452" c="40"/>
</B>
<B id="149" t="if" f="8" l="452" c="28">
<BEGIN l="452" c="30"/>
<END l="452" c="33"/>
<ELSE d="148"/>
</B>
<B id="150" t="routine" f="8" l="449" c="16">
<BEGIN l="451" c="0"/>
<END l="453" c="0"/>
<SUB d="149"/>
</B>
<B id="151" t="else" f="8" l="465" c="37">
<BEGIN l="465" c="37"/>
<END l="465" c="40"/>
</B>
<B id="152" t="if" f="8" l="465" c="28">
<BEGIN l="465" c="30"/>
<END l="465" c="33"/>
<ELSE d="151"/>
</B>
<B id="153" t="routine" f="8" l="462" c="17">
<BEGIN l="464" c="0"/>
<END l="466" c="0"/>
<SUB d="152"/>
</B>
<B id="154" t="routine" f="8" l="476" c="15">
<BEGIN l="479" c="0"/>
<END l="481" c="0"/>
</B>
<B id="155" t="routine" f="8" l="490" c="15">
<BEGIN l="493" c="0"/>
<END l="495" c="0"/>
</B>
<B id="156" t="routine" f="8" l="504" c="16">
<BEGIN l="507" c="0"/>
<END l="509" c="0"/>
</B>
<B id="157" t="routine" f="8" l="518" c="16">
<BEGIN l="521" c="0"/>
<END l="523" c="0"/>
</B>
<B id="158" t="else" f="8" l="536" c="38">
<BEGIN l="536" c="38"/>
<END l="536" c="67"/>
</B>
<B id="159" t="if" f="8" l="536" c="28">
<BEGIN l="536" c="30"/>
<END l="536" c="34"/>
<ELSE d="158"/>
</B>
<B id="160" t="routine" f="8" l="532" c="16">
<BEGIN l="535" c="0"/>
<END l="537" c="0"/>
<SUB d="159"/>
</B>
<B id="161" t="else" f="8" l="550" c="38">
<BEGIN l="550" c="38"/>
<END l="550" c="67"/>
</B>
<B id="162" t="if" f="8" l="550" c="28">
<BEGIN l="550" c="30"/>
<END l="550" c="34"/>
<ELSE d="161"/>
</B>
<B id="163" t="routine" f="8" l="546" c="16">
<BEGIN l="549" c="0"/>
<END l="551" c="0"/>
<SUB d="162"/>
</B>
<B id="164" t="else" f="8" l="564" c="38">
<BEGIN l="564" c="38"/>
<END l="564" c="67"/>
</B>
<B id="165" t="if" f="8" l="564" c="28">
<BEGIN l="564" c="30"/>
<END l="564" c="34"/>
<ELSE d="164"/>
</B>
<B id="166" t="routine" f="8" l="560" c="17">
<BEGIN l="563" c="0"/>
<END l="565" c="0"/>
<SUB d="165"/>
</B>
<B id="167" t="routine" f="8" l="575" c="17">
<BEGIN l="577" c="0"/>
<END l="579" c="0"/>
</B>
<B id="168" t="routine" f="8" l="588" c="17">
<BEGIN l="589" c="0"/>
<END l="591" c="0"/>
</B>
<B id="169" t="routine" f="8" l="600" c="17">
<BEGIN l="601" c="0"/>
<END l="603" c="0"/>
</B>
<B id="170" t="routine" f="8" l="612" c="17">
<BEGIN l="613" c="0"/>
<END l="615" c="0"/>
</B>
<B id="171" t="routine" f="8" l="624" c="17">
<BEGIN l="625" c="0"/>
<END l="627" c="0"/>
</B>
<B id="172" t="routine" f="8" l="636" c="17">
<BEGIN l="638" c="0"/>
<END l="640" c="0"/>
</B>
<B id="173" t="case" f="8" l="755" c="16">
<BEGIN l="756" c="24"/>
<END l="758" c="29"/>
</B>
<B id="174" t="case" f="8" l="749" c="16">
<BEGIN l="750" c="24"/>
<END l="752" c="29"/>
</B>
<B id="175" t="case" f="8" l="744" c="16">
<BEGIN l="745" c="24"/>
<END l="747" c="29"/>
</B>
<B id="176" t="case" f="8" l="739" c="16">
<BEGIN l="740" c="24"/>
<END l="742" c="29"/>
</B>
<B id="177" t="case" f="8" l="734" c="16">
<BEGIN l="735" c="24"/>
<END l="737" c="29"/>
</B>
<B id="178" t="case" f="8" l="729" c="16">
<BEGIN l="730" c="24"/>
<END l="732" c="29"/>
</B>
<B id="179" t="case" f="8" l="724" c="16">
<BEGIN l="725" c="24"/>
<END l="727" c="29"/>
</B>
<B id="180" t="case" f="8" l="719" c="16">
<BEGIN l="720" c="24"/>
<END l="722" c="29"/>
</B>
<B id="181" t="case" f="8" l="714" c="16">
<BEGIN l="715" c="24"/>
<END l="717" c="29"/>
</B>
<B id="182" t="case" f="8" l="709" c="16">
<BEGIN l="710" c="24"/>
<END l="712" c="29"/>
</B>
<B id="183" t="case" f="8" l="704" c="16">
<BEGIN l="705" c="24"/>
<END l="707" c="29"/>
</B>
<B id="184" t="case" f="8" l="699" c="16">
<BEGIN l="700" c="24"/>
<END l="702" c="29"/>
</B>
<B id="185" t="case" f="8" l="694" c="16">
<BEGIN l="695" c="24"/>
<END l="697" c="29"/>
</B>
<B id="186" t="case" f="8" l="689" c="16">
<BEGIN l="690" c="24"/>
<END l="692" c="29"/>
</B>
<B id="187" t="case" f="8" l="684" c="16">
<BEGIN l="685" c="24"/>
<END l="687" c="29"/>
</B>
<B id="188" t="case" f="8" l="679" c="16">
<BEGIN l="680" c="24"/>
<END l="682" c="29"/>
</B>
<B id="189" t="switch" f="8" l="677" c="8">
<BEGIN l="678" c="8"/>
<END l="760" c="8"/>
<CASE d="173"/>
<CASE d="174"/>
<CASE d="175"/>
<CASE d="176"/>
<CASE d="177"/>
<CASE d="178"/>
<CASE d="179"/>
<CASE d="180"/>
<CASE d="181"/>
<CASE d="182"/>
<CASE d="183"/>
<CASE d="184"/>
<CASE d="185"/>
<CASE d="186"/>
<CASE d="187"/>
<CASE d="188"/>
</B>
<B id="190" t="else" f="8" l="666" c="65">
<BEGIN l="666" c="65"/>
<END l="666" c="90"/>
</B>
<B id="191" t="if" f="8" l="666" c="27">
<BEGIN l="666" c="31"/>
<END l="666" c="56"/>
<ELSE d="190"/>
</B>
<B id="192" t="routine" f="8" l="653" c="14">
<BEGIN l="656" c="0"/>
<END l="762" c="0"/>
<SUB d="189"/>
<SUB d="191"/>
</B>
<B id="193" t="if" f="8" l="805" c="8">
<BEGIN l="806" c="8"/>
<END l="808" c="8"/>
</B>
<B id="194" t="else" f="8" l="800" c="8">
<BEGIN l="801" c="8"/>
<END l="803" c="8"/>
</B>
<B id="195" t="if" f="8" l="795" c="8">
<BEGIN l="796" c="8"/>
<END l="799" c="8"/>
<ELSE d="194"/>
</B>
<B id="196" t="if" f="8" l="788" c="8">
<BEGIN l="789" c="8"/>
<END l="791" c="8"/>
</B>
<B id="197" t="routine" f="8" l="777" c="18">
<BEGIN l="778" c="0"/>
<END l="821" c="0"/>
<SUB d="193"/>
<SUB d="195"/>
<SUB d="196"/>
</B>
<B id="198" t="ppcif" f="6" l="13" c="0">
<BEGIN l="13" c="16"/>
<END l="823" c="0"/>
</B>
<B id="199" t="ppcrmif" f="6" l="14" c="0">
<BEGIN l="14" c="14"/>
<END l="16" c="0"/>
</B>
<B id="200" t="ppcif" f="6" l="18" c="0">
<BEGIN l="18" c="23"/>
<END l="819" c="0"/>
</B>
<B id="201" t="ppcrmif" f="6" l="20" c="0">
<BEGIN l="20" c="18"/>
<END l="22" c="0"/>
</B>
<B id="202" t="ppcrmif" f="6" l="26" c="0">
<BEGIN l="26" c="67"/>
<END l="28" c="0"/>
</B>
<B id="203" t="ppcrmelif" f="6" l="28" c="0">
<BEGIN l="28" c="5"/>
<END l="30" c="0"/>
</B>
<B id="204" t="ppcrmelif" f="6" l="30" c="0">
<BEGIN l="30" c="5"/>
<END l="33" c="0"/>
</B>
<B id="205" t="ppcrmelif" f="6" l="33" c="0">
<BEGIN l="33" c="5"/>
<END l="38" c="0"/>
</B>
<B id="206" t="ppcrmelse" f="6" l="38" c="0">
<BEGIN l="38" c="5"/>
<END l="40" c="0"/>
</B>
<B id="207" t="ppcrmif" f="6" l="42" c="0">
<BEGIN l="42" c="23"/>
<END l="44" c="0"/>
</B>
<B id="208" t="ppcrmelif" f="6" l="44" c="0">
<BEGIN l="44" c="5"/>
<END l="47" c="0"/>
</B>
<B id="209" t="ppcrmelif" f="6" l="47" c="0">
<BEGIN l="47" c="5"/>
<END l="50" c="0"/>
</B>
<B id="210" t="ppcrmelse" f="6" l="50" c="0">
<BEGIN l="50" c="5"/>
<END l="53" c="0"/>
</B>
<B id="211" t="ppcif" f="6" l="65" c="0">
<BEGIN l="65" c="20"/>
<END l="68" c="0"/>
</B>
<B id="212" t="ppcrmelse" f="6" l="68" c="0">
<BEGIN l="68" c="5"/>
<END l="76" c="0"/>
</B>
<B id="213" t="ppcrmif" f="6" l="78" c="0">
<BEGIN l="78" c="106"/>
<END l="82" c="0"/>
</B>
<B id="214" t="ppcelse" f="6" l="82" c="0">
<BEGIN l="82" c="5"/>
<END l="86" c="0"/>
</B>
<B id="215" t="ppcif" f="6" l="115" c="0">
<BEGIN l="116" c="51"/>
<END l="119" c="0"/>
</B>
<B id="216" t="ppcif" f="6" l="121" c="0">
<BEGIN l="121" c="68"/>
<END l="123" c="0"/>
</B>
<B id="217" t="ppcrmelse" f="6" l="123" c="0">
<BEGIN l="123" c="5"/>
<END l="126" c="0"/>
</B>
<B id="218" t="ppcrmif" f="6" l="128" c="0">
<BEGIN l="128" c="53"/>
<END l="131" c="0"/>
</B>
<B id="219" t="ppcrmif" f="6" l="133" c="0">
<BEGIN l="133" c="51"/>
<END l="135" c="0"/>
</B>
<B id="220" t="ppcif" f="6" l="137" c="0">
<BEGIN l="137" c="24"/>
<END l="265" c="0"/>
</B>
<B id="221" t="ppcif" f="6" l="138" c="0">
<BEGIN l="138" c="56"/>
<END l="140" c="0"/>
</B>
<B id="222" t="ppcrmif" f="6" l="171" c="0">
<BEGIN l="171" c="24"/>
<END l="173" c="0"/>
</B>
<B id="223" t="ppcrmif" f="6" l="188" c="0">
<BEGIN l="188" c="24"/>
<END l="190" c="0"/>
</B>
<B id="224" t="ppcif" f="6" l="196" c="0">
<BEGIN l="196" c="56"/>
<END l="263" c="0"/>
</B>
<B id="225" t="ppcrmif" f="6" l="217" c="0">
<BEGIN l="217" c="24"/>
<END l="219" c="0"/>
</B>
<B id="226" t="ppcrmif" f="6" l="260" c="0">
<BEGIN l="260" c="24"/>
<END l="262" c="0"/>
</B>
<B id="227" t="ppcrmif" f="6" l="268" c="0">
<BEGIN l="268" c="24"/>
<END l="270" c="0"/>
</B>
<B id="228" t="ppcrmif" f="6" l="284" c="0">
<BEGIN l="284" c="24"/>
<END l="286" c="0"/>
</B>
<B id="229" t="ppcif" f="6" l="291" c="0">
<BEGIN l="291" c="20"/>
<END l="750" c="0"/>
</B>
<B id="230" t="ppcif" f="6" l="292" c="0">
<BEGIN l="292" c="24"/>
<END l="307" c="0"/>
</B>
<B id="231" t="ppcrmif" f="6" l="310" c="0">
<BEGIN l="310" c="43"/>
<END l="317" c="0"/>
</B>
<B id="232" t="ppcelif" f="6" l="317" c="0">
<BEGIN l="317" c="5"/>
<END l="324" c="0"/>
</B>
<B id="233" t="ppcrmelif" f="6" l="324" c="0">
<BEGIN l="324" c="5"/>
<END l="337" c="0"/>
</B>
<B id="234" t="ppcrmelse" f="6" l="337" c="0">
<BEGIN l="337" c="5"/>
<END l="345" c="0"/>
</B>
<B id="235" t="ppcrmif" f="6" l="348" c="0">
<BEGIN l="348" c="43"/>
<END l="355" c="0"/>
</B>
<B id="236" t="ppcelif" f="6" l="355" c="0">
<BEGIN l="355" c="5"/>
<END l="364" c="0"/>
</B>
<B id="237" t="ppcrmelse" f="6" l="364" c="0">
<BEGIN l="364" c="5"/>
<END l="372" c="0"/>
</B>
<B id="238" t="ppcrmif" f="6" l="375" c="0">
<BEGIN l="375" c="23"/>
<END l="377" c="0"/>
</B>
<B id="239" t="ppcrmelif" f="6" l="377" c="0">
<BEGIN l="377" c="6"/>
<END l="379" c="0"/>
</B>
<B id="240" t="ppcrmelif" f="6" l="379" c="0">
<BEGIN l="379" c="6"/>
<END l="381" c="0"/>
</B>
<B id="241" t="ppcif" f="6" l="383" c="0">
<BEGIN l="383" c="64"/>
<END l="402" c="0"/>
</B>
<B id="242" t="ppcif" f="6" l="386" c="0">
<BEGIN l="386" c="24"/>
<END l="397" c="0"/>
</B>
<B id="243" t="ppcrmelse" f="6" l="402" c="0">
<BEGIN l="402" c="5"/>
<END l="682" c="0"/>
</B>
<B id="244" t="ppcif" f="6" l="685" c="0">
<BEGIN l="685" c="24"/>
<END l="698" c="0"/>
</B>
<B id="245" t="ppcif" f="6" l="695" c="0">
<BEGIN l="695" c="56"/>
<END l="697" c="0"/>
</B>
<B id="246" t="ppcrmif" f="6" l="708" c="0">
<BEGIN l="708" c="143"/>
<END l="716" c="0"/>
</B>
<B id="247" t="ppcif" f="6" l="740" c="0">
<BEGIN l="740" c="63"/>
<END l="743" c="0"/>
</B>
<B id="248" t="ppcrmif" f="6" l="752" c="0">
<BEGIN l="752" c="95"/>
<END l="772" c="0"/>
</B>
<B id="249" t="ppcrmif" f="6" l="774" c="0">
<BEGIN l="774" c="42"/>
<END l="776" c="0"/>
</B>
<B id="250" t="ppcrmif" f="6" l="778" c="0">
<BEGIN l="778" c="51"/>
<END l="780" c="0"/>
</B>
<B id="251" t="ppcrmif" f="6" l="782" c="0">
<BEGIN l="782" c="18"/>
<END l="816" c="0"/>
</B>
<B id="252" t="ppcrmif" f="6" l="820" c="0">
<BEGIN l="820" c="14"/>
<END l="822" c="0"/>
</B>
<B id="253" t="ppcif" f="22" l="20" c="0">
<BEGIN l="20" c="20"/>
<END l="75" c="0"/>
</B>
<B id="254" t="ppcif" f="23" l="29" c="0">
<BEGIN l="29" c="20"/>
<END l="259" c="0"/>
</B>
<B id="255" t="ppcif" f="24" l="20" c="0">
<BEGIN l="20" c="24"/>
<END l="57" c="0"/>
</B>
</Blocks>
</Navig>
