<?xml version="1.0" encoding="UTF-8"?>

<MISRA-C-Report version="1.3">


<CodeStruct Name="" File="E:\EA4NewTemplate\CM200B_DmaCfgAndUse_Impl\src\CDD_DmaCfgAndUse.c" Line="0" Column="0">

<Rule Name="19.1" Mode="advisory" Report="warning" Id="1">
<Loc File="E:\EA4NewTemplate\CM200B_DmaCfgAndUse_Impl\src\CDD_DmaCfgAndUse.c" Line="466" Column="0">
</Loc>
<Message>
#include statements in a file shall only be preceded by other preprocessor directives or comments.
</Message>
</Rule>

<Rule Name="19.1" Mode="advisory" Report="warning" Id="2">
<Loc File="E:\EA4NewTemplate\CM200B_DmaCfgAndUse_Impl\src\CDD_DmaCfgAndUse.c" Line="474" Column="0">
</Loc>
<Message>
#include statements in a file shall only be preceded by other preprocessor directives or comments.
</Message>
</Rule>

<Rule Name="19.1" Mode="advisory" Report="warning" Id="3">
<Loc File="E:\EA4NewTemplate\CM200B_DmaCfgAndUse_Impl\src\CDD_DmaCfgAndUse.c" Line="963" Column="0">
</Loc>
<Message>
#include statements in a file shall only be preceded by other preprocessor directives or comments.
</Message>
</Rule>

</CodeStruct>

<CodeStruct Name="DmaRegInin" File="E:\EA4NewTemplate\CM200B_DmaCfgAndUse_Impl\src\CDD_DmaCfgAndUse.c" Line="483" Column="5">

<Rule Name="11.3" Mode="advisory" Report="warning" Id="4">
<Loc File="E:\EA4NewTemplate\CM200B_DmaCfgAndUse_Impl\src\CDD_DmaCfgAndUse.c" Line="498" Column="30">
</Loc>
<Message>
A cast should not be performed between a pointer type and an integral type.
</Message>
</Rule>

<Rule Name="11.3" Mode="advisory" Report="warning" Id="5">
<Loc File="E:\EA4NewTemplate\CM200B_DmaCfgAndUse_Impl\src\CDD_DmaCfgAndUse.c" Line="499" Column="30">
</Loc>
<Message>
A cast should not be performed between a pointer type and an integral type.
</Message>
</Rule>

<Rule Name="11.3" Mode="advisory" Report="warning" Id="6">
<Loc File="E:\EA4NewTemplate\CM200B_DmaCfgAndUse_Impl\src\CDD_DmaCfgAndUse.c" Line="515" Column="30">
</Loc>
<Message>
A cast should not be performed between a pointer type and an integral type.
</Message>
</Rule>

<Rule Name="11.3" Mode="advisory" Report="warning" Id="7">
<Loc File="E:\EA4NewTemplate\CM200B_DmaCfgAndUse_Impl\src\CDD_DmaCfgAndUse.c" Line="516" Column="30">
</Loc>
<Message>
A cast should not be performed between a pointer type and an integral type.
</Message>
</Rule>

<Rule Name="11.3" Mode="advisory" Report="warning" Id="8">
<Loc File="E:\EA4NewTemplate\CM200B_DmaCfgAndUse_Impl\src\CDD_DmaCfgAndUse.c" Line="527" Column="30">
</Loc>
<Message>
A cast should not be performed between a pointer type and an integral type.
</Message>
</Rule>

<Rule Name="11.3" Mode="advisory" Report="warning" Id="9">
<Loc File="E:\EA4NewTemplate\CM200B_DmaCfgAndUse_Impl\src\CDD_DmaCfgAndUse.c" Line="528" Column="30">
</Loc>
<Message>
A cast should not be performed between a pointer type and an integral type.
</Message>
</Rule>

<Rule Name="11.3" Mode="advisory" Report="warning" Id="10">
<Loc File="E:\EA4NewTemplate\CM200B_DmaCfgAndUse_Impl\src\CDD_DmaCfgAndUse.c" Line="544" Column="30">
</Loc>
<Message>
A cast should not be performed between a pointer type and an integral type.
</Message>
</Rule>

<Rule Name="11.3" Mode="advisory" Report="warning" Id="11">
<Loc File="E:\EA4NewTemplate\CM200B_DmaCfgAndUse_Impl\src\CDD_DmaCfgAndUse.c" Line="545" Column="30">
</Loc>
<Message>
A cast should not be performed between a pointer type and an integral type.
</Message>
</Rule>

<Rule Name="11.3" Mode="advisory" Report="warning" Id="12">
<Loc File="E:\EA4NewTemplate\CM200B_DmaCfgAndUse_Impl\src\CDD_DmaCfgAndUse.c" Line="556" Column="30">
</Loc>
<Message>
A cast should not be performed between a pointer type and an integral type.
</Message>
</Rule>

<Rule Name="11.3" Mode="advisory" Report="warning" Id="13">
<Loc File="E:\EA4NewTemplate\CM200B_DmaCfgAndUse_Impl\src\CDD_DmaCfgAndUse.c" Line="557" Column="30">
</Loc>
<Message>
A cast should not be performed between a pointer type and an integral type.
</Message>
</Rule>

<Rule Name="11.3" Mode="advisory" Report="warning" Id="14">
<Loc File="E:\EA4NewTemplate\CM200B_DmaCfgAndUse_Impl\src\CDD_DmaCfgAndUse.c" Line="573" Column="30">
</Loc>
<Message>
A cast should not be performed between a pointer type and an integral type.
</Message>
</Rule>

<Rule Name="11.3" Mode="advisory" Report="warning" Id="15">
<Loc File="E:\EA4NewTemplate\CM200B_DmaCfgAndUse_Impl\src\CDD_DmaCfgAndUse.c" Line="574" Column="30">
</Loc>
<Message>
A cast should not be performed between a pointer type and an integral type.
</Message>
</Rule>

<Rule Name="11.3" Mode="advisory" Report="warning" Id="16">
<Loc File="E:\EA4NewTemplate\CM200B_DmaCfgAndUse_Impl\src\CDD_DmaCfgAndUse.c" Line="586" Column="30">
</Loc>
<Message>
A cast should not be performed between a pointer type and an integral type.
</Message>
</Rule>

<Rule Name="11.3" Mode="advisory" Report="warning" Id="17">
<Loc File="E:\EA4NewTemplate\CM200B_DmaCfgAndUse_Impl\src\CDD_DmaCfgAndUse.c" Line="587" Column="30">
</Loc>
<Message>
A cast should not be performed between a pointer type and an integral type.
</Message>
</Rule>

<Rule Name="11.3" Mode="advisory" Report="warning" Id="18">
<Loc File="E:\EA4NewTemplate\CM200B_DmaCfgAndUse_Impl\src\CDD_DmaCfgAndUse.c" Line="603" Column="30">
</Loc>
<Message>
A cast should not be performed between a pointer type and an integral type.
</Message>
</Rule>

<Rule Name="11.3" Mode="advisory" Report="warning" Id="19">
<Loc File="E:\EA4NewTemplate\CM200B_DmaCfgAndUse_Impl\src\CDD_DmaCfgAndUse.c" Line="604" Column="30">
</Loc>
<Message>
A cast should not be performed between a pointer type and an integral type.
</Message>
</Rule>

<Rule Name="11.3" Mode="advisory" Report="warning" Id="20">
<Loc File="E:\EA4NewTemplate\CM200B_DmaCfgAndUse_Impl\src\CDD_DmaCfgAndUse.c" Line="615" Column="30">
</Loc>
<Message>
A cast should not be performed between a pointer type and an integral type.
</Message>
</Rule>

<Rule Name="11.3" Mode="advisory" Report="warning" Id="21">
<Loc File="E:\EA4NewTemplate\CM200B_DmaCfgAndUse_Impl\src\CDD_DmaCfgAndUse.c" Line="616" Column="30">
</Loc>
<Message>
A cast should not be performed between a pointer type and an integral type.
</Message>
</Rule>

<Rule Name="11.3" Mode="advisory" Report="warning" Id="22">
<Loc File="E:\EA4NewTemplate\CM200B_DmaCfgAndUse_Impl\src\CDD_DmaCfgAndUse.c" Line="632" Column="30">
</Loc>
<Message>
A cast should not be performed between a pointer type and an integral type.
</Message>
</Rule>

<Rule Name="11.3" Mode="advisory" Report="warning" Id="23">
<Loc File="E:\EA4NewTemplate\CM200B_DmaCfgAndUse_Impl\src\CDD_DmaCfgAndUse.c" Line="633" Column="30">
</Loc>
<Message>
A cast should not be performed between a pointer type and an integral type.
</Message>
</Rule>

<Rule Name="11.3" Mode="advisory" Report="warning" Id="24">
<Loc File="E:\EA4NewTemplate\CM200B_DmaCfgAndUse_Impl\src\CDD_DmaCfgAndUse.c" Line="647" Column="30">
</Loc>
<Message>
A cast should not be performed between a pointer type and an integral type.
</Message>
</Rule>

<Rule Name="11.3" Mode="advisory" Report="warning" Id="25">
<Loc File="E:\EA4NewTemplate\CM200B_DmaCfgAndUse_Impl\src\CDD_DmaCfgAndUse.c" Line="664" Column="30">
</Loc>
<Message>
A cast should not be performed between a pointer type and an integral type.
</Message>
</Rule>

<Rule Name="11.3" Mode="advisory" Report="warning" Id="26">
<Loc File="E:\EA4NewTemplate\CM200B_DmaCfgAndUse_Impl\src\CDD_DmaCfgAndUse.c" Line="676" Column="30">
</Loc>
<Message>
A cast should not be performed between a pointer type and an integral type.
</Message>
</Rule>

<Rule Name="11.3" Mode="advisory" Report="warning" Id="27">
<Loc File="E:\EA4NewTemplate\CM200B_DmaCfgAndUse_Impl\src\CDD_DmaCfgAndUse.c" Line="693" Column="30">
</Loc>
<Message>
A cast should not be performed between a pointer type and an integral type.
</Message>
</Rule>

<Rule Name="11.3" Mode="advisory" Report="warning" Id="28">
<Loc File="E:\EA4NewTemplate\CM200B_DmaCfgAndUse_Impl\src\CDD_DmaCfgAndUse.c" Line="706" Column="30">
</Loc>
<Message>
A cast should not be performed between a pointer type and an integral type.
</Message>
</Rule>

<Rule Name="11.3" Mode="advisory" Report="warning" Id="29">
<Loc File="E:\EA4NewTemplate\CM200B_DmaCfgAndUse_Impl\src\CDD_DmaCfgAndUse.c" Line="707" Column="30">
</Loc>
<Message>
A cast should not be performed between a pointer type and an integral type.
</Message>
</Rule>

<Rule Name="11.3" Mode="advisory" Report="warning" Id="30">
<Loc File="E:\EA4NewTemplate\CM200B_DmaCfgAndUse_Impl\src\CDD_DmaCfgAndUse.c" Line="723" Column="30">
</Loc>
<Message>
A cast should not be performed between a pointer type and an integral type.
</Message>
</Rule>

<Rule Name="11.3" Mode="advisory" Report="warning" Id="31">
<Loc File="E:\EA4NewTemplate\CM200B_DmaCfgAndUse_Impl\src\CDD_DmaCfgAndUse.c" Line="724" Column="30">
</Loc>
<Message>
A cast should not be performed between a pointer type and an integral type.
</Message>
</Rule>

<Rule Name="11.3" Mode="advisory" Report="warning" Id="32">
<Loc File="E:\EA4NewTemplate\CM200B_DmaCfgAndUse_Impl\src\CDD_DmaCfgAndUse.c" Line="736" Column="30">
</Loc>
<Message>
A cast should not be performed between a pointer type and an integral type.
</Message>
</Rule>

<Rule Name="11.3" Mode="advisory" Report="warning" Id="33">
<Loc File="E:\EA4NewTemplate\CM200B_DmaCfgAndUse_Impl\src\CDD_DmaCfgAndUse.c" Line="737" Column="30">
</Loc>
<Message>
A cast should not be performed between a pointer type and an integral type.
</Message>
</Rule>

<Rule Name="11.3" Mode="advisory" Report="warning" Id="34">
<Loc File="E:\EA4NewTemplate\CM200B_DmaCfgAndUse_Impl\src\CDD_DmaCfgAndUse.c" Line="753" Column="30">
</Loc>
<Message>
A cast should not be performed between a pointer type and an integral type.
</Message>
</Rule>

<Rule Name="11.3" Mode="advisory" Report="warning" Id="35">
<Loc File="E:\EA4NewTemplate\CM200B_DmaCfgAndUse_Impl\src\CDD_DmaCfgAndUse.c" Line="754" Column="30">
</Loc>
<Message>
A cast should not be performed between a pointer type and an integral type.
</Message>
</Rule>

<Rule Name="11.3" Mode="advisory" Report="warning" Id="36">
<Loc File="E:\EA4NewTemplate\CM200B_DmaCfgAndUse_Impl\src\CDD_DmaCfgAndUse.c" Line="765" Column="30">
</Loc>
<Message>
A cast should not be performed between a pointer type and an integral type.
</Message>
</Rule>

<Rule Name="11.3" Mode="advisory" Report="warning" Id="37">
<Loc File="E:\EA4NewTemplate\CM200B_DmaCfgAndUse_Impl\src\CDD_DmaCfgAndUse.c" Line="766" Column="30">
</Loc>
<Message>
A cast should not be performed between a pointer type and an integral type.
</Message>
</Rule>

<Rule Name="11.3" Mode="advisory" Report="warning" Id="38">
<Loc File="E:\EA4NewTemplate\CM200B_DmaCfgAndUse_Impl\src\CDD_DmaCfgAndUse.c" Line="782" Column="30">
</Loc>
<Message>
A cast should not be performed between a pointer type and an integral type.
</Message>
</Rule>

<Rule Name="11.3" Mode="advisory" Report="warning" Id="39">
<Loc File="E:\EA4NewTemplate\CM200B_DmaCfgAndUse_Impl\src\CDD_DmaCfgAndUse.c" Line="783" Column="30">
</Loc>
<Message>
A cast should not be performed between a pointer type and an integral type.
</Message>
</Rule>

<Rule Name="11.3" Mode="advisory" Report="warning" Id="40">
<Loc File="E:\EA4NewTemplate\CM200B_DmaCfgAndUse_Impl\src\CDD_DmaCfgAndUse.c" Line="794" Column="30">
</Loc>
<Message>
A cast should not be performed between a pointer type and an integral type.
</Message>
</Rule>

<Rule Name="11.3" Mode="advisory" Report="warning" Id="41">
<Loc File="E:\EA4NewTemplate\CM200B_DmaCfgAndUse_Impl\src\CDD_DmaCfgAndUse.c" Line="795" Column="30">
</Loc>
<Message>
A cast should not be performed between a pointer type and an integral type.
</Message>
</Rule>

<Rule Name="11.3" Mode="advisory" Report="warning" Id="42">
<Loc File="E:\EA4NewTemplate\CM200B_DmaCfgAndUse_Impl\src\CDD_DmaCfgAndUse.c" Line="811" Column="30">
</Loc>
<Message>
A cast should not be performed between a pointer type and an integral type.
</Message>
</Rule>

<Rule Name="11.3" Mode="advisory" Report="warning" Id="43">
<Loc File="E:\EA4NewTemplate\CM200B_DmaCfgAndUse_Impl\src\CDD_DmaCfgAndUse.c" Line="812" Column="30">
</Loc>
<Message>
A cast should not be performed between a pointer type and an integral type.
</Message>
</Rule>

<Rule Name="11.3" Mode="advisory" Report="warning" Id="44">
<Loc File="E:\EA4NewTemplate\CM200B_DmaCfgAndUse_Impl\src\CDD_DmaCfgAndUse.c" Line="823" Column="30">
</Loc>
<Message>
A cast should not be performed between a pointer type and an integral type.
</Message>
</Rule>

<Rule Name="11.3" Mode="advisory" Report="warning" Id="45">
<Loc File="E:\EA4NewTemplate\CM200B_DmaCfgAndUse_Impl\src\CDD_DmaCfgAndUse.c" Line="824" Column="30">
</Loc>
<Message>
A cast should not be performed between a pointer type and an integral type.
</Message>
</Rule>

<Rule Name="11.3" Mode="advisory" Report="warning" Id="46">
<Loc File="E:\EA4NewTemplate\CM200B_DmaCfgAndUse_Impl\src\CDD_DmaCfgAndUse.c" Line="840" Column="30">
</Loc>
<Message>
A cast should not be performed between a pointer type and an integral type.
</Message>
</Rule>

<Rule Name="11.3" Mode="advisory" Report="warning" Id="47">
<Loc File="E:\EA4NewTemplate\CM200B_DmaCfgAndUse_Impl\src\CDD_DmaCfgAndUse.c" Line="841" Column="30">
</Loc>
<Message>
A cast should not be performed between a pointer type and an integral type.
</Message>
</Rule>

<Rule Name="11.3" Mode="advisory" Report="warning" Id="48">
<Loc File="E:\EA4NewTemplate\CM200B_DmaCfgAndUse_Impl\src\CDD_DmaCfgAndUse.c" Line="852" Column="30">
</Loc>
<Message>
A cast should not be performed between a pointer type and an integral type.
</Message>
</Rule>

<Rule Name="11.3" Mode="advisory" Report="warning" Id="49">
<Loc File="E:\EA4NewTemplate\CM200B_DmaCfgAndUse_Impl\src\CDD_DmaCfgAndUse.c" Line="853" Column="30">
</Loc>
<Message>
A cast should not be performed between a pointer type and an integral type.
</Message>
</Rule>

<Rule Name="11.3" Mode="advisory" Report="warning" Id="50">
<Loc File="E:\EA4NewTemplate\CM200B_DmaCfgAndUse_Impl\src\CDD_DmaCfgAndUse.c" Line="869" Column="30">
</Loc>
<Message>
A cast should not be performed between a pointer type and an integral type.
</Message>
</Rule>

<Rule Name="11.3" Mode="advisory" Report="warning" Id="51">
<Loc File="E:\EA4NewTemplate\CM200B_DmaCfgAndUse_Impl\src\CDD_DmaCfgAndUse.c" Line="870" Column="30">
</Loc>
<Message>
A cast should not be performed between a pointer type and an integral type.
</Message>
</Rule>

<Rule Name="11.3" Mode="advisory" Report="warning" Id="52">
<Loc File="E:\EA4NewTemplate\CM200B_DmaCfgAndUse_Impl\src\CDD_DmaCfgAndUse.c" Line="881" Column="30">
</Loc>
<Message>
A cast should not be performed between a pointer type and an integral type.
</Message>
</Rule>

<Rule Name="11.3" Mode="advisory" Report="warning" Id="53">
<Loc File="E:\EA4NewTemplate\CM200B_DmaCfgAndUse_Impl\src\CDD_DmaCfgAndUse.c" Line="882" Column="30">
</Loc>
<Message>
A cast should not be performed between a pointer type and an integral type.
</Message>
</Rule>

<Rule Name="11.3" Mode="advisory" Report="warning" Id="54">
<Loc File="E:\EA4NewTemplate\CM200B_DmaCfgAndUse_Impl\src\CDD_DmaCfgAndUse.c" Line="898" Column="30">
</Loc>
<Message>
A cast should not be performed between a pointer type and an integral type.
</Message>
</Rule>

<Rule Name="11.3" Mode="advisory" Report="warning" Id="55">
<Loc File="E:\EA4NewTemplate\CM200B_DmaCfgAndUse_Impl\src\CDD_DmaCfgAndUse.c" Line="899" Column="30">
</Loc>
<Message>
A cast should not be performed between a pointer type and an integral type.
</Message>
</Rule>

</CodeStruct>

</MISRA-C-Report>
