<?xml version="1.0" encoding="UTF-8"?>
<MISRA-C-Report-Summary>
<File Mode="advisory" Error="0" Warning="2" Total="2">
<Name>
C:\_PratikJadhav\_Synergy_Projects\Working\MM102A_BmwMsgSlot68Bas1Repn2BusFrChA_Impl\src\BmwMsgSlot68Bas1Repn2BusFrChA.c</Name>
</File>
<File Mode="required" Error="0" Warning="6" Total="6">
<Name>
C:\_PratikJadhav\_Synergy_Projects\Working\MM102A_BmwMsgSlot68Bas1Repn2BusFrChA_Impl\src\BmwMsgSlot68Bas1Repn2BusFrChA.c</Name>
</File>
<Rule Name="5.1" Count="3" Mode="required" Severity="warning">
<Message>
</Message>
</Rule>
<Rule Name="8.10" Count="3" Mode="required" Severity="warning">
<Message>
</Message>
</Rule>
<Rule Name="19.1" Count="2" Mode="advisory" Severity="warning">
<Message>
#include statements in a file shall only be preceded by other preprocessor directives or comments.</Message>
</Rule>
</MISRA-C-Report-Summary>
