<?pst parser version="1.0" encoding="UTF-8"?>
<DiffFile>
<Header>
--
-- File created by Polyspace / Comments Diff
-- Copyright 1999-2018 MathWorks, Inc.
--
</Header>

<File Name="BmwMsgSlot55Bas3Repn4BusFrChA.c" NewName="BmwMsgSlot55Bas3Repn4BusFrChA.c">

        <Rule Name="10.1" RuleID="8" File="BmwMsgSlot55Bas3Repn4BusFrChA.c" Line="1262" Col="69">
            <IsViolated/>
            <Diff Reason="NO_MATCH_FOUND" File="BmwMsgSlot55Bas3Repn4BusFrChA.c" Line="1262">
            </Diff>
        </Rule>
</File>
</DiffFile>
