<?xml version="1.0" encoding="UTF-8"?>

<MISRA-C-Report version="1.3">


<CodeStruct Name="" File="C:\Users\NZ5334\Documents\Synergy\Working\ses_dev_ea4\CM515A_MotAg4Meas_Impl\src\CDD_MotAg4Meas.c" Line="0" Column="0">

<Rule Name="19.1" Mode="advisory" Report="warning" Id="1">
<Loc File="C:\Users\NZ5334\Documents\Synergy\Working\ses_dev_ea4\CM515A_MotAg4Meas_Impl\src\CDD_MotAg4Meas.c" Line="244" Column="0">
</Loc>
<Message>
#include statements in a file shall only be preceded by other preprocessor directives or comments.
</Message>
</Rule>

</CodeStruct>

</MISRA-C-Report>
