<?xml version="1.0" encoding="UTF-8"?>

<MISRA-C-Report version="1.3">


<CodeStruct Name="" File="C:\_Synergy_Projects\New_Working\SF007A_SysFricLrng_Impl\src\SysFricLrngNonRte.c" Line="0" Column="0">

<Rule Name="19.1" Mode="advisory" Report="warning" Id="5">
<Loc File="C:\_Synergy_Projects\New_Working\SF007A_SysFricLrng_Impl\src\SysFricLrngNonRte.c" Line="81" Column="0">
</Loc>
<Message>
#include statements in a file shall only be preceded by other preprocessor directives or comments.
</Message>
</Rule>

</CodeStruct>

<CodeStruct Name="PhiCalc" File="C:\_Synergy_Projects\New_Working\SF007A_SysFricLrng_Impl\src\SysFricLrng.c" Line="1887" Column="12">

<Rule Name="21.1" Mode="required" Report="warning" Id="3">
<Loc File="C:\_Synergy_Projects\New_Working\SF007A_SysFricLrng_Impl\src\SysFricLrng.c" Line="1893" Column="110">
</Loc>
<Message>
Minimisation of run-time failures.
</Message>
</Rule>

<Rule Name="21.1" Mode="required" Report="warning" Id="4">
<Loc File="C:\_Synergy_Projects\New_Working\SF007A_SysFricLrng_Impl\src\SysFricLrng.c" Line="1894" Column="85">
</Loc>
<Message>
Minimisation of run-time failures.
</Message>
</Rule>

</CodeStruct>

<CodeStruct Name="" File="C:\_Synergy_Projects\New_Working\SF007A_SysFricLrng_Impl\src\SysFricLrng.c" Line="0" Column="0">

<Rule Name="19.1" Mode="advisory" Report="warning" Id="1">
<Loc File="C:\_Synergy_Projects\New_Working\SF007A_SysFricLrng_Impl\src\SysFricLrng.c" Line="896" Column="0">
</Loc>
<Message>
#include statements in a file shall only be preceded by other preprocessor directives or comments.
</Message>
</Rule>

<Rule Name="19.1" Mode="advisory" Report="warning" Id="2">
<Loc File="C:\_Synergy_Projects\New_Working\SF007A_SysFricLrng_Impl\src\SysFricLrng.c" Line="1527" Column="0">
</Loc>
<Message>
#include statements in a file shall only be preceded by other preprocessor directives or comments.
</Message>
</Rule>

</CodeStruct>

<CodeStruct Name="GetFricData_Oper" File="C:\_Synergy_Projects\New_Working\SF007A_SysFricLrng_Impl\src\SysFricLrng.c" Line="968" Column="5">

<Rule Name="12.12" Mode="required" Report="warning" Id="6">
<Loc File="C:\_Synergy_Projects\New_Working\SF007A_SysFricLrng_Impl\src\SysFricLrng.c" Line="994" Column="85">
</Loc>
<Message>
The underlying bit representations of floating-point values shall not be used.
</Message>
</Rule>

</CodeStruct>

<CodeStruct Name="ResettingMode" File="C:\_Synergy_Projects\New_Working\SF007A_SysFricLrng_Impl\src\SysFricLrng.c" Line="2039" Column="12">

<Rule Name="11.5" Mode="required" Report="warning" Id="7">
<Loc File="C:\_Synergy_Projects\New_Working\SF007A_SysFricLrng_Impl\src\SysFricLrng.c" Line="2079" Column="177">
</Loc>
<Message>
A cast shall not be performed that removes any const or volatile qualification
from the type addressed by a pointer.
</Message>
</Rule>

<Rule Name="12.12" Mode="required" Report="warning" Id="8">
<Loc File="C:\_Synergy_Projects\New_Working\SF007A_SysFricLrng_Impl\src\SysFricLrng.c" Line="2079" Column="177">
</Loc>
<Message>
The underlying bit representations of floating-point values shall not be used.
</Message>
</Rule>

<Rule Name="11.5" Mode="required" Report="warning" Id="9">
<Loc File="C:\_Synergy_Projects\New_Working\SF007A_SysFricLrng_Impl\src\SysFricLrng.c" Line="2085" Column="177">
</Loc>
<Message>
A cast shall not be performed that removes any const or volatile qualification
from the type addressed by a pointer.
</Message>
</Rule>

<Rule Name="12.12" Mode="required" Report="warning" Id="10">
<Loc File="C:\_Synergy_Projects\New_Working\SF007A_SysFricLrng_Impl\src\SysFricLrng.c" Line="2085" Column="177">
</Loc>
<Message>
The underlying bit representations of floating-point values shall not be used.
</Message>
</Rule>

<Rule Name="11.5" Mode="required" Report="warning" Id="11">
<Loc File="C:\_Synergy_Projects\New_Working\SF007A_SysFricLrng_Impl\src\SysFricLrng.c" Line="2094" Column="105">
</Loc>
<Message>
A cast shall not be performed that removes any const or volatile qualification
from the type addressed by a pointer.
</Message>
</Rule>

</CodeStruct>

<CodeStruct Name="SetFricData_Oper" File="C:\_Synergy_Projects\New_Working\SF007A_SysFricLrng_Impl\src\SysFricLrng.c" Line="1163" Column="5">

<Rule Name="12.12" Mode="required" Report="warning" Id="12">
<Loc File="C:\_Synergy_Projects\New_Working\SF007A_SysFricLrng_Impl\src\SysFricLrng.c" Line="1189" Column="59">
</Loc>
<Message>
The underlying bit representations of floating-point values shall not be used.
</Message>
</Rule>

</CodeStruct>

<CodeStruct Name="RunningAndCalibrationModes" File="C:\_Synergy_Projects\New_Working\SF007A_SysFricLrng_Impl\src\SysFricLrng.c" Line="1548" Column="12">

<Rule Name="11.5" Mode="required" Report="warning" Id="13">
<Loc File="C:\_Synergy_Projects\New_Working\SF007A_SysFricLrng_Impl\src\SysFricLrng.c" Line="1616" Column="95">
</Loc>
<Message>
A cast shall not be performed that removes any const or volatile qualification
from the type addressed by a pointer.
</Message>
</Rule>

<Rule Name="11.5" Mode="required" Report="warning" Id="14">
<Loc File="C:\_Synergy_Projects\New_Working\SF007A_SysFricLrng_Impl\src\SysFricLrng.c" Line="1618" Column="138">
</Loc>
<Message>
A cast shall not be performed that removes any const or volatile qualification
from the type addressed by a pointer.
</Message>
</Rule>

<Rule Name="11.5" Mode="required" Report="warning" Id="15">
<Loc File="C:\_Synergy_Projects\New_Working\SF007A_SysFricLrng_Impl\src\SysFricLrng.c" Line="1618" Column="222">
</Loc>
<Message>
A cast shall not be performed that removes any const or volatile qualification
from the type addressed by a pointer.
</Message>
</Rule>

<Rule Name="12.4" Mode="required" Report="warning" Id="16">
<Loc File="C:\_Synergy_Projects\New_Working\SF007A_SysFricLrng_Impl\src\SysFricLrng.c" Line="1633" Column="62">
</Loc>
<Message>
The right hand operand of a logical &amp;&amp; or || operator shall not contain side effects.
</Message>
</Rule>

</CodeStruct>

<CodeStruct Name="VehSpdConstraint" File="C:\_Synergy_Projects\New_Working\SF007A_SysFricLrng_Impl\src\SysFricLrng.c" Line="2240" Column="12">

<Rule Name="11.5" Mode="required" Report="warning" Id="17">
<Loc File="C:\_Synergy_Projects\New_Working\SF007A_SysFricLrng_Impl\src\SysFricLrng.c" Line="2251" Column="107">
</Loc>
<Message>
A cast shall not be performed that removes any const or volatile qualification
from the type addressed by a pointer.
</Message>
</Rule>

<Rule Name="12.12" Mode="required" Report="warning" Id="18">
<Loc File="C:\_Synergy_Projects\New_Working\SF007A_SysFricLrng_Impl\src\SysFricLrng.c" Line="2251" Column="107">
</Loc>
<Message>
The underlying bit representations of floating-point values shall not be used.
</Message>
</Rule>

<Rule Name="11.5" Mode="required" Report="warning" Id="19">
<Loc File="C:\_Synergy_Projects\New_Working\SF007A_SysFricLrng_Impl\src\SysFricLrng.c" Line="2252" Column="113">
</Loc>
<Message>
A cast shall not be performed that removes any const or volatile qualification
from the type addressed by a pointer.
</Message>
</Rule>

<Rule Name="12.12" Mode="required" Report="warning" Id="20">
<Loc File="C:\_Synergy_Projects\New_Working\SF007A_SysFricLrng_Impl\src\SysFricLrng.c" Line="2252" Column="113">
</Loc>
<Message>
The underlying bit representations of floating-point values shall not be used.
</Message>
</Rule>

</CodeStruct>

</MISRA-C-Report>
