<?xml version="1.0" encoding="UTF-8"?>
<Navig version="1.0">
<Files>
<F id="1" n="C:\Program Files\MATLAB\R2013b\polyspace\verifier\cxx\cinclude\stdarg.h"/>
<F id="2" n="C:\Users\nz2999\Documents\Synergy\ccm_wa\ses_dev_ea4\DF001A_FltInj_Impl-nz2999\AR201A_ArCplrSuprt_Impl\include\ASR4.0.3\Platform_Types.h"/>
<F id="3" n="C:\Users\nz2999\Documents\Synergy\ccm_wa\ses_dev_ea4\DF001A_FltInj_Impl-nz2999\AR200A_ArSuprt_Impl\include\ASR4.0.3\Std_Types.h"/>
<F id="4" n="C:\Users\nz2999\Documents\Synergy\ccm_wa\ses_dev_ea4\DF001A_FltInj_Impl-nz2999\DF001A_FltInj_Impl\tools\local\generate\Rte_Type.h"/>
<F id="5" n="C:\Users\nz2999\Documents\Synergy\ccm_wa\ses_dev_ea4\DF001A_FltInj_Impl-nz2999\DF001A_FltInj_Impl\tools\local\generate\Rte_FltInj.h"/>
<F id="6" n="C:\Users\nz2999\Documents\Synergy\ccm_wa\ses_dev_ea4\DF001A_FltInj_Impl-nz2999\TL103A_CplrSuprt\include\2013.5.5\ansi\math.h"/>
<F id="7" n="C:\Users\nz2999\Documents\Synergy\ccm_wa\ses_dev_ea4\DF001A_FltInj_Impl-nz2999\DF001A_FltInj_Impl\src\FltInj.c"/>
<F id="8" n="C:\Users\nz2999\Documents\Synergy\ccm_wa\ses_dev_ea4\DF001A_FltInj_Impl-nz2999\DF001A_FltInj_Impl\tools\local\generate\Rte_Stubs.h"/>
<F id="9" n="C:\Users\nz2999\Documents\Synergy\ccm_wa\ses_dev_ea4\DF001A_FltInj_Impl-nz2999\AR100A_NxtrMath_Impl\include\NxtrMath.h"/>
<F id="10" n="C:\Users\nz2999\Documents\Synergy\ccm_wa\ses_dev_ea4\DF001A_FltInj_Impl-nz2999\DF001A_FltInj_Impl\tools\local\generate\math_stubs.h"/>
<F id="11" n="C:\Users\nz2999\Documents\Synergy\ccm_wa\ses_dev_ea4\DF001A_FltInj_Impl-nz2999\AR103A_NxtrFixdPt_Impl\include\NxtrFixdPt.h"/>
<F id="12" n="C:\Users\nz2999\Documents\Synergy\ccm_wa\ses_dev_ea4\DF001A_FltInj_Impl-nz2999\DF001A_FltInj_Impl\tools\local\generate\Rte_Stubs.c"/>
<F id="13" n="C-STUBS\__polyspace__stdstubs.c"/>
<F id="14" n="C:\Users\nz2999\Documents\Synergy\ccm_wa\ses_dev_ea4\DF001A_FltInj_Impl-nz2999\TL103A_CplrSuprt\include\2013.5.5\ansi\float.h"/>
<F id="15" n="C:\Program Files\MATLAB\R2013b\polyspace\verifier\cxx\cinclude\__polyspace__std_decls.h"/>
<F id="16" n="C:\Program Files\MATLAB\R2013b\polyspace\verifier\cxx\cinclude\assert.h"/>
<F id="17" n="C:\Program Files\MATLAB\R2013b\polyspace\verifier\cxx\cinclude\__polyspace__libc_defs.h"/>
<F id="18" n="C:\Users\nz2999\Documents\Synergy\ccm_wa\ses_dev_ea4\DF001A_FltInj_Impl-nz2999\DF001A_FltInj_Impl\tools\local\generate\Rte_FltInj_Type.h"/>
<F id="19" n="C:\Users\nz2999\Documents\Synergy\ccm_wa\ses_dev_ea4\DF001A_FltInj_Impl-nz2999\DF001A_FltInj_Impl\tools\local\generate\Rte.h"/>
<F id="20" n="C:\Users\nz2999\Documents\Synergy\ccm_wa\ses_dev_ea4\DF001A_FltInj_Impl-nz2999\AR201A_ArCplrSuprt_Impl\include\ASR4.0.3\Compiler.h"/>
<F id="21" n="C:\Users\nz2999\Documents\Synergy\ccm_wa\ses_dev_ea4\DF001A_FltInj_Impl-nz2999\AR201A_ArCplrSuprt_Impl\tools\contract\Compiler_Cfg.h"/>
<F id="22" n="C:\Users\nz2999\Documents\Synergy\ccm_wa\ses_dev_ea4\DF001A_FltInj_Impl-nz2999\AR201A_ArCplrSuprt_Impl\tools\contract\Renesas_Compiler.h"/>
<F id="23" n="C:\Users\nz2999\Documents\Synergy\ccm_wa\ses_dev_ea4\DF001A_FltInj_Impl-nz2999\DF001A_FltInj_Impl\tools\local\generate\Rte_DataHandleType.h"/>
<F id="24" n="C:\Users\nz2999\Documents\Synergy\ccm_wa\ses_dev_ea4\DF001A_FltInj_Impl-nz2999\AR200A_ArSuprt_Impl\tools\contract\MemMap.h"/>
<F id="25" n="C:\Users\nz2999\Documents\Synergy\ccm_wa\ses_dev_ea4\DF001A_FltInj_Impl-nz2999\DF001A_FltInj_Impl\tools\local\generate\FltInj_MemMap.h"/>
<F id="26" n="C:\Users\nz2999\Documents\Synergy\ccm_wa\ses_dev_ea4\DF001A_FltInj_Impl-nz2999\DF001A_FltInj_Impl\include\FltInj.h"/>
<F id="27" n="C:\Users\nz2999\Documents\Synergy\ccm_wa\ses_dev_ea4\DF001A_FltInj_Impl-nz2999\AR999A_ArchGlbPrm_Impl\include\ArchGlbPrm.h"/>
</Files>
<Definitions>
<D id="1" f="13" l="443" c="13" n="_polyspace_random_int" t="5" d="1"/>
<D id="2" f="11" l="204" c="16" n="FloatToFixdWithRound_s32_f32" t="2" d="1"/>
<D id="3" f="13" l="451" c="14" n="_polyspace_random_long" t="5" d="1"/>
<D id="4" f="11" l="232" c="16" n="FloatToFixdWithRound_u32_f32" t="2" d="1"/>
<D id="5" f="9" l="561" c="104" n="RngLo" t="4" d="1"/>
<D id="6" f="11" l="303" c="44" n="Inp" t="4" d="1"/>
<D id="7" f="11" l="204" c="53" n="Inp" t="4" d="1"/>
<D id="8" f="11" l="303" c="17" n="FixdToFloat_f32_s16" t="2" d="1"/>
<D id="9" f="11" l="331" c="44" n="Inp" t="4" d="1"/>
<D id="10" f="13" l="3513" c="4" n="__polyspace_nb_varargs" t="1" d="1"/>
<D id="11" f="11" l="232" c="53" n="Inp" t="4" d="1"/>
<D id="12" f="9" l="562" c="104" n="RngHi" t="4" d="1"/>
<D id="13" f="11" l="331" c="17" n="FixdToFloat_f32_u16" t="2" d="1"/>
<D id="14" f="11" l="261" c="16" n="FloatToFixd_s32_f32" t="2" d="1"/>
<D id="15" f="13" l="435" c="23" n="_polyspace_random_uchar" t="5" d="1"/>
<D id="16" f="11" l="190" c="16" n="FloatToFixdWithRound_s16_f32" t="2" d="1"/>
<D id="17" f="11" l="261" c="44" n="Inp" t="4" d="1"/>
<D id="18" f="13" l="427" c="14" n="_polyspace_random_char" t="5" d="1"/>
<D id="19" f="13" l="461" c="34" n="random" t="4" d="1"/>
<D id="20" f="11" l="190" c="53" n="Inp" t="4" d="1"/>
<D id="21" f="9" l="637" c="104" n="Denom" t="4" d="1"/>
<D id="22" f="9" l="654" c="105" n="SinVal" t="4" d="1"/>
<D id="23" f="13" l="3512" c="7" n="__polyspace_vararg" t="1" d="1"/>
<D id="24" f="13" l="445" c="24" n="random" t="4" d="1"/>
<D id="25" f="11" l="218" c="16" n="FloatToFixdWithRound_u16_f32" t="2" d="1"/>
<D id="26" f="13" l="453" c="25" n="random" t="4" d="1"/>
<D id="27" f="9" l="655" c="105" n="CosVal" t="4" d="1"/>
<D id="28" f="9" l="576" c="104" n="Denom" t="4" d="1"/>
<D id="29" f="11" l="317" c="44" n="Inp" t="4" d="1"/>
<D id="30" f="11" l="218" c="53" n="Inp" t="4" d="1"/>
<D id="31" f="11" l="317" c="17" n="FixdToFloat_f32_s32" t="2" d="1"/>
<D id="32" f="11" l="345" c="44" n="Inp" t="4" d="1"/>
<D id="33" f="11" l="247" c="16" n="FloatToFixd_s16_f32" t="2" d="1"/>
<D id="34" f="11" l="345" c="17" n="FixdToFloat_f32_u32" t="2" d="1"/>
<D id="35" f="11" l="303" c="57" n="Mplr" t="4" d="1"/>
<D id="36" f="11" l="204" c="66" n="Mplr" t="4" d="1"/>
<D id="37" f="11" l="275" c="16" n="FloatToFixd_u16_f32" t="2" d="1"/>
<D id="38" f="11" l="331" c="57" n="Mplr" t="4" d="1"/>
<D id="39" f="13" l="437" c="34" n="random" t="4" d="1"/>
<D id="40" f="11" l="232" c="66" n="Mplr" t="4" d="1"/>
<D id="41" f="11" l="247" c="44" n="Inp" t="4" d="1"/>
<D id="42" f="11" l="275" c="44" n="Inp" t="4" d="1"/>
<D id="43" f="13" l="459" c="23" n="_polyspace_random_ulong" t="5" d="1"/>
<D id="44" f="13" l="429" c="25" n="random" t="4" d="1"/>
<D id="45" f="11" l="261" c="57" n="Mplr" t="4" d="1"/>
<D id="46" f="13" l="466" c="16" n="_polyspace_random_double" t="5" d="1"/>
<D id="47" f="11" l="190" c="66" n="Mplr" t="4" d="1"/>
<D id="48" f="11" l="317" c="57" n="Mplr" t="4" d="1"/>
<D id="49" f="11" l="218" c="66" n="Mplr" t="4" d="1"/>
<D id="50" f="11" l="289" c="16" n="FloatToFixd_u32_f32" t="2" d="1"/>
<D id="51" f="11" l="345" c="57" n="Mplr" t="4" d="1"/>
<D id="52" f="11" l="289" c="44" n="Inp" t="4" d="1"/>
<D id="53" f="11" l="247" c="57" n="Mplr" t="4" d="1"/>
<D id="54" f="11" l="275" c="57" n="Mplr" t="4" d="1"/>
<D id="55" f="13" l="468" c="27" n="random" t="4" d="1"/>
<D id="56" f="11" l="289" c="57" n="Mplr" t="4" d="1"/>
<D id="57" f="13" l="6858" c="14" n="_polyspace_compare_function_type" t="7" d="1"/>
<D id="58" f="5" l="50" c="7" n="Rte_CDS_FltInj" t="6" d="1"/>
<D id="59" f="5" l="53" c="8" n="_dummy" t="9" d="1"/>
<D id="60" f="13" l="11300" c="12" n="_polyspace_random_long_double" t="2" d="1"/>
<D id="61" f="13" l="11320" c="21" n="HUGE_VALL" t="1" d="1"/>
<D id="62" f="13" l="11302" c="23" n="random" t="4" d="1"/>
<D id="63" f="13" l="11318" c="21" n="HUGE_VAL" t="1" d="1"/>
<D id="64" f="13" l="11319" c="21" n="HUGE_VALF" t="1" d="1"/>
<D id="65" f="13" l="12162" c="16" n="__polyspace_absolute_address" t="1" d="1"/>
<D id="66" f="3" l="141" c="2" n="Std_VersionInfoType" t="7" d="1"/>
<D id="67" f="7" l="108" c="1" n="FltInjUsrPrmRec1" t="7" d="1"/>
<D id="68" f="8" l="20" c="15" n="FltInj_Ip_HwVel" t="1" d="0"/>
<D id="69" f="8" l="23" c="14" n="FltInj_Srv_GetRefTmr100MicroSec32bit_RefTmr" t="1" d="0"/>
<D id="70" f="8" l="24" c="14" n="FltInj_Srv_GetTiSpan100MicroSec32bit_RefTmr" t="1" d="0"/>
<D id="71" f="1" l="45" c="14" n="__va_list" t="7" d="1"/>
<D id="72" f="8" l="25" c="14" n="FltInj_Srv_GetTiSpan100MicroSec32bit_TiSpan" t="1" d="0"/>
<D id="73" f="12" l="34" c="5" n="Rte_Stub" t="2" d="1"/>
<D id="74" f="4" l="35" c="15" n="u0p16" t="7" d="1"/>
<D id="75" f="7" l="342" c="5" n="FltInj_logl_Oper" t="2" d="1"/>
<D id="76" f="1" l="50" c="18" n="__gnuc_va_list" t="7" d="1"/>
<D id="77" f="6" l="51" c="17" n="double_t" t="7" d="1"/>
<D id="78" f="7" l="443" c="5" n="FltInj_u0p16_Oper" t="2" d="1"/>
<D id="79" f="6" l="52" c="17" n="float_t" t="7" d="1"/>
<D id="80" f="6" l="731" c="6" n="expf" t="2" d="0"/>
<D id="81" f="6" l="741" c="6" n="sqrtf" t="2" d="0"/>
<D id="82" f="6" l="724" c="6" n="atan2f" t="2" d="0"/>
<D id="83" f="7" l="392" c="5" n="FltInj_u08_Oper" t="2" d="1"/>
<D id="84" f="7" l="293" c="5" n="FltInj_f32_Oper" t="2" d="1"/>
<D id="85" f="6" l="725" c="6" n="cosf" t="2" d="0"/>
<D id="86" f="6" l="726" c="6" n="sinf" t="2" d="0"/>
<D id="87" f="5" l="64" c="37" n="Rte_Instance" t="7" d="1"/>
<D id="88" f="7" l="99" c="24" n="FltGain" t="9" d="1"/>
<D id="89" f="1" l="49" c="18" n="va_list" t="7" d="1"/>
<D id="90" f="7" l="189" c="5" n="FltInjPer1" t="2" d="1"/>
<D id="91" f="6" l="748" c="6" n="fmodf" t="2" d="0"/>
<D id="92" f="3" l="140" c="10" n="sw_patch_version" t="9" d="1"/>
<D id="93" f="2" l="110" c="31" n="uint32" t="7" d="1"/>
<D id="94" f="10" l="22" c="31" n="Inp" t="4" d="1"/>
<D id="95" f="2" l="112" c="31" n="sint8_least" t="7" d="1"/>
<D id="96" f="2" l="103" c="31" n="boolean" t="7" d="1"/>
<D id="97" f="2" l="113" c="31" n="uint8_least" t="7" d="1"/>
<D id="98" f="13" l="33" c="21" n="size_t" t="7" d="1"/>
<D id="99" f="9" l="410" c="31" n="Inp1" t="4" d="1"/>
<D id="100" f="3" l="136" c="10" n="vendorID" t="9" d="1"/>
<D id="101" f="7" l="100" c="24" n="FltOffs" t="9" d="1"/>
<D id="102" f="2" l="114" c="31" n="sint16_least" t="7" d="1"/>
<D id="103" f="2" l="105" c="31" n="sint8" t="7" d="1"/>
<D id="104" f="3" l="137" c="10" n="moduleID" t="9" d="1"/>
<D id="105" f="7" l="101" c="24" n="SinFrq" t="9" d="1"/>
<D id="106" f="9" l="306" c="29" n="Inp1" t="4" d="1"/>
<D id="107" f="9" l="233" c="39" n="Inp" t="4" d="1"/>
<D id="108" f="2" l="115" c="31" n="uint16_least" t="7" d="1"/>
<D id="109" f="2" l="106" c="31" n="uint8" t="7" d="1"/>
<D id="110" f="13" l="35" c="12" n="ptrdiff_t" t="7" d="1"/>
<D id="111" f="3" l="138" c="10" n="sw_major_version" t="9" d="1"/>
<D id="112" f="7" l="120" c="15" n="FltInjFltEna_M" t="3" d="1"/>
<D id="113" f="7" l="102" c="24" n="SinAmp" t="9" d="1"/>
<D id="114" f="3" l="132" c="14" n="Std_ReturnType" t="7" d="1"/>
<D id="115" f="2" l="116" c="31" n="sint32_least" t="7" d="1"/>
<D id="116" f="2" l="107" c="31" n="sint16" t="7" d="1"/>
<D id="117" f="3" l="125" c="22" n="StatusType" t="7" d="1"/>
<D id="118" f="9" l="332" c="31" n="Inp1" t="4" d="1"/>
<D id="119" f="3" l="139" c="10" n="sw_minor_version" t="9" d="1"/>
<D id="120" f="9" l="490" c="29" n="Inp" t="4" d="1"/>
<D id="121" f="7" l="103" c="24" n="HwVelThd" t="9" d="1"/>
<D id="122" f="7" l="342" c="31" n="SigPah_Arg" t="4" d="1"/>
<D id="123" f="7" l="443" c="30" n="SigPah_Arg" t="4" d="1"/>
<D id="124" f="12" l="24" c="69" n="RefTmr_Arg" t="4" d="1"/>
<D id="125" f="9" l="600" c="33" n="Inp" t="4" d="1"/>
<D id="126" f="2" l="117" c="31" n="uint32_least" t="7" d="1"/>
<D id="127" f="9" l="423" c="31" n="Inp1" t="4" d="1"/>
<D id="128" f="9" l="504" c="31" n="Inp" t="4" d="1"/>
<D id="129" f="7" l="201" c="16" n="HwVel_HwRadPerSec_T_f32" t="4" d="1"/>
<D id="130" f="2" l="108" c="31" n="uint16" t="7" d="1"/>
<D id="131" f="9" l="532" c="31" n="Inp" t="4" d="1"/>
<D id="132" f="7" l="104" c="24" n="FltDurn" t="9" d="1"/>
<D id="133" f="2" l="127" c="31" n="sint64" t="7" d="1"/>
<D id="134" f="7" l="342" c="50" n="LocnKey_Arg" t="4" d="1"/>
<D id="135" f="7" l="443" c="49" n="LocnKey_Arg" t="4" d="1"/>
<D id="136" f="12" l="24" c="15" n="Rte_Call_FltInj_GetTiSpan100MicroSec32bit_Oper" t="2" d="1"/>
<D id="137" f="9" l="220" c="16" n="Abslt_u32_s32" t="2" d="1"/>
<D id="138" f="7" l="202" c="16" n="PahGain_Uls_T_f32" t="4" d="1"/>
<D id="139" f="13" l="38" c="21" n="wchar_t" t="7" d="1"/>
<D id="140" f="2" l="109" c="31" n="sint32" t="7" d="1"/>
<D id="141" f="9" l="293" c="29" n="Inp1" t="4" d="1"/>
<D id="142" f="10" l="22" c="17" n="fabsf" t="2" d="1"/>
<D id="143" f="9" l="410" c="16" n="Max_s16" t="2" d="1"/>
<D id="144" f="7" l="105" c="24" n="FltLocn" t="9" d="1"/>
<D id="145" f="2" l="128" c="31" n="uint64" t="7" d="1"/>
<D id="146" f="9" l="384" c="29" n="Inp1" t="4" d="1"/>
<D id="147" f="7" l="203" c="16" n="PahOffs_Uls_T_f32" t="4" d="1"/>
<D id="148" f="7" l="205" c="15" n="FltInjRefTmr_Uls_T_u32" t="4" d="1"/>
<D id="149" f="7" l="293" c="30" n="SigPah_Arg" t="4" d="1"/>
<D id="150" f="2" l="138" c="31" n="float32" t="7" d="1"/>
<D id="151" f="7" l="106" c="24" n="LoglFlt" t="9" d="1"/>
<D id="152" f="9" l="612" c="33" n="Inp" t="4" d="1"/>
<D id="153" f="9" l="345" c="31" n="Inp1" t="4" d="1"/>
<D id="154" f="7" l="204" c="16" n="HwVelAbs_HwDegPerSec_T_f32" t="4" d="1"/>
<D id="155" f="9" l="600" c="17" n="Cos_f32" t="2" d="1"/>
<D id="156" f="7" l="206" c="15" n="RefTmrTiSpan_Uls_T_u32" t="4" d="1"/>
<D id="157" f="2" l="139" c="31" n="float64" t="7" d="1"/>
<D id="158" f="7" l="107" c="24" n="FltInjEna" t="9" d="1"/>
<D id="159" f="7" l="293" c="49" n="LocnKey_Arg" t="4" d="1"/>
<D id="160" f="9" l="436" c="31" n="Inp1" t="4" d="1"/>
<D id="161" f="9" l="476" c="29" n="Inp" t="4" d="1"/>
<D id="162" f="9" l="560" c="33" n="Inp" t="4" d="1"/>
<D id="163" f="12" l="18" c="15" n="Rte_Call_FltInj_GetRefTmr100MicroSec32bit_Oper" t="2" d="1"/>
<D id="164" f="12" l="24" c="90" n="TiSpan_Arg" t="4" d="1"/>
<D id="165" f="7" l="117" c="33" n="FltInjUsrPrm_M" t="3" d="1"/>
<D id="166" f="9" l="169" c="20" n="NXTRMATH_SINCNVNCONTBL_ULS_U16" t="1" d="0"/>
<D id="167" f="9" l="306" c="15" n="Min_u08" t="2" d="1"/>
<D id="168" f="9" l="332" c="16" n="Min_u16" t="2" d="1"/>
<D id="169" f="9" l="319" c="31" n="Inp1" t="4" d="1"/>
<D id="170" f="9" l="371" c="33" n="Inp1" t="4" d="1"/>
<D id="171" f="9" l="180" c="34" n="Inp1" t="4" d="1"/>
<D id="172" f="9" l="518" c="31" n="Inp" t="4" d="1"/>
<D id="173" f="9" l="281" c="15" n="Sign_s08_f32" t="2" d="1"/>
<D id="174" f="9" l="423" c="16" n="Max_u16" t="2" d="1"/>
<D id="175" f="9" l="504" c="16" n="Lim_s16" t="2" d="1"/>
<D id="176" f="9" l="546" c="31" n="Inp" t="4" d="1"/>
<D id="177" f="9" l="220" c="37" n="Inp" t="4" d="1"/>
<D id="178" f="9" l="462" c="33" n="Inp1" t="4" d="1"/>
<D id="179" f="7" l="118" c="15" n="FltInjPahGain_M" t="3" d="1"/>
<D id="180" f="9" l="532" c="16" n="Lim_s32" t="2" d="1"/>
<D id="181" f="9" l="653" c="14" n="SinCos_f32" t="2" d="1"/>
<D id="182" f="9" l="397" c="29" n="Inp1" t="4" d="1"/>
<D id="183" f="9" l="245" c="15" n="Sign_s08_s08" t="2" d="1"/>
<D id="184" f="7" l="207" c="16" n="ElpdTi_MilliSec_T_f32" t="4" d="1"/>
<D id="185" f="12" l="18" c="71" n="RefTmr_Arg" t="4" d="1"/>
<D id="186" f="9" l="490" c="15" n="Lim_u08" t="2" d="1"/>
<D id="187" f="9" l="612" c="17" n="Exp_f32" t="2" d="1"/>
<D id="188" f="13" l="409" c="4" n="errno" t="1" d="1"/>
<D id="189" f="9" l="207" c="16" n="Abslt_u16_s16" t="2" d="1"/>
<D id="190" f="9" l="233" c="17" n="Abslt_f32_f32" t="2" d="1"/>
<D id="191" f="7" l="119" c="15" n="FltInjPahOffs_M" t="3" d="1"/>
<D id="192" f="9" l="781" c="14" n="SignFlip_Cnt_T_s08" t="4" d="1"/>
<D id="193" f="9" l="180" c="17" n="Blnd_f32" t="2" d="1"/>
<D id="194" f="9" l="358" c="31" n="Inp1" t="4" d="1"/>
<D id="195" f="9" l="653" c="33" n="Inp" t="4" d="1"/>
<D id="196" f="9" l="624" c="34" n="Inp" t="4" d="1"/>
<D id="197" f="7" l="208" c="16" n="FltInjFltEna_Cnt_T_logl" t="4" d="1"/>
<D id="198" f="9" l="245" c="34" n="Inp" t="4" d="1"/>
<D id="199" f="9" l="780" c="15" n="Theta_Cnt_T_u16" t="4" d="1"/>
<D id="200" f="9" l="560" c="17" n="Lim_f32" t="2" d="1"/>
<D id="201" f="9" l="449" c="31" n="Inp1" t="4" d="1"/>
<D id="202" f="7" l="209" c="25" n="FltInjUsrPrm_Cnt_T_rec" t="4" d="1"/>
<D id="203" f="9" l="293" c="15" n="Min_s08" t="2" d="1"/>
<D id="204" f="9" l="345" c="16" n="Min_s32" t="2" d="1"/>
<D id="205" f="9" l="371" c="17" n="Min_f32" t="2" d="1"/>
<D id="206" f="9" l="636" c="33" n="Numer" t="4" d="1"/>
<D id="207" f="9" l="660" c="17" n="InpSqd" t="4" d="1"/>
<D id="208" f="9" l="194" c="15" n="Abslt_u08_s08" t="2" d="1"/>
<D id="209" f="7" l="198" c="22" n="FltInjRefTmr_F" t="4" d="1"/>
<D id="210" f="9" l="257" c="15" n="Sign_s08_s16" t="2" d="1"/>
<D id="211" f="9" l="384" c="15" n="Max_s08" t="2" d="1"/>
<D id="212" f="9" l="436" c="16" n="Max_s32" t="2" d="1"/>
<D id="213" f="9" l="462" c="17" n="Max_f32" t="2" d="1"/>
<D id="214" f="9" l="624" c="17" n="Sqrt_f32" t="2" d="1"/>
<D id="215" f="9" l="661" c="17" n="SinA" t="4" d="1"/>
<D id="216" f="9" l="281" c="36" n="Inp" t="4" d="1"/>
<D id="217" f="9" l="319" c="16" n="Min_s16" t="2" d="1"/>
<D id="218" f="9" l="518" c="16" n="Lim_u16" t="2" d="1"/>
<D id="219" f="9" l="662" c="17" n="CosA" t="4" d="1"/>
<D id="220" f="9" l="546" c="16" n="Lim_u32" t="2" d="1"/>
<D id="221" f="9" l="476" c="15" n="Lim_s08" t="2" d="1"/>
<D id="222" f="9" l="207" c="37" n="Inp" t="4" d="1"/>
<D id="223" f="9" l="782" c="16" n="SinVal_Uls_T_f32" t="4" d="1"/>
<D id="224" f="7" l="199" c="32" n="dFltInjHwVel_F" t="4" d="1"/>
<D id="225" f="9" l="194" c="35" n="Inp" t="4" d="1"/>
<D id="226" f="9" l="320" c="95" n="Inp2" t="4" d="1"/>
<D id="227" f="9" l="663" c="17" n="Tmp" t="4" d="1"/>
<D id="228" f="9" l="269" c="15" n="Sign_s08_s32" t="2" d="1"/>
<D id="229" f="9" l="257" c="35" n="Inp" t="4" d="1"/>
<D id="230" f="9" l="636" c="17" n="Mod_f32" t="2" d="1"/>
<D id="231" f="9" l="358" c="16" n="Min_u32" t="2" d="1"/>
<D id="232" f="9" l="411" c="95" n="Inp2" t="4" d="1"/>
<D id="233" f="9" l="520" c="95" n="RngHi" t="4" d="1"/>
<D id="234" f="9" l="397" c="15" n="Max_u08" t="2" d="1"/>
<D id="235" f="9" l="449" c="16" n="Max_u32" t="2" d="1"/>
<D id="236" f="9" l="659" c="15" n="Normdn" t="4" d="1"/>
<D id="237" f="9" l="575" c="17" n="Arctan2_f32" t="2" d="1"/>
<D id="238" f="7" l="392" c="28" n="SigPah_Arg" t="4" d="1"/>
<D id="239" f="9" l="588" c="33" n="Inp" t="4" d="1"/>
<D id="240" f="9" l="658" c="16" n="n" t="4" d="1"/>
<D id="241" f="9" l="450" c="95" n="Inp2" t="4" d="1"/>
<D id="242" f="9" l="269" c="35" n="Inp" t="4" d="1"/>
<D id="243" f="7" l="392" c="47" n="LocnKey_Arg" t="4" d="1"/>
<D id="244" f="9" l="333" c="95" n="Inp2" t="4" d="1"/>
<D id="245" f="9" l="424" c="95" n="Inp2" t="4" d="1"/>
<D id="246" f="9" l="505" c="95" n="RngLo" t="4" d="1"/>
<D id="247" f="9" l="533" c="95" n="RngLo" t="4" d="1"/>
<D id="248" f="9" l="575" c="37" n="Numer" t="4" d="1"/>
<D id="249" f="9" l="307" c="86" n="Inp2" t="4" d="1"/>
<D id="250" f="9" l="491" c="94" n="RngLo" t="4" d="1"/>
<D id="251" f="9" l="506" c="95" n="RngHi" t="4" d="1"/>
<D id="252" f="9" l="779" c="16" n="Theta_Rev_T_f32" t="4" d="1"/>
<D id="253" f="9" l="588" c="17" n="Sin_f32" t="2" d="1"/>
<D id="254" f="9" l="534" c="95" n="RngHi" t="4" d="1"/>
<D id="255" f="9" l="492" c="94" n="RngHi" t="4" d="1"/>
<D id="256" f="9" l="777" c="36" n="Ag" t="4" d="1"/>
<D id="257" f="9" l="777" c="18" n="SinLookup" t="2" d="1"/>
<D id="258" f="9" l="346" c="95" n="Inp2" t="4" d="1"/>
<D id="259" f="9" l="372" c="96" n="Inp2" t="4" d="1"/>
<D id="260" f="9" l="181" c="97" n="Inp2" t="4" d="1"/>
<D id="261" f="9" l="437" c="95" n="Inp2" t="4" d="1"/>
<D id="262" f="9" l="463" c="96" n="Inp2" t="4" d="1"/>
<D id="263" f="9" l="182" c="97" n="Fac" t="4" d="1"/>
<D id="264" f="9" l="294" c="86" n="Inp2" t="4" d="1"/>
<D id="265" f="9" l="519" c="95" n="RngLo" t="4" d="1"/>
<D id="266" f="9" l="547" c="95" n="RngLo" t="4" d="1"/>
<D id="267" f="9" l="385" c="86" n="Inp2" t="4" d="1"/>
<D id="268" f="9" l="477" c="94" n="RngLo" t="4" d="1"/>
<D id="269" f="9" l="548" c="95" n="RngHi" t="4" d="1"/>
<D id="270" f="9" l="478" c="94" n="RngHi" t="4" d="1"/>
<D id="271" f="9" l="359" c="95" n="Inp2" t="4" d="1"/>
<D id="272" f="9" l="398" c="86" n="Inp2" t="4" d="1"/>
</Definitions>
<Uses>
<U id="1" f="11" l="220" c="10" d="130" a="0"/>
<U id="2" f="11" l="303" c="9" d="150" a="0"/>
<U id="3" f="11" l="204" c="9" d="140" a="0"/>
<U id="4" f="11" l="331" c="9" d="150" a="0"/>
<U id="5" f="11" l="232" c="9" d="93" a="0"/>
<U id="6" f="11" l="261" c="9" d="140" a="0"/>
<U id="7" f="11" l="190" c="9" d="116" a="0"/>
<U id="8" f="11" l="305" c="10" d="150" a="0"/>
<U id="9" f="13" l="430" c="11" d="44" a="0"/>
<U id="10" f="11" l="333" c="10" d="150" a="0"/>
<U id="11" f="11" l="234" c="10" d="93" a="0"/>
<U id="12" f="11" l="305" c="29" d="6" a="0"/>
<U id="13" f="11" l="317" c="9" d="150" a="0"/>
<U id="14" f="11" l="305" c="20" d="150" a="0"/>
<U id="15" f="11" l="218" c="9" d="130" a="0"/>
<U id="16" f="11" l="333" c="29" d="9" a="0"/>
<U id="17" f="11" l="303" c="49" d="150" a="0"/>
<U id="18" f="11" l="345" c="9" d="150" a="0"/>
<U id="19" f="11" l="333" c="20" d="150" a="0"/>
<U id="20" f="11" l="234" c="29" d="11" a="0"/>
<U id="21" f="11" l="331" c="49" d="150" a="0"/>
<U id="22" f="11" l="263" c="10" d="140" a="0"/>
<U id="23" f="11" l="291" c="10" d="93" a="0"/>
<U id="24" f="11" l="247" c="9" d="116" a="0"/>
<U id="25" f="11" l="275" c="9" d="130" a="0"/>
<U id="26" f="11" l="291" c="29" d="52" a="0"/>
<U id="27" f="11" l="261" c="49" d="150" a="0"/>
<U id="28" f="11" l="220" c="43" d="49" a="0"/>
<U id="29" f="13" l="462" c="11" d="19" a="0"/>
<U id="30" f="11" l="206" c="13" d="7" a="0"/>
<U id="31" f="11" l="319" c="10" d="150" a="0"/>
<U id="32" f="11" l="347" c="10" d="150" a="0"/>
<U id="33" f="13" l="454" c="11" d="26" a="0"/>
<U id="34" f="11" l="319" c="29" d="29" a="0"/>
<U id="35" f="11" l="319" c="20" d="150" a="0"/>
<U id="36" f="11" l="220" c="26" d="150" a="0"/>
<U id="37" f="11" l="347" c="29" d="32" a="0"/>
<U id="38" f="11" l="317" c="49" d="150" a="0"/>
<U id="39" f="11" l="249" c="10" d="116" a="0"/>
<U id="40" f="11" l="347" c="20" d="150" a="0"/>
<U id="41" f="7" l="246" c="130" d="101" a="0"/>
<U id="42" f="13" l="446" c="11" d="24" a="0"/>
<U id="43" f="11" l="345" c="49" d="150" a="0"/>
<U id="44" f="11" l="277" c="10" d="130" a="0"/>
<U id="45" f="11" l="192" c="13" d="20" a="0"/>
<U id="46" f="11" l="220" c="18" d="93" a="0"/>
<U id="47" f="13" l="438" c="11" d="39" a="0"/>
<U id="48" f="11" l="206" c="70" d="140" a="0"/>
<U id="49" f="11" l="247" c="49" d="150" a="0"/>
<U id="50" f="11" l="289" c="9" d="93" a="0"/>
<U id="51" f="11" l="275" c="49" d="150" a="0"/>
<U id="52" f="11" l="220" c="37" d="30" a="0"/>
<U id="53" f="11" l="206" c="89" d="7" a="0"/>
<U id="54" f="11" l="204" c="45" d="150" a="0"/>
<U id="55" f="11" l="206" c="53" d="36" a="0"/>
<U id="56" f="11" l="305" c="35" d="35" a="0"/>
<U id="57" f="7" l="452" c="106" d="191" a="0"/>
<U id="58" f="11" l="232" c="45" d="150" a="0"/>
<U id="59" f="11" l="333" c="35" d="38" a="0"/>
<U id="60" f="11" l="234" c="35" d="40" a="0"/>
<U id="61" f="11" l="263" c="34" d="45" a="0"/>
<U id="62" f="7" l="245" c="106" d="105" a="0"/>
<U id="63" f="11" l="303" c="37" d="116" a="0"/>
<U id="64" f="11" l="192" c="61" d="47" a="0"/>
<U id="65" f="11" l="331" c="37" d="130" a="0"/>
<U id="66" f="13" l="469" c="11" d="55" a="0"/>
<U id="67" f="11" l="261" c="36" d="150" a="0"/>
<U id="68" f="11" l="206" c="36" d="150" a="0"/>
<U id="69" f="11" l="190" c="45" d="150" a="0"/>
<U id="70" f="11" l="234" c="18" d="150" a="0"/>
<U id="71" f="11" l="291" c="35" d="56" a="0"/>
<U id="72" f="11" l="192" c="44" d="150" a="0"/>
<U id="73" f="7" l="246" c="107" d="202" a="1"/>
<U id="74" f="11" l="206" c="28" d="140" a="0"/>
<U id="75" f="11" l="249" c="42" d="53" a="0"/>
<U id="76" f="11" l="289" c="49" d="150" a="0"/>
<U id="77" f="11" l="277" c="42" d="54" a="0"/>
<U id="78" f="11" l="263" c="18" d="150" a="0"/>
<U id="79" f="11" l="218" c="45" d="150" a="0"/>
<U id="80" f="11" l="192" c="36" d="140" a="0"/>
<U id="81" f="11" l="206" c="47" d="7" a="0"/>
<U id="82" f="11" l="291" c="18" d="150" a="0"/>
<U id="83" f="11" l="319" c="35" d="48" a="0"/>
<U id="84" f="11" l="347" c="35" d="51" a="0"/>
<U id="85" f="11" l="204" c="58" d="150" a="0"/>
<U id="86" f="11" l="263" c="28" d="17" a="0"/>
<U id="87" f="11" l="317" c="37" d="140" a="0"/>
<U id="88" f="11" l="192" c="55" d="20" a="0"/>
<U id="89" f="11" l="232" c="58" d="150" a="0"/>
<U id="90" f="11" l="247" c="36" d="150" a="0"/>
<U id="91" f="11" l="345" c="37" d="93" a="0"/>
<U id="92" f="11" l="192" c="28" d="116" a="0"/>
<U id="93" f="11" l="275" c="36" d="150" a="0"/>
<U id="94" f="11" l="249" c="26" d="150" a="0"/>
<U id="95" f="11" l="277" c="26" d="150" a="0"/>
<U id="96" f="11" l="249" c="36" d="41" a="0"/>
<U id="97" f="11" l="190" c="58" d="150" a="0"/>
<U id="98" f="11" l="206" c="95" d="36" a="0"/>
<U id="99" f="11" l="249" c="18" d="140" a="0"/>
<U id="100" f="11" l="277" c="36" d="42" a="0"/>
<U id="101" f="11" l="277" c="18" d="93" a="0"/>
<U id="102" f="11" l="192" c="94" d="150" a="0"/>
<U id="103" f="11" l="206" c="78" d="150" a="0"/>
<U id="104" f="11" l="218" c="58" d="150" a="0"/>
<U id="105" f="11" l="192" c="86" d="140" a="0"/>
<U id="106" f="11" l="289" c="36" d="150" a="0"/>
<U id="107" f="11" l="192" c="78" d="116" a="0"/>
<U id="108" f="11" l="192" c="111" d="47" a="0"/>
<U id="109" f="11" l="192" c="105" d="20" a="0"/>
<U id="110" f="5" l="80" c="0" d="114" a="0"/>
<U id="111" f="5" l="81" c="0" d="114" a="0"/>
<U id="112" f="5" l="82" c="0" d="114" a="0"/>
<U id="113" f="5" l="53" c="2" d="109" a="0"/>
<U id="114" f="8" l="20" c="7" d="150" a="0"/>
<U id="115" f="1" l="50" c="8" d="71" a="0"/>
<U id="116" f="8" l="23" c="7" d="93" a="0"/>
<U id="117" f="8" l="24" c="7" d="93" a="0"/>
<U id="118" f="8" l="25" c="7" d="93" a="0"/>
<U id="119" f="4" l="35" c="8" d="130" a="0"/>
<U id="120" f="1" l="84" c="7" d="89" a="0"/>
<U id="121" f="1" l="49" c="8" d="71" a="0"/>
<U id="122" f="7" l="99" c="8" d="150" a="0"/>
<U id="123" f="13" l="11303" c="9" d="62" a="0"/>
<U id="124" f="12" l="24" c="0" d="114" a="0"/>
<U id="125" f="3" l="140" c="3" d="109" a="0"/>
<U id="126" f="12" l="20" c="5" d="185" a="0"/>
<U id="127" f="12" l="18" c="0" d="114" a="0"/>
<U id="128" f="5" l="64" c="21" d="58" a="0"/>
<U id="129" f="1" l="84" c="39" d="89" a="0"/>
<U id="130" f="5" l="80" c="41" d="150" a="0"/>
<U id="131" f="7" l="100" c="8" d="150" a="0"/>
<U id="132" f="7" l="120" c="7" d="96" a="0"/>
<U id="133" f="12" l="26" c="4" d="70" a="1"/>
<U id="134" f="3" l="136" c="3" d="130" a="0"/>
<U id="135" f="7" l="101" c="8" d="150" a="0"/>
<U id="136" f="12" l="36" c="4" d="90" a="0"/>
<U id="137" f="3" l="137" c="3" d="130" a="0"/>
<U id="138" f="7" l="201" c="8" d="150" a="0"/>
<U id="139" f="5" l="81" c="15" d="163" a="0"/>
<U id="140" f="7" l="102" c="8" d="150" a="0"/>
<U id="141" f="10" l="24" c="7" d="94" a="0"/>
<U id="142" f="3" l="138" c="3" d="109" a="0"/>
<U id="143" f="7" l="202" c="8" d="150" a="0"/>
<U id="144" f="5" l="82" c="15" d="136" a="0"/>
<U id="145" f="12" l="27" c="5" d="164" a="0"/>
<U id="146" f="7" l="103" c="8" d="150" a="0"/>
<U id="147" f="3" l="132" c="8" d="109" a="0"/>
<U id="148" f="3" l="139" c="3" d="109" a="0"/>
<U id="149" f="7" l="203" c="8" d="150" a="0"/>
<U id="150" f="5" l="81" c="62" d="93" a="0"/>
<U id="151" f="7" l="104" c="8" d="150" a="0"/>
<U id="152" f="7" l="213" c="8" d="197" a="1"/>
<U id="153" f="5" l="82" c="62" d="93" a="0"/>
<U id="154" f="7" l="204" c="8" d="150" a="0"/>
<U id="155" f="5" l="137" c="5" d="90" a="0"/>
<U id="156" f="7" l="105" c="8" d="130" a="0"/>
<U id="157" f="10" l="26" c="8" d="94" a="1"/>
<U id="158" f="7" l="214" c="8" d="202" a="1"/>
<U id="159" f="5" l="82" c="81" d="93" a="0"/>
<U id="160" f="7" l="205" c="8" d="93" a="0"/>
<U id="161" f="7" l="106" c="8" d="96" a="0"/>
<U id="162" f="7" l="215" c="8" d="148" a="1"/>
<U id="163" f="7" l="206" c="8" d="93" a="0"/>
<U id="164" f="7" l="107" c="8" d="96" a="0"/>
<U id="165" f="7" l="118" c="7" d="150" a="0"/>
<U id="166" f="9" l="812" c="8" d="199" a="1"/>
<U id="167" f="7" l="216" c="8" d="154" a="1"/>
<U id="168" f="7" l="207" c="8" d="150" a="0"/>
<U id="169" f="7" l="253" c="8" d="112" a="1"/>
<U id="170" f="9" l="660" c="8" d="150" a="0"/>
<U id="171" f="7" l="119" c="7" d="150" a="0"/>
<U id="172" f="7" l="217" c="8" d="224" a="1"/>
<U id="173" f="7" l="208" c="8" d="96" a="0"/>
<U id="174" f="7" l="254" c="8" d="209" a="1"/>
<U id="175" f="9" l="661" c="8" d="150" a="0"/>
<U id="176" f="9" l="814" c="8" d="223" a="1"/>
<U id="177" f="7" l="209" c="8" d="67" a="0"/>
<U id="178" f="7" l="255" c="8" d="179" a="1"/>
<U id="179" f="9" l="671" c="8" d="207" a="1"/>
<U id="180" f="9" l="662" c="8" d="150" a="0"/>
<U id="181" f="9" l="780" c="8" d="130" a="0"/>
<U id="182" f="7" l="256" c="8" d="191" a="1"/>
<U id="183" f="9" l="663" c="8" d="150" a="0"/>
<U id="184" f="9" l="781" c="8" d="103" a="0"/>
<U id="185" f="7" l="257" c="8" d="165" a="1"/>
<U id="186" f="9" l="673" c="8" d="215" a="1"/>
<U id="187" f="9" l="782" c="8" d="150" a="0"/>
<U id="188" f="9" l="817" c="8" d="223" a="1"/>
<U id="189" f="9" l="674" c="8" d="219" a="1"/>
<U id="190" f="9" l="666" c="8" d="227" a="1"/>
<U id="191" f="9" l="784" c="8" d="252" a="1"/>
<U id="192" f="9" l="667" c="8" d="240" a="1"/>
<U id="193" f="9" l="658" c="8" d="140" a="0"/>
<U id="194" f="9" l="668" c="8" d="195" a="1"/>
<U id="195" f="9" l="659" c="8" d="109" a="0"/>
<U id="196" f="9" l="786" c="8" d="252" a="1"/>
<U id="197" f="9" l="669" c="8" d="236" a="1"/>
<U id="198" f="9" l="779" c="8" d="150" a="0"/>
<U id="199" f="10" l="22" c="9" d="150" a="0"/>
<U id="200" f="9" l="220" c="9" d="93" a="0"/>
<U id="201" f="9" l="410" c="9" d="116" a="0"/>
<U id="202" f="9" l="600" c="9" d="150" a="0"/>
<U id="203" f="12" l="21" c="11" d="114" a="0"/>
<U id="204" f="9" l="332" c="9" d="130" a="0"/>
<U id="205" f="9" l="612" c="9" d="150" a="0"/>
<U id="206" f="9" l="233" c="9" d="150" a="0"/>
<U id="207" f="9" l="400" c="30" d="182" a="0"/>
<U id="208" f="9" l="180" c="9" d="150" a="0"/>
<U id="209" f="9" l="423" c="9" d="130" a="0"/>
<U id="210" f="9" l="504" c="9" d="116" a="0"/>
<U id="211" f="9" l="220" c="30" d="140" a="0"/>
<U id="212" f="9" l="532" c="9" d="140" a="0"/>
<U id="213" f="9" l="306" c="9" d="109" a="0"/>
<U id="214" f="9" l="560" c="9" d="150" a="0"/>
<U id="215" f="9" l="210" c="40" d="130" a="0"/>
<U id="216" f="5" l="203" c="21" d="109" a="0"/>
<U id="217" f="9" l="207" c="9" d="130" a="0"/>
<U id="218" f="9" l="371" c="9" d="150" a="0"/>
<U id="219" f="7" l="402" c="30" d="109" a="0"/>
<U id="220" f="9" l="281" c="9" d="103" a="0"/>
<U id="221" f="9" l="400" c="22" d="272" a="0"/>
<U id="222" f="9" l="210" c="59" d="222" a="0"/>
<U id="223" f="5" l="203" c="40" d="130" a="0"/>
<U id="224" f="9" l="462" c="9" d="150" a="0"/>
<U id="225" f="9" l="624" c="9" d="150" a="0"/>
<U id="226" f="10" l="22" c="23" d="150" a="0"/>
<U id="227" f="9" l="245" c="9" d="103" a="0"/>
<U id="228" f="9" l="490" c="9" d="109" a="0"/>
<U id="229" f="9" l="322" c="30" d="169" a="0"/>
<U id="230" f="9" l="345" c="9" d="140" a="0"/>
<U id="231" f="9" l="210" c="14" d="222" a="0"/>
<U id="232" f="7" l="230" c="59" d="101" a="0"/>
<U id="233" f="9" l="400" c="14" d="182" a="0"/>
<U id="234" f="9" l="602" c="12" d="85" a="0"/>
<U id="235" f="9" l="413" c="30" d="99" a="0"/>
<U id="236" f="9" l="710" c="49" d="215" a="0"/>
<U id="237" f="7" l="236" c="19" d="184" a="0"/>
<U id="238" f="9" l="436" c="9" d="140" a="0"/>
<U id="239" f="7" l="351" c="30" d="165" a="1"/>
<U id="240" f="9" l="522" c="30" d="233" a="0"/>
<U id="241" f="9" l="210" c="33" d="222" a="0"/>
<U id="242" f="9" l="522" c="21" d="233" a="0"/>
<U id="243" f="9" l="293" c="9" d="103" a="0"/>
<U id="244" f="9" l="210" c="24" d="130" a="0"/>
<U id="245" f="9" l="550" c="30" d="269" a="0"/>
<U id="246" f="12" l="28" c="11" d="114" a="0"/>
<U id="247" f="9" l="319" c="9" d="116" a="0"/>
<U id="248" f="9" l="223" c="40" d="93" a="0"/>
<U id="249" f="9" l="322" c="22" d="226" a="0"/>
<U id="250" f="9" l="550" c="21" d="269" a="0"/>
<U id="251" f="9" l="711" c="49" d="215" a="0"/>
<U id="252" f="9" l="194" c="9" d="109" a="0"/>
<U id="253" f="9" l="518" c="9" d="130" a="0"/>
<U id="254" f="9" l="636" c="9" d="150" a="0"/>
<U id="255" f="9" l="361" c="30" d="194" a="0"/>
<U id="256" f="9" l="257" c="9" d="103" a="0"/>
<U id="257" f="9" l="384" c="9" d="103" a="0"/>
<U id="258" f="9" l="546" c="9" d="93" a="0"/>
<U id="259" f="9" l="730" c="49" d="215" a="0"/>
<U id="260" f="9" l="413" c="22" d="232" a="0"/>
<U id="261" f="9" l="522" c="40" d="172" a="0"/>
<U id="262" f="7" l="452" c="30" d="130" a="0"/>
<U id="263" f="9" l="207" c="30" d="116" a="0"/>
<U id="264" f="9" l="233" c="31" d="150" a="0"/>
<U id="265" f="9" l="410" c="24" d="116" a="0"/>
<U id="266" f="7" l="302" c="33" d="149" a="0"/>
<U id="267" f="7" l="342" c="22" d="96" a="0"/>
<U id="268" f="9" l="223" c="59" d="177" a="0"/>
<U id="269" f="9" l="452" c="30" d="201" a="0"/>
<U id="270" f="9" l="550" c="40" d="176" a="0"/>
<U id="271" f="9" l="480" c="30" d="270" a="0"/>
<U id="272" f="9" l="614" c="12" d="80" a="0"/>
<U id="273" f="9" l="731" c="49" d="215" a="0"/>
<U id="274" f="5" l="181" c="22" d="96" a="0"/>
<U id="275" f="10" l="29" c="12" d="94" a="0"/>
<U id="276" f="9" l="235" c="12" d="142" a="0"/>
<U id="277" f="9" l="322" c="14" d="169" a="0"/>
<U id="278" f="9" l="480" c="21" d="270" a="0"/>
<U id="279" f="7" l="234" c="22" d="136" a="0"/>
<U id="280" f="7" l="240" c="24" d="147" a="1"/>
<U id="281" f="7" l="300" c="53" d="165" a="1"/>
<U id="282" f="12" l="26" c="50" d="124" a="0"/>
<U id="283" f="9" l="575" c="9" d="150" a="0"/>
<U id="284" f="9" l="335" c="30" d="118" a="0"/>
<U id="285" f="9" l="358" c="9" d="93" a="0"/>
<U id="286" f="9" l="184" c="29" d="263" a="0"/>
<U id="287" f="9" l="223" c="14" d="177" a="0"/>
<U id="288" f="9" l="361" c="22" d="271" a="0"/>
<U id="289" f="9" l="750" c="49" d="215" a="0"/>
<U id="290" f="9" l="476" c="9" d="103" a="0"/>
<U id="291" f="7" l="235" c="40" d="34" a="0"/>
<U id="292" f="9" l="413" c="14" d="99" a="0"/>
<U id="293" f="9" l="426" c="30" d="127" a="0"/>
<U id="294" f="7" l="230" c="16" d="147" a="1"/>
<U id="295" f="7" l="241" c="24" d="202" a="1"/>
<U id="296" f="9" l="194" c="29" d="103" a="0"/>
<U id="297" f="9" l="449" c="9" d="93" a="0"/>
<U id="298" f="9" l="600" c="25" d="150" a="0"/>
<U id="299" f="9" l="452" c="22" d="241" a="0"/>
<U id="300" f="9" l="480" c="40" d="161" a="0"/>
<U id="301" f="9" l="522" c="14" d="172" a="0"/>
<U id="302" f="9" l="805" c="12" d="252" a="0"/>
<U id="303" f="7" l="221" c="16" d="197" a="1"/>
<U id="304" f="5" l="225" c="23" d="74" a="0"/>
<U id="305" f="12" l="20" c="18" d="69" a="0"/>
<U id="306" f="9" l="751" c="49" d="215" a="0"/>
<U id="307" f="7" l="214" c="33" d="165" a="0"/>
<U id="308" f="9" l="269" c="9" d="103" a="0"/>
<U id="309" f="9" l="223" c="33" d="177" a="0"/>
<U id="310" f="9" l="550" c="14" d="176" a="0"/>
<U id="311" f="9" l="590" c="12" d="86" a="0"/>
<U id="312" f="9" l="700" c="34" d="219" a="0"/>
<U id="313" f="7" l="452" c="59" d="123" a="0"/>
<U id="314" f="7" l="392" c="21" d="109" a="0"/>
<U id="315" f="10" l="26" c="15" d="94" a="0"/>
<U id="316" f="9" l="223" c="24" d="93" a="0"/>
<U id="317" f="9" l="309" c="30" d="106" a="0"/>
<U id="318" f="9" l="700" c="25" d="22" a="0"/>
<U id="319" f="9" l="335" c="22" d="244" a="0"/>
<U id="320" f="9" l="508" c="30" d="251" a="0"/>
<U id="321" f="7" l="213" c="34" d="112" a="0"/>
<U id="322" f="9" l="306" c="23" d="109" a="0"/>
<U id="323" f="9" l="332" c="24" d="130" a="0"/>
<U id="324" f="7" l="293" c="21" d="150" a="0"/>
<U id="325" f="9" l="361" c="14" d="194" a="0"/>
<U id="326" f="9" l="508" c="21" d="251" a="0"/>
<U id="327" f="9" l="715" c="49" d="215" a="0"/>
<U id="328" f="7" l="222" c="16" d="138" a="1"/>
<U id="329" f="7" l="227" c="22" d="163" a="0"/>
<U id="330" f="7" l="234" c="69" d="148" a="0"/>
<U id="331" f="9" l="271" c="14" d="242" a="0"/>
<U id="332" f="9" l="374" c="30" d="170" a="0"/>
<U id="333" f="9" l="536" c="30" d="254" a="0"/>
<U id="334" f="9" l="706" c="49" d="215" a="0"/>
<U id="335" f="7" l="215" c="33" d="209" a="0"/>
<U id="336" f="7" l="300" c="18" d="112" a="0"/>
<U id="337" f="5" l="225" c="42" d="130" a="0"/>
<U id="338" f="9" l="397" c="9" d="109" a="0"/>
<U id="339" f="7" l="443" c="23" d="74" a="0"/>
<U id="340" f="9" l="536" c="21" d="254" a="0"/>
<U id="341" f="9" l="626" c="12" d="81" a="0"/>
<U id="342" f="9" l="710" c="25" d="22" a="0"/>
<U id="343" f="9" l="820" c="15" d="223" a="0"/>
<U id="344" f="12" l="24" c="62" d="93" a="0"/>
<U id="345" f="9" l="426" c="22" d="245" a="0"/>
<U id="346" f="9" l="564" c="30" d="12" a="0"/>
<U id="347" f="9" l="701" c="25" d="27" a="0"/>
<U id="348" f="7" l="302" c="17" d="149" a="0"/>
<U id="349" f="9" l="423" c="24" d="130" a="0"/>
<U id="350" f="9" l="504" c="24" d="116" a="0"/>
<U id="351" f="9" l="575" c="29" d="150" a="0"/>
<U id="352" f="7" l="392" c="40" d="130" a="0"/>
<U id="353" f="9" l="283" c="40" d="103" a="0"/>
<U id="354" f="9" l="452" c="14" d="201" a="0"/>
<U id="355" f="9" l="564" c="21" d="12" a="0"/>
<U id="356" f="9" l="705" c="50" d="215" a="0"/>
<U id="357" f="9" l="725" c="49" d="215" a="0"/>
<U id="358" f="7" l="216" c="51" d="129" a="0"/>
<U id="359" f="7" l="219" c="40" d="158" a="0"/>
<U id="360" f="9" l="465" c="30" d="178" a="0"/>
<U id="361" f="9" l="812" c="42" d="150" a="0"/>
<U id="362" f="7" l="223" c="16" d="147" a="1"/>
<U id="363" f="9" l="532" c="24" d="140" a="0"/>
<U id="364" f="9" l="480" c="14" d="161" a="0"/>
<U id="365" f="9" l="508" c="40" d="128" a="0"/>
<U id="366" f="9" l="720" c="25" d="22" a="0"/>
<U id="367" f="7" l="235" c="60" d="156" a="0"/>
<U id="368" f="7" l="402" c="17" d="238" a="0"/>
<U id="369" f="9" l="309" c="22" d="249" a="0"/>
<U id="370" f="9" l="711" c="25" d="27" a="0"/>
<U id="371" f="7" l="342" c="43" d="130" a="0"/>
<U id="372" f="7" l="443" c="42" d="130" a="0"/>
<U id="373" f="9" l="271" c="24" d="103" a="0"/>
<U id="374" f="9" l="335" c="14" d="118" a="0"/>
<U id="375" f="9" l="536" c="40" d="131" a="0"/>
<U id="376" f="7" l="230" c="36" d="202" a="1"/>
<U id="377" f="7" l="402" c="72" d="179" a="0"/>
<U id="378" f="5" l="159" c="21" d="150" a="0"/>
<U id="379" f="12" l="24" c="81" d="93" a="0"/>
<U id="380" f="9" l="490" c="23" d="109" a="0"/>
<U id="381" f="9" l="588" c="9" d="150" a="0"/>
<U id="382" f="9" l="612" c="25" d="150" a="0"/>
<U id="383" f="9" l="348" c="30" d="153" a="0"/>
<U id="384" f="9" l="691" c="49" d="215" a="0"/>
<U id="385" f="7" l="212" c="45" d="68" a="0"/>
<U id="386" f="7" l="225" c="70" d="121" a="0"/>
<U id="387" f="9" l="374" c="22" d="259" a="0"/>
<U id="388" f="9" l="564" c="40" d="162" a="0"/>
<U id="389" f="9" l="701" c="35" d="215" a="0"/>
<U id="390" f="9" l="730" c="25" d="22" a="0"/>
<U id="391" f="5" l="181" c="43" d="130" a="0"/>
<U id="392" f="9" l="721" c="25" d="27" a="0"/>
<U id="393" f="9" l="400" c="37" d="272" a="0"/>
<U id="394" f="9" l="426" c="14" d="127" a="0"/>
<U id="395" f="9" l="494" c="30" d="255" a="0"/>
<U id="396" f="9" l="578" c="19" d="248" a="0"/>
<U id="397" f="9" l="671" c="23" d="195" a="0"/>
<U id="398" f="9" l="802" c="16" d="192" a="1"/>
<U id="399" f="9" l="812" c="52" d="252" a="0"/>
<U id="400" f="7" l="212" c="18" d="129" a="1"/>
<U id="401" f="7" l="450" c="53" d="165" a="1"/>
<U id="402" f="9" l="439" c="30" d="160" a="0"/>
<U id="403" f="9" l="494" c="21" d="255" a="0"/>
<U id="404" f="9" l="673" c="31" d="207" a="0"/>
<U id="405" f="9" l="710" c="72" d="219" a="0"/>
<U id="406" f="9" l="716" c="50" d="215" a="0"/>
<U id="407" f="9" l="720" c="35" d="215" a="0"/>
<U id="408" f="9" l="736" c="49" d="215" a="0"/>
<U id="409" f="9" l="777" c="10" d="150" a="0"/>
<U id="410" f="9" l="465" c="22" d="262" a="0"/>
<U id="411" f="9" l="602" c="17" d="125" a="0"/>
<U id="412" f="9" l="667" c="20" d="227" a="0"/>
<U id="413" f="9" l="740" c="25" d="22" a="0"/>
<U id="414" f="9" l="812" c="34" d="93" a="0"/>
<U id="415" f="7" l="229" c="59" d="88" a="0"/>
<U id="416" f="7" l="245" c="24" d="147" a="1"/>
<U id="417" f="7" l="402" c="91" d="191" a="0"/>
<U id="418" f="9" l="283" c="14" d="216" a="0"/>
<U id="419" f="9" l="731" c="25" d="27" a="0"/>
<U id="420" f="7" l="300" c="38" d="159" a="0"/>
<U id="421" f="9" l="560" c="25" d="150" a="0"/>
<U id="422" f="9" l="296" c="30" d="141" a="0"/>
<U id="423" f="9" l="309" c="14" d="106" a="0"/>
<U id="424" f="9" l="735" c="50" d="215" a="0"/>
<U id="425" f="7" l="253" c="25" d="197" a="0"/>
<U id="426" f="9" l="184" c="14" d="171" a="0"/>
<U id="427" f="9" l="197" c="39" d="109" a="0"/>
<U id="428" f="9" l="508" c="14" d="128" a="0"/>
<U id="429" f="9" l="726" c="50" d="215" a="0"/>
<U id="430" f="9" l="746" c="49" d="215" a="0"/>
<U id="431" f="7" l="117" c="16" d="67" a="0"/>
<U id="432" f="9" l="181" c="89" d="150" a="0"/>
<U id="433" f="9" l="293" c="23" d="103" a="0"/>
<U id="434" f="9" l="348" c="22" d="258" a="0"/>
<U id="435" f="9" l="711" c="72" d="219" a="0"/>
<U id="436" f="9" l="721" c="35" d="219" a="0"/>
<U id="437" f="9" l="750" c="25" d="22" a="0"/>
<U id="438" f="9" l="807" c="41" d="252" a="0"/>
<U id="439" f="7" l="351" c="17" d="122" a="0"/>
<U id="440" f="12" l="18" c="62" d="93" a="0"/>
<U id="441" f="9" l="345" c="24" d="140" a="0"/>
<U id="442" f="9" l="371" c="25" d="150" a="0"/>
<U id="443" f="9" l="247" c="14" d="198" a="0"/>
<U id="444" f="9" l="374" c="14" d="170" a="0"/>
<U id="445" f="9" l="494" c="40" d="120" a="0"/>
<U id="446" f="9" l="536" c="14" d="131" a="0"/>
<U id="447" f="9" l="741" c="25" d="27" a="0"/>
<U id="448" f="7" l="227" c="70" d="148" a="1"/>
<U id="449" f="7" l="235" c="16" d="184" a="1"/>
<U id="450" f="7" l="246" c="24" d="147" a="1"/>
<U id="451" f="9" l="180" c="26" d="150" a="0"/>
<U id="452" f="9" l="387" c="30" d="146" a="0"/>
<U id="453" f="9" l="745" c="50" d="215" a="0"/>
<U id="454" f="7" l="217" c="25" d="154" a="0"/>
<U id="455" f="7" l="257" c="23" d="158" a="0"/>
<U id="456" f="7" l="402" c="37" d="200" a="0"/>
<U id="457" f="9" l="564" c="14" d="162" a="0"/>
<U id="458" f="9" l="639" c="12" d="91" a="0"/>
<U id="459" f="9" l="730" c="72" d="219" a="0"/>
<U id="460" f="9" l="740" c="35" d="219" a="0"/>
<U id="461" f="9" l="756" c="49" d="215" a="0"/>
<U id="462" f="7" l="236" c="43" d="202" a="1"/>
<U id="463" f="7" l="254" c="25" d="148" a="0"/>
<U id="464" f="9" l="384" c="23" d="103" a="0"/>
<U id="465" f="7" l="293" c="42" d="130" a="0"/>
<U id="466" f="9" l="439" c="22" d="261" a="0"/>
<U id="467" f="9" l="182" c="89" d="150" a="0"/>
<U id="468" f="9" l="307" c="80" d="109" a="0"/>
<U id="469" f="9" l="436" c="24" d="140" a="0"/>
<U id="470" f="9" l="462" c="25" d="150" a="0"/>
<U id="471" f="9" l="465" c="14" d="178" a="0"/>
<U id="472" f="9" l="667" c="12" d="140" a="0"/>
<U id="473" f="9" l="705" c="25" d="22" a="0"/>
<U id="474" f="9" l="751" c="25" d="27" a="0"/>
<U id="475" f="9" l="812" c="26" d="130" a="0"/>
<U id="476" f="7" l="225" c="17" d="154" a="0"/>
<U id="477" f="7" l="225" c="90" d="197" a="0"/>
<U id="478" f="7" l="351" c="45" d="151" a="0"/>
<U id="479" f="7" l="247" c="24" d="138" a="1"/>
<U id="480" f="7" l="302" c="47" d="179" a="0"/>
<U id="481" f="7" l="450" c="18" d="112" a="0"/>
<U id="482" f="9" l="210" c="48" d="116" a="0"/>
<U id="483" f="9" l="296" c="22" d="264" a="0"/>
<U id="484" f="7" l="238" c="24" d="197" a="1"/>
<U id="485" f="9" l="169" c="13" d="130" a="0"/>
<U id="486" f="9" l="247" c="24" d="103" a="0"/>
<U id="487" f="9" l="668" c="30" d="240" a="0"/>
<U id="488" f="9" l="680" c="34" d="215" a="0"/>
<U id="489" f="9" l="690" c="70" d="219" a="0"/>
<U id="490" f="9" l="731" c="72" d="219" a="0"/>
<U id="491" f="9" l="741" c="35" d="215" a="0"/>
<U id="492" f="7" l="452" c="17" d="123" a="0"/>
<U id="493" f="9" l="319" c="24" d="116" a="0"/>
<U id="494" f="9" l="322" c="37" d="226" a="0"/>
<U id="495" f="9" l="348" c="14" d="153" a="0"/>
<U id="496" f="9" l="668" c="21" d="150" a="0"/>
<U id="497" f="9" l="674" c="23" d="207" a="0"/>
<U id="498" f="9" l="680" c="25" d="22" a="0"/>
<U id="499" f="9" l="715" c="25" d="22" a="0"/>
<U id="500" f="7" l="402" c="47" d="150" a="0"/>
<U id="501" f="9" l="518" c="24" d="130" a="0"/>
<U id="502" f="9" l="614" c="17" d="152" a="0"/>
<U id="503" f="9" l="706" c="25" d="27" a="0"/>
<U id="504" f="9" l="795" c="12" d="252" a="0"/>
<U id="505" f="7" l="245" c="44" d="184" a="0"/>
<U id="506" f="9" l="387" c="22" d="267" a="0"/>
<U id="507" f="9" l="578" c="12" d="82" a="0"/>
<U id="508" f="9" l="695" c="49" d="215" a="0"/>
<U id="509" f="9" l="750" c="72" d="219" a="0"/>
<U id="510" f="9" l="546" c="24" d="93" a="0"/>
<U id="511" f="9" l="653" c="25" d="150" a="0"/>
<U id="512" f="9" l="494" c="14" d="120" a="0"/>
<U id="513" f="9" l="522" c="64" d="172" a="0"/>
<U id="514" f="7" l="228" c="16" d="197" a="1"/>
<U id="515" f="7" l="239" c="24" d="138" a="1"/>
<U id="516" f="7" l="302" c="66" d="191" a="0"/>
<U id="517" f="5" l="159" c="42" d="130" a="0"/>
<U id="518" f="12" l="27" c="18" d="72" a="0"/>
<U id="519" f="9" l="476" c="23" d="103" a="0"/>
<U id="520" f="9" l="624" c="26" d="150" a="0"/>
<U id="521" f="9" l="413" c="37" d="232" a="0"/>
<U id="522" f="9" l="439" c="14" d="160" a="0"/>
<U id="523" f="9" l="673" c="15" d="195" a="0"/>
<U id="524" f="9" l="681" c="34" d="219" a="0"/>
<U id="525" f="9" l="690" c="25" d="22" a="0"/>
<U id="526" f="9" l="725" c="25" d="22" a="0"/>
<U id="527" f="9" l="550" c="64" d="176" a="0"/>
<U id="528" f="9" l="666" c="32" d="195" a="0"/>
<U id="529" f="9" l="681" c="25" d="27" a="0"/>
<U id="530" f="9" l="716" c="25" d="27" a="0"/>
<U id="531" f="7" l="241" c="47" d="158" a="0"/>
<U id="532" f="7" l="246" c="53" d="147" a="0"/>
<U id="533" f="9" l="259" c="14" d="229" a="0"/>
<U id="534" f="9" l="197" c="32" d="225" a="0"/>
<U id="535" f="9" l="296" c="14" d="141" a="0"/>
<U id="536" f="9" l="696" c="49" d="215" a="0"/>
<U id="537" f="9" l="705" c="72" d="219" a="0"/>
<U id="538" f="9" l="751" c="72" d="219" a="0"/>
<U id="539" f="9" l="757" c="50" d="215" a="0"/>
<U id="540" f="7" l="255" c="26" d="138" a="0"/>
<U id="541" f="9" l="735" c="25" d="22" a="0"/>
<U id="542" f="9" l="790" c="16" d="252" a="1"/>
<U id="543" f="7" l="229" c="16" d="138" a="1"/>
<U id="544" f="9" l="197" c="14" d="225" a="0"/>
<U id="545" f="9" l="691" c="25" d="27" a="0"/>
<U id="546" f="9" l="726" c="25" d="27" a="0"/>
<U id="547" f="7" l="300" c="68" d="144" a="0"/>
<U id="548" f="7" l="452" c="73" d="179" a="0"/>
<U id="549" f="9" l="636" c="25" d="150" a="0"/>
<U id="550" f="9" l="235" c="18" d="107" a="0"/>
<U id="551" f="9" l="590" c="17" d="239" a="0"/>
<U id="552" f="9" l="671" c="17" d="195" a="0"/>
<U id="553" f="9" l="807" c="16" d="252" a="1"/>
<U id="554" f="9" l="358" c="24" d="93" a="0"/>
<U id="555" f="9" l="361" c="37" d="271" a="0"/>
<U id="556" f="9" l="387" c="14" d="146" a="0"/>
<U id="557" f="9" l="686" c="50" d="215" a="0"/>
<U id="558" f="9" l="715" c="72" d="219" a="0"/>
<U id="559" f="7" l="216" c="37" d="190" a="0"/>
<U id="560" f="7" l="247" c="44" d="202" a="1"/>
<U id="561" f="7" l="450" c="38" d="135" a="0"/>
<U id="562" f="9" l="271" c="37" d="103" a="0"/>
<U id="563" f="9" l="522" c="56" d="265" a="0"/>
<U id="564" f="9" l="691" c="71" d="219" a="0"/>
<U id="565" f="9" l="745" c="25" d="22" a="0"/>
<U id="566" f="9" l="788" c="12" d="252" a="0"/>
<U id="567" f="7" l="219" c="17" d="202" a="1"/>
<U id="568" f="7" l="256" c="26" d="147" a="0"/>
<U id="569" f="9" l="259" c="24" d="103" a="0"/>
<U id="570" f="9" l="522" c="47" d="265" a="0"/>
<U id="571" f="9" l="736" c="25" d="27" a="0"/>
<U id="572" f="9" l="294" c="80" d="103" a="0"/>
<U id="573" f="9" l="397" c="23" d="109" a="0"/>
<U id="574" f="9" l="480" c="64" d="161" a="0"/>
<U id="575" f="9" l="550" c="56" d="266" a="0"/>
<U id="576" f="7" l="246" c="45" d="253" a="0"/>
<U id="577" f="9" l="449" c="24" d="93" a="0"/>
<U id="578" f="9" l="452" c="37" d="241" a="0"/>
<U id="579" f="9" l="550" c="47" d="266" a="0"/>
<U id="580" f="9" l="666" c="15" d="195" a="0"/>
<U id="581" f="7" l="402" c="58" d="238" a="0"/>
<U id="582" f="9" l="197" c="24" d="109" a="0"/>
<U id="583" f="7" l="257" c="35" d="202" a="1"/>
<U id="584" f="9" l="281" c="28" d="150" a="0"/>
<U id="585" f="9" l="223" c="48" d="140" a="0"/>
<U id="586" f="9" l="668" c="14" d="195" a="0"/>
<U id="587" f="9" l="746" c="25" d="27" a="0"/>
<U id="588" f="7" l="225" c="47" d="202" a="1"/>
<U id="589" f="9" l="385" c="80" d="103" a="0"/>
<U id="590" f="9" l="184" c="45" d="263" a="0"/>
<U id="591" f="9" l="283" c="27" d="103" a="0"/>
<U id="592" f="9" l="335" c="37" d="244" a="0"/>
<U id="593" f="7" l="234" c="93" d="156" a="1"/>
<U id="594" f="7" l="198" c="15" d="93" a="0"/>
<U id="595" f="9" l="706" c="73" d="219" a="0"/>
<U id="596" f="9" l="245" c="28" d="103" a="0"/>
<U id="597" f="9" l="756" c="25" d="22" a="0"/>
<U id="598" f="9" l="814" c="37" d="166" a="1"/>
<U id="599" f="7" l="245" c="83" d="202" a="1"/>
<U id="600" f="7" l="452" c="38" d="200" a="0"/>
<U id="601" f="9" l="814" c="28" d="150" a="0"/>
<U id="602" f="7" l="229" c="36" d="202" a="1"/>
<U id="603" f="9" l="426" c="37" d="245" a="0"/>
<U id="604" f="9" l="480" c="56" d="268" a="0"/>
<U id="605" f="9" l="626" c="18" d="196" a="0"/>
<U id="606" f="9" l="725" c="73" d="219" a="0"/>
<U id="607" f="7" l="349" c="53" d="165" a="1"/>
<U id="608" f="7" l="199" c="24" d="150" a="0"/>
<U id="609" f="9" l="480" c="47" d="268" a="0"/>
<U id="610" f="9" l="716" c="73" d="219" a="0"/>
<U id="611" f="9" l="508" c="64" d="128" a="0"/>
<U id="612" f="9" l="639" c="25" d="21" a="0"/>
<U id="613" f="9" l="685" c="25" d="22" a="0"/>
<U id="614" f="9" l="757" c="25" d="27" a="0"/>
<U id="615" f="9" l="309" c="37" d="249" a="0"/>
<U id="616" f="9" l="536" c="64" d="131" a="0"/>
<U id="617" f="9" l="735" c="73" d="219" a="0"/>
<U id="618" f="7" l="246" c="74" d="202" a="1"/>
<U id="619" f="9" l="685" c="71" d="219" a="0"/>
<U id="620" f="9" l="726" c="73" d="219" a="0"/>
<U id="621" f="7" l="452" c="48" d="150" a="0"/>
<U id="622" f="9" l="564" c="64" d="162" a="0"/>
<U id="623" f="9" l="695" c="25" d="22" a="0"/>
<U id="624" f="9" l="817" c="27" d="223" a="0"/>
<U id="625" f="9" l="247" c="37" d="103" a="0"/>
<U id="626" f="9" l="374" c="37" d="259" a="0"/>
<U id="627" f="9" l="686" c="25" d="27" a="0"/>
<U id="628" f="9" l="745" c="73" d="219" a="0"/>
<U id="629" f="9" l="784" c="26" d="256" a="0"/>
<U id="630" f="9" l="695" c="71" d="219" a="0"/>
<U id="631" f="9" l="736" c="73" d="219" a="0"/>
<U id="632" f="7" l="236" c="66" d="132" a="0"/>
<U id="633" f="7" l="450" c="68" d="144" a="0"/>
<U id="634" f="9" l="320" c="88" d="116" a="0"/>
<U id="635" f="9" l="465" c="37" d="262" a="0"/>
<U id="636" f="9" l="508" c="56" d="246" a="0"/>
<U id="637" f="9" l="696" c="25" d="27" a="0"/>
<U id="638" f="9" l="817" c="55" d="192" a="0"/>
<U id="639" f="9" l="257" c="28" d="116" a="0"/>
<U id="640" f="9" l="508" c="47" d="246" a="0"/>
<U id="641" f="9" l="817" c="46" d="150" a="0"/>
<U id="642" f="7" l="349" c="18" d="112" a="0"/>
<U id="643" f="9" l="184" c="38" d="260" a="0"/>
<U id="644" f="9" l="536" c="56" d="247" a="0"/>
<U id="645" f="9" l="669" c="34" d="240" a="0"/>
<U id="646" f="9" l="746" c="73" d="219" a="0"/>
<U id="647" f="9" l="398" c="80" d="109" a="0"/>
<U id="648" f="9" l="411" c="88" d="116" a="0"/>
<U id="649" f="9" l="588" c="25" d="150" a="0"/>
<U id="650" f="9" l="536" c="47" d="247" a="0"/>
<U id="651" f="9" l="348" c="37" d="258" a="0"/>
<U id="652" f="9" l="494" c="64" d="120" a="0"/>
<U id="653" f="9" l="564" c="56" d="5" a="0"/>
<U id="654" f="9" l="520" c="88" d="130" a="0"/>
<U id="655" f="9" l="564" c="47" d="5" a="0"/>
<U id="656" f="9" l="677" c="17" d="236" a="0"/>
<U id="657" f="9" l="756" c="73" d="219" a="0"/>
<U id="658" f="9" l="578" c="26" d="28" a="0"/>
<U id="659" f="9" l="686" c="72" d="219" a="0"/>
<U id="660" f="9" l="786" c="26" d="252" a="0"/>
<U id="661" f="9" l="439" c="37" d="261" a="0"/>
<U id="662" f="9" l="639" c="18" d="206" a="0"/>
<U id="663" f="9" l="690" c="48" d="215" a="0"/>
<U id="664" f="9" l="797" c="16" d="192" a="1"/>
<U id="665" f="7" l="399" c="53" d="165" a="1"/>
<U id="666" f="9" l="259" c="37" d="103" a="0"/>
<U id="667" f="9" l="296" c="37" d="264" a="0"/>
<U id="668" f="9" l="669" c="26" d="93" a="0"/>
<U id="669" f="9" l="696" c="72" d="219" a="0"/>
<U id="670" f="9" l="757" c="73" d="219" a="0"/>
<U id="671" f="9" l="786" c="63" d="252" a="0"/>
<U id="672" f="9" l="197" c="46" d="103" a="0"/>
<U id="673" f="9" l="669" c="17" d="109" a="0"/>
<U id="674" f="9" l="494" c="56" d="250" a="0"/>
<U id="675" f="9" l="786" c="45" d="150" a="0"/>
<U id="676" f="9" l="450" c="88" d="93" a="0"/>
<U id="677" f="9" l="494" c="47" d="250" a="0"/>
<U id="678" f="9" l="798" c="16" d="252" a="1"/>
<U id="679" f="9" l="269" c="28" d="140" a="0"/>
<U id="680" f="9" l="387" c="37" d="267" a="0"/>
<U id="681" f="7" l="247" c="67" d="88" a="0"/>
<U id="682" f="7" l="349" c="38" d="134" a="0"/>
<U id="683" f="9" l="814" c="68" d="199" a="0"/>
<U id="684" f="9" l="561" c="96" d="150" a="0"/>
<U id="685" f="9" l="333" c="88" d="130" a="0"/>
<U id="686" f="9" l="197" c="56" d="225" a="0"/>
<U id="687" f="9" l="786" c="55" d="140" a="0"/>
<U id="688" f="7" l="257" c="58" d="158" a="0"/>
<U id="689" f="7" l="399" c="18" d="112" a="0"/>
<U id="690" f="9" l="424" c="88" d="130" a="0"/>
<U id="691" f="9" l="505" c="88" d="116" a="0"/>
<U id="692" f="9" l="562" c="96" d="150" a="0"/>
<U id="693" f="9" l="533" c="88" d="140" a="0"/>
<U id="694" f="9" l="777" c="28" d="150" a="0"/>
<U id="695" f="9" l="666" c="66" d="195" a="0"/>
<U id="696" f="9" l="506" c="88" d="116" a="0"/>
<U id="697" f="9" l="372" c="88" d="150" a="0"/>
<U id="698" f="9" l="534" c="88" d="140" a="0"/>
<U id="699" f="9" l="685" c="48" d="215" a="0"/>
<U id="700" f="9" l="654" c="96" d="150" a="0"/>
<U id="701" f="7" l="246" c="97" d="113" a="0"/>
<U id="702" f="9" l="463" c="88" d="150" a="0"/>
<U id="703" f="9" l="491" c="88" d="109" a="0"/>
<U id="704" f="7" l="399" c="38" d="243" a="0"/>
<U id="705" f="9" l="655" c="96" d="150" a="0"/>
<U id="706" f="7" l="349" c="68" d="144" a="0"/>
<U id="707" f="9" l="346" c="88" d="140" a="0"/>
<U id="708" f="9" l="637" c="96" d="150" a="0"/>
<U id="709" f="9" l="492" c="88" d="109" a="0"/>
<U id="710" f="9" l="437" c="88" d="140" a="0"/>
<U id="711" f="9" l="519" c="88" d="130" a="0"/>
<U id="712" f="9" l="576" c="96" d="150" a="0"/>
<U id="713" f="9" l="547" c="88" d="93" a="0"/>
<U id="714" f="9" l="548" c="88" d="93" a="0"/>
<U id="715" f="9" l="359" c="88" d="93" a="0"/>
<U id="716" f="7" l="399" c="68" d="144" a="0"/>
<U id="717" f="9" l="477" c="88" d="103" a="0"/>
<U id="718" f="9" l="478" c="88" d="103" a="0"/>
</Uses>
<Blocks>
<B id="1" t="routine" f="12" l="18" c="15">
<BEGIN l="19" c="0"/>
<END l="22" c="0"/>
</B>
<B id="2" t="routine" f="12" l="24" c="15">
<BEGIN l="25" c="0"/>
<END l="29" c="0"/>
</B>
<B id="3" t="routine" f="12" l="34" c="5">
<BEGIN l="35" c="0"/>
<END l="37" c="0"/>
</B>
<B id="4" t="ppcif" f="14" l="13" c="0">
<BEGIN l="13" c="16"/>
<END l="133" c="0"/>
</B>
<B id="5" t="ppcrmif" f="14" l="14" c="0">
<BEGIN l="14" c="14"/>
<END l="16" c="0"/>
</B>
<B id="6" t="ppcif" f="14" l="18" c="0">
<BEGIN l="18" c="23"/>
<END l="129" c="0"/>
</B>
<B id="7" t="ppcrmif" f="14" l="25" c="0">
<BEGIN l="25" c="70"/>
<END l="27" c="0"/>
</B>
<B id="8" t="ppcelse" f="14" l="27" c="0">
<BEGIN l="27" c="5"/>
<END l="29" c="0"/>
</B>
<B id="9" t="ppcrmif" f="14" l="31" c="0">
<BEGIN l="31" c="67"/>
<END l="32" c="0"/>
</B>
<B id="10" t="ppcrmelif" f="14" l="32" c="0">
<BEGIN l="32" c="5"/>
<END l="35" c="0"/>
</B>
<B id="11" t="ppcrmelif" f="14" l="35" c="0">
<BEGIN l="35" c="5"/>
<END l="40" c="0"/>
</B>
<B id="12" t="ppcrmelse" f="14" l="40" c="0">
<BEGIN l="40" c="5"/>
<END l="42" c="0"/>
</B>
<B id="13" t="ppcrmif" f="14" l="54" c="0">
<BEGIN l="54" c="23"/>
<END l="55" c="0"/>
</B>
<B id="14" t="ppcrmelif" f="14" l="55" c="0">
<BEGIN l="55" c="5"/>
<END l="76" c="0"/>
</B>
<B id="15" t="ppcrmelse" f="14" l="76" c="0">
<BEGIN l="76" c="26"/>
<END l="123" c="0"/>
</B>
<B id="16" t="ppcrmif" f="14" l="89" c="0">
<BEGIN l="89" c="51"/>
<END l="100" c="0"/>
</B>
<B id="17" t="ppcrmelif" f="14" l="100" c="0">
<BEGIN l="100" c="5"/>
<END l="110" c="0"/>
</B>
<B id="18" t="ppcrmelse" f="14" l="110" c="0">
<BEGIN l="110" c="62"/>
<END l="121" c="0"/>
</B>
<B id="19" t="ppcif" f="14" l="125" c="0">
<BEGIN l="125" c="19"/>
<END l="127" c="0"/>
</B>
<B id="20" t="ppcrmif" f="14" l="130" c="0">
<BEGIN l="130" c="14"/>
<END l="132" c="0"/>
</B>
<B id="21" t="type" f="7" l="98" c="0">
<BEGIN l="98" c="0"/>
<END l="108" c="0"/>
</B>
<B id="22" t="ppcif" f="7" l="74" c="0">
<BEGIN l="74" c="24"/>
<END l="125" c="0"/>
</B>
<B id="23" t="ppcif" f="7" l="195" c="0">
<BEGIN l="195" c="24"/>
<END l="258" c="0"/>
</B>
<B id="24" t="ppcif" f="7" l="299" c="0">
<BEGIN l="299" c="24"/>
<END l="308" c="0"/>
</B>
<B id="25" t="ppcif" f="7" l="348" c="0">
<BEGIN l="348" c="24"/>
<END l="357" c="0"/>
</B>
<B id="26" t="ppcif" f="7" l="398" c="0">
<BEGIN l="398" c="24"/>
<END l="408" c="0"/>
</B>
<B id="27" t="ppcif" f="7" l="449" c="0">
<BEGIN l="449" c="24"/>
<END l="458" c="0"/>
</B>
<B id="28" t="else" f="7" l="243" c="16">
<BEGIN l="244" c="16"/>
<END l="249" c="16"/>
</B>
<B id="29" t="if" f="7" l="236" c="16">
<BEGIN l="237" c="16"/>
<END l="242" c="16"/>
<ELSE d="28"/>
</B>
<B id="30" t="else" f="7" l="232" c="8">
<BEGIN l="233" c="8"/>
<END l="250" c="8"/>
<SUB d="29"/>
</B>
<B id="31" t="if" f="7" l="225" c="13">
<BEGIN l="226" c="8"/>
<END l="231" c="8"/>
<ELSE d="30"/>
</B>
<B id="32" t="else" f="7" l="225" c="8">
<BEGIN l="225" c="13"/>
<END l="250" c="8"/>
<SUB d="31"/>
</B>
<B id="33" t="if" f="7" l="219" c="8">
<BEGIN l="220" c="8"/>
<END l="224" c="8"/>
<ELSE d="32"/>
</B>
<B id="34" t="routine" f="7" l="189" c="5">
<BEGIN l="190" c="0"/>
<END l="263" c="0"/>
<SUB d="33"/>
</B>
<B id="35" t="else" f="7" l="304" c="8">
<BEGIN l="305" c="8"/>
<END l="307" c="8"/>
</B>
<B id="36" t="if" f="7" l="300" c="8">
<BEGIN l="301" c="8"/>
<END l="303" c="8"/>
<ELSE d="35"/>
</B>
<B id="37" t="routine" f="7" l="293" c="5">
<BEGIN l="294" c="0"/>
<END l="312" c="0"/>
<SUB d="36"/>
</B>
<B id="38" t="else" f="7" l="353" c="8">
<BEGIN l="354" c="8"/>
<END l="356" c="8"/>
</B>
<B id="39" t="if" f="7" l="349" c="8">
<BEGIN l="350" c="8"/>
<END l="352" c="8"/>
<ELSE d="38"/>
</B>
<B id="40" t="routine" f="7" l="342" c="5">
<BEGIN l="343" c="0"/>
<END l="362" c="0"/>
<SUB d="39"/>
</B>
<B id="41" t="else" f="7" l="404" c="8">
<BEGIN l="405" c="8"/>
<END l="407" c="8"/>
</B>
<B id="42" t="if" f="7" l="399" c="8">
<BEGIN l="400" c="8"/>
<END l="403" c="8"/>
<ELSE d="41"/>
</B>
<B id="43" t="routine" f="7" l="392" c="5">
<BEGIN l="393" c="0"/>
<END l="413" c="0"/>
<SUB d="42"/>
</B>
<B id="44" t="else" f="7" l="454" c="8">
<BEGIN l="455" c="8"/>
<END l="457" c="8"/>
</B>
<B id="45" t="if" f="7" l="450" c="8">
<BEGIN l="451" c="8"/>
<END l="453" c="8"/>
<ELSE d="44"/>
</B>
<B id="46" t="routine" f="7" l="443" c="5">
<BEGIN l="444" c="0"/>
<END l="462" c="0"/>
<SUB d="45"/>
</B>
<B id="47" t="ppcif" f="15" l="15" c="0">
<BEGIN l="15" c="27"/>
<END l="330" c="0"/>
</B>
<B id="48" t="ppcif" f="15" l="25" c="0">
<BEGIN l="25" c="19"/>
<END l="155" c="0"/>
</B>
<B id="49" t="ppcrmif" f="15" l="46" c="0">
<BEGIN l="46" c="93"/>
<END l="91" c="0"/>
</B>
<B id="50" t="ppcrmif" f="15" l="94" c="0">
<BEGIN l="94" c="91"/>
<END l="153" c="0"/>
</B>
<B id="51" t="ppcrmelse" f="15" l="155" c="0">
<BEGIN l="155" c="35"/>
<END l="328" c="0"/>
</B>
<B id="52" t="ppcif" f="16" l="11" c="0">
<BEGIN l="11" c="27"/>
<END l="36" c="0"/>
</B>
<B id="53" t="ppcrmif" f="16" l="14" c="0">
<BEGIN l="14" c="19"/>
<END l="29" c="0"/>
</B>
<B id="54" t="ppcelse" f="16" l="29" c="0">
<BEGIN l="29" c="5"/>
<END l="33" c="0"/>
</B>
<B id="55" t="ppcif" f="1" l="22" c="0">
<BEGIN l="22" c="17"/>
<END l="109" c="0"/>
</B>
<B id="56" t="ppcrmif" f="1" l="39" c="0">
<BEGIN l="39" c="66"/>
<END l="43" c="0"/>
</B>
<B id="57" t="ppcelse" f="1" l="43" c="0">
<BEGIN l="43" c="60"/>
<END l="47" c="0"/>
</B>
<B id="58" t="ppcrmif" f="1" l="52" c="0">
<BEGIN l="52" c="18"/>
<END l="58" c="0"/>
</B>
<B id="59" t="ppcrmif" f="1" l="62" c="0">
<BEGIN l="62" c="33"/>
<END l="80" c="0"/>
</B>
<B id="60" t="ppcelse" f="1" l="80" c="0">
<BEGIN l="80" c="31"/>
<END l="93" c="0"/>
</B>
<B id="61" t="ppcrmif" f="1" l="96" c="0">
<BEGIN l="96" c="14"/>
<END l="106" c="0"/>
</B>
<B id="62" t="ppcif" f="17" l="3" c="0">
<BEGIN l="3" c="29"/>
<END l="348" c="0"/>
</B>
<B id="63" t="ppcif" f="17" l="61" c="0">
<BEGIN l="63" c="27"/>
<END l="66" c="0"/>
</B>
<B id="64" t="ppcrmif" f="17" l="165" c="0">
<BEGIN l="165" c="17"/>
<END l="206" c="0"/>
</B>
<B id="65" t="ppcrmif" f="17" l="209" c="0">
<BEGIN l="209" c="37"/>
<END l="211" c="0"/>
</B>
<B id="66" t="ppcrmif" f="17" l="213" c="0">
<BEGIN l="213" c="44"/>
<END l="321" c="0"/>
</B>
<B id="67" t="ppcif" f="17" l="323" c="0">
<BEGIN l="323" c="18"/>
<END l="346" c="0"/>
</B>
<B id="68" t="ppcrmif" f="17" l="326" c="0">
<BEGIN l="326" c="18"/>
<END l="328" c="0"/>
</B>
<B id="69" t="ppcrmif" f="17" l="329" c="0">
<BEGIN l="329" c="63"/>
<END l="331" c="0"/>
</B>
<B id="70" t="ppcrmif" f="17" l="332" c="0">
<BEGIN l="332" c="64"/>
<END l="334" c="0"/>
</B>
<B id="71" t="ppcrmif" f="17" l="335" c="0">
<BEGIN l="335" c="16"/>
<END l="340" c="0"/>
</B>
<B id="72" t="ppcif" f="17" l="343" c="0">
<BEGIN l="343" c="57"/>
<END l="345" c="0"/>
</B>
<B id="73" t="type" f="5" l="50" c="7">
<BEGIN l="50" c="20"/>
<END l="54" c="0"/>
</B>
<B id="74" t="ppcif" f="5" l="24" c="0">
<BEGIN l="24" c="21"/>
<END l="234" c="0"/>
</B>
<B id="75" t="ppcrmif" f="5" l="27" c="0">
<BEGIN l="27" c="35"/>
<END l="29" c="0"/>
</B>
<B id="76" t="ppcif" f="5" l="31" c="0">
<BEGIN l="31" c="38"/>
<END l="33" c="0"/>
</B>
<B id="77" t="ppcrmif" f="5" l="35" c="0">
<BEGIN l="35" c="19"/>
<END l="38" c="0"/>
</B>
<B id="78" t="ppcrmif" f="5" l="230" c="0">
<BEGIN l="230" c="19"/>
<END l="232" c="0"/>
</B>
<B id="79" t="ppcif" f="18" l="24" c="0">
<BEGIN l="24" c="26"/>
<END l="39" c="0"/>
</B>
<B id="80" t="ppcrmif" f="18" l="27" c="0">
<BEGIN l="27" c="19"/>
<END l="30" c="0"/>
</B>
<B id="81" t="ppcrmif" f="18" l="35" c="0">
<BEGIN l="35" c="19"/>
<END l="37" c="0"/>
</B>
<B id="82" t="ppcif" f="4" l="24" c="0">
<BEGIN l="24" c="19"/>
<END l="37" c="0"/>
</B>
<B id="83" t="ppcif" f="19" l="25" c="0">
<BEGIN l="25" c="14"/>
<END l="96" c="0"/>
</B>
<B id="84" t="ppcrmif" f="19" l="41" c="0">
<BEGIN l="41" c="33"/>
<END l="43" c="0"/>
</B>
<B id="85" t="ppcrmif" f="19" l="45" c="0">
<BEGIN l="45" c="46"/>
<END l="47" c="0"/>
</B>
<B id="86" t="ppcrmif" f="19" l="49" c="0">
<BEGIN l="49" c="28"/>
<END l="51" c="0"/>
</B>
<B id="87" t="type" f="3" l="135" c="0">
<BEGIN l="135" c="0"/>
<END l="141" c="0"/>
</B>
<B id="88" t="ppcif" f="3" l="56" c="0">
<BEGIN l="56" c="19"/>
<END l="154" c="0"/>
</B>
<B id="89" t="ppcif" f="3" l="122" c="0">
<BEGIN l="122" c="26"/>
<END l="126" c="0"/>
</B>
<B id="90" t="ppcif" f="2" l="43" c="0">
<BEGIN l="43" c="24"/>
<END l="150" c="0"/>
</B>
<B id="91" t="ppcif" f="2" l="81" c="0">
<BEGIN l="81" c="13"/>
<END l="83" c="0"/>
</B>
<B id="92" t="ppcif" f="2" l="85" c="0">
<BEGIN l="85" c="14"/>
<END l="87" c="0"/>
</B>
<B id="93" t="ppcrmif" f="2" l="119" c="0">
<BEGIN l="119" c="46"/>
<END l="125" c="0"/>
</B>
<B id="94" t="ppcelse" f="2" l="125" c="0">
<BEGIN l="125" c="6"/>
<END l="129" c="0"/>
</B>
<B id="95" t="ppcrmif" f="2" l="131" c="0">
<BEGIN l="131" c="46"/>
<END l="137" c="0"/>
</B>
<B id="96" t="ppcelse" f="2" l="137" c="0">
<BEGIN l="137" c="6"/>
<END l="140" c="0"/>
</B>
<B id="97" t="ppcif" f="20" l="43" c="0">
<BEGIN l="43" c="18"/>
<END l="202" c="0"/>
</B>
<B id="98" t="ppcif" f="20" l="88" c="0">
<BEGIN l="88" c="17"/>
<END l="90" c="0"/>
</B>
<B id="99" t="ppcif" f="21" l="19" c="0">
<BEGIN l="19" c="22"/>
<END l="23" c="0"/>
</B>
<B id="100" t="ppcif" f="22" l="19" c="0">
<BEGIN l="19" c="26"/>
<END l="23" c="0"/>
</B>
<B id="101" t="ppcif" f="23" l="24" c="0">
<BEGIN l="24" c="31"/>
<END l="27" c="0"/>
</B>
<B id="102" t="ppcif" f="24" l="19" c="0">
<BEGIN l="19" c="16"/>
<END l="24" c="0"/>
</B>
<B id="103" t="ppcif" f="25" l="53" c="0">
<BEGIN l="53" c="28"/>
<END l="57" c="0"/>
</B>
<B id="104" t="ppcrmif" f="25" l="67" c="0">
<BEGIN l="67" c="41"/>
<END l="71" c="0"/>
</B>
<B id="105" t="ppcrmif" f="25" l="81" c="0">
<BEGIN l="81" c="46"/>
<END l="85" c="0"/>
</B>
<B id="106" t="ppcrmif" f="25" l="95" c="0">
<BEGIN l="95" c="44"/>
<END l="99" c="0"/>
</B>
<B id="107" t="ppcrmif" f="25" l="109" c="0">
<BEGIN l="109" c="49"/>
<END l="113" c="0"/>
</B>
<B id="108" t="ppcif" f="25" l="125" c="0">
<BEGIN l="125" c="27"/>
<END l="129" c="0"/>
</B>
<B id="109" t="ppcrmif" f="25" l="139" c="0">
<BEGIN l="139" c="40"/>
<END l="143" c="0"/>
</B>
<B id="110" t="ppcrmif" f="25" l="153" c="0">
<BEGIN l="153" c="45"/>
<END l="157" c="0"/>
</B>
<B id="111" t="ppcrmif" f="25" l="167" c="0">
<BEGIN l="167" c="43"/>
<END l="171" c="0"/>
</B>
<B id="112" t="ppcrmif" f="25" l="181" c="0">
<BEGIN l="181" c="48"/>
<END l="185" c="0"/>
</B>
<B id="113" t="ppcif" f="8" l="12" c="0">
<BEGIN l="12" c="19"/>
<END l="43" c="0"/>
</B>
<B id="114" t="ppcif" f="8" l="30" c="0">
<BEGIN l="30" c="25"/>
<END l="32" c="0"/>
</B>
<B id="115" t="ppcrmelse" f="8" l="32" c="0">
<BEGIN l="32" c="5"/>
<END l="34" c="0"/>
</B>
<B id="116" t="if" f="10" l="24" c="4">
<BEGIN l="25" c="4"/>
<END l="27" c="4"/>
</B>
<B id="117" t="routine" f="10" l="22" c="17">
<BEGIN l="23" c="0"/>
<END l="30" c="0"/>
<SUB d="116"/>
</B>
<B id="118" t="ppcif" f="26" l="23" c="0">
<BEGIN l="23" c="16"/>
<END l="268" c="0"/>
</B>
<B id="119" t="ppcif" f="27" l="20" c="0">
<BEGIN l="20" c="20"/>
<END l="75" c="0"/>
</B>
<B id="120" t="ppcif" f="11" l="20" c="0">
<BEGIN l="20" c="20"/>
<END l="351" c="0"/>
</B>
<B id="121" t="routine" f="11" l="190" c="16">
<BEGIN l="191" c="0"/>
<END l="193" c="0"/>
</B>
<B id="122" t="else" f="11" l="206" c="70">
<BEGIN l="206" c="70"/>
<END l="206" c="107"/>
</B>
<B id="123" t="if" f="11" l="206" c="25">
<BEGIN l="206" c="28"/>
<END l="206" c="65"/>
<ELSE d="122"/>
</B>
<B id="124" t="routine" f="11" l="204" c="16">
<BEGIN l="205" c="0"/>
<END l="207" c="0"/>
<SUB d="123"/>
</B>
<B id="125" t="routine" f="11" l="218" c="16">
<BEGIN l="219" c="0"/>
<END l="221" c="0"/>
</B>
<B id="126" t="routine" f="11" l="232" c="16">
<BEGIN l="233" c="0"/>
<END l="235" c="0"/>
</B>
<B id="127" t="routine" f="11" l="247" c="16">
<BEGIN l="248" c="0"/>
<END l="250" c="0"/>
</B>
<B id="128" t="routine" f="11" l="261" c="16">
<BEGIN l="262" c="0"/>
<END l="264" c="0"/>
</B>
<B id="129" t="routine" f="11" l="275" c="16">
<BEGIN l="276" c="0"/>
<END l="278" c="0"/>
</B>
<B id="130" t="routine" f="11" l="289" c="16">
<BEGIN l="290" c="0"/>
<END l="292" c="0"/>
</B>
<B id="131" t="routine" f="11" l="303" c="17">
<BEGIN l="304" c="0"/>
<END l="306" c="0"/>
</B>
<B id="132" t="routine" f="11" l="317" c="17">
<BEGIN l="318" c="0"/>
<END l="320" c="0"/>
</B>
<B id="133" t="routine" f="11" l="331" c="17">
<BEGIN l="332" c="0"/>
<END l="334" c="0"/>
</B>
<B id="134" t="routine" f="11" l="345" c="17">
<BEGIN l="346" c="0"/>
<END l="348" c="0"/>
</B>
<B id="135" t="ppcif" f="9" l="24" c="0">
<BEGIN l="24" c="18"/>
<END l="823" c="0"/>
</B>
<B id="136" t="routine" f="9" l="180" c="17">
<BEGIN l="183" c="0"/>
<END l="185" c="0"/>
</B>
<B id="137" t="routine" f="9" l="194" c="15">
<BEGIN l="195" c="0"/>
<END l="198" c="0"/>
</B>
<B id="138" t="routine" f="9" l="207" c="16">
<BEGIN l="208" c="0"/>
<END l="211" c="0"/>
</B>
<B id="139" t="else" f="9" l="223" c="40">
<BEGIN l="223" c="40"/>
<END l="223" c="63"/>
</B>
<B id="140" t="if" f="9" l="223" c="22">
<BEGIN l="223" c="24"/>
<END l="223" c="36"/>
<ELSE d="139"/>
</B>
<B id="141" t="routine" f="9" l="220" c="16">
<BEGIN l="221" c="0"/>
<END l="224" c="0"/>
<SUB d="140"/>
</B>
<B id="142" t="routine" f="9" l="233" c="17">
<BEGIN l="234" c="0"/>
<END l="236" c="0"/>
</B>
<B id="143" t="else" f="9" l="247" c="37">
<BEGIN l="247" c="37"/>
<END l="247" c="45"/>
</B>
<B id="144" t="if" f="9" l="247" c="22">
<BEGIN l="247" c="24"/>
<END l="247" c="32"/>
<ELSE d="143"/>
</B>
<B id="145" t="routine" f="9" l="245" c="15">
<BEGIN l="246" c="0"/>
<END l="248" c="0"/>
<SUB d="144"/>
</B>
<B id="146" t="else" f="9" l="259" c="37">
<BEGIN l="259" c="37"/>
<END l="259" c="45"/>
</B>
<B id="147" t="if" f="9" l="259" c="22">
<BEGIN l="259" c="24"/>
<END l="259" c="32"/>
<ELSE d="146"/>
</B>
<B id="148" t="routine" f="9" l="257" c="15">
<BEGIN l="258" c="0"/>
<END l="260" c="0"/>
<SUB d="147"/>
</B>
<B id="149" t="else" f="9" l="271" c="37">
<BEGIN l="271" c="37"/>
<END l="271" c="45"/>
</B>
<B id="150" t="if" f="9" l="271" c="22">
<BEGIN l="271" c="24"/>
<END l="271" c="32"/>
<ELSE d="149"/>
</B>
<B id="151" t="routine" f="9" l="269" c="15">
<BEGIN l="270" c="0"/>
<END l="272" c="0"/>
<SUB d="150"/>
</B>
<B id="152" t="else" f="9" l="283" c="40">
<BEGIN l="283" c="40"/>
<END l="283" c="48"/>
</B>
<B id="153" t="if" f="9" l="283" c="25">
<BEGIN l="283" c="27"/>
<END l="283" c="35"/>
<ELSE d="152"/>
</B>
<B id="154" t="routine" f="9" l="281" c="15">
<BEGIN l="282" c="0"/>
<END l="284" c="0"/>
<SUB d="153"/>
</B>
<B id="155" t="routine" f="9" l="293" c="15">
<BEGIN l="295" c="0"/>
<END l="297" c="0"/>
</B>
<B id="156" t="routine" f="9" l="306" c="15">
<BEGIN l="308" c="0"/>
<END l="310" c="0"/>
</B>
<B id="157" t="routine" f="9" l="319" c="16">
<BEGIN l="321" c="0"/>
<END l="323" c="0"/>
</B>
<B id="158" t="routine" f="9" l="332" c="16">
<BEGIN l="334" c="0"/>
<END l="336" c="0"/>
</B>
<B id="159" t="else" f="9" l="348" c="37">
<BEGIN l="348" c="37"/>
<END l="348" c="40"/>
</B>
<B id="160" t="if" f="9" l="348" c="28">
<BEGIN l="348" c="30"/>
<END l="348" c="33"/>
<ELSE d="159"/>
</B>
<B id="161" t="routine" f="9" l="345" c="16">
<BEGIN l="347" c="0"/>
<END l="349" c="0"/>
<SUB d="160"/>
</B>
<B id="162" t="else" f="9" l="361" c="37">
<BEGIN l="361" c="37"/>
<END l="361" c="40"/>
</B>
<B id="163" t="if" f="9" l="361" c="28">
<BEGIN l="361" c="30"/>
<END l="361" c="33"/>
<ELSE d="162"/>
</B>
<B id="164" t="routine" f="9" l="358" c="16">
<BEGIN l="360" c="0"/>
<END l="362" c="0"/>
<SUB d="163"/>
</B>
<B id="165" t="else" f="9" l="374" c="37">
<BEGIN l="374" c="37"/>
<END l="374" c="40"/>
</B>
<B id="166" t="if" f="9" l="374" c="28">
<BEGIN l="374" c="30"/>
<END l="374" c="33"/>
<ELSE d="165"/>
</B>
<B id="167" t="routine" f="9" l="371" c="17">
<BEGIN l="373" c="0"/>
<END l="375" c="0"/>
<SUB d="166"/>
</B>
<B id="168" t="routine" f="9" l="384" c="15">
<BEGIN l="386" c="0"/>
<END l="388" c="0"/>
</B>
<B id="169" t="routine" f="9" l="397" c="15">
<BEGIN l="399" c="0"/>
<END l="401" c="0"/>
</B>
<B id="170" t="routine" f="9" l="410" c="16">
<BEGIN l="412" c="0"/>
<END l="414" c="0"/>
</B>
<B id="171" t="routine" f="9" l="423" c="16">
<BEGIN l="425" c="0"/>
<END l="427" c="0"/>
</B>
<B id="172" t="else" f="9" l="439" c="37">
<BEGIN l="439" c="37"/>
<END l="439" c="40"/>
</B>
<B id="173" t="if" f="9" l="439" c="28">
<BEGIN l="439" c="30"/>
<END l="439" c="33"/>
<ELSE d="172"/>
</B>
<B id="174" t="routine" f="9" l="436" c="16">
<BEGIN l="438" c="0"/>
<END l="440" c="0"/>
<SUB d="173"/>
</B>
<B id="175" t="else" f="9" l="452" c="37">
<BEGIN l="452" c="37"/>
<END l="452" c="40"/>
</B>
<B id="176" t="if" f="9" l="452" c="28">
<BEGIN l="452" c="30"/>
<END l="452" c="33"/>
<ELSE d="175"/>
</B>
<B id="177" t="routine" f="9" l="449" c="16">
<BEGIN l="451" c="0"/>
<END l="453" c="0"/>
<SUB d="176"/>
</B>
<B id="178" t="else" f="9" l="465" c="37">
<BEGIN l="465" c="37"/>
<END l="465" c="40"/>
</B>
<B id="179" t="if" f="9" l="465" c="28">
<BEGIN l="465" c="30"/>
<END l="465" c="33"/>
<ELSE d="178"/>
</B>
<B id="180" t="routine" f="9" l="462" c="17">
<BEGIN l="464" c="0"/>
<END l="466" c="0"/>
<SUB d="179"/>
</B>
<B id="181" t="routine" f="9" l="476" c="15">
<BEGIN l="479" c="0"/>
<END l="481" c="0"/>
</B>
<B id="182" t="routine" f="9" l="490" c="15">
<BEGIN l="493" c="0"/>
<END l="495" c="0"/>
</B>
<B id="183" t="routine" f="9" l="504" c="16">
<BEGIN l="507" c="0"/>
<END l="509" c="0"/>
</B>
<B id="184" t="routine" f="9" l="518" c="16">
<BEGIN l="521" c="0"/>
<END l="523" c="0"/>
</B>
<B id="185" t="else" f="9" l="536" c="38">
<BEGIN l="536" c="38"/>
<END l="536" c="67"/>
</B>
<B id="186" t="if" f="9" l="536" c="28">
<BEGIN l="536" c="30"/>
<END l="536" c="34"/>
<ELSE d="185"/>
</B>
<B id="187" t="routine" f="9" l="532" c="16">
<BEGIN l="535" c="0"/>
<END l="537" c="0"/>
<SUB d="186"/>
</B>
<B id="188" t="else" f="9" l="550" c="38">
<BEGIN l="550" c="38"/>
<END l="550" c="67"/>
</B>
<B id="189" t="if" f="9" l="550" c="28">
<BEGIN l="550" c="30"/>
<END l="550" c="34"/>
<ELSE d="188"/>
</B>
<B id="190" t="routine" f="9" l="546" c="16">
<BEGIN l="549" c="0"/>
<END l="551" c="0"/>
<SUB d="189"/>
</B>
<B id="191" t="else" f="9" l="564" c="38">
<BEGIN l="564" c="38"/>
<END l="564" c="67"/>
</B>
<B id="192" t="if" f="9" l="564" c="28">
<BEGIN l="564" c="30"/>
<END l="564" c="34"/>
<ELSE d="191"/>
</B>
<B id="193" t="routine" f="9" l="560" c="17">
<BEGIN l="563" c="0"/>
<END l="565" c="0"/>
<SUB d="192"/>
</B>
<B id="194" t="routine" f="9" l="575" c="17">
<BEGIN l="577" c="0"/>
<END l="579" c="0"/>
</B>
<B id="195" t="routine" f="9" l="588" c="17">
<BEGIN l="589" c="0"/>
<END l="591" c="0"/>
</B>
<B id="196" t="routine" f="9" l="600" c="17">
<BEGIN l="601" c="0"/>
<END l="603" c="0"/>
</B>
<B id="197" t="routine" f="9" l="612" c="17">
<BEGIN l="613" c="0"/>
<END l="615" c="0"/>
</B>
<B id="198" t="routine" f="9" l="624" c="17">
<BEGIN l="625" c="0"/>
<END l="627" c="0"/>
</B>
<B id="199" t="routine" f="9" l="636" c="17">
<BEGIN l="638" c="0"/>
<END l="640" c="0"/>
</B>
<B id="200" t="case" f="9" l="755" c="16">
<BEGIN l="756" c="24"/>
<END l="758" c="29"/>
</B>
<B id="201" t="case" f="9" l="749" c="16">
<BEGIN l="750" c="24"/>
<END l="752" c="29"/>
</B>
<B id="202" t="case" f="9" l="744" c="16">
<BEGIN l="745" c="24"/>
<END l="747" c="29"/>
</B>
<B id="203" t="case" f="9" l="739" c="16">
<BEGIN l="740" c="24"/>
<END l="742" c="29"/>
</B>
<B id="204" t="case" f="9" l="734" c="16">
<BEGIN l="735" c="24"/>
<END l="737" c="29"/>
</B>
<B id="205" t="case" f="9" l="729" c="16">
<BEGIN l="730" c="24"/>
<END l="732" c="29"/>
</B>
<B id="206" t="case" f="9" l="724" c="16">
<BEGIN l="725" c="24"/>
<END l="727" c="29"/>
</B>
<B id="207" t="case" f="9" l="719" c="16">
<BEGIN l="720" c="24"/>
<END l="722" c="29"/>
</B>
<B id="208" t="case" f="9" l="714" c="16">
<BEGIN l="715" c="24"/>
<END l="717" c="29"/>
</B>
<B id="209" t="case" f="9" l="709" c="16">
<BEGIN l="710" c="24"/>
<END l="712" c="29"/>
</B>
<B id="210" t="case" f="9" l="704" c="16">
<BEGIN l="705" c="24"/>
<END l="707" c="29"/>
</B>
<B id="211" t="case" f="9" l="699" c="16">
<BEGIN l="700" c="24"/>
<END l="702" c="29"/>
</B>
<B id="212" t="case" f="9" l="694" c="16">
<BEGIN l="695" c="24"/>
<END l="697" c="29"/>
</B>
<B id="213" t="case" f="9" l="689" c="16">
<BEGIN l="690" c="24"/>
<END l="692" c="29"/>
</B>
<B id="214" t="case" f="9" l="684" c="16">
<BEGIN l="685" c="24"/>
<END l="687" c="29"/>
</B>
<B id="215" t="case" f="9" l="679" c="16">
<BEGIN l="680" c="24"/>
<END l="682" c="29"/>
</B>
<B id="216" t="switch" f="9" l="677" c="8">
<BEGIN l="678" c="8"/>
<END l="760" c="8"/>
<CASE d="200"/>
<CASE d="201"/>
<CASE d="202"/>
<CASE d="203"/>
<CASE d="204"/>
<CASE d="205"/>
<CASE d="206"/>
<CASE d="207"/>
<CASE d="208"/>
<CASE d="209"/>
<CASE d="210"/>
<CASE d="211"/>
<CASE d="212"/>
<CASE d="213"/>
<CASE d="214"/>
<CASE d="215"/>
</B>
<B id="217" t="else" f="9" l="666" c="65">
<BEGIN l="666" c="65"/>
<END l="666" c="90"/>
</B>
<B id="218" t="if" f="9" l="666" c="27">
<BEGIN l="666" c="31"/>
<END l="666" c="56"/>
<ELSE d="217"/>
</B>
<B id="219" t="routine" f="9" l="653" c="14">
<BEGIN l="656" c="0"/>
<END l="762" c="0"/>
<SUB d="216"/>
<SUB d="218"/>
</B>
<B id="220" t="if" f="9" l="805" c="8">
<BEGIN l="806" c="8"/>
<END l="808" c="8"/>
</B>
<B id="221" t="else" f="9" l="800" c="8">
<BEGIN l="801" c="8"/>
<END l="803" c="8"/>
</B>
<B id="222" t="if" f="9" l="795" c="8">
<BEGIN l="796" c="8"/>
<END l="799" c="8"/>
<ELSE d="221"/>
</B>
<B id="223" t="if" f="9" l="788" c="8">
<BEGIN l="789" c="8"/>
<END l="791" c="8"/>
</B>
<B id="224" t="routine" f="9" l="777" c="18">
<BEGIN l="778" c="0"/>
<END l="821" c="0"/>
<SUB d="220"/>
<SUB d="222"/>
<SUB d="223"/>
</B>
<B id="225" t="ppcif" f="6" l="13" c="0">
<BEGIN l="13" c="16"/>
<END l="823" c="0"/>
</B>
<B id="226" t="ppcrmif" f="6" l="14" c="0">
<BEGIN l="14" c="14"/>
<END l="16" c="0"/>
</B>
<B id="227" t="ppcif" f="6" l="18" c="0">
<BEGIN l="18" c="23"/>
<END l="819" c="0"/>
</B>
<B id="228" t="ppcrmif" f="6" l="20" c="0">
<BEGIN l="20" c="18"/>
<END l="22" c="0"/>
</B>
<B id="229" t="ppcrmif" f="6" l="26" c="0">
<BEGIN l="26" c="67"/>
<END l="28" c="0"/>
</B>
<B id="230" t="ppcrmelif" f="6" l="28" c="0">
<BEGIN l="28" c="5"/>
<END l="30" c="0"/>
</B>
<B id="231" t="ppcrmelif" f="6" l="30" c="0">
<BEGIN l="30" c="5"/>
<END l="33" c="0"/>
</B>
<B id="232" t="ppcrmelif" f="6" l="33" c="0">
<BEGIN l="33" c="5"/>
<END l="38" c="0"/>
</B>
<B id="233" t="ppcrmelse" f="6" l="38" c="0">
<BEGIN l="38" c="5"/>
<END l="40" c="0"/>
</B>
<B id="234" t="ppcrmif" f="6" l="42" c="0">
<BEGIN l="42" c="23"/>
<END l="44" c="0"/>
</B>
<B id="235" t="ppcrmelif" f="6" l="44" c="0">
<BEGIN l="44" c="5"/>
<END l="47" c="0"/>
</B>
<B id="236" t="ppcrmelif" f="6" l="47" c="0">
<BEGIN l="47" c="5"/>
<END l="50" c="0"/>
</B>
<B id="237" t="ppcrmelse" f="6" l="50" c="0">
<BEGIN l="50" c="5"/>
<END l="53" c="0"/>
</B>
<B id="238" t="ppcif" f="6" l="65" c="0">
<BEGIN l="65" c="20"/>
<END l="68" c="0"/>
</B>
<B id="239" t="ppcrmelse" f="6" l="68" c="0">
<BEGIN l="68" c="5"/>
<END l="76" c="0"/>
</B>
<B id="240" t="ppcrmif" f="6" l="78" c="0">
<BEGIN l="78" c="106"/>
<END l="82" c="0"/>
</B>
<B id="241" t="ppcelse" f="6" l="82" c="0">
<BEGIN l="82" c="5"/>
<END l="86" c="0"/>
</B>
<B id="242" t="ppcif" f="6" l="115" c="0">
<BEGIN l="116" c="51"/>
<END l="119" c="0"/>
</B>
<B id="243" t="ppcif" f="6" l="121" c="0">
<BEGIN l="121" c="68"/>
<END l="123" c="0"/>
</B>
<B id="244" t="ppcrmelse" f="6" l="123" c="0">
<BEGIN l="123" c="5"/>
<END l="126" c="0"/>
</B>
<B id="245" t="ppcrmif" f="6" l="128" c="0">
<BEGIN l="128" c="53"/>
<END l="131" c="0"/>
</B>
<B id="246" t="ppcrmif" f="6" l="133" c="0">
<BEGIN l="133" c="51"/>
<END l="135" c="0"/>
</B>
<B id="247" t="ppcif" f="6" l="137" c="0">
<BEGIN l="137" c="24"/>
<END l="265" c="0"/>
</B>
<B id="248" t="ppcif" f="6" l="138" c="0">
<BEGIN l="138" c="56"/>
<END l="140" c="0"/>
</B>
<B id="249" t="ppcrmif" f="6" l="171" c="0">
<BEGIN l="171" c="24"/>
<END l="173" c="0"/>
</B>
<B id="250" t="ppcrmif" f="6" l="188" c="0">
<BEGIN l="188" c="24"/>
<END l="190" c="0"/>
</B>
<B id="251" t="ppcif" f="6" l="196" c="0">
<BEGIN l="196" c="56"/>
<END l="263" c="0"/>
</B>
<B id="252" t="ppcrmif" f="6" l="217" c="0">
<BEGIN l="217" c="24"/>
<END l="219" c="0"/>
</B>
<B id="253" t="ppcrmif" f="6" l="260" c="0">
<BEGIN l="260" c="24"/>
<END l="262" c="0"/>
</B>
<B id="254" t="ppcrmif" f="6" l="268" c="0">
<BEGIN l="268" c="24"/>
<END l="270" c="0"/>
</B>
<B id="255" t="ppcrmif" f="6" l="284" c="0">
<BEGIN l="284" c="24"/>
<END l="286" c="0"/>
</B>
<B id="256" t="ppcif" f="6" l="291" c="0">
<BEGIN l="291" c="20"/>
<END l="750" c="0"/>
</B>
<B id="257" t="ppcif" f="6" l="292" c="0">
<BEGIN l="292" c="24"/>
<END l="307" c="0"/>
</B>
<B id="258" t="ppcrmif" f="6" l="310" c="0">
<BEGIN l="310" c="43"/>
<END l="317" c="0"/>
</B>
<B id="259" t="ppcelif" f="6" l="317" c="0">
<BEGIN l="317" c="5"/>
<END l="324" c="0"/>
</B>
<B id="260" t="ppcrmelif" f="6" l="324" c="0">
<BEGIN l="324" c="5"/>
<END l="337" c="0"/>
</B>
<B id="261" t="ppcrmelse" f="6" l="337" c="0">
<BEGIN l="337" c="5"/>
<END l="345" c="0"/>
</B>
<B id="262" t="ppcrmif" f="6" l="348" c="0">
<BEGIN l="348" c="43"/>
<END l="355" c="0"/>
</B>
<B id="263" t="ppcelif" f="6" l="355" c="0">
<BEGIN l="355" c="5"/>
<END l="364" c="0"/>
</B>
<B id="264" t="ppcrmelse" f="6" l="364" c="0">
<BEGIN l="364" c="5"/>
<END l="372" c="0"/>
</B>
<B id="265" t="ppcrmif" f="6" l="375" c="0">
<BEGIN l="375" c="23"/>
<END l="377" c="0"/>
</B>
<B id="266" t="ppcrmelif" f="6" l="377" c="0">
<BEGIN l="377" c="6"/>
<END l="379" c="0"/>
</B>
<B id="267" t="ppcrmelif" f="6" l="379" c="0">
<BEGIN l="379" c="6"/>
<END l="381" c="0"/>
</B>
<B id="268" t="ppcif" f="6" l="383" c="0">
<BEGIN l="383" c="64"/>
<END l="402" c="0"/>
</B>
<B id="269" t="ppcif" f="6" l="386" c="0">
<BEGIN l="386" c="24"/>
<END l="397" c="0"/>
</B>
<B id="270" t="ppcrmelse" f="6" l="402" c="0">
<BEGIN l="402" c="5"/>
<END l="682" c="0"/>
</B>
<B id="271" t="ppcif" f="6" l="685" c="0">
<BEGIN l="685" c="24"/>
<END l="698" c="0"/>
</B>
<B id="272" t="ppcif" f="6" l="695" c="0">
<BEGIN l="695" c="56"/>
<END l="697" c="0"/>
</B>
<B id="273" t="ppcrmif" f="6" l="708" c="0">
<BEGIN l="708" c="143"/>
<END l="716" c="0"/>
</B>
<B id="274" t="ppcif" f="6" l="740" c="0">
<BEGIN l="740" c="63"/>
<END l="743" c="0"/>
</B>
<B id="275" t="ppcrmif" f="6" l="752" c="0">
<BEGIN l="752" c="95"/>
<END l="772" c="0"/>
</B>
<B id="276" t="ppcrmif" f="6" l="774" c="0">
<BEGIN l="774" c="42"/>
<END l="776" c="0"/>
</B>
<B id="277" t="ppcrmif" f="6" l="778" c="0">
<BEGIN l="778" c="51"/>
<END l="780" c="0"/>
</B>
<B id="278" t="ppcrmif" f="6" l="782" c="0">
<BEGIN l="782" c="18"/>
<END l="816" c="0"/>
</B>
<B id="279" t="ppcrmif" f="6" l="820" c="0">
<BEGIN l="820" c="14"/>
<END l="822" c="0"/>
</B>
</Blocks>
</Navig>
