<?xml version="1.0" encoding="UTF-8"?>

<project name="Polyspace" files="2" includes="23" ap_cg_cycle="0" ap_cg_direct_cycle="0" pshv="0" unpshv="0">
<file name="C:\Users\nz3541\Documents\SynergyWorkingEA4\CM320A_Adc1CfgAndUse_Impl\tools\local\generate\Rte_Stubs.c" total_lines="25" lines_without_cmt="9" comf="25" fco="4">
<function name="Rte_Stub" path="1" goto="0" vg="1" calling="0" calls="4" param="0" stmt="4" level="1" return="0" vocf="2.1" flin="4" fxln="4" ncalls="4">
</function>
</file>
<file name="C:\Users\nz3541\Documents\SynergyWorkingEA4\CM320A_Adc1CfgAndUse_Impl\src\CDD_Adc1CfgAndUse.c" total_lines="395" lines_without_cmt="128" comf="22" fco="-3">
<function name="Adc1CfgAndUsePer2" path="3" goto="0" vg="3" calling="1" calls="0" param="0" stmt="8" level="2" return="0" vocf="4.3" flin="44" fxln="16" ncalls="0">
</function>
<function name="Adc1CfgAndUsePer1" path="1" goto="0" vg="1" calling="1" calls="0" param="0" stmt="3" level="1" return="0" vocf="2.1" flin="13" fxln="3" ncalls="0">
</function>
<function name="Adc1CfgAndUseInit1" path="1" goto="0" vg="1" calling="1" calls="0" param="0" stmt="75" level="1" return="0" vocf="6.2" flin="88" fxln="75" ncalls="0">
</function>
<function name="Adc1CfgAndUseAdc1EnaCnvn_Oper" path="1" goto="0" vg="1" calling="1" calls="0" param="0" stmt="3" level="1" return="0" vocf="1.9" flin="13" fxln="3" ncalls="0">
</function>
</file>
</project>
