<?xml version="1.0" encoding="UTF-8"?>
<MISRA-C-Report-Summary>
<File Mode="advisory" Error="0" Warning="15" Total="15">
<Name>
C:\Workspace\_EA4\_Components\CM800A_SyncCrc_Impl-kzdyfh\CM800A_SyncCrc_Impl\src\CDD_SyncCrc.c</Name>
</File>
<File Mode="required" Error="0" Warning="2" Total="2">
<Name>
C:\Workspace\_EA4\_Components\CM800A_SyncCrc_Impl-kzdyfh\CM800A_SyncCrc_Impl\src\CDD_SyncCrc.c</Name>
</File>
<File Mode="advisory" Error="0" Warning="1" Total="1">
<Name>
C:\Workspace\_EA4\_Components\CM800A_SyncCrc_Impl-kzdyfh\CM800A_SyncCrc_Impl\src\CDD_SyncCrcNonRte.c</Name>
</File>
<File Mode="advisory" Error="0" Warning="3" Total="3">
<Name>
C:\Workspace\_EA4\_Components\CM800A_SyncCrc_Impl-kzdyfh\CM800A_SyncCrc_Impl\tools\local\generate\CDD_SyncCrc_Cfg_private.h</Name>
</File>
<File Mode="required" Error="0" Warning="50" Total="50">
<Name>
C:\Workspace\_EA4\_Components\CM800A_SyncCrc_Impl-kzdyfh\CM800A_SyncCrc_Impl\tools\local\generate\CDD_SyncCrc_Cfg_private.h</Name>
</File>
<Rule Name="19.4" Count="11" Mode="required" Severity="warning">
<Message>
</Message>
</Rule>
<Rule Name="8.10" Count="10" Mode="required" Severity="warning">
<Message>
</Message>
</Rule>
<Rule Name="1.1" Count="8" Mode="required" Severity="warning">
<Message>
All code shall conform to ISO 9899:1990 Programming languages  C,</Message>
</Rule>
<Rule Name="11.4" Count="8" Mode="advisory" Severity="warning">
<Message>
A cast should not be performed between a pointer to object type and a different</Message>
</Rule>
<Rule Name="3.4" Count="8" Mode="required" Severity="warning">
<Message>
All uses of the #pragma directive shall be documented and explained.</Message>
</Rule>
<Rule Name="8.9" Count="8" Mode="required" Severity="warning">
<Message>
</Message>
</Rule>
<Rule Name="19.1" Count="4" Mode="advisory" Severity="warning">
<Message>
#include statements in a file shall only be preceded by other preprocessor directives or comments.</Message>
</Rule>
<Rule Name="6.4" Count="4" Mode="required" Severity="warning">
<Message>
Bit fields shall only be defined to be of type unsigned int or signed int.</Message>
</Rule>
<Rule Name="11.3" Count="2" Mode="advisory" Severity="warning">
<Message>
A cast should not be performed between a pointer type and an integral type.</Message>
</Rule>
<Rule Name="16.7" Count="2" Mode="advisory" Severity="warning">
<Message>
A pointer parameter in a function prototype should be declared as pointer to const</Message>
</Rule>
<Rule Name="19.10" Count="2" Mode="required" Severity="warning">
<Message>
Parameter instance shall be enclosed in parentheses.</Message>
</Rule>
<Rule Name="19.7" Count="2" Mode="advisory" Severity="warning">
<Message>
A function should be used in preference to a function like-macro.</Message>
</Rule>
<Rule Name="18.4" Count="1" Mode="required" Severity="warning">
<Message>
Unions shall not be used.</Message>
</Rule>
<Rule Name="19.13" Count="1" Mode="advisory" Severity="warning">
<Message>
The # and ## preprocessor operators should not be used.</Message>
</Rule>
</MISRA-C-Report-Summary>
