<?xml version="1.0" encoding="UTF-8"?>
<!--EDRS Version 1.0-->
<global>
   <file name="C:\\Users\\nz3541\\Documents\\SynergyWorkingEA4\\AR100A_NxtrMath_Impl\\include\\NxtrMath.h" comment="">
      <function name="Abslt_u32_s32" comment="" line="217" main_generator_called="MAIN_GENERATOR" attributes="static">
         <scalar name="arg1" comment="" line="217" base_type="int32" attributes="static" complete_type="int32" init_mode="MAIN_GENERATOR" init_modes_allowed="10" init_range="min..max" global_assert="unsupported" assert_range="unsupported"/>
         <scalar name="return" comment="" line="217" base_type="uint32" attributes="static" complete_type="uint32" init_mode="disabled" init_range="disabled" global_assert="unsupported" assert_range="unsupported"/>
      </function>
      <function name="Sign_s08_s32" comment="" line="266" main_generator_called="MAIN_GENERATOR" attributes="static">
         <scalar name="arg1" comment="" line="266" base_type="int32" attributes="static" complete_type="int32" init_mode="MAIN_GENERATOR" init_modes_allowed="10" init_range="min..max" global_assert="unsupported" assert_range="unsupported"/>
         <scalar name="return" comment="" line="266" base_type="int8" attributes="static" complete_type="int8" init_mode="disabled" init_range="disabled" global_assert="unsupported" assert_range="unsupported"/>
      </function>
   </file>
   <file name="C:\\Users\\nz3541\\Documents\\SynergyWorkingEA4\\AR103A_NxtrFixdPt_Impl\\include\\NxtrFixdPt.h" comment="">
      <function name="FixdToFloat_f32_s32" comment="" line="317" main_generator_called="MAIN_GENERATOR" attributes="static">
         <scalar name="arg1" comment="" line="317" base_type="int32" attributes="static" complete_type="int32" init_mode="MAIN_GENERATOR" init_modes_allowed="10" init_range="min..max" global_assert="unsupported" assert_range="unsupported"/>
         <scalar name="arg2" comment="" line="317" base_type="float32" attributes="static" complete_type="float32" init_mode="MAIN_GENERATOR" init_modes_allowed="10" init_range="min..max" global_assert="unsupported" assert_range="unsupported"/>
         <scalar name="return" comment="" line="317" base_type="float32" attributes="static" complete_type="float32" init_mode="disabled" init_range="disabled" global_assert="unsupported" assert_range="unsupported"/>
      </function>
   </file>
   <file name="C:\\Users\\nz3541\\Documents\\SynergyWorkingEA4\\ES247A_MotAgCmp_Impl\\src\\CDD_MotAgCmp.c" comment="">
      <function name="MotAgCmpBackEmfRead_Oper" comment="" line="184" main_generator_called="MAIN_GENERATOR">
         <pointer name="arg1" comment="" line="184" complete_type="uint16 *" init_mode="MAIN_GENERATOR" init_modes_allowed="10" initialize_pointer="May-be NULL" number_allocated="max" init_pointed="MAIN_GENERATOR">
            <scalar comment="" line="184" base_type="uint16" complete_type="uint16" init_mode="MAIN_GENERATOR" init_modes_allowed="10" init_range="min..max" global_assert="unsupported" assert_range="unsupported"/>
         </pointer>
      </function>
      <function name="MotAgCmpBackEmfWr_Oper" comment="" line="234" main_generator_called="MAIN_GENERATOR">
         <scalar name="arg1" comment="" line="234" base_type="uint16" complete_type="uint16" init_mode="MAIN_GENERATOR" init_modes_allowed="10" init_range="min..max" global_assert="unsupported" assert_range="unsupported"/>
      </function>
      <function name="MotAgCmpInit1" comment="" line="269" main_generator_called="MAIN_GENERATOR"/>
      <function name="MotAgCmpPer2" comment="" line="320" main_generator_called="MAIN_GENERATOR"/>
   </file>
   <file name="C:\\Users\\nz3541\\Documents\\SynergyWorkingEA4\\ES247A_MotAgCmp_Impl\\src\\CDD_MotAgCmp_MotCtrl.c" comment="">
      <function name="MotAgCmpPer1" comment="" line="49" main_generator_called="MAIN_GENERATOR"/>
   </file>
   <file name="C:\\Users\\nz3541\\Documents\\SynergyWorkingEA4\\ES247A_MotAgCmp_Impl\\tools\\local\\generate\\Rte_Stubs.c" comment="">
      <function name="Rte_Call_CDD_MotAgCmp_MotAgCmpMotAgBackEmf_SetRamBlockStatus" comment="" line="18" main_generator_called="MAIN_GENERATOR">
         <scalar name="arg1" comment="" line="18" base_type="uint8" complete_type="uint8" init_mode="MAIN_GENERATOR" init_modes_allowed="10" init_range="min..max" global_assert="unsupported" assert_range="unsupported"/>
         <scalar name="return" comment="" line="18" base_type="uint8" complete_type="uint8" init_mode="disabled" init_range="disabled" global_assert="unsupported" assert_range="unsupported"/>
      </function>
      <function name="Rte_Stub" comment="" line="27" main_generator_called="MAIN_GENERATOR" attributes="unused"/>
   </file>
   <file name="C:\\Users\\nz3541\\Documents\\SynergyWorkingEA4\\ES247A_MotAgCmp_Impl\\tools\\local\\generate\\Rte_Stubs.h" comment="">
      <scalar name="MotAgCmp_Cal_SysGlbPrmMotPoleCnt" comment="" line="29" base_type="uint8" attributes="extern const" complete_type="uint8" init_mode="PERMANENT" init_modes_allowed="6" init_range="2..12" global_assert="NO" assert_range=""/>
      <scalar name="MotAgCmp_Cal_SysGlbPrmSysKineRat" comment="" line="30" base_type="float32" attributes="extern const" complete_type="float32" init_mode="PERMANENT" init_modes_allowed="6" init_range="10..40" global_assert="NO" assert_range=""/>
      <scalar name="MotAgCmp_Cli_MotAgCmpBackEmfRead_MotAgBackEmfRead" comment="" line="42" base_type="uint16" attributes="extern" complete_type="uint16" init_mode="PERMANENT" init_modes_allowed="6" init_range="0..65534" global_assert="NO" assert_range=""/>
      <scalar name="MotAgCmp_Cli_MotAgCmpBackEmfWr_MotAgCmpBackEmfWrData" comment="" line="43" base_type="uint16" attributes="extern" complete_type="uint16" init_mode="PERMANENT" init_modes_allowed="6" init_range="0..65534" global_assert="NO" assert_range=""/>
      <scalar name="MotAgCmp_Ip_AssiMechPolarity" comment="" line="19" base_type="int8" attributes="extern" complete_type="int8" init_mode="PERMANENT" init_modes_allowed="6" init_range="-1..1" global_assert="NO" assert_range=""/>
      <scalar name="MotAgCmp_Ip_MotAgCumvAlgndMrfRev" comment="" line="20" base_type="int32" attributes="extern" complete_type="int32" init_mode="PERMANENT" init_modes_allowed="6" init_range="-2147483648..2147483646" global_assert="NO" assert_range=""/>
      <scalar name="MotAgCmp_Ip_MotAgCumvInid" comment="" line="21" base_type="uint8" attributes="extern" complete_type="uint8" init_mode="PERMANENT" init_modes_allowed="6" init_range="0..1" global_assert="NO" assert_range=""/>
      <scalar name="MotAgCmp_Op_MotAgCumvAlgndCrf" comment="" line="24" base_type="int32" attributes="extern" complete_type="int32" init_mode="PERMANENT" init_modes_allowed="6" init_range="-2147483648..2147483646" global_assert="NO" assert_range=""/>
      <scalar name="MotAgCmp_Op_MotAgCumvAlgndMrf" comment="" line="25" base_type="int32" attributes="extern" complete_type="int32" init_mode="PERMANENT" init_modes_allowed="6" init_range="-2147483648..2147483646" global_assert="NO" assert_range=""/>
      <scalar name="MotAgCmp_Op_MotAgCumvAlgndVld" comment="" line="26" base_type="uint8" attributes="extern" complete_type="uint8" init_mode="PERMANENT" init_modes_allowed="6" init_range="0..1" global_assert="NO" assert_range=""/>
      <scalar name="MotAgCmp_Pim_CmpEnaCntr" comment="" line="34" base_type="uint8" attributes="extern" complete_type="uint8" init_mode="PERMANENT" init_modes_allowed="6" init_range="0..12" global_assert="NO" assert_range=""/>
      <scalar name="MotAgCmp_Pim_DigMotHwPosn" comment="" line="35" base_type="float32" attributes="extern" complete_type="float32" init_mode="PERMANENT" init_modes_allowed="6" init_range="-6553.6..26214.39998" global_assert="NO" assert_range=""/>
      <scalar name="MotAgCmp_Pim_MotAgCmpMotAgBackEmf" comment="" line="33" base_type="uint16" attributes="extern" complete_type="uint16" init_mode="PERMANENT" init_modes_allowed="6" init_range="0..65534" global_assert="NO" assert_range=""/>
      <scalar name="MotAgCmp_Pim_MotAgCmpMotCtrlMotAgCumvAlgndMrfRevPrev" comment="" line="36" base_type="int32" attributes="extern" complete_type="int32" init_mode="PERMANENT" init_modes_allowed="6" init_range="-2147483648..2147483646" global_assert="NO" assert_range=""/>
      <scalar name="MotAgCmp_Pim_MotAgCmpMotCtrlMotAgMeclPrev" comment="" line="37" base_type="int32" attributes="extern" complete_type="int32" init_mode="PERMANENT" init_modes_allowed="6" init_range="-2147483648..2147483646" global_assert="NO" assert_range=""/>
      <scalar name="MotAgCmp_Srv_MotAgCmpMotAgBackEmf_SetRamBlockStatus_BlockChanged" comment="" line="40" base_type="uint8" attributes="extern" complete_type="uint8" init_mode="PERMANENT" init_modes_allowed="6" init_range="0..1" global_assert="NO" assert_range=""/>
      <scalar name="MotAgCmp_Srv_MotAgCmpMotAgBackEmf_SetRamBlockStatus_Return" comment="" line="41" base_type="uint8" attributes="extern" complete_type="uint8" init_mode="PERMANENT" init_modes_allowed="6" init_range="0..1" global_assert="NO" assert_range=""/>
   </file>
   <file name="C:\\Users\\nz3541\\Documents\\SynergyWorkingEA4\\ES247A_MotAgCmp_Impl\\tools\\local\\include\\CDD_MotCtrlMgr_Data.h" comment="">
      <scalar name="MOTCTRLMGR_MotCtrlMotAgCumvAlgndMrfRev" comment="" line="11" base_type="int32" attributes="extern" complete_type="int32" init_mode="PERMANENT" init_modes_allowed="6" init_range="-2147483648..2147483646" global_assert="NO" assert_range=""/>
      <scalar name="MOTCTRLMGR_MotCtrlMotAgCumvInid" comment="" line="12" base_type="uint8" attributes="extern" complete_type="uint8" init_mode="PERMANENT" init_modes_allowed="6" init_range="0..1" global_assert="NO" assert_range=""/>
      <scalar name="MOTCTRLMGR_MotCtrlMotAgElec" comment="" line="10" base_type="uint16" attributes="extern" complete_type="uint16" init_mode="PERMANENT" init_modes_allowed="6" init_range="0..65534" global_assert="NO" assert_range=""/>
      <scalar name="MOTCTRLMGR_MotCtrlMotAgMecl" comment="" line="7" base_type="uint16" attributes="extern" complete_type="uint16" init_mode="PERMANENT" init_modes_allowed="6" init_range="0..65534" global_assert="NO" assert_range=""/>
   </file>
   <function name="atan2f" comment="" main_generator_called="MAIN_GENERATOR" non_applicable="1">
      <scalar name="return" comment="" init_mode="PERMANENT" init_range="-3.1412..3.1412" global_assert="NO" assert_range="min..max" non_applicable="1"/>
   </function>
   <function name="cosf" comment="" main_generator_called="MAIN_GENERATOR" non_applicable="1">
      <scalar name="return" comment="" init_mode="PERMANENT" init_range="-1..1" global_assert="NO" assert_range="min..max" non_applicable="1"/>
   </function>
   <function name="expf" comment="" main_generator_called="MAIN_GENERATOR" non_applicable="1">
      <scalar name="return" comment="" init_mode="PERMANENT" init_range="0..max" global_assert="NO" assert_range="min..max" non_applicable="1"/>
   </function>
   <function name="fabsf" comment="" main_generator_called="MAIN_GENERATOR" non_applicable="1">
      <scalar name="return" comment="" init_mode="PERMANENT" init_range="0..max" global_assert="NO" assert_range="min..max" non_applicable="1"/>
   </function>
   <function name="fmodf" comment="" main_generator_called="MAIN_GENERATOR" non_applicable="1">
      <scalar name="return" comment="" init_mode="PERMANENT" init_range="0..max" global_assert="NO" assert_range="min..max" non_applicable="1"/>
   </function>
   <function name="sinf" comment="" main_generator_called="MAIN_GENERATOR" non_applicable="1">
      <scalar name="return" comment="" init_mode="PERMANENT" init_range="-1..1" global_assert="NO" assert_range="min..max" non_applicable="1"/>
   </function>
   <function name="sqrtf" comment="" main_generator_called="MAIN_GENERATOR" non_applicable="1">
      <scalar name="return" comment="" init_mode="PERMANENT" init_range="0..max" global_assert="NO" assert_range="min..max" non_applicable="1"/>
   </function>
</global>
