<?xml version="1.0" encoding="UTF-8"?>
<!--EDRS Version 1.0-->
<global>
   <scalar name="BmwTunSetHndlr_Cal_BmwTunSetHndlrNrOfTunSet" comment="" init_mode="PERMANENT" init_range="1..255" global_assert="NO" assert_range="min..max" non_applicable="1"/>
   <file name="C:\\Users\\nz2999\\Documents\\Synergy\\ccm_wa\\ses_dev_ea4\\CF081A_BmwTunSetHndlr_Impl-nz2999\\AR100A_NxtrMath_Impl\\include\\NxtrMath.h" comment="">
      <function name="Lim_u08" comment="" line="491" main_generator_called="MAIN_GENERATOR" attributes="static">
         <scalar name="arg1" comment="" line="491" base_type="uint8" attributes="static" complete_type="uint8" init_mode="MAIN_GENERATOR" init_modes_allowed="10" init_range="min..max" global_assert="unsupported" assert_range="unsupported"/>
         <scalar name="arg2" comment="" line="491" base_type="uint8" attributes="static" complete_type="uint8" init_mode="MAIN_GENERATOR" init_modes_allowed="10" init_range="min..max" global_assert="unsupported" assert_range="unsupported"/>
         <scalar name="arg3" comment="" line="491" base_type="uint8" attributes="static" complete_type="uint8" init_mode="MAIN_GENERATOR" init_modes_allowed="10" init_range="min..max" global_assert="unsupported" assert_range="unsupported"/>
         <scalar name="return" comment="" line="491" base_type="uint8" attributes="static" complete_type="uint8" init_mode="disabled" init_range="disabled" global_assert="unsupported" assert_range="unsupported"/>
      </function>
   </file>
   <file name="C:\\Users\\nz2999\\Documents\\Synergy\\ccm_wa\\ses_dev_ea4\\CF081A_BmwTunSetHndlr_Impl-nz2999\\CF081A_BmwTunSetHndlr_Impl\\src\\BmwTunSetHndlr.c" comment="">
      <function name="BmwTunSetHndlrInit1" comment="" line="763" main_generator_called="MAIN_GENERATOR"/>
      <function name="BmwTunSetHndlrPer1" comment="" line="901" main_generator_called="MAIN_GENERATOR"/>
      <function name="MotVrntRead_Oper" comment="" line="1067" main_generator_called="MAIN_GENERATOR">
         <pointer name="arg1" comment="" line="1067" complete_type="uint8 *" init_mode="MAIN_GENERATOR" init_modes_allowed="10" initialize_pointer="May-be NULL" number_allocated="max" init_pointed="MAIN_GENERATOR">
            <scalar comment="" line="1067" base_type="uint8" complete_type="uint8" init_mode="MAIN_GENERATOR" init_modes_allowed="10" init_range="min..max" global_assert="unsupported" assert_range="unsupported"/>
         </pointer>
         <scalar name="return" comment="" line="1067" base_type="uint8" complete_type="uint8" init_mode="disabled" init_range="disabled" global_assert="unsupported" assert_range="unsupported"/>
      </function>
      <function name="MotVrntWr_Oper" comment="" line="1133" main_generator_called="MAIN_GENERATOR">
         <scalar name="arg1" comment="" line="1133" base_type="uint8" complete_type="uint8" init_mode="MAIN_GENERATOR" init_modes_allowed="10" init_range="min..max" global_assert="unsupported" assert_range="unsupported"/>
         <scalar name="return" comment="" line="1133" base_type="uint8" complete_type="uint8" init_mode="disabled" init_range="disabled" global_assert="unsupported" assert_range="unsupported"/>
      </function>
      <function name="TunVrntRead_Oper" comment="" line="1199" main_generator_called="MAIN_GENERATOR">
         <pointer name="arg1" comment="" line="1199" complete_type="uint8 *" init_mode="MAIN_GENERATOR" init_modes_allowed="10" initialize_pointer="May-be NULL" number_allocated="max" init_pointed="MAIN_GENERATOR">
            <scalar comment="" line="1199" base_type="uint8" complete_type="uint8" init_mode="MAIN_GENERATOR" init_modes_allowed="10" init_range="min..max" global_assert="unsupported" assert_range="unsupported"/>
         </pointer>
         <scalar name="return" comment="" line="1199" base_type="uint8" complete_type="uint8" init_mode="disabled" init_range="disabled" global_assert="unsupported" assert_range="unsupported"/>
      </function>
      <function name="TunVrntWr_Oper" comment="" line="1265" main_generator_called="MAIN_GENERATOR">
         <scalar name="arg1" comment="" line="1265" base_type="uint8" complete_type="uint8" init_mode="MAIN_GENERATOR" init_modes_allowed="10" init_range="min..max" global_assert="unsupported" assert_range="unsupported"/>
         <scalar name="return" comment="" line="1265" base_type="uint8" complete_type="uint8" init_mode="disabled" init_range="disabled" global_assert="unsupported" assert_range="unsupported"/>
      </function>
   </file>
   <file name="C:\\Users\\nz2999\\Documents\\Synergy\\ccm_wa\\ses_dev_ea4\\CF081A_BmwTunSetHndlr_Impl-nz2999\\CF081A_BmwTunSetHndlr_Impl\\tools\\local\\generate\\Rte_Stubs.c" comment="">
      <function name="Rte_Call_BmwTunSetHndlr_BmwDesIninIdx_GetErrorStatus" comment="" line="18" main_generator_called="MAIN_GENERATOR">
         <pointer name="arg1" comment="" line="18" complete_type="uint8 *" init_mode="MAIN_GENERATOR" init_modes_allowed="10" initialize_pointer="May-be NULL" number_allocated="max" init_pointed="MAIN_GENERATOR">
            <scalar comment="" line="18" base_type="uint8" complete_type="uint8" init_mode="MAIN_GENERATOR" init_modes_allowed="10" init_range="min..max" global_assert="unsupported" assert_range="unsupported"/>
         </pointer>
         <scalar name="return" comment="" line="18" base_type="uint8" complete_type="uint8" init_mode="disabled" init_range="disabled" global_assert="unsupported" assert_range="unsupported"/>
      </function>
      <function name="Rte_Call_BmwTunSetHndlr_BmwDesIninIdx_SetRamBlockStatus" comment="" line="24" main_generator_called="MAIN_GENERATOR">
         <scalar name="arg1" comment="" line="24" base_type="uint8" complete_type="uint8" init_mode="MAIN_GENERATOR" init_modes_allowed="10" init_range="min..max" global_assert="unsupported" assert_range="unsupported"/>
         <scalar name="return" comment="" line="24" base_type="uint8" complete_type="uint8" init_mode="disabled" init_range="disabled" global_assert="unsupported" assert_range="unsupported"/>
      </function>
      <function name="Rte_Call_BmwTunSetHndlr_BmwDesIninOptSetAIdx_GetErrorStatus" comment="" line="30" main_generator_called="MAIN_GENERATOR">
         <pointer name="arg1" comment="" line="30" complete_type="uint8 *" init_mode="MAIN_GENERATOR" init_modes_allowed="10" initialize_pointer="May-be NULL" number_allocated="max" init_pointed="MAIN_GENERATOR">
            <scalar comment="" line="30" base_type="uint8" complete_type="uint8" init_mode="MAIN_GENERATOR" init_modes_allowed="10" init_range="min..max" global_assert="unsupported" assert_range="unsupported"/>
         </pointer>
         <scalar name="return" comment="" line="30" base_type="uint8" complete_type="uint8" init_mode="disabled" init_range="disabled" global_assert="unsupported" assert_range="unsupported"/>
      </function>
      <function name="Rte_Call_BmwTunSetHndlr_BmwDesIninOptSetAIdx_SetRamBlockStatus" comment="" line="36" main_generator_called="MAIN_GENERATOR">
         <scalar name="arg1" comment="" line="36" base_type="uint8" complete_type="uint8" init_mode="MAIN_GENERATOR" init_modes_allowed="10" init_range="min..max" global_assert="unsupported" assert_range="unsupported"/>
         <scalar name="return" comment="" line="36" base_type="uint8" complete_type="uint8" init_mode="disabled" init_range="disabled" global_assert="unsupported" assert_range="unsupported"/>
      </function>
      <function name="Rte_Call_BmwTunSetHndlr_GetRefTmr100MicroSec32bit_Oper" comment="" line="42" main_generator_called="MAIN_GENERATOR">
         <pointer name="arg1" comment="" line="42" complete_type="uint32 *" init_mode="MAIN_GENERATOR" init_modes_allowed="10" initialize_pointer="May-be NULL" number_allocated="max" init_pointed="MAIN_GENERATOR">
            <scalar comment="" line="42" base_type="uint32" complete_type="uint32" init_mode="MAIN_GENERATOR" init_modes_allowed="10" init_range="min..max" global_assert="unsupported" assert_range="unsupported"/>
         </pointer>
         <scalar name="return" comment="" line="42" base_type="uint8" complete_type="uint8" init_mode="disabled" init_range="disabled" global_assert="unsupported" assert_range="unsupported"/>
      </function>
      <function name="Rte_Call_BmwTunSetHndlr_GetTiSpan100MicroSec32bit_Oper" comment="" line="48" main_generator_called="MAIN_GENERATOR">
         <scalar name="arg1" comment="" line="48" base_type="uint32" complete_type="uint32" init_mode="MAIN_GENERATOR" init_modes_allowed="10" init_range="min..max" global_assert="unsupported" assert_range="unsupported"/>
         <pointer name="arg2" comment="" line="48" complete_type="uint32 *" init_mode="MAIN_GENERATOR" init_modes_allowed="10" initialize_pointer="May-be NULL" number_allocated="max" init_pointed="MAIN_GENERATOR">
            <scalar comment="" line="48" base_type="uint32" complete_type="uint32" init_mode="MAIN_GENERATOR" init_modes_allowed="10" init_range="min..max" global_assert="unsupported" assert_range="unsupported"/>
         </pointer>
         <scalar name="return" comment="" line="48" base_type="uint8" complete_type="uint8" init_mode="disabled" init_range="disabled" global_assert="unsupported" assert_range="unsupported"/>
      </function>
      <function name="Rte_Call_BmwTunSetHndlr_SetNtcSts_Oper" comment="" line="55" main_generator_called="MAIN_GENERATOR">
         <scalar name="arg1" comment="" line="55" base_type="uint16" complete_type="uint16" init_mode="MAIN_GENERATOR" init_modes_allowed="10" init_range="min..max" global_assert="unsupported" assert_range="unsupported"/>
         <scalar name="arg2" comment="" line="55" base_type="uint8" complete_type="uint8" init_mode="MAIN_GENERATOR" init_modes_allowed="10" init_range="min..max" global_assert="unsupported" assert_range="unsupported"/>
         <scalar name="arg3" comment="" line="55" base_type="uint8" complete_type="uint8" init_mode="MAIN_GENERATOR" init_modes_allowed="10" init_range="min..max" global_assert="unsupported" assert_range="unsupported"/>
         <scalar name="arg4" comment="" line="55" base_type="uint16" complete_type="uint16" init_mode="MAIN_GENERATOR" init_modes_allowed="10" init_range="min..max" global_assert="unsupported" assert_range="unsupported"/>
         <scalar name="return" comment="" line="55" base_type="uint8" complete_type="uint8" init_mode="disabled" init_range="disabled" global_assert="unsupported" assert_range="unsupported"/>
      </function>
      <function name="Rte_Stub" comment="" line="67" main_generator_called="MAIN_GENERATOR" attributes="unused"/>
   </file>
   <file name="C:\\Users\\nz2999\\Documents\\Synergy\\ccm_wa\\ses_dev_ea4\\CF081A_BmwTunSetHndlr_Impl-nz2999\\CF081A_BmwTunSetHndlr_Impl\\tools\\local\\generate\\Rte_Stubs.h" comment="">
      <scalar name="BmwTunSetHndlr_Cal_BmwTunSetHndlrBmwRtIdxDebThd" comment="" line="30" base_type="uint16" attributes="extern const" complete_type="uint16" init_mode="PERMANENT" init_modes_allowed="6" init_range="0..65535" global_assert="NO" assert_range=""/>
      <scalar name="BmwTunSetHndlr_Cal_BmwTunSetHndlrCptDisadOutp" comment="" line="31" base_type="uint8" attributes="extern const" complete_type="uint8" init_mode="PERMANENT" init_modes_allowed="6" init_range="0..3" global_assert="NO" assert_range=""/>
      <scalar name="BmwTunSetHndlr_Cal_BmwTunSetHndlrNrOfMotVrnt" comment="" line="32" base_type="uint8" attributes="extern const" complete_type="uint8" init_mode="PERMANENT" init_modes_allowed="6" init_range="1..255" global_assert="NO" assert_range=""/>
      <scalar name="BmwTunSetHndlr_Cal_BmwTunSetHndlrOvrdDesRtIdx" comment="" line="34" base_type="uint8" attributes="extern const" complete_type="uint8" init_mode="PERMANENT" init_modes_allowed="6" init_range="0..5" global_assert="NO" assert_range=""/>
      <scalar name="BmwTunSetHndlr_Cli_MotVrntRead_BmwDesIninOptSetAIdx" comment="" line="61" base_type="uint8" attributes="extern" complete_type="uint8" init_mode="PERMANENT" init_modes_allowed="6" init_range="0..255" global_assert="NO" assert_range=""/>
      <scalar name="BmwTunSetHndlr_Cli_MotVrntRead_Return" comment="" line="62" base_type="uint8" attributes="extern" complete_type="uint8" init_mode="PERMANENT" init_modes_allowed="6" init_range="0..1" global_assert="NO" assert_range=""/>
      <scalar name="BmwTunSetHndlr_Cli_MotVrntWr_BmwDesIninOptSetAIdx" comment="" line="63" base_type="uint8" attributes="extern" complete_type="uint8" init_mode="PERMANENT" init_modes_allowed="6" init_range="0..255" global_assert="NO" assert_range=""/>
      <scalar name="BmwTunSetHndlr_Cli_MotVrntWr_Return" comment="" line="64" base_type="uint8" attributes="extern" complete_type="uint8" init_mode="PERMANENT" init_modes_allowed="6" init_range="0..1" global_assert="NO" assert_range=""/>
      <scalar name="BmwTunSetHndlr_Cli_TunVrntRead_BmwDesIninIdx" comment="" line="65" base_type="uint8" attributes="extern" complete_type="uint8" init_mode="PERMANENT" init_modes_allowed="6" init_range="0..255" global_assert="NO" assert_range=""/>
      <scalar name="BmwTunSetHndlr_Cli_TunVrntRead_Return" comment="" line="66" base_type="uint8" attributes="extern" complete_type="uint8" init_mode="PERMANENT" init_modes_allowed="6" init_range="0..1" global_assert="NO" assert_range=""/>
      <scalar name="BmwTunSetHndlr_Cli_TunVrntWr_BmwDesIninIdx" comment="" line="67" base_type="uint8" attributes="extern" complete_type="uint8" init_mode="PERMANENT" init_modes_allowed="6" init_range="0..255" global_assert="NO" assert_range=""/>
      <scalar name="BmwTunSetHndlr_Cli_TunVrntWr_Return" comment="" line="68" base_type="uint8" attributes="extern" complete_type="uint8" init_mode="PERMANENT" init_modes_allowed="6" init_range="0..1" global_assert="NO" assert_range=""/>
      <scalar name="BmwTunSetHndlr_Ip_BmwRtIdx" comment="" line="20" base_type="uint8" attributes="extern" complete_type="uint8" init_mode="PERMANENT" init_modes_allowed="6" init_range="min..max" global_assert="NO" assert_range=""/>
      <scalar name="BmwTunSetHndlr_Ip_BmwRtIdxVld" comment="" line="21" base_type="uint8" attributes="extern" complete_type="uint8" init_mode="PERMANENT" init_modes_allowed="6" init_range="0..1" global_assert="NO" assert_range=""/>
      <scalar name="BmwTunSetHndlr_Ip_TunSetHndlrEna" comment="" line="22" base_type="uint8" attributes="extern" complete_type="uint8" init_mode="PERMANENT" init_modes_allowed="6" init_range="0..1" global_assert="NO" assert_range=""/>
      <scalar name="BmwTunSetHndlr_Op_DesIninIdx" comment="" line="25" base_type="uint8" attributes="extern" complete_type="uint8" init_mode="PERMANENT" init_modes_allowed="6" init_range="0..255" global_assert="NO" assert_range=""/>
      <scalar name="BmwTunSetHndlr_Op_DesIninOptSetAIdx" comment="" line="26" base_type="uint8" attributes="extern" complete_type="uint8" init_mode="PERMANENT" init_modes_allowed="6" init_range="0..255" global_assert="NO" assert_range=""/>
      <scalar name="BmwTunSetHndlr_Op_DesRtIdx" comment="" line="27" base_type="uint8" attributes="extern" complete_type="uint8" init_mode="PERMANENT" init_modes_allowed="6" init_range="0..255" global_assert="NO" assert_range=""/>
      <struct name="BmwTunSetHndlr_Pim_BmwDesIninIdx" comment="" line="37" attributes="extern">
         <scalar name="BmwDesIninIdx" comment="" line="37" base_type="uint8" attributes="extern" complete_type="uint8" init_mode="INIT" init_modes_allowed="6" init_range="min..max" global_assert="NO" assert_range=""/>
         <scalar name="BmwDesIninIdxWrSts" comment="" line="37" base_type="uint8" attributes="extern" complete_type="uint8" init_mode="INIT" init_modes_allowed="6" init_range="min..max" global_assert="NO" assert_range=""/>
      </struct>
      <struct name="BmwTunSetHndlr_Pim_BmwDesIninOptSetAIdx" comment="" line="38" attributes="extern">
         <scalar name="BmwDesIninOptSetAIdx" comment="" line="38" base_type="uint8" attributes="extern" complete_type="uint8" init_mode="INIT" init_modes_allowed="6" init_range="min..max" global_assert="NO" assert_range=""/>
         <scalar name="BmwDesIninOptSetAIdxWrSts" comment="" line="38" base_type="uint8" attributes="extern" complete_type="uint8" init_mode="INIT" init_modes_allowed="6" init_range="min..max" global_assert="NO" assert_range=""/>
      </struct>
      <scalar name="BmwTunSetHndlr_Pim_BmwRtIdxTi" comment="" line="39" base_type="uint32" attributes="extern" complete_type="uint32" init_mode="PERMANENT" init_modes_allowed="6" init_range="0..4294967295" global_assert="NO" assert_range=""/>
      <scalar name="BmwTunSetHndlr_Pim_DebBmwRtIdx" comment="" line="40" base_type="uint8" attributes="extern" complete_type="uint8" init_mode="PERMANENT" init_modes_allowed="6" init_range="min..max" global_assert="NO" assert_range=""/>
      <scalar name="BmwTunSetHndlr_Pim_LstVldIdx" comment="" line="41" base_type="uint8" attributes="extern" complete_type="uint8" init_mode="PERMANENT" init_modes_allowed="6" init_range="0..4" global_assert="NO" assert_range=""/>
      <scalar name="BmwTunSetHndlr_Pim_PrevBmwRtIdx" comment="" line="42" base_type="uint8" attributes="extern" complete_type="uint8" init_mode="PERMANENT" init_modes_allowed="6" init_range="min..max" global_assert="NO" assert_range=""/>
      <scalar name="BmwTunSetHndlr_Srv_BmwDesIninIdx_GetErrorStatus_ReqResPtr" comment="" line="45" base_type="uint8" attributes="extern" complete_type="uint8" init_mode="PERMANENT" init_modes_allowed="6" init_range="0..255" global_assert="NO" assert_range=""/>
      <scalar name="BmwTunSetHndlr_Srv_BmwDesIninIdx_GetErrorStatus_Return" comment="" line="46" base_type="uint8" attributes="extern" complete_type="uint8" init_mode="PERMANENT" init_modes_allowed="6" init_range="0..1" global_assert="NO" assert_range=""/>
      <scalar name="BmwTunSetHndlr_Srv_BmwDesIninIdx_SetRamBlockStatus_BlockChanged" comment="" line="47" base_type="uint8" attributes="extern" complete_type="uint8" init_mode="PERMANENT" init_modes_allowed="6" init_range="0..1" global_assert="NO" assert_range=""/>
      <scalar name="BmwTunSetHndlr_Srv_BmwDesIninIdx_SetRamBlockStatus_Return" comment="" line="48" base_type="uint8" attributes="extern" complete_type="uint8" init_mode="PERMANENT" init_modes_allowed="6" init_range="0..1" global_assert="NO" assert_range=""/>
      <scalar name="BmwTunSetHndlr_Srv_BmwDesIninOptSetAIdx_GetErrorStatus_ReqResPtr" comment="" line="49" base_type="uint8" attributes="extern" complete_type="uint8" init_mode="PERMANENT" init_modes_allowed="6" init_range="0..255" global_assert="NO" assert_range=""/>
      <scalar name="BmwTunSetHndlr_Srv_BmwDesIninOptSetAIdx_GetErrorStatus_Return" comment="" line="50" base_type="uint8" attributes="extern" complete_type="uint8" init_mode="PERMANENT" init_modes_allowed="6" init_range="0..1" global_assert="NO" assert_range=""/>
      <scalar name="BmwTunSetHndlr_Srv_BmwDesIninOptSetAIdx_SetRamBlockStatus_BlockChanged" comment="" line="51" base_type="uint8" attributes="extern" complete_type="uint8" init_mode="PERMANENT" init_modes_allowed="6" init_range="0..1" global_assert="NO" assert_range=""/>
      <scalar name="BmwTunSetHndlr_Srv_BmwDesIninOptSetAIdx_SetRamBlockStatus_Return" comment="" line="52" base_type="uint8" attributes="extern" complete_type="uint8" init_mode="PERMANENT" init_modes_allowed="6" init_range="0..1" global_assert="NO" assert_range=""/>
      <scalar name="BmwTunSetHndlr_Srv_GetRefTmr100MicroSec32bit_RefTmr" comment="" line="53" base_type="uint32" attributes="extern" complete_type="uint32" init_mode="PERMANENT" init_modes_allowed="6" init_range="0..4294967295" global_assert="NO" assert_range=""/>
      <scalar name="BmwTunSetHndlr_Srv_GetTiSpan100MicroSec32bit_RefTmr" comment="" line="54" base_type="uint32" attributes="extern" complete_type="uint32" init_mode="PERMANENT" init_modes_allowed="6" init_range="0..4294967295" global_assert="NO" assert_range=""/>
      <scalar name="BmwTunSetHndlr_Srv_GetTiSpan100MicroSec32bit_TiSpan" comment="" line="55" base_type="uint32" attributes="extern" complete_type="uint32" init_mode="PERMANENT" init_modes_allowed="6" init_range="0..4294967295" global_assert="NO" assert_range=""/>
      <scalar name="BmwTunSetHndlr_Srv_SetNtcSts_DebStep" comment="" line="59" base_type="uint16" attributes="extern" complete_type="uint16" init_mode="PERMANENT" init_modes_allowed="6" init_range="0..65535" global_assert="NO" assert_range=""/>
      <scalar name="BmwTunSetHndlr_Srv_SetNtcSts_NtcNr" comment="" line="56" base_type="uint16" attributes="extern" complete_type="uint16" init_mode="PERMANENT" init_modes_allowed="6" init_range="1..511" global_assert="NO" assert_range=""/>
      <scalar name="BmwTunSetHndlr_Srv_SetNtcSts_NtcStInfo" comment="" line="57" base_type="uint8" attributes="extern" complete_type="uint8" init_mode="PERMANENT" init_modes_allowed="6" init_range="0..255" global_assert="NO" assert_range=""/>
      <scalar name="BmwTunSetHndlr_Srv_SetNtcSts_NtcSts" comment="" line="58" base_type="uint8" attributes="extern" complete_type="uint8" init_mode="PERMANENT" init_modes_allowed="6" init_range="0..3" global_assert="NO" assert_range=""/>
      <scalar name="BmwTunSetHndlr_Srv_SetNtcSts_Return" comment="" line="60" base_type="uint8" attributes="extern" complete_type="uint8" init_mode="PERMANENT" init_modes_allowed="6" init_range="0..1" global_assert="NO" assert_range=""/>
   </file>
   <function name="atan2f" comment="" main_generator_called="MAIN_GENERATOR" non_applicable="1">
      <scalar name="return" comment="" init_mode="PERMANENT" init_range="-3.1412..3.1412" global_assert="NO" assert_range="min..max" non_applicable="1"/>
   </function>
   <function name="cosf" comment="" main_generator_called="MAIN_GENERATOR" non_applicable="1">
      <scalar name="return" comment="" init_mode="PERMANENT" init_range="-1..1" global_assert="NO" assert_range="min..max" non_applicable="1"/>
   </function>
   <function name="expf" comment="" main_generator_called="MAIN_GENERATOR" non_applicable="1">
      <scalar name="return" comment="" init_mode="PERMANENT" init_range="0..max" global_assert="NO" assert_range="min..max" non_applicable="1"/>
   </function>
   <function name="fmodf" comment="" main_generator_called="MAIN_GENERATOR" non_applicable="1">
      <scalar name="return" comment="" init_mode="PERMANENT" init_range="0..max" global_assert="NO" assert_range="min..max" non_applicable="1"/>
   </function>
   <function name="sinf" comment="" main_generator_called="MAIN_GENERATOR" non_applicable="1">
      <scalar name="return" comment="" init_mode="PERMANENT" init_range="-1..1" global_assert="NO" assert_range="min..max" non_applicable="1"/>
   </function>
   <function name="sqrtf" comment="" main_generator_called="MAIN_GENERATOR" non_applicable="1">
      <scalar name="return" comment="" init_mode="PERMANENT" init_range="0..max" global_assert="NO" assert_range="min..max" non_applicable="1"/>
   </function>
</global>
