<?xml version="1.0" encoding="UTF-8"?>

<MISRA-AC-AGC-Report version="1.3">


<CodeStruct Name="" File="C:\Nimmy\Autocode\BMW\BMW_Production\SF069\SF069A_HwRefTqSum_Impl\src\HwRefTqSum.c" Line="0" Column="0">

<Rule Name="8.1" Mode="OBL" Report="warning" Id="1">
<Loc File="C:\Nimmy\Autocode\BMW\BMW_Production\SF069\SF069A_HwRefTqSum_Impl\src\HwRefTqSum.c" Line="122" Column="5">
</Loc>
<Message>
Function 'HwRefTqSum_Init' has no visible prototype at definition.
</Message>
</Rule>

<Rule Name="19.1" Mode="REC" Report="warning" Id="2">
<Loc File="C:\Nimmy\Autocode\BMW\BMW_Production\SF069\SF069A_HwRefTqSum_Impl\src\HwRefTqSum.c" Line="128" Column="0">
</Loc>
<Message>
#include statements in a file shall only be preceded by other preprocessor directives or comments.
</Message>
</Rule>

</CodeStruct>

</MISRA-AC-AGC-Report>
