<?xml version="1.0" encoding="UTF-8"?>

<project name="Polyspace" files="1" includes="15" ap_cg_cycle="0" ap_cg_direct_cycle="0" pshv="0" unpshv="0">
<file name="C:\Component\BMW_001A_ChkPt_Impl\src\CDD_ChkPtAppl9.c" total_lines="303" lines_without_cmt="29" comf="100" fco="1">
<function name="ChkPt_2msAppl9Strt" path="1" goto="0" vg="1" calling="0" calls="1" param="0" stmt="1" level="1" return="0" vocf="1.8" flin="10" fxln="1" ncalls="1">
</function>
<function name="ChkPt_2msAppl9End" path="1" goto="0" vg="1" calling="0" calls="1" param="0" stmt="1" level="1" return="0" vocf="1.8" flin="10" fxln="1" ncalls="1">
</function>
<function name="ChkPt_10msAppl9Strt" path="1" goto="0" vg="1" calling="0" calls="1" param="0" stmt="1" level="1" return="0" vocf="1.8" flin="10" fxln="1" ncalls="1">
</function>
<function name="ChkPt_10msAppl9End" path="1" goto="0" vg="1" calling="0" calls="1" param="0" stmt="1" level="1" return="0" vocf="1.8" flin="10" fxln="1" ncalls="1">
</function>
<function name="ChkPt_100msAppl9Strt" path="1" goto="0" vg="1" calling="0" calls="1" param="0" stmt="1" level="1" return="0" vocf="1.8" flin="10" fxln="1" ncalls="1">
</function>
<function name="ChkPt_100msAppl9End" path="1" goto="0" vg="1" calling="0" calls="1" param="0" stmt="1" level="1" return="0" vocf="1.8" flin="10" fxln="1" ncalls="1">
</function>
</file>
</project>
