<?pst parser version="1.0" encoding="UTF-8"?>
<DiffFile>
<Header>
--
-- File created by Polyspace / Comments Diff
-- Copyright 1999-2017 MathWorks, Inc.
--
</Header>

<File Name="CtrldVelRtn.c" NewName="CtrldVelRtn.c">

        <Rule Name="12.12" RuleID="8" File="CtrldVelRtn.c" Line="1088" Col="195">
            <IsViolated/>
            <Diff Reason="NO_MATCH_FOUND" File="CtrldVelRtn.c" Line="1074" Col="222">
            </Diff>
        </Rule>

        <Rule Name="12.12" RuleID="9" File="CtrldVelRtn.c" Line="1119" Col="59">
            <IsViolated/>
            <Diff Reason="NO_MATCH_FOUND" File="CtrldVelRtn.c" Line="1105">
            </Diff>
        </Rule>

        <Rule Name="12.12" RuleID="10" File="CtrldVelRtn.c" Line="1120" Col="59">
            <IsViolated/>
            <Diff Reason="NO_MATCH_FOUND" File="CtrldVelRtn.c" Line="1106">
            </Diff>
        </Rule>

        <Rule Name="12.12" RuleID="11" File="CtrldVelRtn.c" Line="1121" Col="59">
            <IsViolated/>
            <Diff Reason="NO_MATCH_FOUND" File="CtrldVelRtn.c" Line="1107">
            </Diff>
        </Rule>

        <Rule Name="12.12" RuleID="12" File="CtrldVelRtn.c" Line="1122" Col="59">
            <IsViolated/>
            <Diff Reason="NO_MATCH_FOUND" File="CtrldVelRtn.c" Line="1108">
            </Diff>
        </Rule>

        <Rule Name="12.12" RuleID="13" File="CtrldVelRtn.c" Line="1123" Col="59">
            <IsViolated/>
            <Diff Reason="NO_MATCH_FOUND" File="CtrldVelRtn.c" Line="1109">
            </Diff>
        </Rule>

        <Rule Name="12.12" RuleID="16" File="CtrldVelRtn.c" Line="1129" Col="178">
            <IsViolated/>
            <Diff Reason="NO_MATCH_FOUND" File="CtrldVelRtn.c" Line="1115" Col="175">
            </Diff>
        </Rule>
</File>
</DiffFile>
