<?xml version="1.0" encoding="UTF-8"?>
<!--EDRS Version 1.0-->
<global>
   <file name="C:\\Component\\BMW_001A_ChkPt_Impl\\src\\CDD_ChkPtAppl9.c" comment="">
      <function name="ChkPt_100msAppl9End" comment="" line="92" main_generator_called="MAIN_GENERATOR" attributes="unused"/>
      <function name="ChkPt_100msAppl9Strt" comment="" line="127" main_generator_called="MAIN_GENERATOR" attributes="unused"/>
      <function name="ChkPt_10msAppl9End" comment="" line="162" main_generator_called="MAIN_GENERATOR" attributes="unused"/>
      <function name="ChkPt_10msAppl9Strt" comment="" line="197" main_generator_called="MAIN_GENERATOR" attributes="unused"/>
      <function name="ChkPt_2msAppl9End" comment="" line="232" main_generator_called="MAIN_GENERATOR" attributes="unused"/>
      <function name="ChkPt_2msAppl9Strt" comment="" line="267" main_generator_called="MAIN_GENERATOR" attributes="unused"/>
   </file>
   <file name="C:\\Component\\BMW_001A_ChkPt_Impl\\tools\\contract\\CDD_ChkPtAppl9\\Rte_CDD_ChkPtAppl9.h" comment="">
      <function name="Rte_Call_CDD_ChkPtAppl9_ChkPt_100ms_Appl9_End_CheckpointReached" comment="" line="71" main_generator_called="disabled" attributes="extern">
         <scalar name="return" comment="" line="71" base_type="uint8" complete_type="uint8" init_mode="PERMANENT" init_modes_allowed="4" init_range="min..max" global_assert="unsupported" assert_range="unsupported"/>
      </function>
      <function name="Rte_Call_CDD_ChkPtAppl9_ChkPt_100ms_Appl9_Strt_CheckpointReached" comment="" line="72" main_generator_called="disabled" attributes="extern">
         <scalar name="return" comment="" line="72" base_type="uint8" complete_type="uint8" init_mode="PERMANENT" init_modes_allowed="4" init_range="min..max" global_assert="unsupported" assert_range="unsupported"/>
      </function>
      <function name="Rte_Call_CDD_ChkPtAppl9_ChkPt_10ms_Appl9_End_CheckpointReached" comment="" line="73" main_generator_called="disabled" attributes="extern">
         <scalar name="return" comment="" line="73" base_type="uint8" complete_type="uint8" init_mode="PERMANENT" init_modes_allowed="4" init_range="min..max" global_assert="unsupported" assert_range="unsupported"/>
      </function>
      <function name="Rte_Call_CDD_ChkPtAppl9_ChkPt_10ms_Appl9_Strt_CheckpointReached" comment="" line="74" main_generator_called="disabled" attributes="extern">
         <scalar name="return" comment="" line="74" base_type="uint8" complete_type="uint8" init_mode="PERMANENT" init_modes_allowed="4" init_range="min..max" global_assert="unsupported" assert_range="unsupported"/>
      </function>
      <function name="Rte_Call_CDD_ChkPtAppl9_ChkPt_2ms_Appl9_End_CheckpointReached" comment="" line="75" main_generator_called="disabled" attributes="extern">
         <scalar name="return" comment="" line="75" base_type="uint8" complete_type="uint8" init_mode="PERMANENT" init_modes_allowed="4" init_range="min..max" global_assert="unsupported" assert_range="unsupported"/>
      </function>
      <function name="Rte_Call_CDD_ChkPtAppl9_ChkPt_2ms_Appl9_Strt_CheckpointReached" comment="" line="76" main_generator_called="disabled" attributes="extern">
         <scalar name="return" comment="" line="76" base_type="uint8" complete_type="uint8" init_mode="PERMANENT" init_modes_allowed="4" init_range="min..max" global_assert="unsupported" assert_range="unsupported"/>
      </function>
   </file>
</global>
