<?xml version="1.0" encoding="UTF-8"?>

<project name="Polyspace" files="3" includes="28" ap_cg_cycle="0" ap_cg_direct_cycle="0" pshv="0" unpshv="0">
<file name="C:\Component\ES104B_XcpIf_Impl\tools\local\generate\Rte_Stubs.c" total_lines="85" lines_without_cmt="59" comf="6" fco="-4">
<function name="Rte_Stub" path="1" goto="0" vg="1" calling="0" calls="3" param="0" stmt="3" level="1" return="0" vocf="2.1" flin="3" fxln="3" ncalls="3">
</function>
<function name="Rte_Call_CDD_XcpIf_GetRefTmr1MicroSec32bit_Oper" path="1" goto="0" vg="1" calling="1" calls="0" param="1" stmt="2" level="1" return="1" vocf="1.4" flin="2" fxln="2" ncalls="0">
</function>
<function name="Rte_Call_CDD_XcpIf_XcpCalChgReq_Oper" path="1" goto="0" vg="1" calling="2" calls="0" param="0" stmt="1" level="1" return="1" vocf="1.3" flin="1" fxln="1" ncalls="0">
</function>
<function name="Rte_Call_CDD_XcpIf_SetCalPageReq_Oper" path="1" goto="0" vg="1" calling="2" calls="0" param="3" stmt="4" level="1" return="1" vocf="1.8" flin="4" fxln="4" ncalls="0">
</function>
<function name="Rte_Call_CDD_XcpIf_OnlineTunRamAdrMpg_Oper" path="1" goto="0" vg="1" calling="2" calls="0" param="3" stmt="5" level="1" return="1" vocf="2.0" flin="5" fxln="5" ncalls="0">
</function>
<function name="Rte_Call_CDD_XcpIf_GetSegInfoReq_Oper" path="1" goto="0" vg="1" calling="1" calls="0" param="7" stmt="10" level="1" return="1" vocf="2.7" flin="10" fxln="10" ncalls="0">
</function>
<function name="Rte_Call_CDD_XcpIf_GetCalPageReq_Oper" path="1" goto="0" vg="1" calling="3" calls="0" param="4" stmt="6" level="1" return="1" vocf="2.3" flin="6" fxln="6" ncalls="0">
</function>
<function name="Rte_Call_CDD_XcpIf_CopyCalPageReq_Oper" path="1" goto="0" vg="1" calling="2" calls="0" param="1" stmt="2" level="1" return="1" vocf="1.2" flin="2" fxln="2" ncalls="0">
</function>
<function name="fabsf" path="2" goto="0" vg="2" calling="0" calls="0" param="1" stmt="3" level="1" return="1" vocf="2.3" flin="0" fxln="0" ncalls="0">
</function>
</file>
<file name="C:\Component\ES104B_XcpIf_Impl\tools\local\generate\CDD_XcpIfXcpEveCh2MilliSec.c" total_lines="49" lines_without_cmt="19" comf="33" fco="3">
<function name="CDD_XcpIfXcpEveCh2MilliSecPer1" path="2" goto="0" vg="2" calling="0" calls="3" param="0" stmt="5" level="1" return="1" vocf="2.2" flin="12" fxln="6" ncalls="3">
</function>
</file>
<file name="C:\Component\ES104B_XcpIf_Impl\src\CDD_XcpIf.c" total_lines="1056" lines_without_cmt="370" comf="49" fco="4">
<function name="NONTRUSTED_NtWrapS_Xcp_Event" path="1" goto="0" vg="1" calling="0" calls="1" param="2" stmt="2" level="1" return="1" vocf="1.6" flin="2" fxln="2" ncalls="1">
</function>
<function name="NONTRUSTED_NtWrapS_Rte_Call_SetCalPageReq_Oper" path="1" goto="0" vg="1" calling="0" calls="1" param="2" stmt="2" level="1" return="1" vocf="2.5" flin="3" fxln="3" ncalls="1">
</function>
<function name="NONTRUSTED_NtWrapS_Rte_Call_CopyCalPageReq_Oper" path="1" goto="0" vg="1" calling="0" calls="1" param="2" stmt="2" level="1" return="1" vocf="1.6" flin="2" fxln="2" ncalls="1">
</function>
<function name="XcpAppl_ConStateNotification" path="1" goto="0" vg="1" calling="0" calls="0" param="2" stmt="1" level="1" return="1" vocf="1.0" flin="6" fxln="1" ncalls="0">
</function>
<function name="XcpAppl_UserService" path="3" goto="0" vg="3" calling="0" calls="1" param="1" stmt="11" level="2" return="1" vocf="5.0" flin="26" fxln="16" ncalls="1">
</function>
<function name="XcpAppl_CopyCalPage" path="5" goto="0" vg="5" calling="0" calls="4" param="4" stmt="14" level="4" return="1" vocf="4.6" flin="50" fxln="17" ncalls="4">
</function>
<function name="XcpAppl_GetCalPage" path="6" goto="0" vg="4" calling="0" calls="1" param="2" stmt="9" level="2" return="1" vocf="3.8" flin="31" fxln="11" ncalls="1">
</function>
<function name="XcpAppl_SetCalPage" path="12" goto="0" vg="6" calling="0" calls="4" param="3" stmt="16" level="3" return="1" vocf="4.8" flin="51" fxln="21" ncalls="4">
</function>
<function name="XcpAppl_OpenCmdIf" path="3" goto="0" vg="3" calling="0" calls="1" param="4" stmt="12" level="1" return="1" vocf="3.2" flin="24" fxln="15" ncalls="1">
</function>
<function name="XcpAppl_CheckReadAccess" path="1" goto="0" vg="1" calling="0" calls="0" param="3" stmt="1" level="1" return="1" vocf="1.2" flin="2" fxln="1" ncalls="0">
</function>
<function name="XcpAppl_GetPointer" path="1" goto="0" vg="1" calling="0" calls="0" param="3" stmt="2" level="1" return="1" vocf="1.4" flin="4" fxln="2" ncalls="0">
</function>
<function name="XcpAppl_CalibrationWriteTrustd" path="1" goto="0" vg="1" calling="0" calls="1" param="3" stmt="2" level="1" return="1" vocf="2.2" flin="5" fxln="2" ncalls="1">
</function>
<function name="XcpAppl_CalibrationWrite" path="3" goto="0" vg="3" calling="0" calls="3" param="3" stmt="10" level="2" return="1" vocf="3.5" flin="35" fxln="10" ncalls="3">
</function>
<function name="XcpAppl_MeasurementRead" path="3" goto="0" vg="3" calling="0" calls="1" param="3" stmt="7" level="2" return="1" vocf="3.1" flin="20" fxln="8" ncalls="1">
</function>
<function name="XcpAppl_MemCpy" path="2" goto="0" vg="2" calling="1" calls="0" param="3" stmt="3" level="1" return="1" vocf="2.0" flin="8" fxln="3" ncalls="0">
</function>
<function name="XcpAppl_GetTimestamp" path="1" goto="0" vg="1" calling="0" calls="1" param="0" stmt="2" level="1" return="1" vocf="1.9" flin="4" fxln="2" ncalls="1">
</function>
<function name="CDD_XcpIfPer1" path="2" goto="0" vg="2" calling="1" calls="0" param="0" stmt="6" level="1" return="1" vocf="3.0" flin="25" fxln="7" ncalls="0">
</function>
<function name="CDD_XcpIfInit1" path="2" goto="0" vg="2" calling="1" calls="0" param="0" stmt="6" level="1" return="1" vocf="3.0" flin="25" fxln="7" ncalls="0">
</function>
<function name="ActvTunStsReq_Oper" path="1" goto="0" vg="1" calling="2" calls="2" param="6" stmt="7" level="1" return="1" vocf="3.9" flin="15" fxln="7" ncalls="2">
</function>
<function name="fabsf" path="2" goto="0" vg="2" calling="0" calls="0" param="1" stmt="3" level="1" return="1" vocf="2.3" flin="0" fxln="0" ncalls="0">
</function>
</file>
</project>
