<?xml version="1.0" encoding="UTF-8"?>
<MISRA-C-Report-Summary>
<File Mode="advisory" Error="0" Warning="6" Total="6">
<Name>
C:\Component\ES104B_XcpIf_Impl\src\CDD_XcpIf.c</Name>
</File>
<File Mode="required" Error="0" Warning="11" Total="11">
<Name>
C:\Component\ES104B_XcpIf_Impl\src\CDD_XcpIf.c</Name>
</File>
<File Mode="required" Error="0" Warning="1" Total="1">
<Name>
C:\Component\ES104B_XcpIf_Impl\tools\local\generate\CDD_XcpIf_Cfg.h</Name>
</File>
<File Mode="advisory" Error="0" Warning="4" Total="4">
<Name>
C:\Component\ES104B_XcpIf_Impl\tools\local\generate\CDD_XcpIf_Cfg_private.h</Name>
</File>
<File Mode="required" Error="0" Warning="12" Total="12">
<Name>
C:\Component\ES104B_XcpIf_Impl\tools\local\generate\CDD_XcpIf_Cfg_private.h</Name>
</File>
<Rule Name="19.4" Count="12" Mode="required" Severity="warning">
<Message>
</Message>
</Rule>
<Rule Name="21.1" Count="9" Mode="required" Severity="warning">
<Message>
Minimisation of run-time failures.</Message>
</Rule>
<Rule Name="19.7" Count="4" Mode="advisory" Severity="warning">
<Message>
A function should be used in preference to a function like-macro.</Message>
</Rule>
<Rule Name="16.7" Count="3" Mode="advisory" Severity="warning">
<Message>
A pointer parameter in a function prototype should be declared as pointer to const</Message>
</Rule>
<Rule Name="11.3" Count="2" Mode="advisory" Severity="warning">
<Message>
A cast should not be performed between a pointer type and an integral type.</Message>
</Rule>
<Rule Name="16.10" Count="1" Mode="required" Severity="warning">
<Message>
If a function returns error information, then that error information should be tested.</Message>
</Rule>
<Rule Name="19.1" Count="1" Mode="advisory" Severity="warning">
<Message>
#include statements in a file shall only be preceded by other preprocessor directives or comments.</Message>
</Rule>
<Rule Name="19.10" Count="1" Mode="required" Severity="warning">
<Message>
Parameter instance shall be enclosed in parentheses.</Message>
</Rule>
<Rule Name="8.1" Count="1" Mode="required" Severity="warning">
<Message>
Function 'XcpAppl_CalibrationWriteTrustd' has no visible prototype at definition.</Message>
</Rule>
</MISRA-C-Report-Summary>
