<?xml version="1.0" encoding="UTF-8"?>

<project name="Polyspace" files="2" includes="36" ap_cg_cycle="0" ap_cg_direct_cycle="0" pshv="0" unpshv="0">
<file name="C:\Component\CM108A_DataAndAdrPar_Impl\src\CDD_DataAndAdrParNonRte.c" total_lines="413" lines_without_cmt="256" comf="100" fco="11">
<function name="WrTestModCtrlReg" path="2" goto="0" vg="2" calling="1" calls="0" param="2" stmt="3" level="1" return="0" vocf="1.9" flin="6" fxln="3" ncalls="0">
</function>
<function name="ChkForEcmBit28" path="4" goto="0" vg="3" calling="1" calls="0" param="0" stmt="7" level="1" return="1" vocf="1.9" flin="28" fxln="8" ncalls="0">
</function>
<function name="DataAndAdrParInit1" path="96" goto="0" vg="12" calling="0" calls="6" param="0" stmt="39" level="5" return="0" vocf="6.1" flin="124" fxln="40" ncalls="13">
</function>
<function name="NxtrSwRstFromExcpn" path="6" goto="0" vg="4" calling="0" calls="6" param="2" stmt="12" level="2" return="0" vocf="2.9" flin="0" fxln="0" ncalls="8">
</function>
<function name="NxtrSwRst" path="2" goto="0" vg="2" calling="0" calls="2" param="2" stmt="4" level="1" return="0" vocf="1.6" flin="0" fxln="0" ncalls="2">
</function>
<function name="WrProtdRegFlmd_u32" path="3" goto="0" vg="3" calling="0" calls="4" param="2" stmt="18" level="2" return="0" vocf="4.0" flin="0" fxln="0" ncalls="4">
</function>
<function name="WrProtdRegEcm_u32" path="3" goto="0" vg="3" calling="2" calls="4" param="2" stmt="18" level="2" return="0" vocf="3.9" flin="0" fxln="0" ncalls="4">
</function>
<function name="WrProtdRegEcm_u16" path="3" goto="0" vg="3" calling="0" calls="4" param="2" stmt="18" level="2" return="0" vocf="3.9" flin="0" fxln="0" ncalls="4">
</function>
<function name="WrProtdRegEcm_u08" path="3" goto="0" vg="3" calling="0" calls="4" param="2" stmt="18" level="2" return="0" vocf="3.9" flin="0" fxln="0" ncalls="4">
</function>
<function name="WrProtdRegEcmc_u08" path="3" goto="0" vg="3" calling="1" calls="4" param="2" stmt="18" level="2" return="0" vocf="3.8" flin="0" fxln="0" ncalls="4">
</function>
<function name="WrProtdRegEcmm_u08" path="3" goto="0" vg="3" calling="1" calls="4" param="2" stmt="18" level="2" return="0" vocf="3.8" flin="0" fxln="0" ncalls="4">
</function>
<function name="WrProtdRegClma3_u08" path="3" goto="0" vg="3" calling="0" calls="4" param="2" stmt="18" level="2" return="0" vocf="3.8" flin="0" fxln="0" ncalls="4">
</function>
<function name="WrProtdRegClma2_u08" path="3" goto="0" vg="3" calling="0" calls="4" param="2" stmt="18" level="2" return="0" vocf="3.8" flin="0" fxln="0" ncalls="4">
</function>
<function name="WrProtdRegClma1_u08" path="3" goto="0" vg="3" calling="0" calls="4" param="2" stmt="18" level="2" return="0" vocf="3.8" flin="0" fxln="0" ncalls="4">
</function>
<function name="WrProtdRegClma0_u08" path="3" goto="0" vg="3" calling="0" calls="4" param="2" stmt="18" level="2" return="0" vocf="3.8" flin="0" fxln="0" ncalls="4">
</function>
<function name="WrProtdRegSysClmac_u32" path="3" goto="0" vg="3" calling="0" calls="4" param="2" stmt="18" level="2" return="0" vocf="4.0" flin="0" fxln="0" ncalls="4">
</function>
<function name="WrProtdRegSys_u32" path="3" goto="0" vg="3" calling="0" calls="4" param="2" stmt="18" level="2" return="0" vocf="4.0" flin="0" fxln="0" ncalls="4">
</function>
<function name="WrProtdRegSys_u08" path="3" goto="0" vg="3" calling="0" calls="4" param="2" stmt="18" level="2" return="0" vocf="4.0" flin="0" fxln="0" ncalls="4">
</function>
<function name="WrProtdRegPort5_u32" path="3" goto="0" vg="3" calling="0" calls="4" param="2" stmt="18" level="2" return="0" vocf="4.0" flin="0" fxln="0" ncalls="4">
</function>
<function name="WrProtdRegPort4_u32" path="3" goto="0" vg="3" calling="0" calls="4" param="2" stmt="18" level="2" return="0" vocf="4.0" flin="0" fxln="0" ncalls="4">
</function>
<function name="WrProtdRegPort3_u32" path="3" goto="0" vg="3" calling="0" calls="4" param="2" stmt="18" level="2" return="0" vocf="4.0" flin="0" fxln="0" ncalls="4">
</function>
<function name="WrProtdRegPort2_u32" path="3" goto="0" vg="3" calling="0" calls="4" param="2" stmt="18" level="2" return="0" vocf="4.0" flin="0" fxln="0" ncalls="4">
</function>
<function name="WrProtdRegPort1_u32" path="3" goto="0" vg="3" calling="0" calls="4" param="2" stmt="18" level="2" return="0" vocf="4.0" flin="0" fxln="0" ncalls="4">
</function>
<function name="WrProtdRegPort0_u32" path="3" goto="0" vg="3" calling="0" calls="4" param="2" stmt="18" level="2" return="0" vocf="4.0" flin="0" fxln="0" ncalls="4">
</function>
<function name="WrProtdRegPortJ_u32" path="3" goto="0" vg="3" calling="0" calls="4" param="2" stmt="18" level="2" return="0" vocf="7.0" flin="0" fxln="0" ncalls="4">
</function>
</file>
<file name="C:\Component\CM108A_DataAndAdrPar_Impl\src\CDD_DataAndAdrPar.c" total_lines="105" lines_without_cmt="8" comf="100" fco="0">
<function name="CDD_DataAndAdrPar_Init2" path="1" goto="0" vg="1" calling="0" calls="0" param="0" stmt="0" level="1" return="0" vocf="1.2" flin="10" fxln="0" ncalls="0">
</function>
</file>
</project>
