<?pst parser version="1.0" encoding="UTF-8"?>
<DiffFile>
<Header>
--
-- File created by Polyspace / Comments Diff
-- Copyright 1999-2018 MathWorks, Inc.
--
</Header>

<File Name="BmwMsgSlot56Bas0Repn2BusFrChA.c" NewName="BmwMsgSlot56Bas0Repn2BusFrChA.c">

        <Rule Name="10.1" RuleID="14" File="BmwMsgSlot56Bas0Repn2BusFrChA.c" Line="1075" Col="105">
            <IsViolated/>
            <Diff Reason="NO_MATCH_FOUND" File="BmwMsgSlot56Bas0Repn2BusFrChA.c" Line="1079">
            </Diff>
        </Rule>
</File>
</DiffFile>
