<?xml version="1.0" encoding="UTF-8"?>

<MISRA-C-Report version="1.3">


<CodeStruct Name="" File="C:\_PratikJadhav\_Synergy_Projects\Working\MM122A_BmwMsgSlot276Bas4Repn8BusFrChA_Impl\src\BmwMsgSlot276Bas4Repn8BusFrChA.c" Line="0" Column="0">

<Rule Name="5.1" Mode="required" Report="warning" Id="1">
<Loc File="C:\_PratikJadhav\_Synergy_Projects\Working\MM122A_BmwMsgSlot276Bas4Repn8BusFrChA_Impl\src\BmwMsgSlot276Bas4Repn8BusFrChA.c" Line="938" Column="8">
</Loc>
<Message>
Identifiers "BmwMsgSlot276Bas4Repn8BusFrChA_START_SEC_CODE" (BmwMsgSlot276Bas4Repn8BusFrChA.c line 654 column 8) and "BmwMsgSlot276Bas4Repn8BusFrChA_STOP_SEC_CODE" (BmwMsgSlot276Bas4Repn8BusFrChA.c line 938 column 8) have the same first 33 characters.
</Message>
</Rule>

<Rule Name="19.1" Mode="advisory" Report="warning" Id="2">
<Loc File="C:\_PratikJadhav\_Synergy_Projects\Working\MM122A_BmwMsgSlot276Bas4Repn8BusFrChA_Impl\src\BmwMsgSlot276Bas4Repn8BusFrChA.c" Line="939" Column="0">
</Loc>
<Message>
#include statements in a file shall only be preceded by other preprocessor directives or comments.
</Message>
</Rule>

</CodeStruct>

<CodeStruct Name="BmwMsgSlot276Bas4Repn8BusFrChAInit1" File="C:\_PratikJadhav\_Synergy_Projects\Working\MM122A_BmwMsgSlot276Bas4Repn8BusFrChA_Impl\src\BmwMsgSlot276Bas4Repn8BusFrChA.c" Line="700" Column="5">

<Rule Name="21.1" Mode="required" Report="warning" Id="3">
<Loc File="C:\_PratikJadhav\_Synergy_Projects\Working\MM122A_BmwMsgSlot276Bas4Repn8BusFrChA_Impl\src\BmwMsgSlot276Bas4Repn8BusFrChA.c" Line="710" Column="8">
</Loc>
<Message>
Minimisation of run-time failures.
</Message>
</Rule>

<Rule Name="21.1" Mode="required" Report="warning" Id="4">
<Loc File="C:\_PratikJadhav\_Synergy_Projects\Working\MM122A_BmwMsgSlot276Bas4Repn8BusFrChA_Impl\src\BmwMsgSlot276Bas4Repn8BusFrChA.c" Line="710" Column="49">
</Loc>
<Message>
Minimisation of run-time failures.
</Message>
</Rule>

</CodeStruct>

<CodeStruct Name="MILE_KM_Received_Oper" File="C:\_PratikJadhav\_Synergy_Projects\Working\MM122A_BmwMsgSlot276Bas4Repn8BusFrChA_Impl\src\BmwMsgSlot276Bas4Repn8BusFrChA.c" Line="854" Column="5">

<Rule Name="9.1" Mode="required" Report="warning" Id="5">
<Loc File="C:\_PratikJadhav\_Synergy_Projects\Working\MM122A_BmwMsgSlot276Bas4Repn8BusFrChA_Impl\src\BmwMsgSlot276Bas4Repn8BusFrChA.c" Line="869" Column="4">
</Loc>
<Message>
All automatic variables shall have been assigned a value before being used.
</Message>
</Rule>

<Rule Name="21.1" Mode="required" Report="warning" Id="6">
<Loc File="C:\_PratikJadhav\_Synergy_Projects\Working\MM122A_BmwMsgSlot276Bas4Repn8BusFrChA_Impl\src\BmwMsgSlot276Bas4Repn8BusFrChA.c" Line="874" Column="8">
</Loc>
<Message>
Minimisation of run-time failures.
</Message>
</Rule>

<Rule Name="21.1" Mode="required" Report="warning" Id="7">
<Loc File="C:\_PratikJadhav\_Synergy_Projects\Working\MM122A_BmwMsgSlot276Bas4Repn8BusFrChA_Impl\src\BmwMsgSlot276Bas4Repn8BusFrChA.c" Line="874" Column="49">
</Loc>
<Message>
Minimisation of run-time failures.
</Message>
</Rule>

<Rule Name="21.1" Mode="required" Report="warning" Id="8">
<Loc File="C:\_PratikJadhav\_Synergy_Projects\Working\MM122A_BmwMsgSlot276Bas4Repn8BusFrChA_Impl\src\BmwMsgSlot276Bas4Repn8BusFrChA.c" Line="875" Column="8">
</Loc>
<Message>
Minimisation of run-time failures.
</Message>
</Rule>

<Rule Name="21.1" Mode="required" Report="warning" Id="9">
<Loc File="C:\_PratikJadhav\_Synergy_Projects\Working\MM122A_BmwMsgSlot276Bas4Repn8BusFrChA_Impl\src\BmwMsgSlot276Bas4Repn8BusFrChA.c" Line="876" Column="8">
</Loc>
<Message>
Minimisation of run-time failures.
</Message>
</Rule>

<Rule Name="21.1" Mode="required" Report="warning" Id="10">
<Loc File="C:\_PratikJadhav\_Synergy_Projects\Working\MM122A_BmwMsgSlot276Bas4Repn8BusFrChA_Impl\src\BmwMsgSlot276Bas4Repn8BusFrChA.c" Line="880" Column="11">
</Loc>
<Message>
Minimisation of run-time failures.
</Message>
</Rule>

<Rule Name="21.1" Mode="required" Report="warning" Id="11">
<Loc File="C:\_PratikJadhav\_Synergy_Projects\Working\MM122A_BmwMsgSlot276Bas4Repn8BusFrChA_Impl\src\BmwMsgSlot276Bas4Repn8BusFrChA.c" Line="880" Column="52">
</Loc>
<Message>
Minimisation of run-time failures.
</Message>
</Rule>

<Rule Name="21.1" Mode="required" Report="warning" Id="12">
<Loc File="C:\_PratikJadhav\_Synergy_Projects\Working\MM122A_BmwMsgSlot276Bas4Repn8BusFrChA_Impl\src\BmwMsgSlot276Bas4Repn8BusFrChA.c" Line="890" Column="1">
</Loc>
<Message>
Minimisation of run-time failures.
</Message>
</Rule>

<Rule Name="9.1" Mode="required" Report="warning" Id="13">
<Loc File="C:\_PratikJadhav\_Synergy_Projects\Working\MM122A_BmwMsgSlot276Bas4Repn8BusFrChA_Impl\src\BmwMsgSlot276Bas4Repn8BusFrChA.c" Line="892" Column="4">
</Loc>
<Message>
All automatic variables shall have been assigned a value before being used.
</Message>
</Rule>

<Rule Name="21.1" Mode="required" Report="warning" Id="14">
<Loc File="C:\_PratikJadhav\_Synergy_Projects\Working\MM122A_BmwMsgSlot276Bas4Repn8BusFrChA_Impl\src\BmwMsgSlot276Bas4Repn8BusFrChA.c" Line="895" Column="30">
</Loc>
<Message>
Minimisation of run-time failures.
</Message>
</Rule>

<Rule Name="21.1" Mode="required" Report="warning" Id="15">
<Loc File="C:\_PratikJadhav\_Synergy_Projects\Working\MM122A_BmwMsgSlot276Bas4Repn8BusFrChA_Impl\src\BmwMsgSlot276Bas4Repn8BusFrChA.c" Line="898" Column="19">
</Loc>
<Message>
Minimisation of run-time failures.
</Message>
</Rule>

<Rule Name="21.1" Mode="required" Report="warning" Id="16">
<Loc File="C:\_PratikJadhav\_Synergy_Projects\Working\MM122A_BmwMsgSlot276Bas4Repn8BusFrChA_Impl\src\BmwMsgSlot276Bas4Repn8BusFrChA.c" Line="906" Column="16">
</Loc>
<Message>
Minimisation of run-time failures.
</Message>
</Rule>

<Rule Name="21.1" Mode="required" Report="warning" Id="17">
<Loc File="C:\_PratikJadhav\_Synergy_Projects\Working\MM122A_BmwMsgSlot276Bas4Repn8BusFrChA_Impl\src\BmwMsgSlot276Bas4Repn8BusFrChA.c" Line="914" Column="8">
</Loc>
<Message>
Minimisation of run-time failures.
</Message>
</Rule>

<Rule Name="21.1" Mode="required" Report="warning" Id="18">
<Loc File="C:\_PratikJadhav\_Synergy_Projects\Working\MM122A_BmwMsgSlot276Bas4Repn8BusFrChA_Impl\src\BmwMsgSlot276Bas4Repn8BusFrChA.c" Line="917" Column="19">
</Loc>
<Message>
Minimisation of run-time failures.
</Message>
</Rule>

<Rule Name="21.1" Mode="required" Report="warning" Id="19">
<Loc File="C:\_PratikJadhav\_Synergy_Projects\Working\MM122A_BmwMsgSlot276Bas4Repn8BusFrChA_Impl\src\BmwMsgSlot276Bas4Repn8BusFrChA.c" Line="925" Column="16">
</Loc>
<Message>
Minimisation of run-time failures.
</Message>
</Rule>

</CodeStruct>

<CodeStruct Name="MILE_KM_Missing_Oper" File="C:\_PratikJadhav\_Synergy_Projects\Working\MM122A_BmwMsgSlot276Bas4Repn8BusFrChA_Impl\src\BmwMsgSlot276Bas4Repn8BusFrChA.c" Line="761" Column="5">

<Rule Name="9.1" Mode="required" Report="warning" Id="20">
<Loc File="C:\_PratikJadhav\_Synergy_Projects\Working\MM122A_BmwMsgSlot276Bas4Repn8BusFrChA_Impl\src\BmwMsgSlot276Bas4Repn8BusFrChA.c" Line="777" Column="4">
</Loc>
<Message>
All automatic variables shall have been assigned a value before being used.
</Message>
</Rule>

<Rule Name="21.1" Mode="required" Report="warning" Id="21">
<Loc File="C:\_PratikJadhav\_Synergy_Projects\Working\MM122A_BmwMsgSlot276Bas4Repn8BusFrChA_Impl\src\BmwMsgSlot276Bas4Repn8BusFrChA.c" Line="779" Column="8">
</Loc>
<Message>
Minimisation of run-time failures.
</Message>
</Rule>

<Rule Name="21.1" Mode="required" Report="warning" Id="22">
<Loc File="C:\_PratikJadhav\_Synergy_Projects\Working\MM122A_BmwMsgSlot276Bas4Repn8BusFrChA_Impl\src\BmwMsgSlot276Bas4Repn8BusFrChA.c" Line="779" Column="49">
</Loc>
<Message>
Minimisation of run-time failures.
</Message>
</Rule>

<Rule Name="21.1" Mode="required" Report="warning" Id="23">
<Loc File="C:\_PratikJadhav\_Synergy_Projects\Working\MM122A_BmwMsgSlot276Bas4Repn8BusFrChA_Impl\src\BmwMsgSlot276Bas4Repn8BusFrChA.c" Line="786" Column="11">
</Loc>
<Message>
Minimisation of run-time failures.
</Message>
</Rule>

<Rule Name="21.1" Mode="required" Report="warning" Id="24">
<Loc File="C:\_PratikJadhav\_Synergy_Projects\Working\MM122A_BmwMsgSlot276Bas4Repn8BusFrChA_Impl\src\BmwMsgSlot276Bas4Repn8BusFrChA.c" Line="786" Column="52">
</Loc>
<Message>
Minimisation of run-time failures.
</Message>
</Rule>

<Rule Name="21.1" Mode="required" Report="warning" Id="25">
<Loc File="C:\_PratikJadhav\_Synergy_Projects\Working\MM122A_BmwMsgSlot276Bas4Repn8BusFrChA_Impl\src\BmwMsgSlot276Bas4Repn8BusFrChA.c" Line="795" Column="34">
</Loc>
<Message>
Minimisation of run-time failures.
</Message>
</Rule>

<Rule Name="21.1" Mode="required" Report="warning" Id="26">
<Loc File="C:\_PratikJadhav\_Synergy_Projects\Working\MM122A_BmwMsgSlot276Bas4Repn8BusFrChA_Impl\src\BmwMsgSlot276Bas4Repn8BusFrChA.c" Line="798" Column="1">
</Loc>
<Message>
Minimisation of run-time failures.
</Message>
</Rule>

<Rule Name="21.1" Mode="required" Report="warning" Id="27">
<Loc File="C:\_PratikJadhav\_Synergy_Projects\Working\MM122A_BmwMsgSlot276Bas4Repn8BusFrChA_Impl\src\BmwMsgSlot276Bas4Repn8BusFrChA.c" Line="799" Column="1">
</Loc>
<Message>
Minimisation of run-time failures.
</Message>
</Rule>

<Rule Name="21.1" Mode="required" Report="warning" Id="28">
<Loc File="C:\_PratikJadhav\_Synergy_Projects\Working\MM122A_BmwMsgSlot276Bas4Repn8BusFrChA_Impl\src\BmwMsgSlot276Bas4Repn8BusFrChA.c" Line="800" Column="1">
</Loc>
<Message>
Minimisation of run-time failures.
</Message>
</Rule>

</CodeStruct>

</MISRA-C-Report>
