<?xml version="1.0" encoding="UTF-8"?>
<MISRA-C-Report-Summary>
<File Mode="advisory" Error="0" Warning="1" Total="1">
<Name>
C:\_PratikJadhav\_Synergy_Projects\Working\MM529A_BmwMsgSlot274Bas2Repn4BusFrChA_Impl\src\BmwMsgSlot274Bas2Repn4BusFrChA.c</Name>
</File>
<File Mode="required" Error="0" Warning="22" Total="22">
<Name>
C:\_PratikJadhav\_Synergy_Projects\Working\MM529A_BmwMsgSlot274Bas2Repn4BusFrChA_Impl\src\BmwMsgSlot274Bas2Repn4BusFrChA.c</Name>
</File>
<Rule Name="21.1" Count="13" Mode="required" Severity="warning">
<Message>
Minimisation of run-time failures.</Message>
</Rule>
<Rule Name="9.1" Count="8" Mode="required" Severity="warning">
<Message>
All automatic variables shall have been assigned a value before being used.</Message>
</Rule>
<Rule Name="19.1" Count="1" Mode="advisory" Severity="warning">
<Message>
#include statements in a file shall only be preceded by other preprocessor directives or comments.</Message>
</Rule>
<Rule Name="5.1" Count="1" Mode="required" Severity="warning">
<Message>
Identifiers "BmwMsgSlot274Bas2Repn4BusFrChA_START_SEC_CODE" (BmwMsgSlot274Bas2Re ...</Message>
</Rule>
</MISRA-C-Report-Summary>
