<?xml version="1.0" encoding="UTF-8"?>
<Navig version="1.0">
<Files>
<F id="1" n="C:\Program Files\MATLAB\R2013b1\polyspace\verifier\cxx\cinclude\stdarg.h"/>
<F id="2" n="C:\Users\NZ5334\Documents\Synergy\Working\ses_dev_ea4\AR201A_ArCplrSuprt_Impl\include\ASR4.0.3\Platform_Types.h"/>
<F id="3" n="C:\Users\NZ5334\Documents\Synergy\Working\ses_dev_ea4\AR200A_ArSuprt_Impl\include\ASR4.0.3\Std_Types.h"/>
<F id="4" n="C:\Users\NZ5334\Documents\Synergy\Working\ses_dev_ea4\CM515A_MotAg4Meas_Impl\tools\local\generate\Rte_Type.h"/>
<F id="5" n="C:\Users\NZ5334\Documents\Synergy\Working\ses_dev_ea4\CM515A_MotAg4Meas_Impl\tools\local\generate\Rte_CDD_MotAg4Meas.h"/>
<F id="6" n="C:\Users\NZ5334\Documents\Synergy\Working\ses_dev_ea4\AR202A_MicroCtrlrSuprt_Impl\include\P1M\R7F701311\reg_common.h"/>
<F id="7" n="C:\Users\NZ5334\Documents\Synergy\Working\ses_dev_ea4\AR202A_MicroCtrlrSuprt_Impl\include\P1M\R7F701311\enca_regs.h"/>
<F id="8" n="C:\Users\NZ5334\Documents\Synergy\Working\ses_dev_ea4\CM515A_MotAg4Meas_Impl\tools\local\generate\Rte_Stubs.h"/>
<F id="9" n="C:\Users\NZ5334\Documents\Synergy\Working\ses_dev_ea4\CM515A_MotAg4Meas_Impl\tools\local\generate\math_stubs.h"/>
<F id="10" n="C:\Users\NZ5334\Documents\Synergy\Working\ses_dev_ea4\CM515A_MotAg4Meas_Impl\src\CDD_MotAg4Meas.c"/>
<F id="11" n="C:\Users\NZ5334\Documents\Synergy\Working\ses_dev_ea4\CM515A_MotAg4Meas_Impl\tools\local\generate\Rte_Stubs.c"/>
<F id="12" n="C-STUBS\__polyspace__stdstubs.c"/>
<F id="13" n="C:\Users\NZ5334\Documents\Synergy\Working\ses_dev_ea4\CM515A_MotAg4Meas_Impl\tools\Polyspace\Result_1\C-ALL\C-STUBS\pst_stub_types.h"/>
<F id="14" n="C-STUBS\pst_stubs_1.c"/>
<F id="15" n="C-STUBS\pst_stubs_0.c"/>
<F id="16" n="C-STUBS\__polyspace_main.c"/>
<F id="17" n="C:\Users\NZ5334\Documents\Synergy\Working\ses_dev_ea4\TL103A_CplrSuprt\include\2013.5.5\ansi\float.h"/>
<F id="18" n="C:\Program Files\MATLAB\R2013b1\polyspace\verifier\cxx\cinclude\__polyspace__std_decls.h"/>
<F id="19" n="C:\Program Files\MATLAB\R2013b1\polyspace\verifier\cxx\cinclude\assert.h"/>
<F id="20" n="C:\Program Files\MATLAB\R2013b1\polyspace\verifier\cxx\cinclude\__polyspace__libc_defs.h"/>
<F id="21" n="C:\Users\NZ5334\Documents\Synergy\Working\ses_dev_ea4\CM515A_MotAg4Meas_Impl\tools\local\generate\Rte_CDD_MotAg4Meas_Type.h"/>
<F id="22" n="C:\Users\NZ5334\Documents\Synergy\Working\ses_dev_ea4\CM515A_MotAg4Meas_Impl\tools\local\generate\Rte.h"/>
<F id="23" n="C:\Users\NZ5334\Documents\Synergy\Working\ses_dev_ea4\AR201A_ArCplrSuprt_Impl\include\ASR4.0.3\Compiler.h"/>
<F id="24" n="C:\Users\NZ5334\Documents\Synergy\Working\ses_dev_ea4\AR201A_ArCplrSuprt_Impl\tools\contract\Compiler_Cfg.h"/>
<F id="25" n="C:\Users\NZ5334\Documents\Synergy\Working\ses_dev_ea4\AR201A_ArCplrSuprt_Impl\tools\contract\Renesas_Compiler.h"/>
<F id="26" n="C:\Users\NZ5334\Documents\Synergy\Working\ses_dev_ea4\CM515A_MotAg4Meas_Impl\tools\local\generate\Rte_DataHandleType.h"/>
<F id="27" n="C:\Users\NZ5334\Documents\Synergy\Working\ses_dev_ea4\AR200A_ArSuprt_Impl\tools\contract\MemMap.h"/>
<F id="28" n="C:\Users\NZ5334\Documents\Synergy\Working\ses_dev_ea4\CM515A_MotAg4Meas_Impl\tools\local\generate\CDD_MotAg4Meas_MemMap.h"/>
<F id="29" n="C:\Users\NZ5334\Documents\Synergy\Working\ses_dev_ea4\CM515A_MotAg4Meas_Impl\include\CDD_MotAg4Meas.h"/>
<F id="30" n="C:\Users\NZ5334\Documents\Synergy\Working\ses_dev_ea4\CM515A_MotAg4Meas_Impl\tools\local\generate\CDD_MotAg4Meas_Cfg.h"/>
</Files>
<Definitions>
<D id="1" f="14" l="101" c="19" n="_main_gen_init_g54" t="2" d="1"/>
<D id="2" f="14" l="103" c="30" n="x" t="4" d="1"/>
<D id="3" f="12" l="401" c="14" n="_polyspace_random_char" t="5" d="1"/>
<D id="4" f="14" l="124" c="12" n="_main_gen_init_sym_MotAg4Meas_Ip_MotAgMecl4Polarity" t="5" d="1"/>
<D id="5" f="13" l="134" c="21" n="__PST__g__51" t="7" d="1"/>
<D id="6" f="13" l="160" c="22" n="__PST__g__58" t="7" d="1"/>
<D id="7" f="14" l="134" c="12" n="_main_gen_init_sym_ENCA1" t="5" d="1"/>
<D id="8" f="13" l="161" c="31" n="__PST__g__59" t="7" d="1"/>
<D id="9" f="13" l="170" c="22" n="__PST__g__68" t="7" d="1"/>
<D id="10" f="14" l="144" c="12" n="_main_gen_init_sym_MotAg4Meas_Cli_GetMotAg4Mecl_MotAgMecl" t="5" d="1"/>
<D id="11" f="13" l="180" c="22" n="__PST__g__83" t="7" d="1"/>
<D id="12" f="13" l="110" c="17" n="__pst_unused_field_pstnonamef1" t="9" d="1"/>
<D id="13" f="13" l="162" c="22" n="__PST__g__60" t="7" d="1"/>
<D id="14" f="13" l="112" c="34" n="__PST__g__40" t="7" d="1"/>
<D id="15" f="13" l="181" c="31" n="__PST__g__84" t="7" d="1"/>
<D id="16" f="13" l="120" c="17" n="__pst_unused_field_0" t="9" d="1"/>
<D id="17" f="13" l="172" c="22" n="__PST__g__70" t="7" d="1"/>
<D id="18" f="12" l="411" c="34" n="random" t="4" d="1"/>
<D id="19" f="14" l="111" c="17" n="x" t="4" d="1"/>
<D id="20" f="13" l="165" c="30" n="__PST__g__63" t="7" d="1"/>
<D id="21" f="13" l="130" c="17" n="__pst_unused_field_0" t="9" d="1"/>
<D id="22" f="12" l="433" c="23" n="_polyspace_random_ulong" t="5" d="1"/>
<D id="23" f="13" l="121" c="17" n="__pst_unused_field_pstnonamef1" t="9" d="1"/>
<D id="24" f="13" l="106" c="33" n="__PST__g__38" t="7" d="1"/>
<D id="25" f="13" l="173" c="22" n="__PST__g__71" t="7" d="1"/>
<D id="26" f="13" l="164" c="22" n="__PST__g__62" t="7" d="1"/>
<D id="27" f="13" l="103" c="17" n="__pst_unused_field_0" t="9" d="1"/>
<D id="28" f="12" l="403" c="25" n="random" t="4" d="1"/>
<D id="29" f="14" l="109" c="13" n="_main_gen_init_g24" t="2" d="1"/>
<D id="30" f="13" l="131" c="17" n="__pst_unused_field_1" t="9" d="1"/>
<D id="31" f="12" l="440" c="16" n="_polyspace_random_double" t="5" d="1"/>
<D id="32" f="12" l="417" c="13" n="_polyspace_random_int" t="5" d="1"/>
<D id="33" f="13" l="174" c="22" n="__PST__g__72" t="7" d="1"/>
<D id="34" f="12" l="425" c="14" n="_polyspace_random_long" t="5" d="1"/>
<D id="35" f="10" l="157" c="31" n="MotAgMecl_Arg" t="4" d="1"/>
<D id="36" f="13" l="104" c="17" n="__pst_unused_field_1" t="9" d="1"/>
<D id="37" f="13" l="159" c="20" n="__PST__g__57" t="7" d="1"/>
<D id="38" f="13" l="176" c="21" n="__PST__g__79" t="7" d="1"/>
<D id="39" f="13" l="109" c="23" n="__pst_unused_field_0" t="9" d="1"/>
<D id="40" f="13" l="132" c="17" n="__pst_unused_field_pstnonamef1" t="9" d="1"/>
<D id="41" f="13" l="158" c="21" n="__PST__g__56" t="7" d="1"/>
<D id="42" f="13" l="175" c="31" n="__PST__g__73" t="7" d="1"/>
<D id="43" f="13" l="140" c="18" n="__pst_unused_field_3" t="9" d="1"/>
<D id="44" f="14" l="126" c="24" n="MotAg4Meas_Ip_MotAgMecl4Polarity" t="1" d="0"/>
<D id="45" f="13" l="166" c="22" n="__PST__g__64" t="7" d="1"/>
<D id="46" f="13" l="177" c="30" n="__PST__g__80" t="7" d="1"/>
<D id="47" f="13" l="151" c="17" n="__pst_unused_field_0" t="9" d="1"/>
<D id="48" f="14" l="136" c="24" n="ENCA1" t="1" d="0"/>
<D id="49" f="13" l="115" c="17" n="__pst_unused_field_0" t="9" d="1"/>
<D id="50" f="13" l="141" c="18" n="__pst_unused_field_pstnonamef1" t="9" d="1"/>
<D id="51" f="12" l="409" c="23" n="_polyspace_random_uchar" t="5" d="1"/>
<D id="52" f="13" l="152" c="17" n="__pst_unused_field_1" t="9" d="1"/>
<D id="53" f="13" l="178" c="21" n="__PST__g__81" t="7" d="1"/>
<D id="54" f="13" l="125" c="17" n="__pst_unused_field_0" t="9" d="1"/>
<D id="55" f="13" l="116" c="17" n="__pst_unused_field_pstnonamef1" t="9" d="1"/>
<D id="56" f="13" l="142" c="18" n="__pst_unused_field_5" t="9" d="1"/>
<D id="57" f="13" l="168" c="22" n="__PST__g__66" t="7" d="1"/>
<D id="58" f="13" l="153" c="17" n="__pst_unused_field_2" t="9" d="1"/>
<D id="59" f="12" l="435" c="34" n="random" t="4" d="1"/>
<D id="60" f="13" l="126" c="17" n="__pst_unused_field_1" t="9" d="1"/>
<D id="61" f="13" l="143" c="18" n="__pst_unused_field_6" t="9" d="1"/>
<D id="62" f="13" l="171" c="36" n="__PST__g__69" t="7" d="1"/>
<D id="63" f="14" l="146" c="25" n="MotAg4Meas_Cli_GetMotAg4Mecl_MotAgMecl" t="1" d="0"/>
<D id="64" f="13" l="154" c="17" n="__pst_unused_field_3" t="9" d="1"/>
<D id="65" f="12" l="442" c="27" n="random" t="4" d="1"/>
<D id="66" f="12" l="419" c="24" n="random" t="4" d="1"/>
<D id="67" f="13" l="179" c="22" n="__PST__g__82" t="7" d="1"/>
<D id="68" f="12" l="427" c="25" n="random" t="4" d="1"/>
<D id="69" f="13" l="144" c="18" n="__pst_unused_field_7" t="9" d="1"/>
<D id="70" f="13" l="155" c="17" n="__pst_unused_field_4" t="9" d="1"/>
<D id="71" f="13" l="163" c="36" n="__PST__g__61" t="7" d="1"/>
<D id="72" f="13" l="145" c="18" n="__pst_unused_field_pstnonamef2" t="9" d="1"/>
<D id="73" f="13" l="156" c="17" n="__pst_unused_field_5" t="9" d="1"/>
<D id="74" f="13" l="146" c="18" n="__pst_unused_field_9" t="9" d="1"/>
<D id="75" f="13" l="137" c="18" n="__pst_unused_field_0" t="9" d="1"/>
<D id="76" f="13" l="147" c="18" n="__pst_unused_field_10" t="9" d="1"/>
<D id="77" f="13" l="138" c="18" n="__pst_unused_field_1" t="9" d="1"/>
<D id="78" f="13" l="139" c="18" n="__pst_unused_field_2" t="9" d="1"/>
<D id="79" f="13" l="167" c="36" n="__PST__g__65" t="7" d="1"/>
<D id="80" f="12" l="3487" c="4" n="__polyspace_nb_varargs" t="1" d="1"/>
<D id="81" f="13" l="169" c="36" n="__PST__g__67" t="7" d="1"/>
<D id="82" f="12" l="3486" c="7" n="__polyspace_vararg" t="1" d="1"/>
<D id="83" f="12" l="6832" c="14" n="_polyspace_compare_function_type" t="7" d="1"/>
<D id="84" f="6" l="51" c="2" n="__bitf_T" t="7" d="1"/>
<D id="85" f="7" l="33" c="2" n="__type815" t="7" d="1"/>
<D id="86" f="7" l="45" c="2" n="__type817" t="7" d="1"/>
<D id="87" f="6" l="64" c="2" n="__type468" t="7" d="1"/>
<D id="88" f="7" l="73" c="2" n="__type2094" t="7" d="1"/>
<D id="89" f="6" l="74" c="2" n="__type539" t="7" d="1"/>
<D id="90" f="7" l="83" c="2" n="__type2096" t="7" d="1"/>
<D id="91" f="6" l="93" c="2" n="__type554" t="7" d="1"/>
<D id="92" f="7" l="93" c="2" n="__type2098" t="7" d="1"/>
<D id="93" f="5" l="50" c="7" n="Rte_CDS_CDD_MotAg4Meas" t="6" d="1"/>
<D id="94" f="6" l="85" c="2" n="__type541" t="7" d="1"/>
<D id="95" f="7" l="39" c="2" n="__type816" t="7" d="1"/>
<D id="96" f="7" l="68" c="2" n="__type819" t="7" d="1"/>
<D id="97" f="7" l="59" c="2" n="__type818" t="7" d="1"/>
<D id="98" f="6" l="69" c="2" n="__type538" t="7" d="1"/>
<D id="99" f="7" l="78" c="2" n="__type2095" t="7" d="1"/>
<D id="100" f="6" l="79" c="2" n="__type540" t="7" d="1"/>
<D id="101" f="7" l="88" c="2" n="__type2097" t="7" d="1"/>
<D id="102" f="6" l="98" c="2" n="__type721" t="7" d="1"/>
<D id="103" f="6" l="89" c="2" n="__type552" t="7" d="1"/>
<D id="104" f="5" l="53" c="8" n="_dummy" t="9" d="1"/>
<D id="105" f="12" l="11292" c="21" n="HUGE_VAL" t="1" d="1"/>
<D id="106" f="12" l="11274" c="12" n="_polyspace_random_long_double" t="2" d="1"/>
<D id="107" f="12" l="11293" c="21" n="HUGE_VALF" t="1" d="1"/>
<D id="108" f="12" l="11294" c="21" n="HUGE_VALL" t="1" d="1"/>
<D id="109" f="12" l="12136" c="16" n="__polyspace_absolute_address" t="1" d="1"/>
<D id="110" f="12" l="11276" c="23" n="random" t="4" d="1"/>
<D id="111" f="6" l="50" c="10" n="bit07" t="9" d="1"/>
<D id="112" f="13" l="3" c="20" n="__PST__SINT8" t="7" d="1"/>
<D id="113" f="6" l="120" c="2" n="__type728" t="7" d="1"/>
<D id="114" f="13" l="5" c="19" n="__PST__SINT32" t="7" d="1"/>
<D id="115" f="7" l="50" c="11" n="ECM1" t="9" d="1"/>
<D id="116" f="13" l="1" c="13" n="__PST__CHAR" t="7" d="1"/>
<D id="117" f="6" l="43" c="10" n="bit00" t="9" d="1"/>
<D id="118" f="6" l="103" c="2" n="__type723" t="7" d="1"/>
<D id="119" f="6" l="131" c="2" n="__type1817" t="7" d="1"/>
<D id="120" f="3" l="141" c="2" n="Std_VersionInfoType" t="7" d="1"/>
<D id="121" f="7" l="51" c="11" n="LDE" t="9" d="1"/>
<D id="122" f="13" l="2" c="13" n="__PST__VOID" t="7" d="1"/>
<D id="123" f="13" l="4" c="21" n="__PST__SINT16" t="7" d="1"/>
<D id="124" f="6" l="44" c="10" n="bit01" t="9" d="1"/>
<D id="125" f="6" l="113" c="2" n="__type727" t="7" d="1"/>
<D id="126" f="7" l="42" c="11" n="TIS10" t="9" d="1"/>
<D id="127" f="8" l="20" c="13" n="MotAg4Meas_Ip_MotAgMecl4Polarity" t="1" d="0"/>
<D id="128" f="6" l="141" c="2" n="__type1819" t="7" d="1"/>
<D id="129" f="6" l="45" c="10" n="bit02" t="9" d="1"/>
<D id="130" f="7" l="43" c="11" n="TIS32" t="9" d="1"/>
<D id="131" f="7" l="71" c="11" n="UINT8" t="9" d="1"/>
<D id="132" f="6" l="151" c="2" n="__type1831" t="7" d="1"/>
<D id="133" f="7" l="62" c="11" n="EIS" t="9" d="1"/>
<D id="134" f="7" l="53" c="11" n="CTS" t="9" d="1"/>
<D id="135" f="6" l="46" c="10" n="bit03" t="9" d="1"/>
<D id="136" f="6" l="72" c="11" n="TS" t="9" d="1"/>
<D id="137" f="7" l="72" c="20" n="BIT" t="9" d="1"/>
<D id="138" f="7" l="81" c="11" n="UINT8" t="9" d="1"/>
<D id="139" f="9" l="22" c="31" n="Inp" t="4" d="1"/>
<D id="140" f="12" l="7" c="21" n="size_t" t="7" d="1"/>
<D id="141" f="6" l="161" c="2" n="__type2000" t="7" d="1"/>
<D id="142" f="7" l="63" c="11" n="ECS" t="9" d="1"/>
<D id="143" f="6" l="82" c="11" n="MD0" t="9" d="1"/>
<D id="144" f="7" l="54" c="11" n="CRM0" t="9" d="1"/>
<D id="145" f="7" l="91" c="11" n="UINT8" t="9" d="1"/>
<D id="146" f="6" l="47" c="10" n="bit04" t="9" d="1"/>
<D id="147" f="8" l="23" c="13" n="MotAg4Meas_Cli_GetMotAg4Mecl_MotAgMecl" t="1" d="0"/>
<D id="148" f="7" l="36" c="11" n="CLOV" t="9" d="1"/>
<D id="149" f="6" l="171" c="2" n="__type2006" t="7" d="1"/>
<D id="150" f="7" l="64" c="11" n="ACL" t="9" d="1"/>
<D id="151" f="6" l="83" c="11" n="MD1" t="9" d="1"/>
<D id="152" f="7" l="55" c="11" n="CRM1" t="9" d="1"/>
<D id="153" f="6" l="48" c="10" n="bit05" t="9" d="1"/>
<D id="154" f="13" l="30" c="6" n="__PST__g__45" t="6" d="1"/>
<D id="155" f="7" l="37" c="11" n="CLUD" t="9" d="1"/>
<D id="156" f="7" l="65" c="11" n="BCL" t="9" d="1"/>
<D id="157" f="13" l="7" c="22" n="__PST__UINT8" t="7" d="1"/>
<D id="158" f="12" l="9" c="12" n="ptrdiff_t" t="7" d="1"/>
<D id="159" f="6" l="126" c="2" n="__type1747" t="7" d="1"/>
<D id="160" f="13" l="9" c="21" n="__PST__UINT32" t="7" d="1"/>
<D id="161" f="6" l="49" c="10" n="bit06" t="9" d="1"/>
<D id="162" f="7" l="66" c="11" n="ZCL" t="9" d="1"/>
<D id="163" f="6" l="136" c="2" n="__type1818" t="7" d="1"/>
<D id="164" f="7" l="57" c="11" n="MCS" t="9" d="1"/>
<D id="165" f="7" l="48" c="11" n="UDS" t="9" d="1"/>
<D id="166" f="7" l="76" c="11" n="UINT8" t="9" d="1"/>
<D id="167" f="7" l="67" c="11" n="SCE" t="9" d="1"/>
<D id="168" f="1" l="45" c="14" n="__va_list" t="7" d="1"/>
<D id="169" f="6" l="146" c="2" n="__type1820" t="7" d="1"/>
<D id="170" f="7" l="58" c="11" n="CME" t="9" d="1"/>
<D id="171" f="6" l="77" c="11" n="TT" t="9" d="1"/>
<D id="172" f="7" l="49" c="11" n="ECM0" t="9" d="1"/>
<D id="173" f="7" l="86" c="11" n="UINT16" t="9" d="1"/>
<D id="174" f="16" l="42" c="5" n="main" t="2" d="1"/>
<D id="175" f="13" l="8" c="23" n="__PST__UINT16" t="7" d="1"/>
<D id="176" f="6" l="96" c="11" n="TIS" t="9" d="1"/>
<D id="177" f="13" l="42" c="6" n="__PST__g__54" t="6" d="1"/>
<D id="178" f="6" l="156" c="2" n="__type1833" t="7" d="1"/>
<D id="179" f="7" l="30" c="17" n="UDF" t="9" d="1"/>
<D id="180" f="7" l="119" c="2" n="__type2610" t="7" d="1"/>
<D id="181" f="7" l="82" c="14" n="BIT" t="9" d="1"/>
<D id="182" f="4" l="35" c="15" n="u0p16" t="7" d="1"/>
<D id="183" f="6" l="88" c="11" n="TX" t="9" d="1"/>
<D id="184" f="6" l="166" c="2" n="__type2002" t="7" d="1"/>
<D id="185" f="7" l="31" c="17" n="CSF" t="9" d="1"/>
<D id="186" f="7" l="97" c="11" n="CCR0" t="9" d="1"/>
<D id="187" f="13" l="6" c="25" n="__PST__SINT64" t="7" d="1"/>
<D id="188" f="7" l="92" c="14" n="BIT" t="9" d="1"/>
<D id="189" f="13" l="25" c="6" n="__PST__g__43" t="6" d="1"/>
<D id="190" f="11" l="18" c="5" n="Rte_Stub" t="2" d="1"/>
<D id="191" f="1" l="50" c="18" n="__gnuc_va_list" t="7" d="1"/>
<D id="192" f="9" l="22" c="17" n="fabsf" t="2" d="1"/>
<D id="193" f="6" l="176" c="2" n="__type2007" t="7" d="1"/>
<D id="194" f="7" l="98" c="11" n="dummy576" t="9" d="1"/>
<D id="195" f="13" l="90" c="6" n="__PST__g__35" t="6" d="1"/>
<D id="196" f="15" l="45" c="5" n="__PST__MAIN__ENTRY__POINT__" t="2" d="1"/>
<D id="197" f="7" l="99" c="11" n="CCR1" t="9" d="1"/>
<D id="198" f="6" l="62" c="17" n="PRERR" t="9" d="1"/>
<D id="199" f="13" l="81" c="7" n="__PST__g__30" t="6" d="1"/>
<D id="200" f="7" l="77" c="14" n="BIT" t="9" d="1"/>
<D id="201" f="13" l="37" c="6" n="__PST__g__52" t="6" d="1"/>
<D id="202" f="7" l="87" c="14" n="BIT" t="9" d="1"/>
<D id="203" f="6" l="92" c="17" n="RX" t="9" d="1"/>
<D id="204" f="13" l="75" c="6" n="__PST__g__28" t="6" d="1"/>
<D id="205" f="5" l="64" c="45" n="Rte_Instance" t="7" d="1"/>
<D id="206" f="7" l="29" c="17" n="OVF" t="9" d="1"/>
<D id="207" f="6" l="67" c="17" n="TE" t="9" d="1"/>
<D id="208" f="13" l="48" c="7" n="__PST__g__25" t="6" d="1"/>
<D id="209" f="1" l="49" c="18" n="va_list" t="7" d="1"/>
<D id="210" f="13" l="95" c="7" n="__PST__g__36" t="6" d="1"/>
<D id="211" f="7" l="100" c="11" n="dummy577" t="9" d="1"/>
<D id="212" f="6" l="110" c="11" n="MAS" t="9" d="1"/>
<D id="213" f="3" l="140" c="10" n="sw_patch_version" t="9" d="1"/>
<D id="214" f="6" l="101" c="11" n="CLOV" t="9" d="1"/>
<D id="215" f="7" l="110" c="11" n="dummy582" t="9" d="1"/>
<D id="216" f="7" l="101" c="11" n="CNT" t="9" d="1"/>
<D id="217" f="6" l="111" c="11" n="CCS" t="9" d="1"/>
<D id="218" f="6" l="130" c="20" n="BIT" t="9" d="1"/>
<D id="219" f="7" l="102" c="11" n="dummy578" t="9" d="1"/>
<D id="220" f="2" l="110" c="31" n="uint32" t="7" d="1"/>
<D id="221" f="6" l="112" c="11" n="CKS" t="9" d="1"/>
<D id="222" f="13" l="21" c="30" n="__PST__g__22" t="7" d="1"/>
<D id="223" f="12" l="12" c="21" n="wchar_t" t="7" d="1"/>
<D id="224" f="7" l="112" c="11" n="dummy583" t="9" d="1"/>
<D id="225" f="13" l="12" c="21" n="__PST__g__11" t="7" d="1"/>
<D id="226" f="13" l="20" c="22" n="__PST__g__23" t="7" d="1"/>
<D id="227" f="13" l="22" c="21" n="__PST__g__85" t="7" d="1"/>
<D id="228" f="7" l="104" c="11" n="dummy579" t="9" d="1"/>
<D id="229" f="7" l="103" c="21" n="FLG" t="9" d="1"/>
<D id="230" f="13" l="15" c="20" n="__PST__g__15" t="7" d="1"/>
<D id="231" f="2" l="112" c="31" n="sint8_least" t="7" d="1"/>
<D id="232" f="2" l="103" c="31" n="boolean" t="7" d="1"/>
<D id="233" f="7" l="114" c="11" n="dummy584" t="9" d="1"/>
<D id="234" f="13" l="23" c="21" n="__PST__g__86" t="7" d="1"/>
<D id="235" f="6" l="124" c="11" n="UINT8" t="9" d="1"/>
<D id="236" f="13" l="11" c="14" n="__PST__FLOAT32" t="7" d="1"/>
<D id="237" f="13" l="16" c="20" n="__PST__g__17" t="7" d="1"/>
<D id="238" f="2" l="113" c="31" n="uint8_least" t="7" d="1"/>
<D id="239" f="14" l="25" c="20" n="pst_random_int" t="3" d="1"/>
<D id="240" f="6" l="106" c="11" n="MD" t="9" d="1"/>
<D id="241" f="13" l="24" c="21" n="__PST__g__87" t="7" d="1"/>
<D id="242" f="3" l="136" c="10" n="vendorID" t="9" d="1"/>
<D id="243" f="7" l="106" c="11" n="dummy580" t="9" d="1"/>
<D id="244" f="15" l="25" c="20" n="pst_random_int" t="3" d="1"/>
<D id="245" f="6" l="125" c="20" n="BIT" t="9" d="1"/>
<D id="246" f="6" l="134" c="11" n="UINT8" t="9" d="1"/>
<D id="247" f="16" l="25" c="20" n="pst_random_int" t="3" d="1"/>
<D id="248" f="2" l="114" c="31" n="sint16_least" t="7" d="1"/>
<D id="249" f="6" l="116" c="11" n="PRS0" t="9" d="1"/>
<D id="250" f="2" l="105" c="31" n="sint8" t="7" d="1"/>
<D id="251" f="7" l="116" c="11" n="dummy585" t="9" d="1"/>
<D id="252" f="3" l="137" c="10" n="moduleID" t="9" d="1"/>
<D id="253" f="6" l="144" c="11" n="UINT8" t="9" d="1"/>
<D id="254" f="13" l="101" c="6" n="__PST__g__39" t="6" d="1"/>
<D id="255" f="14" l="71" c="30" n="x" t="4" d="1"/>
<D id="256" f="14" l="27" c="29" n="pst_random_g_2" t="3" d="1"/>
<D id="257" f="2" l="115" c="31" n="uint16_least" t="7" d="1"/>
<D id="258" f="6" l="117" c="11" n="PRS1" t="9" d="1"/>
<D id="259" f="13" l="35" c="21" n="__PST__g__88" t="7" d="1"/>
<D id="260" f="14" l="93" c="19" n="_main_gen_init_g52" t="2" d="1"/>
<D id="261" f="2" l="106" c="31" n="uint8" t="7" d="1"/>
<D id="262" f="6" l="108" c="11" n="COS" t="9" d="1"/>
<D id="263" f="6" l="140" c="14" n="BIT" t="9" d="1"/>
<D id="264" f="6" l="154" c="11" n="UINT16" t="9" d="1"/>
<D id="265" f="3" l="138" c="10" n="sw_major_version" t="9" d="1"/>
<D id="266" f="7" l="108" c="11" n="dummy581" t="9" d="1"/>
<D id="267" f="7" l="111" c="15" n="TT" t="9" d="1"/>
<D id="268" f="13" l="14" c="23" n="__PST__g__16" t="7" d="1"/>
<D id="269" f="14" l="61" c="13" n="_main_gen_init_g6" t="2" d="1"/>
<D id="270" f="3" l="132" c="14" n="Std_ReturnType" t="7" d="1"/>
<D id="271" f="7" l="107" c="21" n="TE" t="9" d="1"/>
<D id="272" f="14" l="28" c="29" n="pst_random_g_6" t="3" d="1"/>
<D id="273" f="2" l="116" c="31" n="sint32_least" t="7" d="1"/>
<D id="274" f="6" l="118" c="11" n="PRS2" t="9" d="1"/>
<D id="275" f="6" l="150" c="14" n="BIT" t="9" d="1"/>
<D id="276" f="6" l="155" c="20" n="BIT" t="9" d="1"/>
<D id="277" f="6" l="164" c="11" n="UINT8" t="9" d="1"/>
<D id="278" f="2" l="107" c="31" n="sint16" t="7" d="1"/>
<D id="279" f="3" l="125" c="22" n="StatusType" t="7" d="1"/>
<D id="280" f="6" l="109" c="11" n="STS" t="9" d="1"/>
<D id="281" f="7" l="118" c="11" n="dummy586" t="9" d="1"/>
<D id="282" f="3" l="139" c="10" n="sw_minor_version" t="9" d="1"/>
<D id="283" f="13" l="13" c="15" n="__PST__FLOAT64" t="7" d="1"/>
<D id="284" f="13" l="70" c="23" n="IOC1" t="9" d="1"/>
<D id="285" f="6" l="160" c="14" n="BIT" t="9" d="1"/>
<D id="286" f="6" l="174" c="11" n="UINT16" t="9" d="1"/>
<D id="287" f="14" l="53" c="13" n="_main_gen_init_g2" t="2" d="1"/>
<D id="288" f="2" l="117" c="31" n="uint32_least" t="7" d="1"/>
<D id="289" f="6" l="119" c="11" n="PRS3" t="9" d="1"/>
<D id="290" f="2" l="108" c="31" n="uint16" t="7" d="1"/>
<D id="291" f="13" l="74" c="21" n="__PST__g__26" t="7" d="1"/>
<D id="292" f="14" l="77" c="19" n="_main_gen_init_g45" t="2" d="1"/>
<D id="293" f="6" l="170" c="14" n="BIT" t="9" d="1"/>
<D id="294" f="7" l="113" c="15" n="IOC0" t="9" d="1"/>
<D id="295" f="13" l="36" c="22" n="__PST__g__90" t="7" d="1"/>
<D id="296" f="13" l="62" c="23" n="TS" t="9" d="1"/>
<D id="297" f="2" l="127" c="31" n="sint64" t="7" d="1"/>
<D id="298" f="6" l="129" c="11" n="UINT8" t="9" d="1"/>
<D id="299" f="13" l="47" c="21" n="__PST__g__89" t="7" d="1"/>
<D id="300" f="13" l="10" c="27" n="__PST__UINT64" t="7" d="1"/>
<D id="301" f="13" l="18" c="22" n="__PST__g__20" t="7" d="1"/>
<D id="302" f="14" l="160" c="5" n="_extern_init" t="2" d="1"/>
<D id="303" f="2" l="109" c="31" n="sint32" t="7" d="1"/>
<D id="304" f="14" l="29" c="30" n="pst_random_g_7" t="3" d="1"/>
<D id="305" f="6" l="139" c="11" n="UINT8" t="9" d="1"/>
<D id="306" f="13" l="17" c="23" n="__PST__g__18" t="7" d="1"/>
<D id="307" f="13" l="80" c="33" n="__PST__g__27" t="7" d="1"/>
<D id="308" f="14" l="69" c="19" n="_main_gen_init_g43" t="2" d="1"/>
<D id="309" f="2" l="128" c="31" n="uint64" t="7" d="1"/>
<D id="310" f="7" l="105" c="15" n="FGC" t="9" d="1"/>
<D id="311" f="13" l="123" c="6" n="__PST__g__47" t="6" d="1"/>
<D id="312" f="6" l="135" c="14" n="BIT" t="9" d="1"/>
<D id="313" f="6" l="149" c="11" n="UINT16" t="9" d="1"/>
<D id="314" f="13" l="113" c="7" n="__PST__g__44" t="6" d="1"/>
<D id="315" f="2" l="138" c="31" n="float32" t="7" d="1"/>
<D id="316" f="7" l="115" c="15" n="CTL" t="9" d="1"/>
<D id="317" f="7" l="122" c="62" n="ENCA1" t="1" d="0"/>
<D id="318" f="10" l="216" c="5" n="MotAg4MeasInit1" t="2" d="1"/>
<D id="319" f="13" l="64" c="23" n="TT" t="9" d="1"/>
<D id="320" f="14" l="95" c="30" n="x" t="4" d="1"/>
<D id="321" f="6" l="145" c="14" n="BIT" t="9" d="1"/>
<D id="322" f="6" l="159" c="11" n="UINT8" t="9" d="1"/>
<D id="323" f="13" l="32" c="17" n="__pst_unused_field_0" t="9" d="1"/>
<D id="324" f="13" l="83" c="23" n="__pst_unused_field_0" t="9" d="1"/>
<D id="325" f="13" l="19" c="32" n="__PST__g__21" t="7" d="1"/>
<D id="326" f="2" l="139" c="31" n="float64" t="7" d="1"/>
<D id="327" f="13" l="40" c="18" n="UINT16" t="9" d="1"/>
<D id="328" f="13" l="60" c="17" n="__pst_unused_field_10" t="9" d="1"/>
<D id="329" f="13" l="51" c="17" n="__pst_unused_field_1" t="9" d="1"/>
<D id="330" f="6" l="169" c="11" n="UINT16" t="9" d="1"/>
<D id="331" f="13" l="33" c="17" n="UINT8" t="9" d="1"/>
<D id="332" f="13" l="84" c="23" n="__pst_unused_field_1" t="9" d="1"/>
<D id="333" f="13" l="50" c="18" n="__pst_unused_field_0" t="9" d="1"/>
<D id="334" f="7" l="117" c="15" n="IOC1" t="9" d="1"/>
<D id="335" f="13" l="61" c="17" n="__pst_unused_field_11" t="9" d="1"/>
<D id="336" f="6" l="165" c="14" n="BIT" t="9" d="1"/>
<D id="337" f="13" l="85" c="23" n="__pst_unused_field_2" t="9" d="1"/>
<D id="338" f="13" l="71" c="17" n="__pst_unused_field_21" t="9" d="1"/>
<D id="339" f="14" l="79" c="30" n="x" t="4" d="1"/>
<D id="340" f="6" l="175" c="14" n="BIT" t="9" d="1"/>
<D id="341" f="7" l="109" c="15" n="TS" t="9" d="1"/>
<D id="342" f="13" l="53" c="17" n="__pst_unused_field_3" t="9" d="1"/>
<D id="343" f="14" l="85" c="14" n="_main_gen_init_g7" t="2" d="1"/>
<D id="344" f="12" l="383" c="4" n="errno" t="1" d="1"/>
<D id="345" f="13" l="44" c="17" n="__pst_unused_field_0" t="9" d="1"/>
<D id="346" f="13" l="89" c="21" n="__PST__g__34" t="7" d="1"/>
<D id="347" f="13" l="107" c="7" n="__PST__g__41" t="6" d="1"/>
<D id="348" f="13" l="52" c="18" n="__pst_unused_field_2" t="9" d="1"/>
<D id="349" f="13" l="63" c="17" n="__pst_unused_field_13" t="9" d="1"/>
<D id="350" f="13" l="68" c="23" n="CTL" t="9" d="1"/>
<D id="351" f="13" l="135" c="7" n="__PST__g__53" t="6" d="1"/>
<D id="352" f="14" l="23" c="28" n="pst_random_char" t="3" d="1"/>
<D id="353" f="10" l="157" c="5" n="GetMotAg4Mecl_Oper" t="2" d="1"/>
<D id="354" f="13" l="45" c="17" n="UINT8" t="9" d="1"/>
<D id="355" f="14" l="63" c="17" n="x" t="4" d="1"/>
<D id="356" f="15" l="23" c="28" n="pst_random_char" t="3" d="1"/>
<D id="357" f="13" l="27" c="17" n="__pst_unused_field_0" t="9" d="1"/>
<D id="358" f="16" l="23" c="28" n="pst_random_char" t="3" d="1"/>
<D id="359" f="13" l="55" c="17" n="__pst_unused_field_5" t="9" d="1"/>
<D id="360" f="13" l="92" c="17" n="__pst_unused_field_0" t="9" d="1"/>
<D id="361" f="14" l="55" c="17" n="x" t="4" d="1"/>
<D id="362" f="13" l="118" c="7" n="__PST__g__46" t="6" d="1"/>
<D id="363" f="13" l="28" c="17" n="UINT8" t="9" d="1"/>
<D id="364" f="13" l="54" c="18" n="CNT" t="9" d="1"/>
<D id="365" f="13" l="65" c="17" n="__pst_unused_field_15" t="9" d="1"/>
<D id="366" f="13" l="56" c="17" n="__pst_unused_field_6" t="9" d="1"/>
<D id="367" f="13" l="93" c="17" n="__pst_unused_field_1" t="9" d="1"/>
<D id="368" f="13" l="128" c="7" n="__PST__g__48" t="6" d="1"/>
<D id="369" f="13" l="66" c="17" n="__pst_unused_field_16" t="9" d="1"/>
<D id="370" f="13" l="57" c="17" n="__pst_unused_field_7" t="9" d="1"/>
<D id="371" f="10" l="166" c="7" n="MotAgMecl4Polarity_Uls_T_s08" t="4" d="1"/>
<D id="372" f="13" l="39" c="17" n="__pst_unused_field_0" t="9" d="1"/>
<D id="373" f="13" l="73" c="37" n="__PST__g__24" t="7" d="1"/>
<D id="374" f="10" l="165" c="8" n="EncATmrCntr_Cnt_T_u16" t="4" d="1"/>
<D id="375" f="13" l="67" c="17" n="__pst_unused_field_17" t="9" d="1"/>
<D id="376" f="13" l="58" c="17" n="__pst_unused_field_8" t="9" d="1"/>
<D id="377" f="13" l="86" c="17" n="__pst_unused_field_pstnonamef1" t="9" d="1"/>
<D id="378" f="13" l="88" c="34" n="__PST__g__29" t="7" d="1"/>
<D id="379" f="13" l="77" c="17" n="__pst_unused_field_0" t="9" d="1"/>
<D id="380" f="13" l="59" c="17" n="__pst_unused_field_9" t="9" d="1"/>
<D id="381" f="13" l="78" c="17" n="__pst_unused_field_1" t="9" d="1"/>
<D id="382" f="13" l="149" c="7" n="__PST__g__55" t="6" d="1"/>
<D id="383" f="13" l="69" c="17" n="__pst_unused_field_19" t="9" d="1"/>
<D id="384" f="13" l="97" c="17" n="__pst_unused_field_0" t="9" d="1"/>
<D id="385" f="13" l="98" c="17" n="__pst_unused_field_1" t="9" d="1"/>
<D id="386" f="14" l="87" c="18" n="x" t="4" d="1"/>
<D id="387" f="13" l="99" c="17" n="__pst_unused_field_pstnonamef1" t="9" d="1"/>
<D id="388" f="10" l="169" c="8" n="MotAg4Raw_Cnt_T_u0p16" t="4" d="1"/>
</Definitions>
<Uses>
<U id="1" f="10" l="232" c="9" d="334" a="0"/>
<U id="2" f="12" l="420" c="11" d="66" a="0"/>
<U id="3" f="10" l="232" c="29" d="261" a="0"/>
<U id="4" f="13" l="112" c="21" d="347" a="0"/>
<U id="5" f="14" l="113" c="11" d="308" a="0"/>
<U id="6" f="10" l="235" c="9" d="341" a="0"/>
<U id="7" f="10" l="226" c="9" d="267" a="0"/>
<U id="8" f="12" l="412" c="11" d="18" a="0"/>
<U id="9" f="14" l="114" c="11" d="292" a="0"/>
<U id="10" f="12" l="404" c="11" d="28" a="0"/>
<U id="11" f="13" l="106" c="20" d="254" a="0"/>
<U id="12" f="14" l="106" c="11" d="2" a="0"/>
<U id="13" f="10" l="184" c="9" d="35" a="0"/>
<U id="14" f="14" l="150" c="49" d="343" a="0"/>
<U id="15" f="10" l="235" c="29" d="261" a="0"/>
<U id="16" f="10" l="226" c="29" d="261" a="0"/>
<U id="17" f="10" l="229" c="9" d="316" a="0"/>
<U id="18" f="13" l="109" c="10" d="157" a="0"/>
<U id="19" f="14" l="115" c="12" d="260" a="0"/>
<U id="20" f="10" l="173" c="11" d="371" a="1"/>
<U id="21" f="14" l="126" c="11" d="112" a="0"/>
<U id="22" f="12" l="443" c="11" d="65" a="0"/>
<U id="23" f="14" l="136" c="11" d="373" a="0"/>
<U id="24" f="14" l="118" c="11" d="19" a="0"/>
<U id="25" f="14" l="117" c="12" d="343" a="0"/>
<U id="26" f="14" l="146" c="11" d="175" a="0"/>
<U id="27" f="14" l="105" c="14" d="269" a="0"/>
<U id="28" f="14" l="130" c="43" d="287" a="0"/>
<U id="29" f="14" l="116" c="13" d="1" a="0"/>
<U id="30" f="12" l="436" c="11" d="59" a="0"/>
<U id="31" f="14" l="140" c="16" d="29" a="0"/>
<U id="32" f="13" l="171" c="23" d="189" a="0"/>
<U id="33" f="12" l="428" c="11" d="68" a="0"/>
<U id="34" f="10" l="229" c="30" d="290" a="0"/>
<U id="35" f="10" l="189" c="9" d="35" a="0"/>
<U id="36" f="10" l="232" c="16" d="145" a="0"/>
<U id="37" f="10" l="235" c="14" d="246" a="0"/>
<U id="38" f="10" l="226" c="14" d="305" a="0"/>
<U id="39" f="14" l="103" c="17" d="177" a="0"/>
<U id="40" f="13" l="163" c="23" d="154" a="0"/>
<U id="41" f="10" l="172" c="33" d="216" a="0"/>
<U id="42" f="10" l="172" c="25" d="317" a="1"/>
<U id="43" f="10" l="173" c="43" d="127" a="0"/>
<U id="44" f="13" l="161" c="17" d="175" a="0"/>
<U id="45" f="10" l="157" c="24" d="182" a="0"/>
<U id="46" f="13" l="167" c="23" d="201" a="0"/>
<U id="47" f="10" l="229" c="15" d="173" a="0"/>
<U id="48" f="13" l="181" c="17" d="160" a="0"/>
<U id="49" f="13" l="169" c="23" d="177" a="0"/>
<U id="50" f="13" l="159" c="33" d="114" a="0"/>
<U id="51" f="13" l="165" c="17" d="157" a="0"/>
<U id="52" f="10" l="184" c="45" d="388" a="0"/>
<U id="53" f="13" l="175" c="17" d="114" a="0"/>
<U id="54" f="10" l="178" c="34" d="374" a="0"/>
<U id="55" f="10" l="184" c="27" d="290" a="0"/>
<U id="56" f="10" l="178" c="25" d="290" a="0"/>
<U id="57" f="13" l="177" c="17" d="112" a="0"/>
<U id="58" f="10" l="189" c="25" d="388" a="0"/>
<U id="59" f="5" l="80" c="0" d="270" a="0"/>
<U id="60" f="5" l="53" c="2" d="261" a="0"/>
<U id="61" f="6" l="50" c="4" d="261" a="0"/>
<U id="62" f="7" l="50" c="4" d="290" a="0"/>
<U id="63" f="7" l="51" c="4" d="290" a="0"/>
<U id="64" f="7" l="42" c="4" d="261" a="0"/>
<U id="65" f="6" l="43" c="4" d="261" a="0"/>
<U id="66" f="7" l="43" c="4" d="261" a="0"/>
<U id="67" f="7" l="71" c="4" d="261" a="0"/>
<U id="68" f="8" l="20" c="7" d="250" a="0"/>
<U id="69" f="7" l="62" c="4" d="261" a="0"/>
<U id="70" f="6" l="44" c="4" d="261" a="0"/>
<U id="71" f="7" l="53" c="4" d="290" a="0"/>
<U id="72" f="6" l="72" c="4" d="261" a="0"/>
<U id="73" f="7" l="81" c="4" d="261" a="0"/>
<U id="74" f="7" l="63" c="4" d="261" a="0"/>
<U id="75" f="6" l="45" c="4" d="261" a="0"/>
<U id="76" f="6" l="82" c="4" d="261" a="0"/>
<U id="77" f="7" l="54" c="4" d="290" a="0"/>
<U id="78" f="7" l="91" c="4" d="261" a="0"/>
<U id="79" f="7" l="82" c="4" d="86" a="0"/>
<U id="80" f="1" l="50" c="8" d="168" a="0"/>
<U id="81" f="7" l="36" c="4" d="261" a="0"/>
<U id="82" f="7" l="64" c="4" d="261" a="0"/>
<U id="83" f="6" l="46" c="4" d="261" a="0"/>
<U id="84" f="6" l="83" c="4" d="261" a="0"/>
<U id="85" f="7" l="55" c="4" d="290" a="0"/>
<U id="86" f="7" l="92" c="4" d="96" a="0"/>
<U id="87" f="8" l="23" c="7" d="182" a="0"/>
<U id="88" f="7" l="37" c="4" d="261" a="0"/>
<U id="89" f="7" l="65" c="4" d="261" a="0"/>
<U id="90" f="6" l="47" c="4" d="261" a="0"/>
<U id="91" f="7" l="66" c="4" d="261" a="0"/>
<U id="92" f="9" l="24" c="7" d="139" a="0"/>
<U id="93" f="6" l="48" c="4" d="261" a="0"/>
<U id="94" f="7" l="57" c="4" d="290" a="0"/>
<U id="95" f="7" l="48" c="4" d="290" a="0"/>
<U id="96" f="7" l="76" c="4" d="261" a="0"/>
<U id="97" f="7" l="67" c="4" d="261" a="0"/>
<U id="98" f="6" l="49" c="4" d="261" a="0"/>
<U id="99" f="7" l="58" c="4" d="290" a="0"/>
<U id="100" f="6" l="77" c="4" d="261" a="0"/>
<U id="101" f="7" l="49" c="4" d="290" a="0"/>
<U id="102" f="7" l="86" c="4" d="290" a="0"/>
<U id="103" f="7" l="77" c="4" d="95" a="0"/>
<U id="104" f="4" l="35" c="8" d="290" a="0"/>
<U id="105" f="6" l="96" c="4" d="261" a="0"/>
<U id="106" f="7" l="87" c="4" d="97" a="0"/>
<U id="107" f="1" l="84" c="7" d="209" a="0"/>
<U id="108" f="6" l="88" c="4" d="290" a="0"/>
<U id="109" f="7" l="97" c="4" d="290" a="0"/>
<U id="110" f="9" l="26" c="8" d="139" a="1"/>
<U id="111" f="7" l="98" c="4" d="261" a="0"/>
<U id="112" f="7" l="99" c="4" d="290" a="0"/>
<U id="113" f="1" l="49" c="8" d="168" a="0"/>
<U id="114" f="12" l="11277" c="9" d="110" a="0"/>
<U id="115" f="7" l="30" c="10" d="261" a="0"/>
<U id="116" f="9" l="22" c="9" d="315" a="0"/>
<U id="117" f="7" l="31" c="10" d="261" a="0"/>
<U id="118" f="14" l="61" c="0" d="157" a="0"/>
<U id="119" f="11" l="20" c="4" d="318" a="0"/>
<U id="120" f="7" l="100" c="4" d="261" a="0"/>
<U id="121" f="6" l="62" c="10" d="261" a="0"/>
<U id="122" f="6" l="110" c="4" d="290" a="0"/>
<U id="123" f="14" l="53" c="0" d="112" a="0"/>
<U id="124" f="11" l="21" c="4" d="353" a="0"/>
<U id="125" f="6" l="101" c="4" d="261" a="0"/>
<U id="126" f="7" l="110" c="4" d="261" a="0"/>
<U id="127" f="3" l="140" c="3" d="261" a="0"/>
<U id="128" f="7" l="101" c="4" d="290" a="0"/>
<U id="129" f="7" l="72" c="10" d="85" a="0"/>
<U id="130" f="6" l="111" c="4" d="290" a="0"/>
<U id="131" f="7" l="111" c="4" d="128" a="0"/>
<U id="132" f="7" l="102" c="4" d="261" a="0"/>
<U id="133" f="13" l="40" c="4" d="175" a="0"/>
<U id="134" f="6" l="92" c="10" d="290" a="0"/>
<U id="135" f="6" l="112" c="4" d="290" a="0"/>
<U id="136" f="7" l="112" c="4" d="261" a="0"/>
<U id="137" f="13" l="50" c="4" d="175" a="0"/>
<U id="138" f="6" l="140" c="4" d="100" a="0"/>
<U id="139" f="13" l="32" c="4" d="234" a="0"/>
<U id="140" f="13" l="60" c="4" d="234" a="0"/>
<U id="141" f="6" l="150" c="4" d="103" a="0"/>
<U id="142" f="7" l="29" c="10" d="261" a="0"/>
<U id="143" f="7" l="113" c="4" d="90" a="0"/>
<U id="144" f="13" l="51" c="4" d="227" a="0"/>
<U id="145" f="7" l="104" c="4" d="261" a="0"/>
<U id="146" f="9" l="22" c="23" d="315" a="0"/>
<U id="147" f="13" l="33" c="4" d="157" a="0"/>
<U id="148" f="5" l="64" c="21" d="93" a="0"/>
<U id="149" f="6" l="67" c="10" d="261" a="0"/>
<U id="150" f="1" l="84" c="39" d="209" a="0"/>
<U id="151" f="6" l="160" c="4" d="102" a="0"/>
<U id="152" f="13" l="61" c="4" d="241" a="0"/>
<U id="153" f="7" l="114" c="4" d="261" a="0"/>
<U id="154" f="13" l="52" c="4" d="175" a="0"/>
<U id="155" f="7" l="105" c="4" d="99" a="0"/>
<U id="156" f="14" l="85" c="0" d="175" a="0"/>
<U id="157" f="6" l="124" c="4" d="261" a="0"/>
<U id="158" f="6" l="170" c="4" d="125" a="0"/>
<U id="159" f="13" l="71" c="4" d="299" a="0"/>
<U id="160" f="6" l="106" c="4" d="290" a="0"/>
<U id="161" f="7" l="115" c="4" d="101" a="0"/>
<U id="162" f="13" l="53" c="4" d="227" a="0"/>
<U id="163" f="7" l="106" c="4" d="261" a="0"/>
<U id="164" f="13" l="20" c="8" d="112" a="0"/>
<U id="165" f="13" l="44" c="4" d="234" a="0"/>
<U id="166" f="3" l="136" c="3" d="290" a="0"/>
<U id="167" f="6" l="134" c="4" d="261" a="0"/>
<U id="168" f="6" l="116" c="4" d="290" a="0"/>
<U id="169" f="13" l="63" c="4" d="241" a="0"/>
<U id="170" f="14" l="81" c="4" d="339" a="1"/>
<U id="171" f="7" l="116" c="4" d="261" a="0"/>
<U id="172" f="13" l="54" c="4" d="175" a="0"/>
<U id="173" f="6" l="144" c="4" d="261" a="0"/>
<U id="174" f="9" l="29" c="12" d="139" a="0"/>
<U id="175" f="13" l="45" c="4" d="157" a="0"/>
<U id="176" f="14" l="63" c="4" d="157" a="0"/>
<U id="177" f="3" l="137" c="3" d="290" a="0"/>
<U id="178" f="6" l="135" c="4" d="89" a="0"/>
<U id="179" f="13" l="12" c="8" d="122" a="0"/>
<U id="180" f="5" l="125" c="5" d="353" a="0"/>
<U id="181" f="13" l="27" c="4" d="234" a="0"/>
<U id="182" f="6" l="117" c="4" d="290" a="0"/>
<U id="183" f="6" l="108" c="4" d="290" a="0"/>
<U id="184" f="6" l="154" c="4" d="290" a="0"/>
<U id="185" f="7" l="117" c="4" d="92" a="0"/>
<U id="186" f="13" l="55" c="4" d="227" a="0"/>
<U id="187" f="14" l="73" c="4" d="255" a="1"/>
<U id="188" f="6" l="145" c="4" d="94" a="0"/>
<U id="189" f="7" l="108" c="4" d="261" a="0"/>
<U id="190" f="13" l="22" c="8" d="112" a="0"/>
<U id="191" f="13" l="92" c="4" d="234" a="0"/>
<U id="192" f="3" l="138" c="3" d="261" a="0"/>
<U id="193" f="14" l="55" c="4" d="112" a="0"/>
<U id="194" f="13" l="28" c="4" d="157" a="0"/>
<U id="195" f="6" l="118" c="4" d="290" a="0"/>
<U id="196" f="6" l="164" c="4" d="261" a="0"/>
<U id="197" f="5" l="80" c="62" d="250" a="0"/>
<U id="198" f="13" l="65" c="4" d="241" a="0"/>
<U id="199" f="6" l="109" c="4" d="290" a="0"/>
<U id="200" f="7" l="118" c="4" d="261" a="0"/>
<U id="201" f="9" l="26" c="15" d="139" a="0"/>
<U id="202" f="13" l="56" c="4" d="234" a="0"/>
<U id="203" f="7" l="109" c="4" d="163" a="0"/>
<U id="204" f="13" l="23" c="8" d="112" a="0"/>
<U id="205" f="13" l="93" c="4" d="157" a="0"/>
<U id="206" f="14" l="65" c="4" d="355" a="1"/>
<U id="207" f="3" l="132" c="8" d="261" a="0"/>
<U id="208" f="3" l="139" c="3" d="261" a="0"/>
<U id="209" f="15" l="50" c="8" d="174" a="0"/>
<U id="210" f="13" l="14" c="8" d="175" a="0"/>
<U id="211" f="6" l="174" c="4" d="290" a="0"/>
<U id="212" f="14" l="81" c="6" d="331" a="0"/>
<U id="213" f="6" l="119" c="4" d="290" a="0"/>
<U id="214" f="6" l="165" c="4" d="118" a="0"/>
<U id="215" f="13" l="66" c="4" d="234" a="0"/>
<U id="216" f="13" l="57" c="4" d="241" a="0"/>
<U id="217" f="13" l="24" c="8" d="112" a="0"/>
<U id="218" f="13" l="15" c="8" d="122" a="0"/>
<U id="219" f="13" l="39" c="4" d="295" a="0"/>
<U id="220" f="14" l="57" c="4" d="361" a="1"/>
<U id="221" f="6" l="129" c="4" d="261" a="0"/>
<U id="222" f="6" l="175" c="4" d="113" a="0"/>
<U id="223" f="13" l="67" c="4" d="259" a="0"/>
<U id="224" f="14" l="73" c="6" d="363" a="0"/>
<U id="225" f="13" l="58" c="4" d="234" a="0"/>
<U id="226" f="6" l="139" c="4" d="261" a="0"/>
<U id="227" f="5" l="138" c="5" d="318" a="0"/>
<U id="228" f="13" l="16" c="8" d="122" a="0"/>
<U id="229" f="13" l="86" c="4" d="157" a="0"/>
<U id="230" f="13" l="77" c="4" d="234" a="0"/>
<U id="231" f="13" l="35" c="8" d="112" a="0"/>
<U id="232" f="13" l="59" c="4" d="241" a="0"/>
<U id="233" f="6" l="149" c="4" d="290" a="0"/>
<U id="234" f="13" l="17" c="8" d="283" a="0"/>
<U id="235" f="14" l="93" c="6" d="201" a="0"/>
<U id="236" f="13" l="78" c="4" d="157" a="0"/>
<U id="237" f="13" l="69" c="4" d="227" a="0"/>
<U id="238" f="14" l="87" c="4" d="175" a="0"/>
<U id="239" f="6" l="159" c="4" d="261" a="0"/>
<U id="240" f="13" l="36" c="8" d="123" a="0"/>
<U id="241" f="13" l="97" c="4" d="157" a="0"/>
<U id="242" f="13" l="18" c="8" d="225" a="0"/>
<U id="243" f="14" l="97" c="4" d="320" a="1"/>
<U id="244" f="6" l="169" c="4" d="290" a="0"/>
<U id="245" f="13" l="74" c="8" d="157" a="0"/>
<U id="246" f="13" l="98" c="4" d="157" a="0"/>
<U id="247" f="13" l="47" c="8" d="112" a="0"/>
<U id="248" f="14" l="65" c="8" d="272" a="0"/>
<U id="249" f="14" l="77" c="6" d="154" a="0"/>
<U id="250" f="14" l="89" c="4" d="386" a="1"/>
<U id="251" f="13" l="99" c="4" d="157" a="0"/>
<U id="252" f="14" l="57" c="8" d="256" a="0"/>
<U id="253" f="14" l="69" c="6" d="189" a="0"/>
<U id="254" f="14" l="97" c="6" d="327" a="0"/>
<U id="255" f="15" l="48" c="8" d="122" a="0"/>
<U id="256" f="13" l="89" c="8" d="157" a="0"/>
<U id="257" f="14" l="89" c="8" d="304" a="0"/>
<U id="258" f="6" l="130" c="10" d="98" a="0"/>
<U id="259" f="7" l="103" c="10" d="88" a="0"/>
<U id="260" f="13" l="70" c="10" d="177" a="0"/>
<U id="261" f="10" l="232" c="1" d="317" a="1"/>
<U id="262" f="13" l="110" c="4" d="157" a="0"/>
<U id="263" f="13" l="62" c="10" d="189" a="0"/>
<U id="264" f="13" l="120" c="4" d="157" a="0"/>
<U id="265" f="6" l="125" c="10" d="87" a="0"/>
<U id="266" f="13" l="80" c="20" d="204" a="0"/>
<U id="267" f="14" l="111" c="4" d="373" a="0"/>
<U id="268" f="7" l="107" c="10" d="119" a="0"/>
<U id="269" f="13" l="130" c="4" d="157" a="0"/>
<U id="270" f="13" l="121" c="4" d="157" a="0"/>
<U id="271" f="13" l="64" c="10" d="154" a="0"/>
<U id="272" f="10" l="172" c="1" d="374" a="1"/>
<U id="273" f="16" l="54" c="19" d="122" a="0"/>
<U id="274" f="13" l="103" c="4" d="234" a="0"/>
<U id="275" f="14" l="90" c="11" d="386" a="0"/>
<U id="276" f="10" l="235" c="1" d="317" a="1"/>
<U id="277" f="13" l="140" c="4" d="175" a="0"/>
<U id="278" f="13" l="83" c="10" d="157" a="0"/>
<U id="279" f="10" l="226" c="1" d="317" a="1"/>
<U id="280" f="13" l="131" c="4" d="157" a="0"/>
<U id="281" f="11" l="21" c="24" d="147" a="1"/>
<U id="282" f="6" l="155" c="10" d="91" a="0"/>
<U id="283" f="13" l="104" c="4" d="157" a="0"/>
<U id="284" f="14" l="101" c="6" d="177" a="0"/>
<U id="285" f="14" l="109" c="0" d="373" a="0"/>
<U id="286" f="16" l="52" c="12" d="247" a="0"/>
<U id="287" f="14" l="113" c="4" d="19" a="1"/>
<U id="288" f="13" l="84" c="10" d="157" a="0"/>
<U id="289" f="14" l="82" c="11" d="339" a="0"/>
<U id="290" f="13" l="141" c="4" d="175" a="0"/>
<U id="291" f="13" l="132" c="4" d="157" a="0"/>
<U id="292" f="13" l="85" c="10" d="157" a="0"/>
<U id="293" f="10" l="165" c="1" d="290" a="0"/>
<U id="294" f="13" l="151" c="4" d="157" a="0"/>
<U id="295" f="14" l="114" c="4" d="19" a="1"/>
<U id="296" f="14" l="74" c="11" d="255" a="0"/>
<U id="297" f="13" l="142" c="4" d="175" a="0"/>
<U id="298" f="14" l="105" c="4" d="2" a="1"/>
<U id="299" f="7" l="122" c="51" d="180" a="0"/>
<U id="300" f="16" l="46" c="11" d="247" a="0"/>
<U id="301" f="13" l="115" c="4" d="157" a="0"/>
<U id="302" f="10" l="166" c="1" d="250" a="0"/>
<U id="303" f="13" l="152" c="4" d="157" a="0"/>
<U id="304" f="14" l="115" c="4" d="19" a="1"/>
<U id="305" f="13" l="68" c="10" d="201" a="0"/>
<U id="306" f="14" l="66" c="11" d="355" a="0"/>
<U id="307" f="13" l="143" c="4" d="175" a="0"/>
<U id="308" f="10" l="229" c="1" d="317" a="1"/>
<U id="309" f="15" l="48" c="20" d="174" a="0"/>
<U id="310" f="13" l="15" c="33" d="268" a="0"/>
<U id="311" f="13" l="125" c="4" d="234" a="0"/>
<U id="312" f="10" l="181" c="4" d="371" a="0"/>
<U id="313" f="16" l="54" c="31" d="190" a="0"/>
<U id="314" f="13" l="116" c="4" d="157" a="0"/>
<U id="315" f="14" l="113" c="6" d="296" a="0"/>
<U id="316" f="13" l="21" c="17" d="226" a="0"/>
<U id="317" f="13" l="153" c="4" d="157" a="0"/>
<U id="318" f="14" l="116" c="4" d="19" a="1"/>
<U id="319" f="14" l="171" c="4" d="10" a="0"/>
<U id="320" f="14" l="58" c="11" d="361" a="0"/>
<U id="321" f="13" l="144" c="4" d="175" a="0"/>
<U id="322" f="14" l="81" c="14" d="269" a="0"/>
<U id="323" f="16" l="56" c="12" d="190" a="0"/>
<U id="324" f="13" l="126" c="4" d="157" a="0"/>
<U id="325" f="14" l="23" c="16" d="116" a="0"/>
<U id="326" f="14" l="114" c="6" d="319" a="0"/>
<U id="327" f="15" l="23" c="16" d="116" a="0"/>
<U id="328" f="14" l="105" c="6" d="354" a="0"/>
<U id="329" f="5" l="125" c="24" d="182" a="0"/>
<U id="330" f="14" l="130" c="8" d="44" a="1"/>
<U id="331" f="13" l="154" c="4" d="157" a="0"/>
<U id="332" f="14" l="117" c="4" d="19" a="1"/>
<U id="333" f="16" l="23" c="16" d="116" a="0"/>
<U id="334" f="13" l="145" c="4" d="175" a="0"/>
<U id="335" f="14" l="73" c="14" d="269" a="0"/>
<U id="336" f="14" l="115" c="6" d="350" a="0"/>
<U id="337" f="10" l="178" c="1" d="388" a="1"/>
<U id="338" f="14" l="140" c="8" d="48" a="1"/>
<U id="339" f="10" l="169" c="1" d="290" a="0"/>
<U id="340" f="13" l="155" c="4" d="157" a="0"/>
<U id="341" f="13" l="73" c="24" d="208" a="0"/>
<U id="342" f="13" l="146" c="4" d="175" a="0"/>
<U id="343" f="13" l="137" c="4" d="175" a="0"/>
<U id="344" f="14" l="116" c="6" d="284" a="0"/>
<U id="345" f="14" l="150" c="8" d="63" a="1"/>
<U id="346" f="14" l="98" c="11" d="320" a="0"/>
<U id="347" f="13" l="88" c="21" d="199" a="0"/>
<U id="348" f="13" l="156" c="4" d="157" a="0"/>
<U id="349" f="13" l="160" c="8" d="373" a="0"/>
<U id="350" f="13" l="147" c="4" d="175" a="0"/>
<U id="351" f="14" l="165" c="4" d="4" a="0"/>
<U id="352" f="13" l="138" c="4" d="175" a="0"/>
<U id="353" f="14" l="71" c="17" d="189" a="0"/>
<U id="354" f="14" l="117" c="6" d="364" a="0"/>
<U id="355" f="14" l="27" c="16" d="112" a="0"/>
<U id="356" f="13" l="170" c="8" d="81" a="0"/>
<U id="357" f="13" l="139" c="4" d="175" a="0"/>
<U id="358" f="13" l="134" c="8" d="157" a="0"/>
<U id="359" f="14" l="28" c="16" d="157" a="0"/>
<U id="360" f="13" l="180" c="8" d="160" a="0"/>
<U id="361" f="13" l="162" c="8" d="8" a="0"/>
<U id="362" f="14" l="29" c="16" d="175" a="0"/>
<U id="363" f="13" l="19" c="17" d="283" a="0"/>
<U id="364" f="13" l="172" c="8" d="62" a="0"/>
<U id="365" f="14" l="168" c="4" d="7" a="0"/>
<U id="366" f="13" l="173" c="8" d="237" a="0"/>
<U id="367" f="13" l="164" c="8" d="71" a="0"/>
<U id="368" f="14" l="97" c="15" d="343" a="0"/>
<U id="369" f="13" l="174" c="8" d="230" a="0"/>
<U id="370" f="14" l="95" c="17" d="201" a="0"/>
<U id="371" f="13" l="166" c="8" d="20" a="0"/>
<U id="372" f="13" l="176" c="8" d="112" a="0"/>
<U id="373" f="14" l="79" c="17" d="154" a="0"/>
<U id="374" f="13" l="158" c="8" d="157" a="0"/>
<U id="375" f="13" l="168" c="8" d="79" a="0"/>
<U id="376" f="13" l="159" c="8" d="122" a="0"/>
<U id="377" f="13" l="178" c="8" d="157" a="0"/>
<U id="378" f="13" l="179" c="8" d="114" a="0"/>
</Uses>
<Blocks>
<B id="1" t="routine" f="11" l="18" c="5">
<BEGIN l="19" c="0"/>
<END l="22" c="0"/>
</B>
<B id="2" t="ppcif" f="17" l="13" c="0">
<BEGIN l="13" c="16"/>
<END l="133" c="0"/>
</B>
<B id="3" t="ppcrmif" f="17" l="14" c="0">
<BEGIN l="14" c="14"/>
<END l="16" c="0"/>
</B>
<B id="4" t="ppcif" f="17" l="18" c="0">
<BEGIN l="18" c="23"/>
<END l="129" c="0"/>
</B>
<B id="5" t="ppcrmif" f="17" l="25" c="0">
<BEGIN l="25" c="70"/>
<END l="27" c="0"/>
</B>
<B id="6" t="ppcelse" f="17" l="27" c="0">
<BEGIN l="27" c="5"/>
<END l="29" c="0"/>
</B>
<B id="7" t="ppcrmif" f="17" l="31" c="0">
<BEGIN l="31" c="67"/>
<END l="32" c="0"/>
</B>
<B id="8" t="ppcrmelif" f="17" l="32" c="0">
<BEGIN l="32" c="5"/>
<END l="35" c="0"/>
</B>
<B id="9" t="ppcrmelif" f="17" l="35" c="0">
<BEGIN l="35" c="5"/>
<END l="40" c="0"/>
</B>
<B id="10" t="ppcrmelse" f="17" l="40" c="0">
<BEGIN l="40" c="5"/>
<END l="42" c="0"/>
</B>
<B id="11" t="ppcrmif" f="17" l="54" c="0">
<BEGIN l="54" c="23"/>
<END l="55" c="0"/>
</B>
<B id="12" t="ppcrmelif" f="17" l="55" c="0">
<BEGIN l="55" c="5"/>
<END l="76" c="0"/>
</B>
<B id="13" t="ppcrmelse" f="17" l="76" c="0">
<BEGIN l="76" c="26"/>
<END l="123" c="0"/>
</B>
<B id="14" t="ppcrmif" f="17" l="89" c="0">
<BEGIN l="89" c="51"/>
<END l="100" c="0"/>
</B>
<B id="15" t="ppcrmelif" f="17" l="100" c="0">
<BEGIN l="100" c="5"/>
<END l="110" c="0"/>
</B>
<B id="16" t="ppcrmelse" f="17" l="110" c="0">
<BEGIN l="110" c="62"/>
<END l="121" c="0"/>
</B>
<B id="17" t="ppcif" f="17" l="125" c="0">
<BEGIN l="125" c="19"/>
<END l="127" c="0"/>
</B>
<B id="18" t="ppcrmif" f="17" l="130" c="0">
<BEGIN l="130" c="14"/>
<END l="132" c="0"/>
</B>
<B id="19" t="else" f="10" l="186" c="1">
<BEGIN l="187" c="1"/>
<END l="190" c="1"/>
</B>
<B id="20" t="if" f="10" l="181" c="1">
<BEGIN l="182" c="1"/>
<END l="185" c="1"/>
<ELSE d="19"/>
</B>
<B id="21" t="routine" f="10" l="157" c="5">
<BEGIN l="158" c="0"/>
<END l="195" c="0"/>
<SUB d="20"/>
</B>
<B id="22" t="routine" f="10" l="216" c="5">
<BEGIN l="217" c="0"/>
<END l="240" c="0"/>
</B>
<B id="23" t="ppcif" f="18" l="15" c="0">
<BEGIN l="15" c="27"/>
<END l="330" c="0"/>
</B>
<B id="24" t="ppcif" f="18" l="25" c="0">
<BEGIN l="25" c="19"/>
<END l="155" c="0"/>
</B>
<B id="25" t="ppcrmif" f="18" l="46" c="0">
<BEGIN l="46" c="93"/>
<END l="91" c="0"/>
</B>
<B id="26" t="ppcrmif" f="18" l="94" c="0">
<BEGIN l="94" c="91"/>
<END l="153" c="0"/>
</B>
<B id="27" t="ppcrmelse" f="18" l="155" c="0">
<BEGIN l="155" c="35"/>
<END l="328" c="0"/>
</B>
<B id="28" t="ppcif" f="19" l="11" c="0">
<BEGIN l="11" c="27"/>
<END l="36" c="0"/>
</B>
<B id="29" t="ppcrmif" f="19" l="14" c="0">
<BEGIN l="14" c="19"/>
<END l="29" c="0"/>
</B>
<B id="30" t="ppcelse" f="19" l="29" c="0">
<BEGIN l="29" c="5"/>
<END l="33" c="0"/>
</B>
<B id="31" t="ppcif" f="1" l="22" c="0">
<BEGIN l="22" c="17"/>
<END l="109" c="0"/>
</B>
<B id="32" t="ppcrmif" f="1" l="39" c="0">
<BEGIN l="39" c="66"/>
<END l="43" c="0"/>
</B>
<B id="33" t="ppcelse" f="1" l="43" c="0">
<BEGIN l="43" c="60"/>
<END l="47" c="0"/>
</B>
<B id="34" t="ppcrmif" f="1" l="52" c="0">
<BEGIN l="52" c="18"/>
<END l="58" c="0"/>
</B>
<B id="35" t="ppcrmif" f="1" l="62" c="0">
<BEGIN l="62" c="33"/>
<END l="80" c="0"/>
</B>
<B id="36" t="ppcelse" f="1" l="80" c="0">
<BEGIN l="80" c="31"/>
<END l="93" c="0"/>
</B>
<B id="37" t="ppcrmif" f="1" l="96" c="0">
<BEGIN l="96" c="14"/>
<END l="106" c="0"/>
</B>
<B id="38" t="ppcif" f="20" l="3" c="0">
<BEGIN l="3" c="29"/>
<END l="348" c="0"/>
</B>
<B id="39" t="ppcif" f="20" l="61" c="0">
<BEGIN l="63" c="27"/>
<END l="66" c="0"/>
</B>
<B id="40" t="ppcrmif" f="20" l="165" c="0">
<BEGIN l="165" c="17"/>
<END l="206" c="0"/>
</B>
<B id="41" t="ppcrmif" f="20" l="209" c="0">
<BEGIN l="209" c="37"/>
<END l="211" c="0"/>
</B>
<B id="42" t="ppcrmif" f="20" l="213" c="0">
<BEGIN l="213" c="44"/>
<END l="321" c="0"/>
</B>
<B id="43" t="ppcif" f="20" l="323" c="0">
<BEGIN l="323" c="18"/>
<END l="346" c="0"/>
</B>
<B id="44" t="ppcrmif" f="20" l="326" c="0">
<BEGIN l="326" c="18"/>
<END l="328" c="0"/>
</B>
<B id="45" t="ppcrmif" f="20" l="329" c="0">
<BEGIN l="329" c="63"/>
<END l="331" c="0"/>
</B>
<B id="46" t="ppcrmif" f="20" l="332" c="0">
<BEGIN l="332" c="64"/>
<END l="334" c="0"/>
</B>
<B id="47" t="ppcrmif" f="20" l="335" c="0">
<BEGIN l="335" c="16"/>
<END l="340" c="0"/>
</B>
<B id="48" t="ppcif" f="20" l="343" c="0">
<BEGIN l="343" c="57"/>
<END l="345" c="0"/>
</B>
<B id="49" t="type" f="5" l="50" c="7">
<BEGIN l="50" c="28"/>
<END l="54" c="0"/>
</B>
<B id="50" t="ppcrmif" f="5" l="27" c="0">
<BEGIN l="27" c="35"/>
<END l="29" c="0"/>
</B>
<B id="51" t="ppcif" f="5" l="31" c="0">
<BEGIN l="31" c="38"/>
<END l="33" c="0"/>
</B>
<B id="52" t="ppcrmif" f="5" l="35" c="0">
<BEGIN l="35" c="19"/>
<END l="38" c="0"/>
</B>
<B id="53" t="ppcrmif" f="5" l="143" c="0">
<BEGIN l="143" c="19"/>
<END l="145" c="0"/>
</B>
<B id="54" t="ppcif" f="5" l="24" c="0">
<BEGIN l="24" c="29"/>
<END l="147" c="0"/>
</B>
<B id="55" t="ppcif" f="21" l="24" c="0">
<BEGIN l="24" c="34"/>
<END l="39" c="0"/>
</B>
<B id="56" t="ppcrmif" f="21" l="27" c="0">
<BEGIN l="27" c="19"/>
<END l="30" c="0"/>
</B>
<B id="57" t="ppcrmif" f="21" l="35" c="0">
<BEGIN l="35" c="19"/>
<END l="37" c="0"/>
</B>
<B id="58" t="ppcif" f="4" l="24" c="0">
<BEGIN l="24" c="19"/>
<END l="37" c="0"/>
</B>
<B id="59" t="ppcif" f="22" l="25" c="0">
<BEGIN l="25" c="14"/>
<END l="96" c="0"/>
</B>
<B id="60" t="ppcrmif" f="22" l="41" c="0">
<BEGIN l="41" c="33"/>
<END l="43" c="0"/>
</B>
<B id="61" t="ppcrmif" f="22" l="45" c="0">
<BEGIN l="45" c="46"/>
<END l="47" c="0"/>
</B>
<B id="62" t="ppcrmif" f="22" l="49" c="0">
<BEGIN l="49" c="28"/>
<END l="51" c="0"/>
</B>
<B id="63" t="type" f="3" l="135" c="0">
<BEGIN l="135" c="0"/>
<END l="141" c="0"/>
</B>
<B id="64" t="ppcif" f="3" l="56" c="0">
<BEGIN l="56" c="19"/>
<END l="154" c="0"/>
</B>
<B id="65" t="ppcif" f="3" l="122" c="0">
<BEGIN l="122" c="26"/>
<END l="126" c="0"/>
</B>
<B id="66" t="ppcif" f="2" l="43" c="0">
<BEGIN l="43" c="24"/>
<END l="150" c="0"/>
</B>
<B id="67" t="ppcif" f="2" l="81" c="0">
<BEGIN l="81" c="13"/>
<END l="83" c="0"/>
</B>
<B id="68" t="ppcif" f="2" l="85" c="0">
<BEGIN l="85" c="14"/>
<END l="87" c="0"/>
</B>
<B id="69" t="ppcrmif" f="2" l="119" c="0">
<BEGIN l="119" c="46"/>
<END l="125" c="0"/>
</B>
<B id="70" t="ppcelse" f="2" l="125" c="0">
<BEGIN l="125" c="6"/>
<END l="129" c="0"/>
</B>
<B id="71" t="ppcrmif" f="2" l="131" c="0">
<BEGIN l="131" c="46"/>
<END l="137" c="0"/>
</B>
<B id="72" t="ppcelse" f="2" l="137" c="0">
<BEGIN l="137" c="6"/>
<END l="140" c="0"/>
</B>
<B id="73" t="ppcif" f="23" l="43" c="0">
<BEGIN l="43" c="18"/>
<END l="202" c="0"/>
</B>
<B id="74" t="ppcif" f="23" l="88" c="0">
<BEGIN l="88" c="17"/>
<END l="90" c="0"/>
</B>
<B id="75" t="ppcif" f="24" l="19" c="0">
<BEGIN l="19" c="22"/>
<END l="23" c="0"/>
</B>
<B id="76" t="ppcif" f="25" l="19" c="0">
<BEGIN l="19" c="26"/>
<END l="23" c="0"/>
</B>
<B id="77" t="ppcif" f="26" l="24" c="0">
<BEGIN l="24" c="31"/>
<END l="27" c="0"/>
</B>
<B id="78" t="ppcif" f="27" l="19" c="0">
<BEGIN l="19" c="16"/>
<END l="24" c="0"/>
</B>
<B id="79" t="ppcif" f="28" l="53" c="0">
<BEGIN l="53" c="36"/>
<END l="57" c="0"/>
</B>
<B id="80" t="ppcrmif" f="28" l="67" c="0">
<BEGIN l="67" c="49"/>
<END l="71" c="0"/>
</B>
<B id="81" t="ppcrmif" f="28" l="81" c="0">
<BEGIN l="81" c="54"/>
<END l="85" c="0"/>
</B>
<B id="82" t="ppcrmif" f="28" l="95" c="0">
<BEGIN l="95" c="52"/>
<END l="99" c="0"/>
</B>
<B id="83" t="ppcrmif" f="28" l="109" c="0">
<BEGIN l="109" c="57"/>
<END l="113" c="0"/>
</B>
<B id="84" t="ppcif" f="28" l="125" c="0">
<BEGIN l="125" c="35"/>
<END l="129" c="0"/>
</B>
<B id="85" t="ppcrmif" f="28" l="139" c="0">
<BEGIN l="139" c="48"/>
<END l="143" c="0"/>
</B>
<B id="86" t="ppcrmif" f="28" l="153" c="0">
<BEGIN l="153" c="53"/>
<END l="157" c="0"/>
</B>
<B id="87" t="ppcrmif" f="28" l="167" c="0">
<BEGIN l="167" c="51"/>
<END l="171" c="0"/>
</B>
<B id="88" t="ppcrmif" f="28" l="181" c="0">
<BEGIN l="181" c="56"/>
<END l="185" c="0"/>
</B>
<B id="89" t="ppcif" f="8" l="12" c="0">
<BEGIN l="12" c="19"/>
<END l="41" c="0"/>
</B>
<B id="90" t="ppcif" f="8" l="28" c="0">
<BEGIN l="28" c="38"/>
<END l="30" c="0"/>
</B>
<B id="91" t="ppcrmelse" f="8" l="30" c="0">
<BEGIN l="30" c="5"/>
<END l="32" c="0"/>
</B>
<B id="92" t="if" f="9" l="24" c="4">
<BEGIN l="25" c="4"/>
<END l="27" c="4"/>
</B>
<B id="93" t="routine" f="9" l="22" c="17">
<BEGIN l="23" c="0"/>
<END l="30" c="0"/>
<SUB d="92"/>
</B>
<B id="94" t="ppcif" f="29" l="26" c="0">
<BEGIN l="26" c="24"/>
<END l="31" c="0"/>
</B>
<B id="95" t="type" f="7" l="28" c="0">
<BEGIN l="28" c="0"/>
<END l="33" c="0"/>
</B>
<B id="96" t="type" f="7" l="35" c="0">
<BEGIN l="35" c="0"/>
<END l="39" c="0"/>
</B>
<B id="97" t="type" f="7" l="41" c="0">
<BEGIN l="41" c="0"/>
<END l="45" c="0"/>
</B>
<B id="98" t="type" f="7" l="47" c="0">
<BEGIN l="47" c="0"/>
<END l="59" c="0"/>
</B>
<B id="99" t="type" f="7" l="61" c="0">
<BEGIN l="61" c="0"/>
<END l="68" c="0"/>
</B>
<B id="100" t="type" f="7" l="70" c="0">
<BEGIN l="70" c="0"/>
<END l="73" c="0"/>
</B>
<B id="101" t="type" f="7" l="75" c="0">
<BEGIN l="75" c="0"/>
<END l="78" c="0"/>
</B>
<B id="102" t="type" f="7" l="80" c="0">
<BEGIN l="80" c="0"/>
<END l="83" c="0"/>
</B>
<B id="103" t="type" f="7" l="85" c="0">
<BEGIN l="85" c="0"/>
<END l="88" c="0"/>
</B>
<B id="104" t="type" f="7" l="90" c="0">
<BEGIN l="90" c="0"/>
<END l="93" c="0"/>
</B>
<B id="105" t="type" f="7" l="96" c="0">
<BEGIN l="96" c="0"/>
<END l="119" c="0"/>
</B>
<B id="106" t="ppcif" f="7" l="17" c="0">
<BEGIN l="17" c="19"/>
<END l="193" c="0"/>
</B>
<B id="107" t="type" f="6" l="42" c="0">
<BEGIN l="42" c="0"/>
<END l="51" c="0"/>
</B>
<B id="108" t="type" f="6" l="61" c="0">
<BEGIN l="61" c="0"/>
<END l="64" c="0"/>
</B>
<B id="109" t="type" f="6" l="66" c="0">
<BEGIN l="66" c="0"/>
<END l="69" c="0"/>
</B>
<B id="110" t="type" f="6" l="71" c="0">
<BEGIN l="71" c="0"/>
<END l="74" c="0"/>
</B>
<B id="111" t="type" f="6" l="76" c="0">
<BEGIN l="76" c="0"/>
<END l="79" c="0"/>
</B>
<B id="112" t="type" f="6" l="81" c="0">
<BEGIN l="81" c="0"/>
<END l="85" c="0"/>
</B>
<B id="113" t="type" f="6" l="87" c="0">
<BEGIN l="87" c="0"/>
<END l="89" c="0"/>
</B>
<B id="114" t="type" f="6" l="91" c="0">
<BEGIN l="91" c="0"/>
<END l="93" c="0"/>
</B>
<B id="115" t="type" f="6" l="95" c="0">
<BEGIN l="95" c="0"/>
<END l="98" c="0"/>
</B>
<B id="116" t="type" f="6" l="100" c="0">
<BEGIN l="100" c="0"/>
<END l="103" c="0"/>
</B>
<B id="117" t="type" f="6" l="105" c="0">
<BEGIN l="105" c="0"/>
<END l="113" c="0"/>
</B>
<B id="118" t="type" f="6" l="115" c="0">
<BEGIN l="115" c="0"/>
<END l="120" c="0"/>
</B>
<B id="119" t="type" f="6" l="123" c="0">
<BEGIN l="123" c="0"/>
<END l="126" c="0"/>
</B>
<B id="120" t="type" f="6" l="128" c="0">
<BEGIN l="128" c="0"/>
<END l="131" c="0"/>
</B>
<B id="121" t="type" f="6" l="133" c="0">
<BEGIN l="133" c="0"/>
<END l="136" c="0"/>
</B>
<B id="122" t="type" f="6" l="138" c="0">
<BEGIN l="138" c="0"/>
<END l="141" c="0"/>
</B>
<B id="123" t="type" f="6" l="143" c="0">
<BEGIN l="143" c="0"/>
<END l="146" c="0"/>
</B>
<B id="124" t="type" f="6" l="148" c="0">
<BEGIN l="148" c="0"/>
<END l="151" c="0"/>
</B>
<B id="125" t="type" f="6" l="153" c="0">
<BEGIN l="153" c="0"/>
<END l="156" c="0"/>
</B>
<B id="126" t="type" f="6" l="158" c="0">
<BEGIN l="158" c="0"/>
<END l="161" c="0"/>
</B>
<B id="127" t="type" f="6" l="163" c="0">
<BEGIN l="163" c="0"/>
<END l="166" c="0"/>
</B>
<B id="128" t="type" f="6" l="168" c="0">
<BEGIN l="168" c="0"/>
<END l="171" c="0"/>
</B>
<B id="129" t="type" f="6" l="173" c="0">
<BEGIN l="173" c="0"/>
<END l="176" c="0"/>
</B>
<B id="130" t="ppcif" f="6" l="21" c="0">
<BEGIN l="21" c="20"/>
<END l="177" c="0"/>
</B>
<B id="131" t="ppcif" f="6" l="29" c="0">
<BEGIN l="29" c="31"/>
<END l="39" c="0"/>
</B>
<B id="132" t="ppcif" f="30" l="23" c="0">
<BEGIN l="23" c="61"/>
<END l="40" c="0"/>
</B>
</Blocks>
</Navig>
