<?xml version="1.0" encoding="UTF-8"?>

<project name="Polyspace" files="3" includes="30" ap_cg_cycle="0" ap_cg_direct_cycle="0" pshv="0" unpshv="0">
<file name="C:\Component\ES221A_HwTq5Meas_Impl\tools\local\generate\Rte_Stubs.c" total_lines="53" lines_without_cmt="32" comf="100" fco="1">
</file>
<file name="C:\Component\ES221A_HwTq5Meas_Impl\src\CDD_HwTq5Meas_MotCtrl.c" total_lines="61" lines_without_cmt="20" comf="100" fco="0">
<function name="HwTq5MeasPer1" path="2" goto="0" vg="2" calling="0" calls="0" param="0" stmt="4" level="1" return="0" vocf="2.5" flin="14" fxln="5" ncalls="0">
</function>
</file>
<file name="C:\Component\ES221A_HwTq5Meas_Impl\src\CDD_HwTq5Meas.c" total_lines="1551" lines_without_cmt="236" comf="65" fco="17">
<function name="HwTqQlfr" path="4" goto="0" vg="3" calling="1" calls="4" param="3" stmt="9" level="1" return="0" vocf="3.8" flin="28" fxln="11" ncalls="5">
</function>
<function name="HwTq5WrTrim_Oper" path="1" goto="0" vg="1" calling="0" calls="1" param="1" stmt="3" level="1" return="0" vocf="2.1" flin="12" fxln="3" ncalls="1">
</function>
<function name="HwTq5WrSnsrSca_Oper" path="2" goto="0" vg="2" calling="0" calls="1" param="1" stmt="8" level="1" return="0" vocf="4.1" flin="23" fxln="9" ncalls="2">
</function>
<function name="HwTq5TrimPrfmdSts_Oper" path="1" goto="0" vg="1" calling="0" calls="0" param="1" stmt="1" level="1" return="0" vocf="1.3" flin="10" fxln="1" ncalls="0">
</function>
<function name="HwTq5SnsrScaPrfmdSts_Oper" path="1" goto="0" vg="1" calling="0" calls="0" param="1" stmt="1" level="1" return="0" vocf="1.3" flin="9" fxln="1" ncalls="0">
</function>
<function name="HwTq5ReadTrim_Oper" path="1" goto="0" vg="1" calling="0" calls="0" param="1" stmt="1" level="1" return="0" vocf="1.3" flin="9" fxln="1" ncalls="0">
</function>
<function name="HwTq5ReadSnsrSca_Oper" path="1" goto="0" vg="1" calling="0" calls="0" param="1" stmt="1" level="1" return="0" vocf="1.3" flin="11" fxln="1" ncalls="0">
</function>
<function name="HwTq5MeasPer4" path="2" goto="0" vg="2" calling="0" calls="1" param="0" stmt="3" level="1" return="0" vocf="3.2" flin="17" fxln="4" ncalls="2">
</function>
<function name="HwTq5MeasPer3" path="2" goto="0" vg="2" calling="0" calls="1" param="0" stmt="3" level="1" return="0" vocf="3.2" flin="18" fxln="4" ncalls="2">
</function>
<function name="HwTq5MeasPer2" path="72" goto="0" vg="9" calling="0" calls="13" param="0" stmt="42" level="3" return="0" vocf="5.8" flin="129" fxln="46" ncalls="13">
</function>
<function name="HwTq5MeasInit1" path="4" goto="0" vg="3" calling="0" calls="2" param="0" stmt="7" level="1" return="0" vocf="3.2" flin="35" fxln="9" ncalls="2">
</function>
<function name="HwTq5ClrTrim_Oper" path="1" goto="0" vg="1" calling="0" calls="1" param="0" stmt="3" level="1" return="0" vocf="2.1" flin="10" fxln="3" ncalls="1">
</function>
<function name="HwTq5ClrSnsrSca_Oper" path="1" goto="0" vg="1" calling="0" calls="1" param="0" stmt="3" level="1" return="0" vocf="2.2" flin="10" fxln="3" ncalls="1">
</function>
<function name="HwTq5AutTrim_Oper" path="1" goto="0" vg="1" calling="0" calls="1" param="0" stmt="3" level="1" return="0" vocf="2.4" flin="10" fxln="3" ncalls="1">
</function>
<function name="SinLookup" path="8" goto="0" vg="4" calling="0" calls="0" param="1" stmt="14" level="1" return="1" vocf="3.6" flin="0" fxln="0" ncalls="0">
</function>
<function name="SinCos_f32" path="16" goto="0" vg="17" calling="0" calls="0" param="3" stmt="56" level="1" return="0" vocf="10.9" flin="0" fxln="0" ncalls="0">
</function>
<function name="Mod_f32" path="1" goto="0" vg="1" calling="0" calls="1" param="2" stmt="1" level="1" return="1" vocf="1.7" flin="0" fxln="0" ncalls="1">
</function>
<function name="Sqrt_f32" path="1" goto="0" vg="1" calling="0" calls="1" param="1" stmt="1" level="1" return="1" vocf="1.5" flin="0" fxln="0" ncalls="1">
</function>
<function name="Exp_f32" path="1" goto="0" vg="1" calling="0" calls="1" param="1" stmt="1" level="1" return="1" vocf="1.5" flin="0" fxln="0" ncalls="1">
</function>
<function name="Cos_f32" path="1" goto="0" vg="1" calling="0" calls="1" param="1" stmt="1" level="1" return="1" vocf="1.5" flin="0" fxln="0" ncalls="1">
</function>
<function name="Sin_f32" path="1" goto="0" vg="1" calling="0" calls="1" param="1" stmt="1" level="1" return="1" vocf="1.5" flin="0" fxln="0" ncalls="1">
</function>
<function name="Arctan2_f32" path="1" goto="0" vg="1" calling="0" calls="1" param="2" stmt="1" level="1" return="1" vocf="1.7" flin="0" fxln="0" ncalls="1">
</function>
<function name="Lim_f32" path="1" goto="0" vg="3" calling="1" calls="0" param="3" stmt="1" level="1" return="1" vocf="3.1" flin="0" fxln="0" ncalls="0">
</function>
<function name="Lim_u32" path="1" goto="0" vg="3" calling="0" calls="0" param="3" stmt="1" level="1" return="1" vocf="3.1" flin="0" fxln="0" ncalls="0">
</function>
<function name="Lim_s32" path="1" goto="0" vg="3" calling="0" calls="0" param="3" stmt="1" level="1" return="1" vocf="3.1" flin="0" fxln="0" ncalls="0">
</function>
<function name="Lim_u16" path="1" goto="0" vg="3" calling="0" calls="0" param="3" stmt="1" level="1" return="1" vocf="3.1" flin="0" fxln="0" ncalls="0">
</function>
<function name="Lim_s16" path="1" goto="0" vg="3" calling="0" calls="0" param="3" stmt="1" level="1" return="1" vocf="3.1" flin="0" fxln="0" ncalls="0">
</function>
<function name="Lim_u08" path="1" goto="0" vg="3" calling="0" calls="0" param="3" stmt="1" level="1" return="1" vocf="3.1" flin="0" fxln="0" ncalls="0">
</function>
<function name="Lim_s08" path="1" goto="0" vg="3" calling="0" calls="0" param="3" stmt="1" level="1" return="1" vocf="3.1" flin="0" fxln="0" ncalls="0">
</function>
<function name="Max_f32" path="1" goto="0" vg="2" calling="0" calls="0" param="2" stmt="1" level="1" return="1" vocf="2.2" flin="0" fxln="0" ncalls="0">
</function>
<function name="Max_u32" path="1" goto="0" vg="2" calling="0" calls="0" param="2" stmt="1" level="1" return="1" vocf="2.2" flin="0" fxln="0" ncalls="0">
</function>
<function name="Max_s32" path="1" goto="0" vg="2" calling="0" calls="0" param="2" stmt="1" level="1" return="1" vocf="2.2" flin="0" fxln="0" ncalls="0">
</function>
<function name="Max_u16" path="1" goto="0" vg="2" calling="0" calls="0" param="2" stmt="1" level="1" return="1" vocf="2.2" flin="0" fxln="0" ncalls="0">
</function>
<function name="Max_s16" path="1" goto="0" vg="2" calling="0" calls="0" param="2" stmt="1" level="1" return="1" vocf="2.2" flin="0" fxln="0" ncalls="0">
</function>
<function name="Max_u08" path="1" goto="0" vg="2" calling="0" calls="0" param="2" stmt="1" level="1" return="1" vocf="2.2" flin="0" fxln="0" ncalls="0">
</function>
<function name="Max_s08" path="1" goto="0" vg="2" calling="0" calls="0" param="2" stmt="1" level="1" return="1" vocf="2.2" flin="0" fxln="0" ncalls="0">
</function>
<function name="Min_f32" path="1" goto="0" vg="2" calling="0" calls="0" param="2" stmt="1" level="1" return="1" vocf="2.2" flin="0" fxln="0" ncalls="0">
</function>
<function name="Min_u32" path="1" goto="0" vg="2" calling="0" calls="0" param="2" stmt="1" level="1" return="1" vocf="2.2" flin="0" fxln="0" ncalls="0">
</function>
<function name="Min_s32" path="1" goto="0" vg="2" calling="0" calls="0" param="2" stmt="1" level="1" return="1" vocf="2.2" flin="0" fxln="0" ncalls="0">
</function>
<function name="Min_u16" path="1" goto="0" vg="2" calling="0" calls="0" param="2" stmt="1" level="1" return="1" vocf="2.2" flin="0" fxln="0" ncalls="0">
</function>
<function name="Min_s16" path="1" goto="0" vg="2" calling="0" calls="0" param="2" stmt="1" level="1" return="1" vocf="2.2" flin="0" fxln="0" ncalls="0">
</function>
<function name="Min_u08" path="1" goto="0" vg="2" calling="0" calls="0" param="2" stmt="1" level="1" return="1" vocf="2.2" flin="0" fxln="0" ncalls="0">
</function>
<function name="Min_s08" path="1" goto="0" vg="2" calling="0" calls="0" param="2" stmt="1" level="1" return="1" vocf="2.2" flin="0" fxln="0" ncalls="0">
</function>
<function name="Sign_s08_f32" path="1" goto="0" vg="2" calling="0" calls="0" param="1" stmt="1" level="1" return="1" vocf="2.2" flin="0" fxln="0" ncalls="0">
</function>
<function name="Sign_s08_s32" path="1" goto="0" vg="2" calling="0" calls="0" param="1" stmt="1" level="1" return="1" vocf="2.2" flin="0" fxln="0" ncalls="0">
</function>
<function name="Sign_s08_s16" path="1" goto="0" vg="2" calling="0" calls="0" param="1" stmt="1" level="1" return="1" vocf="2.2" flin="0" fxln="0" ncalls="0">
</function>
<function name="Sign_s08_s08" path="1" goto="0" vg="2" calling="0" calls="0" param="1" stmt="1" level="1" return="1" vocf="2.3" flin="0" fxln="0" ncalls="0">
</function>
<function name="Abslt_f32_f32" path="1" goto="0" vg="1" calling="0" calls="1" param="1" stmt="1" level="1" return="1" vocf="1.5" flin="0" fxln="0" ncalls="1">
</function>
<function name="Abslt_u32_s32" path="1" goto="0" vg="2" calling="0" calls="0" param="1" stmt="1" level="1" return="1" vocf="2.8" flin="0" fxln="0" ncalls="0">
</function>
<function name="Abslt_u16_s16" path="1" goto="0" vg="2" calling="0" calls="0" param="1" stmt="1" level="1" return="1" vocf="2.8" flin="0" fxln="0" ncalls="0">
</function>
<function name="Abslt_u08_s08" path="1" goto="0" vg="2" calling="0" calls="0" param="1" stmt="1" level="1" return="1" vocf="2.8" flin="0" fxln="0" ncalls="0">
</function>
<function name="Blnd_f32" path="1" goto="0" vg="1" calling="0" calls="0" param="3" stmt="1" level="1" return="1" vocf="6.0" flin="0" fxln="0" ncalls="0">
</function>
</file>
</project>
