<?xml version="1.0" encoding="UTF-8"?>
<!--EDRS Version 1.0-->
<global>
   <file name="C:\\Component\\AR100A_NxtrMath_Impl\\include\\NxtrMath.h" comment="">
      <function name="Lim_f32" comment="" line="557" main_generator_called="MAIN_GENERATOR" attributes="static">
         <scalar name="arg1" comment="" line="557" base_type="float32" attributes="static" complete_type="float32" init_mode="MAIN_GENERATOR" init_modes_allowed="10" init_range="min..max" global_assert="unsupported" assert_range="unsupported"/>
         <scalar name="arg2" comment="" line="557" base_type="float32" attributes="static" complete_type="float32" init_mode="MAIN_GENERATOR" init_modes_allowed="10" init_range="min..max" global_assert="unsupported" assert_range="unsupported"/>
         <scalar name="arg3" comment="" line="557" base_type="float32" attributes="static" complete_type="float32" init_mode="MAIN_GENERATOR" init_modes_allowed="10" init_range="min..max" global_assert="unsupported" assert_range="unsupported"/>
         <scalar name="return" comment="" line="557" base_type="float32" attributes="static" complete_type="float32" init_mode="disabled" init_range="disabled" global_assert="unsupported" assert_range="unsupported"/>
      </function>
   </file>
   <file name="C:\\Component\\ES221A_HwTq5Meas_Impl\\src\\CDD_HwTq5Meas.c" comment="">
      <function name="HwTq5AutTrim_Oper" comment="" line="744" main_generator_called="MAIN_GENERATOR" attributes="unused"/>
      <function name="HwTq5ClrSnsrSca_Oper" comment="" line="794" main_generator_called="MAIN_GENERATOR" attributes="unused"/>
      <function name="HwTq5ClrTrim_Oper" comment="" line="844" main_generator_called="MAIN_GENERATOR" attributes="unused"/>
      <function name="HwTq5MeasInit1" comment="" line="890" main_generator_called="MAIN_GENERATOR" attributes="unused"/>
      <function name="HwTq5MeasPer2" comment="" line="981" main_generator_called="MAIN_GENERATOR" attributes="unused"/>
      <function name="HwTq5MeasPer3" comment="" line="1144" main_generator_called="MAIN_GENERATOR" attributes="unused"/>
      <function name="HwTq5MeasPer4" comment="" line="1196" main_generator_called="MAIN_GENERATOR" attributes="unused"/>
      <function name="HwTq5ReadSnsrSca_Oper" comment="" line="1243" main_generator_called="MAIN_GENERATOR" attributes="unused">
         <pointer name="arg1" comment="" line="1243" complete_type="float32 *" init_mode="MAIN_GENERATOR" init_modes_allowed="10" initialize_pointer="May-be NULL" number_allocated="max" init_pointed="MAIN_GENERATOR">
            <scalar comment="" line="1243" base_type="float32" complete_type="float32" init_mode="MAIN_GENERATOR" init_modes_allowed="10" init_range="min..max" global_assert="unsupported" assert_range="unsupported"/>
         </pointer>
      </function>
      <function name="HwTq5ReadTrim_Oper" comment="" line="1284" main_generator_called="MAIN_GENERATOR" attributes="unused">
         <pointer name="arg1" comment="" line="1284" complete_type="float32 *" init_mode="MAIN_GENERATOR" init_modes_allowed="10" initialize_pointer="May-be NULL" number_allocated="max" init_pointed="MAIN_GENERATOR">
            <scalar comment="" line="1284" base_type="float32" complete_type="float32" init_mode="MAIN_GENERATOR" init_modes_allowed="10" init_range="min..max" global_assert="unsupported" assert_range="unsupported"/>
         </pointer>
      </function>
      <function name="HwTq5SnsrScaPrfmdSts_Oper" comment="" line="1323" main_generator_called="MAIN_GENERATOR" attributes="unused">
         <pointer name="arg1" comment="" line="1323" complete_type="uint8 *" init_mode="MAIN_GENERATOR" init_modes_allowed="10" initialize_pointer="May-be NULL" number_allocated="max" init_pointed="MAIN_GENERATOR">
            <scalar comment="" line="1323" base_type="uint8" complete_type="uint8" init_mode="MAIN_GENERATOR" init_modes_allowed="10" init_range="min..max" global_assert="unsupported" assert_range="unsupported"/>
         </pointer>
      </function>
      <function name="HwTq5TrimPrfmdSts_Oper" comment="" line="1362" main_generator_called="MAIN_GENERATOR" attributes="unused">
         <pointer name="arg1" comment="" line="1362" complete_type="uint8 *" init_mode="MAIN_GENERATOR" init_modes_allowed="10" initialize_pointer="May-be NULL" number_allocated="max" init_pointed="MAIN_GENERATOR">
            <scalar comment="" line="1362" base_type="uint8" complete_type="uint8" init_mode="MAIN_GENERATOR" init_modes_allowed="10" init_range="min..max" global_assert="unsupported" assert_range="unsupported"/>
         </pointer>
      </function>
      <function name="HwTq5WrSnsrSca_Oper" comment="" line="1412" main_generator_called="MAIN_GENERATOR" attributes="unused">
         <scalar name="arg1" comment="" line="1412" base_type="float32" complete_type="float32" init_mode="MAIN_GENERATOR" init_modes_allowed="10" init_range="min..max" global_assert="unsupported" assert_range="unsupported"/>
      </function>
      <function name="HwTq5WrTrim_Oper" comment="" line="1475" main_generator_called="MAIN_GENERATOR" attributes="unused">
         <scalar name="arg1" comment="" line="1475" base_type="float32" complete_type="float32" init_mode="MAIN_GENERATOR" init_modes_allowed="10" init_range="min..max" global_assert="unsupported" assert_range="unsupported"/>
      </function>
      <function name="HwTqQlfr" comment="" line="1506" main_generator_called="MAIN_GENERATOR" attributes="static">
         <scalar name="arg1" comment="" line="1506" base_type="uint8" attributes="static" complete_type="uint8" init_mode="MAIN_GENERATOR" init_modes_allowed="10" init_range="min..max" global_assert="unsupported" assert_range="unsupported"/>
         <scalar name="arg2" comment="" line="1506" base_type="uint8" attributes="static" complete_type="uint8" init_mode="MAIN_GENERATOR" init_modes_allowed="10" init_range="min..max" global_assert="unsupported" assert_range="unsupported"/>
         <pointer name="arg3" comment="" line="1506" attributes="static" complete_type="uint8 *" init_mode="MAIN_GENERATOR" init_modes_allowed="10" initialize_pointer="May-be NULL" number_allocated="max" init_pointed="MAIN_GENERATOR">
            <scalar comment="" line="1506" base_type="uint8" attributes="static" complete_type="uint8" init_mode="MAIN_GENERATOR" init_modes_allowed="10" init_range="min..max" global_assert="unsupported" assert_range="unsupported"/>
         </pointer>
      </function>
   </file>
   <file name="C:\\Component\\ES221A_HwTq5Meas_Impl\\src\\CDD_HwTq5Meas_MotCtrl.c" comment="">
      <function name="HwTq5MeasPer1" comment="" line="42" main_generator_called="MAIN_GENERATOR" attributes="unused"/>
   </file>
   <file name="C:\\Component\\ES221A_HwTq5Meas_Impl\\tools\\local\\generate\\Rte_CDD_HwTq5Meas.h" comment="">
      <function name="Rte_Call_CDD_HwTq5Meas_GetNtcQlfrSts_Oper" comment="" line="103" main_generator_called="disabled" attributes="extern">
         <scalar name="arg1" comment="" line="103" base_type="uint16" complete_type="uint16" init_mode="disabled" init_range="disabled" global_assert="unsupported" assert_range="unsupported"/>
         <pointer name="arg2" comment="" line="103" complete_type="uint8 *" init_mode="disabled" initialize_pointer="disabled" number_allocated="disabled" init_pointed="MULTI">
            <scalar comment="" line="103" base_type="uint8" complete_type="uint8" init_mode="PERMANENT" init_modes_allowed="4" init_range="min..max" global_assert="unsupported" assert_range="unsupported"/>
         </pointer>
         <scalar name="return" comment="" line="103" base_type="uint8" complete_type="uint8" init_mode="PERMANENT" init_modes_allowed="4" init_range="min..max" global_assert="unsupported" assert_range="unsupported"/>
      </function>
      <function name="Rte_Call_CDD_HwTq5Meas_HwTq5Offs_GetErrorStatus" comment="" line="104" main_generator_called="disabled" attributes="extern">
         <pointer name="arg1" comment="" line="104" complete_type="uint8 *" init_mode="disabled" initialize_pointer="disabled" number_allocated="disabled" init_pointed="MULTI">
            <scalar comment="" line="104" base_type="uint8" complete_type="uint8" init_mode="PERMANENT" init_modes_allowed="4" init_range="min..max" global_assert="unsupported" assert_range="unsupported"/>
         </pointer>
         <scalar name="return" comment="" line="104" base_type="uint8" complete_type="uint8" init_mode="PERMANENT" init_modes_allowed="4" init_range="min..max" global_assert="unsupported" assert_range="unsupported"/>
      </function>
      <function name="Rte_Call_CDD_HwTq5Meas_HwTq5Offs_SetRamBlockStatus" comment="" line="105" main_generator_called="disabled" attributes="extern">
         <scalar name="arg1" comment="" line="105" base_type="uint8" complete_type="uint8" init_mode="disabled" init_range="disabled" global_assert="unsupported" assert_range="unsupported"/>
         <scalar name="return" comment="" line="105" base_type="uint8" complete_type="uint8" init_mode="PERMANENT" init_modes_allowed="4" init_range="min..max" global_assert="unsupported" assert_range="unsupported"/>
      </function>
      <function name="Rte_Call_CDD_HwTq5Meas_HwTq5Sca_GetErrorStatus" comment="" line="106" main_generator_called="disabled" attributes="extern">
         <pointer name="arg1" comment="" line="106" complete_type="uint8 *" init_mode="disabled" initialize_pointer="disabled" number_allocated="disabled" init_pointed="MULTI">
            <scalar comment="" line="106" base_type="uint8" complete_type="uint8" init_mode="PERMANENT" init_modes_allowed="4" init_range="min..max" global_assert="unsupported" assert_range="unsupported"/>
         </pointer>
         <scalar name="return" comment="" line="106" base_type="uint8" complete_type="uint8" init_mode="PERMANENT" init_modes_allowed="4" init_range="min..max" global_assert="unsupported" assert_range="unsupported"/>
      </function>
      <function name="Rte_Call_CDD_HwTq5Meas_HwTq5Sca_SetRamBlockStatus" comment="" line="107" main_generator_called="disabled" attributes="extern">
         <scalar name="arg1" comment="" line="107" base_type="uint8" complete_type="uint8" init_mode="disabled" init_range="disabled" global_assert="unsupported" assert_range="unsupported"/>
         <scalar name="return" comment="" line="107" base_type="uint8" complete_type="uint8" init_mode="PERMANENT" init_modes_allowed="4" init_range="min..max" global_assert="unsupported" assert_range="unsupported"/>
      </function>
      <function name="Rte_Call_CDD_HwTq5Meas_SetNtcSts_Oper" comment="" line="108" main_generator_called="disabled" attributes="extern">
         <scalar name="arg1" comment="" line="108" base_type="uint16" complete_type="uint16" init_mode="disabled" init_range="disabled" global_assert="unsupported" assert_range="unsupported"/>
         <scalar name="arg2" comment="" line="108" base_type="uint8" complete_type="uint8" init_mode="disabled" init_range="disabled" global_assert="unsupported" assert_range="unsupported"/>
         <scalar name="arg3" comment="" line="108" base_type="uint8" complete_type="uint8" init_mode="disabled" init_range="disabled" global_assert="unsupported" assert_range="unsupported"/>
         <scalar name="arg4" comment="" line="108" base_type="uint16" complete_type="uint16" init_mode="disabled" init_range="disabled" global_assert="unsupported" assert_range="unsupported"/>
         <scalar name="return" comment="" line="108" base_type="uint8" complete_type="uint8" init_mode="PERMANENT" init_modes_allowed="4" init_range="min..max" global_assert="unsupported" assert_range="unsupported"/>
      </function>
      <pointer name="Rte_Inst_CDD_HwTq5Meas" comment="" line="64" attributes="extern const" complete_type="const struct Rte_CDS_CDD_HwTq5Meas *" init_mode="INIT" init_modes_allowed="2" initialize_pointer="May-be NULL" number_allocated="max" init_pointed="MULTI">
         <struct comment="" line="64" complete_type="struct Rte_CDS_CDD_HwTq5Meas" attributes="extern const">
            <pointer name="Pim_HwTq5Offs" comment="" line="64" attributes="extern const" complete_type="struct  *" init_mode="INIT" init_modes_allowed="2" initialize_pointer="May-be NULL" number_allocated="max" init_pointed="MULTI">
               <struct comment="" line="64" attributes="extern">
                  <scalar name="OffsTrim" comment="" line="64" base_type="float32" attributes="extern" complete_type="float32" init_mode="INIT" init_modes_allowed="2" init_range="min..max" global_assert="unsupported" assert_range="unsupported"/>
                  <scalar name="OffsTrimPrfmdSts" comment="" line="64" base_type="uint8" attributes="extern" complete_type="uint8" init_mode="INIT" init_modes_allowed="2" init_range="min..max" global_assert="unsupported" assert_range="unsupported"/>
               </struct>
            </pointer>
            <pointer name="Pim_HwTq5PrevHwTq5" comment="" line="64" attributes="extern const" complete_type="float32 *" init_mode="INIT" init_modes_allowed="2" initialize_pointer="May-be NULL" number_allocated="max" init_pointed="MULTI">
               <scalar comment="" line="64" base_type="float32" attributes="extern" complete_type="float32" init_mode="INIT" init_modes_allowed="2" init_range="min..max" global_assert="unsupported" assert_range="unsupported"/>
            </pointer>
            <pointer name="Pim_HwTq5PrevRollgCntr" comment="" line="64" attributes="extern const" complete_type="uint8 *" init_mode="INIT" init_modes_allowed="2" initialize_pointer="May-be NULL" number_allocated="max" init_pointed="MULTI">
               <scalar comment="" line="64" base_type="uint8" attributes="extern" complete_type="uint8" init_mode="INIT" init_modes_allowed="2" init_range="min..max" global_assert="unsupported" assert_range="unsupported"/>
            </pointer>
            <pointer name="Pim_HwTq5RawFastAdcIdxCntr" comment="" line="64" attributes="extern const" complete_type="uint8 *" init_mode="INIT" init_modes_allowed="2" initialize_pointer="May-be NULL" number_allocated="max" init_pointed="MULTI">
               <scalar comment="" line="64" base_type="uint8" attributes="extern" complete_type="uint8" init_mode="INIT" init_modes_allowed="2" init_range="min..max" global_assert="unsupported" assert_range="unsupported"/>
            </pointer>
            <pointer name="Pim_HwTq5Sca" comment="" line="64" attributes="extern const" complete_type="struct  *" init_mode="INIT" init_modes_allowed="2" initialize_pointer="May-be NULL" number_allocated="max" init_pointed="MULTI">
               <struct comment="" line="64" attributes="extern">
                  <scalar name="SnsrSca" comment="" line="64" base_type="float32" attributes="extern" complete_type="float32" init_mode="INIT" init_modes_allowed="2" init_range="min..max" global_assert="unsupported" assert_range="unsupported"/>
                  <scalar name="SnsrScaPrfmdSts" comment="" line="64" base_type="uint8" attributes="extern" complete_type="uint8" init_mode="INIT" init_modes_allowed="2" init_range="min..max" global_assert="unsupported" assert_range="unsupported"/>
               </struct>
            </pointer>
         </struct>
      </pointer>
      <function name="Rte_Prm_CDD_HwTq5Meas_HwTq5MeasHwTq5PrtclFltFailStep_Val" comment="" line="111" main_generator_called="disabled" attributes="extern">
         <scalar name="return" comment="" line="111" base_type="uint16" complete_type="uint16" init_mode="PERMANENT" init_modes_allowed="4" init_range="min..max" global_assert="unsupported" assert_range="unsupported"/>
      </function>
      <function name="Rte_Prm_CDD_HwTq5Meas_HwTq5MeasHwTq5PrtclFltPassStep_Val" comment="" line="112" main_generator_called="disabled" attributes="extern">
         <scalar name="return" comment="" line="112" base_type="uint16" complete_type="uint16" init_mode="PERMANENT" init_modes_allowed="4" init_range="min..max" global_assert="unsupported" assert_range="unsupported"/>
      </function>
      <function name="Rte_Prm_CDD_HwTq5Meas_HwTq5MeasHwTqRngHiLim_Val" comment="" line="109" main_generator_called="disabled" attributes="extern">
         <scalar name="return" comment="" line="109" base_type="float32" complete_type="float32" init_mode="PERMANENT" init_modes_allowed="4" init_range="min..max" global_assert="unsupported" assert_range="unsupported"/>
      </function>
      <function name="Rte_Prm_CDD_HwTq5Meas_HwTq5MeasHwTqRngLoLim_Val" comment="" line="110" main_generator_called="disabled" attributes="extern">
         <scalar name="return" comment="" line="110" base_type="float32" complete_type="float32" init_mode="PERMANENT" init_modes_allowed="4" init_range="min..max" global_assert="unsupported" assert_range="unsupported"/>
      </function>
      <function name="Rte_Prm_CDD_HwTq5Meas_HwTq5MeasMovgAvrgFilEna_Logl" comment="" line="113" main_generator_called="disabled" attributes="extern">
         <scalar name="return" comment="" line="113" base_type="uint8" complete_type="uint8" init_mode="PERMANENT" init_modes_allowed="4" init_range="min..max" global_assert="unsupported" assert_range="unsupported"/>
      </function>
      <function name="Rte_Read_CDD_HwTq5Meas_HwTq5Polarity_Val" comment="" line="91" main_generator_called="disabled" attributes="extern">
         <pointer name="arg1" comment="" line="91" complete_type="int8 *" init_mode="disabled" initialize_pointer="disabled" number_allocated="disabled" init_pointed="MULTI">
            <scalar comment="" line="91" base_type="int8" complete_type="int8" init_mode="PERMANENT" init_modes_allowed="4" init_range="min..max" global_assert="unsupported" assert_range="unsupported"/>
         </pointer>
         <scalar name="return" comment="" line="91" base_type="uint8" complete_type="uint8" init_mode="PERMANENT" init_modes_allowed="4" init_range="min..max" global_assert="unsupported" assert_range="unsupported"/>
      </function>
      <function name="Rte_Read_CDD_HwTq5Meas_HwTq5RawAdcAdcFaild_Logl" comment="" line="93" main_generator_called="disabled" attributes="extern">
         <pointer name="arg1" comment="" line="93" complete_type="uint8 *" init_mode="disabled" initialize_pointer="disabled" number_allocated="disabled" init_pointed="MULTI">
            <scalar comment="" line="93" base_type="uint8" complete_type="uint8" init_mode="PERMANENT" init_modes_allowed="4" init_range="min..max" global_assert="unsupported" assert_range="unsupported"/>
         </pointer>
         <scalar name="return" comment="" line="93" base_type="uint8" complete_type="uint8" init_mode="PERMANENT" init_modes_allowed="4" init_range="min..max" global_assert="unsupported" assert_range="unsupported"/>
      </function>
      <function name="Rte_Read_CDD_HwTq5Meas_HwTq5RawAdc_Val" comment="" line="92" main_generator_called="disabled" attributes="extern">
         <pointer name="arg1" comment="" line="92" complete_type="float32 *" init_mode="disabled" initialize_pointer="disabled" number_allocated="disabled" init_pointed="MULTI">
            <scalar comment="" line="92" base_type="float32" complete_type="float32" init_mode="PERMANENT" init_modes_allowed="4" init_range="min..max" global_assert="unsupported" assert_range="unsupported"/>
         </pointer>
         <scalar name="return" comment="" line="92" base_type="uint8" complete_type="uint8" init_mode="PERMANENT" init_modes_allowed="4" init_range="min..max" global_assert="unsupported" assert_range="unsupported"/>
      </function>
      <function name="Rte_Read_CDD_HwTq5Meas_HwTq5RawFastAdcAdcFaild_Logl" comment="" line="94" main_generator_called="disabled" attributes="extern">
         <pointer name="arg1" comment="" line="94" complete_type="uint8 *" init_mode="disabled" initialize_pointer="disabled" number_allocated="disabled" init_pointed="MULTI">
            <scalar comment="" line="94" base_type="uint8" complete_type="uint8" init_mode="PERMANENT" init_modes_allowed="4" init_range="min..max" global_assert="unsupported" assert_range="unsupported"/>
         </pointer>
         <scalar name="return" comment="" line="94" base_type="uint8" complete_type="uint8" init_mode="PERMANENT" init_modes_allowed="4" init_range="min..max" global_assert="unsupported" assert_range="unsupported"/>
      </function>
      <function name="Rte_Read_CDD_HwTq5Meas_HwTq5RawFastAdcBuf_Ary1D" comment="" line="96" main_generator_called="disabled" attributes="extern">
         <pointer name="arg1" comment="" line="96" complete_type="float32 *" init_mode="disabled" initialize_pointer="disabled" number_allocated="disabled" init_pointed="MULTI">
            <scalar comment="" line="96" base_type="float32" complete_type="float32" init_mode="PERMANENT" init_modes_allowed="4" init_range="min..max" global_assert="unsupported" assert_range="unsupported"/>
         </pointer>
         <scalar name="return" comment="" line="96" base_type="uint8" complete_type="uint8" init_mode="PERMANENT" init_modes_allowed="4" init_range="min..max" global_assert="unsupported" assert_range="unsupported"/>
      </function>
      <function name="Rte_Write_CDD_HwTq5Meas_HwTq5Qlfr_Val" comment="" line="101" main_generator_called="disabled" attributes="extern">
         <scalar name="arg1" comment="" line="101" base_type="uint8" complete_type="uint8" init_mode="disabled" init_range="disabled" global_assert="unsupported" assert_range="unsupported"/>
         <scalar name="return" comment="" line="101" base_type="uint8" complete_type="uint8" init_mode="PERMANENT" init_modes_allowed="4" init_range="min..max" global_assert="unsupported" assert_range="unsupported"/>
      </function>
      <function name="Rte_Write_CDD_HwTq5Meas_HwTq5RollgCntr_Val" comment="" line="102" main_generator_called="disabled" attributes="extern">
         <scalar name="arg1" comment="" line="102" base_type="uint8" complete_type="uint8" init_mode="disabled" init_range="disabled" global_assert="unsupported" assert_range="unsupported"/>
         <scalar name="return" comment="" line="102" base_type="uint8" complete_type="uint8" init_mode="PERMANENT" init_modes_allowed="4" init_range="min..max" global_assert="unsupported" assert_range="unsupported"/>
      </function>
      <function name="Rte_Write_CDD_HwTq5Meas_HwTq5_Val" comment="" line="100" main_generator_called="disabled" attributes="extern">
         <scalar name="arg1" comment="" line="100" base_type="float32" complete_type="float32" init_mode="disabled" init_range="disabled" global_assert="unsupported" assert_range="unsupported"/>
         <scalar name="return" comment="" line="100" base_type="uint8" complete_type="uint8" init_mode="PERMANENT" init_modes_allowed="4" init_range="min..max" global_assert="unsupported" assert_range="unsupported"/>
      </function>
   </file>
   <file name="C:\\Component\\ES221A_HwTq5Meas_Impl\\tools\\local\\include\\CDD_MotCtrlMgr_Data.h" comment="">
      <scalar name="MOTCTRLMGR_MotCtrlHwTq5RawFastAdc" comment="" line="6" base_type="float32" attributes="extern" complete_type="float32" init_mode="PERMANENT" init_modes_allowed="6" init_range="0..5" global_assert="NO" assert_range=""/>
      <array name="MOTCTRLMGR_MotCtrlHwTq5RawFastAdcBuf" comment="" line="7" complete_type="float32 [8]" attributes="extern">
         <scalar comment="" line="7" base_type="float32" attributes="extern" complete_type="float32" init_mode="PERMANENT" init_modes_allowed="6" init_range="0..5" global_assert="NO" assert_range=""/>
      </array>
   </file>
   <scalar name="HwTq5Meas_Cal_HwTq5MeasHwTq5PrtclFltFailStep" comment="" init_mode="PERMANENT" init_range="0..65535" global_assert="NO" assert_range="min..max" non_applicable="1"/>
   <scalar name="HwTq5Meas_Cal_HwTq5MeasHwTq5PrtclFltPassStep" comment="" init_mode="PERMANENT" init_range="0..65535" global_assert="NO" assert_range="min..max" non_applicable="1"/>
   <scalar name="HwTq5Meas_Cal_HwTq5MeasHwTqRngHiLim" comment="" init_mode="PERMANENT" init_range="4..5" global_assert="NO" assert_range="min..max" non_applicable="1"/>
   <scalar name="HwTq5Meas_Cal_HwTq5MeasHwTqRngLoLim" comment="" init_mode="PERMANENT" init_range="0..1" global_assert="NO" assert_range="min..max" non_applicable="1"/>
   <scalar name="HwTq5Meas_Cal_HwTq5MeasMovgAvrgFilEna" comment="" init_mode="PERMANENT" init_range="0..1" global_assert="NO" assert_range="min..max" non_applicable="1"/>
   <scalar name="HwTq5Meas_Cli_HwTq5ReadSnsrSca_HwTqReadScaData" comment="" init_mode="PERMANENT" init_range="0.00390625..0.9375" global_assert="NO" assert_range="min..max" non_applicable="1"/>
   <scalar name="HwTq5Meas_Cli_HwTq5ReadTrim_HwTqReadTrimData" comment="" init_mode="PERMANENT" init_range="-10..10" global_assert="NO" assert_range="min..max" non_applicable="1"/>
   <scalar name="HwTq5Meas_Cli_HwTq5TrimPrfmdSts_HwTqOffsTrimPrfmdStsData" comment="" init_mode="PERMANENT" init_range="0..1" global_assert="NO" assert_range="min..max" non_applicable="1"/>
   <scalar name="HwTq5Meas_Cli_HwTq5WrSnsrSca_HwTqScaVal" comment="" init_mode="PERMANENT" init_range="0.00390625..0.9375" global_assert="NO" assert_range="min..max" non_applicable="1"/>
   <scalar name="HwTq5Meas_Cli_HwTq5WrTrim_HwTqWrOffsTrimData" comment="" init_mode="PERMANENT" init_range="-10..10" global_assert="NO" assert_range="min..max" non_applicable="1"/>
   <scalar name="HwTq5Meas_Ip_HwTq5Polarity" comment="" init_mode="PERMANENT" init_range="-1..1" global_assert="NO" assert_range="min..max" non_applicable="1"/>
   <scalar name="HwTq5Meas_Ip_HwTq5RawAdc" comment="" init_mode="PERMANENT" init_range="0..5" global_assert="NO" assert_range="min..max" non_applicable="1"/>
   <scalar name="HwTq5Meas_Ip_HwTq5RawAdcAdcFaild" comment="" init_mode="PERMANENT" init_range="0..1" global_assert="NO" assert_range="min..max" non_applicable="1"/>
   <scalar name="HwTq5Meas_Ip_HwTq5RawFastAdcAdcFaild" comment="" init_mode="PERMANENT" init_range="0..1" global_assert="NO" assert_range="min..max" non_applicable="1"/>
   <scalar name="HwTq5Meas_Ip_HwTq5RawFastAdcBuf" comment="" init_mode="PERMANENT" init_range="0..5" global_assert="NO" assert_range="min..max" non_applicable="1"/>
   <scalar name="HwTq5Meas_Op_HwTq5" comment="" init_mode="PERMANENT" init_range="-10..10" global_assert="NO" assert_range="min..max" non_applicable="1"/>
   <scalar name="HwTq5Meas_Op_HwTq5Qlfr" comment="" init_mode="PERMANENT" init_range="0..2" global_assert="NO" assert_range="min..max" non_applicable="1"/>
   <scalar name="HwTq5Meas_Op_HwTq5RollgCntr" comment="" init_mode="PERMANENT" init_range="0..255" global_assert="NO" assert_range="min..max" non_applicable="1"/>
   <struct name="HwTq5Meas_Pim_HwTq5Offs" comment="" non_applicable="1">
      <scalar name="OffsTrim" comment="" init_mode="PERMANENT" init_range="-10..10" global_assert="NO" assert_range="min..max" non_applicable="1"/>
      <scalar name="OffsTrimPrfmdSts" comment="" init_mode="PERMANENT" init_range="0..1" global_assert="NO" assert_range="min..max" non_applicable="1"/>
   </struct>
   <scalar name="HwTq5Meas_Pim_HwTq5PrevHwTq5" comment="" init_mode="PERMANENT" init_range="-10..10" global_assert="NO" assert_range="min..max" non_applicable="1"/>
   <scalar name="HwTq5Meas_Pim_HwTq5PrevRollgCntr" comment="" init_mode="PERMANENT" init_range="0..255" global_assert="NO" assert_range="min..max" non_applicable="1"/>
   <scalar name="HwTq5Meas_Pim_HwTq5RawFastAdcIdxCntr" comment="" init_mode="PERMANENT" init_range="0..8" global_assert="NO" assert_range="min..max" non_applicable="1"/>
   <struct name="HwTq5Meas_Pim_HwTq5Sca" comment="" non_applicable="1">
      <scalar name="SnsrSca" comment="" init_mode="PERMANENT" init_range="0.00390625..0.9375" global_assert="NO" assert_range="min..max" non_applicable="1"/>
      <scalar name="SnsrScaPrfmdSts" comment="" init_mode="PERMANENT" init_range="0..1" global_assert="NO" assert_range="min..max" non_applicable="1"/>
   </struct>
   <scalar name="HwTq5Meas_Srv_GetNtcQlfrSts_NtcNr" comment="" init_mode="PERMANENT" init_range="1..511" global_assert="NO" assert_range="min..max" non_applicable="1"/>
   <scalar name="HwTq5Meas_Srv_GetNtcQlfrSts_NtcQlfr" comment="" init_mode="PERMANENT" init_range="0..2" global_assert="NO" assert_range="min..max" non_applicable="1"/>
   <scalar name="HwTq5Meas_Srv_GetNtcQlfrSts_Return" comment="" init_mode="PERMANENT" init_range="0..1" global_assert="NO" assert_range="min..max" non_applicable="1"/>
   <scalar name="HwTq5Meas_Srv_SetNtcSts_DebStep" comment="" init_mode="PERMANENT" init_range="0..65535" global_assert="NO" assert_range="min..max" non_applicable="1"/>
   <scalar name="HwTq5Meas_Srv_SetNtcSts_NtcNr" comment="" init_mode="PERMANENT" init_range="1..511" global_assert="NO" assert_range="min..max" non_applicable="1"/>
   <scalar name="HwTq5Meas_Srv_SetNtcSts_NtcStInfo" comment="" init_mode="PERMANENT" init_range="0..255" global_assert="NO" assert_range="min..max" non_applicable="1"/>
   <scalar name="HwTq5Meas_Srv_SetNtcSts_NtcSts" comment="" init_mode="PERMANENT" init_range="0..3" global_assert="NO" assert_range="min..max" non_applicable="1"/>
   <scalar name="HwTq5Meas_Srv_SetNtcSts_Return" comment="" init_mode="PERMANENT" init_range="0..1" global_assert="NO" assert_range="min..max" non_applicable="1"/>
   <function name="atan2f" comment="" main_generator_called="MAIN_GENERATOR" non_applicable="1">
      <scalar name="return" comment="" init_mode="PERMANENT" init_range="-3.1412..3.1412" global_assert="NO" assert_range="min..max" non_applicable="1"/>
   </function>
   <function name="cosf" comment="" main_generator_called="MAIN_GENERATOR" non_applicable="1">
      <scalar name="return" comment="" init_mode="PERMANENT" init_range="-1..1" global_assert="NO" assert_range="min..max" non_applicable="1"/>
   </function>
   <function name="expf" comment="" main_generator_called="MAIN_GENERATOR" non_applicable="1">
      <scalar name="return" comment="" init_mode="PERMANENT" init_range="0..max" global_assert="NO" assert_range="min..max" non_applicable="1"/>
   </function>
   <function name="fabsf" comment="" main_generator_called="MAIN_GENERATOR" non_applicable="1">
      <scalar name="return" comment="" init_mode="PERMANENT" init_range="0..max" global_assert="NO" assert_range="min..max" non_applicable="1"/>
   </function>
   <function name="fmodf" comment="" main_generator_called="MAIN_GENERATOR" non_applicable="1">
      <scalar name="return" comment="" init_mode="PERMANENT" init_range="0..max" global_assert="NO" assert_range="min..max" non_applicable="1"/>
   </function>
   <function name="sinf" comment="" main_generator_called="MAIN_GENERATOR" non_applicable="1">
      <scalar name="return" comment="" init_mode="PERMANENT" init_range="-1..1" global_assert="NO" assert_range="min..max" non_applicable="1"/>
   </function>
   <function name="sqrtf" comment="" main_generator_called="MAIN_GENERATOR" non_applicable="1">
      <scalar name="return" comment="" init_mode="PERMANENT" init_range="0..max" global_assert="NO" assert_range="min..max" non_applicable="1"/>
   </function>
</global>
