<?xml version="1.0" encoding="UTF-8"?>

<MISRA-C-Report version="1.3">


<CodeStruct Name="" File="C:\Users\nz2999\Documents\Synergy\ccm_wa\ses_dev_ea4\ES251A_BattRtnCurr_Impl-nz2999\ES251A_BattRtnCurr_Impl\include\CDD_BattRtnCurr_MotCtrl_MemMap.h" Line="0" Column="0">

<Rule Name="19.15" Mode="required" Report="warning" Id="1">
<Loc File="C:\Users\nz2999\Documents\Synergy\ccm_wa\ses_dev_ea4\ES251A_BattRtnCurr_Impl-nz2999\ES251A_BattRtnCurr_Impl\include\CDD_BattRtnCurr_MotCtrl_MemMap.h" Line="1" Column="0">
</Loc>
<Message>
Precautions shall be taken in order to prevent the contents of a header file being included twice.
</Message>
</Rule>

<Rule Name="19.6" Mode="required" Report="warning" Id="2">
<Loc File="C:\Users\nz2999\Documents\Synergy\ccm_wa\ses_dev_ea4\ES251A_BattRtnCurr_Impl-nz2999\ES251A_BattRtnCurr_Impl\include\CDD_BattRtnCurr_MotCtrl_MemMap.h" Line="24" Column="0">
</Loc>
<Message>
#undef shall not be used.
</Message>
</Rule>

<Rule Name="19.6" Mode="required" Report="warning" Id="3">
<Loc File="C:\Users\nz2999\Documents\Synergy\ccm_wa\ses_dev_ea4\ES251A_BattRtnCurr_Impl-nz2999\ES251A_BattRtnCurr_Impl\include\CDD_BattRtnCurr_MotCtrl_MemMap.h" Line="30" Column="0">
</Loc>
<Message>
#undef shall not be used.
</Message>
</Rule>

</CodeStruct>

<CodeStruct Name="" File="C:\Users\nz2999\Documents\Synergy\ccm_wa\ses_dev_ea4\ES251A_BattRtnCurr_Impl-nz2999\ES251A_BattRtnCurr_Impl\src\CDD_BattRtnCurr_MotCtrl.c" Line="0" Column="0">

<Rule Name="19.1" Mode="advisory" Report="warning" Id="4">
<Loc File="C:\Users\nz2999\Documents\Synergy\ccm_wa\ses_dev_ea4\ES251A_BattRtnCurr_Impl-nz2999\ES251A_BattRtnCurr_Impl\src\CDD_BattRtnCurr_MotCtrl.c" Line="61" Column="0">
</Loc>
<Message>
#include statements in a file shall only be preceded by other preprocessor directives or comments.
</Message>
</Rule>

</CodeStruct>

<CodeStruct Name="" File="C:\Users\nz2999\Documents\Synergy\ccm_wa\ses_dev_ea4\ES251A_BattRtnCurr_Impl-nz2999\ES251A_BattRtnCurr_Impl\src\CDD_BattRtnCurr.c" Line="0" Column="0">

<Rule Name="19.1" Mode="advisory" Report="warning" Id="5">
<Loc File="C:\Users\nz2999\Documents\Synergy\ccm_wa\ses_dev_ea4\ES251A_BattRtnCurr_Impl-nz2999\ES251A_BattRtnCurr_Impl\src\CDD_BattRtnCurr.c" Line="936" Column="0">
</Loc>
<Message>
#include statements in a file shall only be preceded by other preprocessor directives or comments.
</Message>
</Rule>

</CodeStruct>

</MISRA-C-Report>
