<?xml version="1.0" encoding="UTF-8"?>
<!--EDRS Version 1.0-->
<global>
   <file name="C:\\_Synergy_Projects\\Working\\AR100A_NxtrMath_Impl\\include\\NxtrMath.h" comment="">
      <function name="Abslt_f32_f32" comment="" line="233" main_generator_called="MAIN_GENERATOR" attributes="static">
         <scalar name="arg1" comment="" line="233" base_type="float32" attributes="static" complete_type="float32" init_mode="MAIN_GENERATOR" init_modes_allowed="10" init_range="min..max" global_assert="unsupported" assert_range="unsupported"/>
         <scalar name="return" comment="" line="233" base_type="float32" attributes="static" complete_type="float32" init_mode="disabled" init_range="disabled" global_assert="unsupported" assert_range="unsupported"/>
      </function>
      <function name="Blnd_f32" comment="" line="180" main_generator_called="MAIN_GENERATOR" attributes="static">
         <scalar name="arg1" comment="" line="180" base_type="float32" attributes="static" complete_type="float32" init_mode="MAIN_GENERATOR" init_modes_allowed="10" init_range="min..max" global_assert="unsupported" assert_range="unsupported"/>
         <scalar name="arg2" comment="" line="180" base_type="float32" attributes="static" complete_type="float32" init_mode="MAIN_GENERATOR" init_modes_allowed="10" init_range="min..max" global_assert="unsupported" assert_range="unsupported"/>
         <scalar name="arg3" comment="" line="180" base_type="float32" attributes="static" complete_type="float32" init_mode="MAIN_GENERATOR" init_modes_allowed="10" init_range="min..max" global_assert="unsupported" assert_range="unsupported"/>
         <scalar name="return" comment="" line="180" base_type="float32" attributes="static" complete_type="float32" init_mode="disabled" init_range="disabled" global_assert="unsupported" assert_range="unsupported"/>
      </function>
      <function name="Exp_f32" comment="" line="612" main_generator_called="MAIN_GENERATOR" attributes="static">
         <scalar name="arg1" comment="" line="612" base_type="float32" attributes="static" complete_type="float32" init_mode="MAIN_GENERATOR" init_modes_allowed="10" init_range="min..max" global_assert="unsupported" assert_range="unsupported"/>
         <scalar name="return" comment="" line="612" base_type="float32" attributes="static" complete_type="float32" init_mode="disabled" init_range="disabled" global_assert="unsupported" assert_range="unsupported"/>
      </function>
      <function name="Lim_f32" comment="" line="560" main_generator_called="MAIN_GENERATOR" attributes="static">
         <scalar name="arg1" comment="" line="560" base_type="float32" attributes="static" complete_type="float32" init_mode="MAIN_GENERATOR" init_modes_allowed="10" init_range="min..max" global_assert="unsupported" assert_range="unsupported"/>
         <scalar name="arg2" comment="" line="560" base_type="float32" attributes="static" complete_type="float32" init_mode="MAIN_GENERATOR" init_modes_allowed="10" init_range="min..max" global_assert="unsupported" assert_range="unsupported"/>
         <scalar name="arg3" comment="" line="560" base_type="float32" attributes="static" complete_type="float32" init_mode="MAIN_GENERATOR" init_modes_allowed="10" init_range="min..max" global_assert="unsupported" assert_range="unsupported"/>
         <scalar name="return" comment="" line="560" base_type="float32" attributes="static" complete_type="float32" init_mode="disabled" init_range="disabled" global_assert="unsupported" assert_range="unsupported"/>
      </function>
      <function name="Max_f32" comment="" line="462" main_generator_called="MAIN_GENERATOR" attributes="static">
         <scalar name="arg1" comment="" line="462" base_type="float32" attributes="static" complete_type="float32" init_mode="MAIN_GENERATOR" init_modes_allowed="10" init_range="min..max" global_assert="unsupported" assert_range="unsupported"/>
         <scalar name="arg2" comment="" line="462" base_type="float32" attributes="static" complete_type="float32" init_mode="MAIN_GENERATOR" init_modes_allowed="10" init_range="min..max" global_assert="unsupported" assert_range="unsupported"/>
         <scalar name="return" comment="" line="462" base_type="float32" attributes="static" complete_type="float32" init_mode="disabled" init_range="disabled" global_assert="unsupported" assert_range="unsupported"/>
      </function>
      <function name="Min_f32" comment="" line="371" main_generator_called="MAIN_GENERATOR" attributes="static">
         <scalar name="arg1" comment="" line="371" base_type="float32" attributes="static" complete_type="float32" init_mode="MAIN_GENERATOR" init_modes_allowed="10" init_range="min..max" global_assert="unsupported" assert_range="unsupported"/>
         <scalar name="arg2" comment="" line="371" base_type="float32" attributes="static" complete_type="float32" init_mode="MAIN_GENERATOR" init_modes_allowed="10" init_range="min..max" global_assert="unsupported" assert_range="unsupported"/>
         <scalar name="return" comment="" line="371" base_type="float32" attributes="static" complete_type="float32" init_mode="disabled" init_range="disabled" global_assert="unsupported" assert_range="unsupported"/>
      </function>
   </file>
   <file name="C:\\_Synergy_Projects\\Working\\AR104A_NxtrFil_Impl\\include\\NxtrFil.h" comment="">
      <function name="FilLpInit" comment="" line="125" main_generator_called="MAIN_GENERATOR" attributes="static">
         <scalar name="arg1" comment="" line="125" base_type="float32" attributes="static" complete_type="float32" init_mode="MAIN_GENERATOR" init_modes_allowed="10" init_range="min..max" global_assert="unsupported" assert_range="unsupported"/>
         <scalar name="arg2" comment="" line="125" base_type="float32" attributes="static" complete_type="float32" init_mode="MAIN_GENERATOR" init_modes_allowed="10" init_range="min..max" global_assert="unsupported" assert_range="unsupported"/>
         <scalar name="arg3" comment="" line="125" base_type="float32" attributes="static" complete_type="float32" init_mode="MAIN_GENERATOR" init_modes_allowed="10" init_range="min..max" global_assert="unsupported" assert_range="unsupported"/>
         <pointer name="arg4" comment="" line="125" attributes="static" complete_type="struct  *" init_mode="MAIN_GENERATOR" init_modes_allowed="10" initialize_pointer="May-be NULL" number_allocated="max" init_pointed="MAIN_GENERATOR">
            <struct comment="" line="125" attributes="static">
               <scalar name="FilGain" comment="" line="125" base_type="float32" attributes="static" complete_type="float32" init_mode="MAIN_GENERATOR" init_modes_allowed="10" init_range="min..max" global_assert="unsupported" assert_range="unsupported"/>
               <scalar name="FilSt" comment="" line="125" base_type="float32" attributes="static" complete_type="float32" init_mode="MAIN_GENERATOR" init_modes_allowed="10" init_range="min..max" global_assert="unsupported" assert_range="unsupported"/>
            </struct>
         </pointer>
      </function>
      <function name="FilLpUpdGain" comment="" line="82" main_generator_called="MAIN_GENERATOR" attributes="static">
         <scalar name="arg1" comment="" line="82" base_type="float32" attributes="static" complete_type="float32" init_mode="MAIN_GENERATOR" init_modes_allowed="10" init_range="min..max" global_assert="unsupported" assert_range="unsupported"/>
         <scalar name="arg2" comment="" line="82" base_type="float32" attributes="static" complete_type="float32" init_mode="MAIN_GENERATOR" init_modes_allowed="10" init_range="min..max" global_assert="unsupported" assert_range="unsupported"/>
         <pointer name="arg3" comment="" line="82" attributes="static" complete_type="struct  *" init_mode="MAIN_GENERATOR" init_modes_allowed="10" initialize_pointer="May-be NULL" number_allocated="max" init_pointed="MAIN_GENERATOR">
            <struct comment="" line="82" attributes="static">
               <scalar name="FilGain" comment="" line="82" base_type="float32" attributes="static" complete_type="float32" init_mode="MAIN_GENERATOR" init_modes_allowed="10" init_range="min..max" global_assert="unsupported" assert_range="unsupported"/>
               <scalar name="FilSt" comment="" line="82" base_type="float32" attributes="static" complete_type="float32" init_mode="MAIN_GENERATOR" init_modes_allowed="10" init_range="min..max" global_assert="unsupported" assert_range="unsupported"/>
            </struct>
         </pointer>
      </function>
      <function name="FilLpUpdOutp_f32" comment="" line="103" main_generator_called="MAIN_GENERATOR" attributes="static">
         <scalar name="arg1" comment="" line="103" base_type="float32" attributes="static" complete_type="float32" init_mode="MAIN_GENERATOR" init_modes_allowed="10" init_range="min..max" global_assert="unsupported" assert_range="unsupported"/>
         <pointer name="arg2" comment="" line="103" attributes="static" complete_type="struct  *" init_mode="MAIN_GENERATOR" init_modes_allowed="10" initialize_pointer="May-be NULL" number_allocated="max" init_pointed="MAIN_GENERATOR">
            <struct comment="" line="103" attributes="static">
               <scalar name="FilGain" comment="" line="103" base_type="float32" attributes="static" complete_type="float32" init_mode="MAIN_GENERATOR" init_modes_allowed="10" init_range="min..max" global_assert="unsupported" assert_range="unsupported"/>
               <scalar name="FilSt" comment="" line="103" base_type="float32" attributes="static" complete_type="float32" init_mode="MAIN_GENERATOR" init_modes_allowed="10" init_range="min..max" global_assert="unsupported" assert_range="unsupported"/>
            </struct>
         </pointer>
         <scalar name="return" comment="" line="103" base_type="float32" attributes="static" complete_type="float32" init_mode="disabled" init_range="disabled" global_assert="unsupported" assert_range="unsupported"/>
      </function>
   </file>
   <file name="C:\\_Synergy_Projects\\Working\\SF039A_LrndRackCentr_Impl\\src\\LrndRackCentr.c" comment="">
      <function name="ChkRackCentr" comment="" line="669" main_generator_called="MAIN_GENERATOR" attributes="static">
         <scalar name="arg1" comment="" line="669" base_type="uint8" attributes="static" complete_type="uint8" init_mode="MAIN_GENERATOR" init_modes_allowed="10" init_range="min..max" global_assert="unsupported" assert_range="unsupported"/>
         <scalar name="arg2" comment="" line="669" base_type="float32" attributes="static" complete_type="float32" init_mode="MAIN_GENERATOR" init_modes_allowed="10" init_range="min..max" global_assert="unsupported" assert_range="unsupported"/>
         <scalar name="arg3" comment="" line="669" base_type="float32" attributes="static" complete_type="float32" init_mode="MAIN_GENERATOR" init_modes_allowed="10" init_range="min..max" global_assert="unsupported" assert_range="unsupported"/>
         <pointer name="arg4" comment="" line="669" attributes="static" complete_type="uint8 *" init_mode="MAIN_GENERATOR" init_modes_allowed="10" initialize_pointer="May-be NULL" number_allocated="max" init_pointed="MAIN_GENERATOR">
            <scalar comment="" line="669" base_type="uint8" attributes="static" complete_type="uint8" init_mode="MAIN_GENERATOR" init_modes_allowed="10" init_range="min..max" global_assert="unsupported" assert_range="unsupported"/>
         </pointer>
         <pointer name="arg5" comment="" line="669" attributes="static" complete_type="uint8 *" init_mode="MAIN_GENERATOR" init_modes_allowed="10" initialize_pointer="May-be NULL" number_allocated="max" init_pointed="MAIN_GENERATOR">
            <scalar comment="" line="669" base_type="uint8" attributes="static" complete_type="uint8" init_mode="MAIN_GENERATOR" init_modes_allowed="10" init_range="min..max" global_assert="unsupported" assert_range="unsupported"/>
         </pointer>
      </function>
      <function name="LrndRackCentrInit1" comment="" line="211" main_generator_called="MAIN_GENERATOR"/>
      <function name="LrndRackCentrPer1" comment="" line="327" main_generator_called="MAIN_GENERATOR"/>
      <function name="ManLrnRackCentr" comment="" line="595" main_generator_called="MAIN_GENERATOR" attributes="static">
         <scalar name="arg1" comment="" line="595" base_type="float32" attributes="static" complete_type="float32" init_mode="MAIN_GENERATOR" init_modes_allowed="10" init_range="min..max" global_assert="unsupported" assert_range="unsupported"/>
         <scalar name="arg2" comment="" line="595" base_type="float32" attributes="static" complete_type="float32" init_mode="MAIN_GENERATOR" init_modes_allowed="10" init_range="min..max" global_assert="unsupported" assert_range="unsupported"/>
         <scalar name="arg3" comment="" line="595" base_type="float32" attributes="static" complete_type="float32" init_mode="MAIN_GENERATOR" init_modes_allowed="10" init_range="min..max" global_assert="unsupported" assert_range="unsupported"/>
      </function>
      <function name="RstRackCentrMotAg_Oper" comment="" line="466" main_generator_called="MAIN_GENERATOR"/>
      <function name="RstRackCentrMotRev_Oper" comment="" line="543" main_generator_called="MAIN_GENERATOR"/>
   </file>
   <file name="C:\\_Synergy_Projects\\Working\\SF039A_LrndRackCentr_Impl\\tools\\local\\generate\\Rte_LrndRackCentr.h" comment="">
      <function name="Rte_Call_LrndRackCentr_LrndRackCentrNvm_GetErrorStatus" comment="" line="116" main_generator_called="disabled" attributes="extern">
         <pointer name="arg1" comment="" line="116" complete_type="uint8 *" init_mode="disabled" initialize_pointer="disabled" number_allocated="disabled" init_pointed="MULTI">
            <scalar comment="" line="116" base_type="uint8" complete_type="uint8" init_mode="PERMANENT" init_modes_allowed="4" init_range="min..max" global_assert="unsupported" assert_range="unsupported"/>
         </pointer>
         <scalar name="return" comment="" line="116" base_type="uint8" complete_type="uint8" init_mode="PERMANENT" init_modes_allowed="4" init_range="min..max" global_assert="unsupported" assert_range="unsupported"/>
      </function>
      <function name="Rte_Call_LrndRackCentr_LrndRackCentrNvm_SetRamBlockStatus" comment="" line="117" main_generator_called="disabled" attributes="extern">
         <scalar name="arg1" comment="" line="117" base_type="uint8" complete_type="uint8" init_mode="disabled" init_range="disabled" global_assert="unsupported" assert_range="unsupported"/>
         <scalar name="return" comment="" line="117" base_type="uint8" complete_type="uint8" init_mode="PERMANENT" init_modes_allowed="4" init_range="min..max" global_assert="unsupported" assert_range="unsupported"/>
      </function>
      <pointer name="Rte_Inst_LrndRackCentr" comment="" line="68" attributes="extern const" complete_type="const struct Rte_CDS_LrndRackCentr *" init_mode="INIT" init_modes_allowed="2" initialize_pointer="May-be NULL" number_allocated="max" init_pointed="MULTI">
         <struct comment="" line="68" complete_type="struct Rte_CDS_LrndRackCentr" attributes="extern const">
            <pointer name="Pim_LrndRackCentr" comment="" line="68" attributes="extern const" complete_type="struct  *" init_mode="INIT" init_modes_allowed="2" initialize_pointer="May-be NULL" number_allocated="max" init_pointed="MULTI">
               <struct comment="" line="68" attributes="extern">
                  <scalar name="LongTermRackCentrCmpl" comment="" line="68" base_type="uint8" attributes="extern" complete_type="uint8" init_mode="INIT" init_modes_allowed="2" init_range="min..max" global_assert="unsupported" assert_range="unsupported"/>
                  <scalar name="MotAgVld" comment="" line="68" base_type="uint8" attributes="extern" complete_type="uint8" init_mode="INIT" init_modes_allowed="2" init_range="min..max" global_assert="unsupported" assert_range="unsupported"/>
                  <scalar name="RackCentrMotDeg" comment="" line="68" base_type="float32" attributes="extern" complete_type="float32" init_mode="INIT" init_modes_allowed="2" init_range="min..max" global_assert="unsupported" assert_range="unsupported"/>
                  <scalar name="RackCentrMotRev" comment="" line="68" base_type="int16" attributes="extern" complete_type="int16" init_mode="INIT" init_modes_allowed="2" init_range="min..max" global_assert="unsupported" assert_range="unsupported"/>
                  <scalar name="TotRackTrvl" comment="" line="68" base_type="float32" attributes="extern" complete_type="float32" init_mode="INIT" init_modes_allowed="2" init_range="min..max" global_assert="unsupported" assert_range="unsupported"/>
               </struct>
            </pointer>
         </struct>
      </pointer>
   </file>
   <file name="C:\\_Synergy_Projects\\Working\\SF039A_LrndRackCentr_Impl\\tools\\local\\generate\\Rte_Stubs.c" comment="">
      <function name="Rte_Call_LrndRackCentr_GetRefTmr100MicroSec32bit_Oper" comment="" line="18" main_generator_called="MAIN_GENERATOR">
         <pointer name="arg1" comment="" line="18" complete_type="uint32 *" init_mode="MAIN_GENERATOR" init_modes_allowed="10" initialize_pointer="May-be NULL" number_allocated="max" init_pointed="MAIN_GENERATOR">
            <scalar comment="" line="18" base_type="uint32" complete_type="uint32" init_mode="MAIN_GENERATOR" init_modes_allowed="10" init_range="min..max" global_assert="unsupported" assert_range="unsupported"/>
         </pointer>
         <scalar name="return" comment="" line="18" base_type="uint8" complete_type="uint8" init_mode="disabled" init_range="disabled" global_assert="unsupported" assert_range="unsupported"/>
      </function>
      <function name="Rte_Call_LrndRackCentr_GetTiSpan100MicroSec32bit_Oper" comment="" line="24" main_generator_called="MAIN_GENERATOR">
         <scalar name="arg1" comment="" line="24" base_type="uint32" complete_type="uint32" init_mode="MAIN_GENERATOR" init_modes_allowed="10" init_range="min..max" global_assert="unsupported" assert_range="unsupported"/>
         <pointer name="arg2" comment="" line="24" complete_type="uint32 *" init_mode="MAIN_GENERATOR" init_modes_allowed="10" initialize_pointer="May-be NULL" number_allocated="max" init_pointed="MAIN_GENERATOR">
            <scalar comment="" line="24" base_type="uint32" complete_type="uint32" init_mode="MAIN_GENERATOR" init_modes_allowed="10" init_range="min..max" global_assert="unsupported" assert_range="unsupported"/>
         </pointer>
         <scalar name="return" comment="" line="24" base_type="uint8" complete_type="uint8" init_mode="disabled" init_range="disabled" global_assert="unsupported" assert_range="unsupported"/>
      </function>
      <function name="Rte_Stub" comment="" line="34" main_generator_called="MAIN_GENERATOR" attributes="unused"/>
   </file>
   <file name="C:\\_Synergy_Projects\\Working\\SF039A_LrndRackCentr_Impl\\tools\\local\\generate\\Rte_Stubs.h" comment="">
      <scalar name="LrndRackCentr_Cal_LrndRackCentrAllwManIniLrng" comment="" line="36" base_type="uint8" attributes="extern const" complete_type="uint8" init_mode="PERMANENT" init_modes_allowed="6" init_range="0..1" global_assert="NO" assert_range=""/>
      <scalar name="LrndRackCentr_Cal_LrndRackCentrConfTrvlThd" comment="" line="37" base_type="float32" attributes="extern const" complete_type="float32" init_mode="PERMANENT" init_modes_allowed="6" init_range="0..1440" global_assert="NO" assert_range=""/>
      <scalar name="LrndRackCentr_Cal_LrndRackCentrHwAgFilFrq" comment="" line="38" base_type="float32" attributes="extern const" complete_type="float32" init_mode="PERMANENT" init_modes_allowed="6" init_range="0.1..50" global_assert="NO" assert_range=""/>
      <scalar name="LrndRackCentr_Cal_LrndRackCentrMinMaxAdjmtFac" comment="" line="39" base_type="float32" attributes="extern const" complete_type="float32" init_mode="PERMANENT" init_modes_allowed="6" init_range="0..1" global_assert="NO" assert_range=""/>
      <scalar name="LrndRackCentr_Cal_LrndRackCentrMotTqThd" comment="" line="40" base_type="float32" attributes="extern const" complete_type="float32" init_mode="PERMANENT" init_modes_allowed="6" init_range="0..8.8" global_assert="NO" assert_range=""/>
      <scalar name="LrndRackCentr_Cal_LrndRackCentrMotVelThd" comment="" line="41" base_type="float32" attributes="extern const" complete_type="float32" init_mode="PERMANENT" init_modes_allowed="6" init_range="0..1100" global_assert="NO" assert_range=""/>
      <scalar name="LrndRackCentr_Cal_LrndRackCentrRackCentrPosnChgAllwd" comment="" line="42" base_type="float32" attributes="extern const" complete_type="float32" init_mode="PERMANENT" init_modes_allowed="6" init_range="0..45" global_assert="NO" assert_range=""/>
      <scalar name="LrndRackCentr_Cal_LrndRackCentrTiThd" comment="" line="43" base_type="uint16" attributes="extern const" complete_type="uint16" init_mode="PERMANENT" init_modes_allowed="6" init_range="0..5000" global_assert="NO" assert_range=""/>
      <scalar name="LrndRackCentr_Cal_SysGlbPrmSysKineRat" comment="" line="44" base_type="float32" attributes="extern const" complete_type="float32" init_mode="PERMANENT" init_modes_allowed="6" init_range="10..40" global_assert="NO" assert_range=""/>
      <scalar name="LrndRackCentr_Ip_HwAg" comment="" line="19" base_type="float32" attributes="extern" complete_type="float32" init_mode="PERMANENT" init_modes_allowed="6" init_range="-1440..1440" global_assert="NO" assert_range=""/>
      <scalar name="LrndRackCentr_Ip_MotTqCmd" comment="" line="20" base_type="float32" attributes="extern" complete_type="float32" init_mode="PERMANENT" init_modes_allowed="6" init_range="-8.8..8.8" global_assert="NO" assert_range=""/>
      <scalar name="LrndRackCentr_Ip_MotVelCrf" comment="" line="21" base_type="float32" attributes="extern" complete_type="float32" init_mode="PERMANENT" init_modes_allowed="6" init_range="-1350..1350" global_assert="NO" assert_range=""/>
      <scalar name="LrndRackCentr_Ip_PinionCentrLrnEna" comment="" line="22" base_type="uint8" attributes="extern" complete_type="uint8" init_mode="PERMANENT" init_modes_allowed="6" init_range="0..1" global_assert="NO" assert_range=""/>
      <scalar name="LrndRackCentr_Ip_PinionCentrLrnHwCentr" comment="" line="23" base_type="float32" attributes="extern" complete_type="float32" init_mode="PERMANENT" init_modes_allowed="6" init_range="-1440..1440" global_assert="NO" assert_range=""/>
      <scalar name="LrndRackCentr_Ip_PinionCentrLrnHwTrvl" comment="" line="24" base_type="float32" attributes="extern" complete_type="float32" init_mode="PERMANENT" init_modes_allowed="6" init_range="0..2880" global_assert="NO" assert_range=""/>
      <scalar name="LrndRackCentr_Ip_PinionCentrLrnSt" comment="" line="25" base_type="uint8" attributes="extern" complete_type="uint8" init_mode="PERMANENT" init_modes_allowed="6" init_range="0..7" global_assert="NO" assert_range=""/>
      <scalar name="LrndRackCentr_Op_LongTermRackCentrCmpl" comment="" line="28" base_type="uint8" attributes="extern" complete_type="uint8" init_mode="PERMANENT" init_modes_allowed="6" init_range="0..1" global_assert="NO" assert_range=""/>
      <scalar name="LrndRackCentr_Op_RackCentrCmpl" comment="" line="29" base_type="uint8" attributes="extern" complete_type="uint8" init_mode="PERMANENT" init_modes_allowed="6" init_range="0..1" global_assert="NO" assert_range=""/>
      <scalar name="LrndRackCentr_Op_RackCentrMotAgErrPrsnt" comment="" line="30" base_type="uint8" attributes="extern" complete_type="uint8" init_mode="PERMANENT" init_modes_allowed="6" init_range="0..1" global_assert="NO" assert_range=""/>
      <scalar name="LrndRackCentr_Op_RackCentrMotAgVld" comment="" line="31" base_type="uint8" attributes="extern" complete_type="uint8" init_mode="PERMANENT" init_modes_allowed="6" init_range="0..1" global_assert="NO" assert_range=""/>
      <scalar name="LrndRackCentr_Op_RackCentrPinionAg" comment="" line="32" base_type="float32" attributes="extern" complete_type="float32" init_mode="PERMANENT" init_modes_allowed="6" init_range="-1440..1440" global_assert="NO" assert_range=""/>
      <scalar name="LrndRackCentr_Op_TotRackTrvl" comment="" line="33" base_type="float32" attributes="extern" complete_type="float32" init_mode="PERMANENT" init_modes_allowed="6" init_range="-2880..2880" global_assert="NO" assert_range=""/>
      <struct name="LrndRackCentr_Pim_HwAgFil" comment="" line="48" attributes="extern">
         <scalar name="FilGain" comment="" line="48" base_type="float32" attributes="extern" complete_type="float32" init_mode="PERMANENT" init_modes_allowed="6" init_range="1" global_assert="NO" assert_range=""/>
         <scalar name="FilSt" comment="" line="48" base_type="float32" attributes="extern" complete_type="float32" init_mode="PERMANENT" init_modes_allowed="6" init_range="-2000..2000" global_assert="NO" assert_range=""/>
      </struct>
      <scalar name="LrndRackCentr_Pim_ManLrndRackCentrNegEot" comment="" line="49" base_type="float32" attributes="extern" complete_type="float32" init_mode="PERMANENT" init_modes_allowed="6" init_range="-1440..0" global_assert="NO" assert_range=""/>
      <scalar name="LrndRackCentr_Pim_ManLrndRackCentrNegEotVld" comment="" line="50" base_type="uint8" attributes="extern" complete_type="uint8" init_mode="PERMANENT" init_modes_allowed="6" init_range="0..1" global_assert="NO" assert_range=""/>
      <scalar name="LrndRackCentr_Pim_ManLrndRackCentrPosEot" comment="" line="51" base_type="float32" attributes="extern" complete_type="float32" init_mode="PERMANENT" init_modes_allowed="6" init_range="0..1440" global_assert="NO" assert_range=""/>
      <scalar name="LrndRackCentr_Pim_ManLrndRackCentrPosEotVld" comment="" line="52" base_type="uint8" attributes="extern" complete_type="uint8" init_mode="PERMANENT" init_modes_allowed="6" init_range="0..1" global_assert="NO" assert_range=""/>
      <scalar name="LrndRackCentr_Pim_RackCentrMaxTmr" comment="" line="53" base_type="uint32" attributes="extern" complete_type="uint32" init_mode="PERMANENT" init_modes_allowed="6" init_range="0..4294967295" global_assert="NO" assert_range=""/>
      <scalar name="LrndRackCentr_Pim_RackCentrMinTmr" comment="" line="54" base_type="uint32" attributes="extern" complete_type="uint32" init_mode="PERMANENT" init_modes_allowed="6" init_range="0..4294967295" global_assert="NO" assert_range=""/>
      <scalar name="LrndRackCentr_Pim_RackCentrPinionAgPrev" comment="" line="55" base_type="float32" attributes="extern" complete_type="float32" init_mode="PERMANENT" init_modes_allowed="6" init_range="-1440..1440" global_assert="NO" assert_range=""/>
      <scalar name="LrndRackCentr_Srv_GetRefTmr100MicroSec32bit_RefTmr" comment="" line="58" base_type="uint32" attributes="extern" complete_type="uint32" init_mode="PERMANENT" init_modes_allowed="6" init_range="0..4294967295" global_assert="NO" assert_range=""/>
      <scalar name="LrndRackCentr_Srv_GetTiSpan100MicroSec32bit_RefTmr" comment="" line="59" base_type="uint32" attributes="extern" complete_type="uint32" init_mode="PERMANENT" init_modes_allowed="6" init_range="0..4294967295" global_assert="NO" assert_range=""/>
      <scalar name="LrndRackCentr_Srv_GetTiSpan100MicroSec32bit_TiSpan" comment="" line="60" base_type="uint32" attributes="extern" complete_type="uint32" init_mode="PERMANENT" init_modes_allowed="6" init_range="0..4294967295" global_assert="NO" assert_range=""/>
   </file>
   <file name="C:\\_Synergy_Projects\\Working\\TL103A_CplrSuprt\\include\\2013.5.5\\ansi\\math.h" comment="">
      <function name="expf" comment="" line="731" main_generator_called="disabled" attributes="extern">
         <scalar name="arg1" comment="" line="731" base_type="float32" complete_type="float32" init_mode="disabled" init_range="disabled" global_assert="unsupported" assert_range="unsupported"/>
         <scalar name="return" comment="" line="731" base_type="float32" complete_type="float32" init_mode="PERMANENT" init_modes_allowed="4" init_range="0..max" global_assert="unsupported" assert_range="unsupported"/>
      </function>
      <function name="fabsf" comment="" line="742" main_generator_called="disabled" attributes="extern">
         <scalar name="arg1" comment="" line="742" base_type="float32" complete_type="float32" init_mode="disabled" init_range="disabled" global_assert="unsupported" assert_range="unsupported"/>
         <scalar name="return" comment="" line="742" base_type="float32" complete_type="float32" init_mode="PERMANENT" init_modes_allowed="4" init_range="0..max" global_assert="unsupported" assert_range="unsupported"/>
      </function>
   </file>
   <function name="atan2f" comment="" main_generator_called="MAIN_GENERATOR" non_applicable="1">
      <scalar name="return" comment="" init_mode="PERMANENT" init_range="-3.1412..3.1412" global_assert="NO" assert_range="min..max" non_applicable="1"/>
   </function>
   <function name="cosf" comment="" main_generator_called="MAIN_GENERATOR" non_applicable="1">
      <scalar name="return" comment="" init_mode="PERMANENT" init_range="-1..1" global_assert="NO" assert_range="min..max" non_applicable="1"/>
   </function>
   <function name="fmodf" comment="" main_generator_called="MAIN_GENERATOR" non_applicable="1">
      <scalar name="return" comment="" init_mode="PERMANENT" init_range="0..max" global_assert="NO" assert_range="min..max" non_applicable="1"/>
   </function>
   <function name="sinf" comment="" main_generator_called="MAIN_GENERATOR" non_applicable="1">
      <scalar name="return" comment="" init_mode="PERMANENT" init_range="-1..1" global_assert="NO" assert_range="min..max" non_applicable="1"/>
   </function>
   <function name="sqrtf" comment="" main_generator_called="MAIN_GENERATOR" non_applicable="1">
      <scalar name="return" comment="" init_mode="PERMANENT" init_range="0..max" global_assert="NO" assert_range="min..max" non_applicable="1"/>
   </function>
</global>
