<?xml version="1.0" encoding="UTF-8"?>

<project name="Polyspace" files="3" includes="28" ap_cg_cycle="0" ap_cg_direct_cycle="0" pshv="0" unpshv="0">
<file name="E:\EA4NewTemplate\CM475A_TSG31CfgAndUse_Impl\tools\local\generate\Rte_Stubs.c" total_lines="123" lines_without_cmt="86" comf="7" fco="-15">
<function name="Rte_Stub" path="1" goto="0" vg="1" calling="0" calls="3" param="0" stmt="3" level="1" return="0" vocf="1.9" flin="3" fxln="3" ncalls="3">
</function>
<function name="Rte_Call_CDD_TSG31CfgAndUse_IoHwAb_SetGpioPhaCUpprCmd_Oper" path="1" goto="0" vg="1" calling="3" calls="0" param="1" stmt="2" level="1" return="1" vocf="1.2" flin="2" fxln="2" ncalls="0">
</function>
<function name="Rte_Call_CDD_TSG31CfgAndUse_IoHwAb_SetGpioPhaCLowrCmd_Oper" path="1" goto="0" vg="1" calling="3" calls="0" param="1" stmt="2" level="1" return="1" vocf="1.2" flin="2" fxln="2" ncalls="0">
</function>
<function name="Rte_Call_CDD_TSG31CfgAndUse_IoHwAb_SetGpioPhaBUpprCmd_Oper" path="1" goto="0" vg="1" calling="3" calls="0" param="1" stmt="2" level="1" return="1" vocf="1.2" flin="2" fxln="2" ncalls="0">
</function>
<function name="Rte_Call_CDD_TSG31CfgAndUse_IoHwAb_SetGpioPhaBLowrCmd_Oper" path="1" goto="0" vg="1" calling="3" calls="0" param="1" stmt="2" level="1" return="1" vocf="1.2" flin="2" fxln="2" ncalls="0">
</function>
<function name="Rte_Call_CDD_TSG31CfgAndUse_IoHwAb_SetGpioPhaAUpprCmd_Oper" path="1" goto="0" vg="1" calling="3" calls="0" param="1" stmt="2" level="1" return="1" vocf="1.2" flin="2" fxln="2" ncalls="0">
</function>
<function name="Rte_Call_CDD_TSG31CfgAndUse_IoHwAb_SetGpioPhaALowrCmd_Oper" path="1" goto="0" vg="1" calling="3" calls="0" param="1" stmt="2" level="1" return="1" vocf="1.2" flin="2" fxln="2" ncalls="0">
</function>
<function name="Rte_Call_CDD_TSG31CfgAndUse_IoHwAb_SetFctPeriphPhaCUpprCmd_Oper" path="1" goto="0" vg="1" calling="2" calls="0" param="0" stmt="1" level="1" return="1" vocf="1.0" flin="1" fxln="1" ncalls="0">
</function>
<function name="Rte_Call_CDD_TSG31CfgAndUse_IoHwAb_SetFctPeriphPhaCLowrCmd_Oper" path="1" goto="0" vg="1" calling="2" calls="0" param="0" stmt="1" level="1" return="1" vocf="1.0" flin="1" fxln="1" ncalls="0">
</function>
<function name="Rte_Call_CDD_TSG31CfgAndUse_IoHwAb_SetFctPeriphPhaBUpprCmd_Oper" path="1" goto="0" vg="1" calling="2" calls="0" param="0" stmt="1" level="1" return="1" vocf="1.0" flin="1" fxln="1" ncalls="0">
</function>
<function name="Rte_Call_CDD_TSG31CfgAndUse_IoHwAb_SetFctPeriphPhaBLowrCmd_Oper" path="1" goto="0" vg="1" calling="2" calls="0" param="0" stmt="1" level="1" return="1" vocf="1.0" flin="1" fxln="1" ncalls="0">
</function>
<function name="Rte_Call_CDD_TSG31CfgAndUse_IoHwAb_SetFctPeriphPhaAUpprCmd_Oper" path="1" goto="0" vg="1" calling="2" calls="0" param="0" stmt="1" level="1" return="1" vocf="1.0" flin="1" fxln="1" ncalls="0">
</function>
<function name="Rte_Call_CDD_TSG31CfgAndUse_IoHwAb_SetFctPeriphPhaALowrCmd_Oper" path="1" goto="0" vg="1" calling="2" calls="0" param="0" stmt="1" level="1" return="1" vocf="1.0" flin="1" fxln="1" ncalls="0">
</function>
<function name="Rte_Call_CDD_TSG31CfgAndUse_IoHwAb_SetFctGpioPhaCUpprCmd_Oper" path="1" goto="0" vg="1" calling="1" calls="0" param="0" stmt="1" level="1" return="1" vocf="1.0" flin="1" fxln="1" ncalls="0">
</function>
<function name="Rte_Call_CDD_TSG31CfgAndUse_IoHwAb_SetFctGpioPhaCLowrCmd_Oper" path="1" goto="0" vg="1" calling="1" calls="0" param="0" stmt="1" level="1" return="1" vocf="1.0" flin="1" fxln="1" ncalls="0">
</function>
<function name="Rte_Call_CDD_TSG31CfgAndUse_IoHwAb_SetFctGpioPhaBUpprCmd_Oper" path="1" goto="0" vg="1" calling="1" calls="0" param="0" stmt="1" level="1" return="1" vocf="1.0" flin="1" fxln="1" ncalls="0">
</function>
<function name="Rte_Call_CDD_TSG31CfgAndUse_IoHwAb_SetFctGpioPhaBLowrCmd_Oper" path="1" goto="0" vg="1" calling="1" calls="0" param="0" stmt="1" level="1" return="1" vocf="1.0" flin="1" fxln="1" ncalls="0">
</function>
<function name="Rte_Call_CDD_TSG31CfgAndUse_IoHwAb_SetFctGpioPhaAUpprCmd_Oper" path="1" goto="0" vg="1" calling="1" calls="0" param="0" stmt="1" level="1" return="1" vocf="1.0" flin="1" fxln="1" ncalls="0">
</function>
<function name="Rte_Call_CDD_TSG31CfgAndUse_IoHwAb_SetFctGpioPhaALowrCmd_Oper" path="1" goto="0" vg="1" calling="1" calls="0" param="0" stmt="1" level="1" return="1" vocf="1.0" flin="1" fxln="1" ncalls="0">
</function>
<function name="fabsf" path="2" goto="0" vg="2" calling="1" calls="0" param="1" stmt="3" level="1" return="1" vocf="2.3" flin="0" fxln="0" ncalls="0">
</function>
</file>
<file name="E:\EA4NewTemplate\CM475A_TSG31CfgAndUse_Impl\src\CDD_TSG31CfgAndUse_MotCtrl.c" total_lines="200" lines_without_cmt="133" comf="25" fco="7">
<function name="MissUpdtCntrDiagc" path="10" goto="0" vg="6" calling="1" calls="0" param="0" stmt="10" level="3" return="0" vocf="3.9" flin="26" fxln="12" ncalls="0">
</function>
<function name="TSG31CfgAndUsePer1" path="13" goto="0" vg="9" calling="1" calls="3" param="0" stmt="49" level="5" return="0" vocf="6.7" flin="107" fxln="54" ncalls="8">
</function>
<function name="SinCos_f32" path="16" goto="0" vg="17" calling="0" calls="0" param="3" stmt="56" level="1" return="0" vocf="10.8" flin="0" fxln="0" ncalls="0">
</function>
<function name="Mod_f32" path="1" goto="0" vg="1" calling="0" calls="1" param="2" stmt="1" level="1" return="1" vocf="1.7" flin="0" fxln="0" ncalls="1">
</function>
<function name="Sqrt_f32" path="1" goto="0" vg="1" calling="0" calls="1" param="1" stmt="1" level="1" return="1" vocf="1.5" flin="0" fxln="0" ncalls="1">
</function>
<function name="Exp_f32" path="1" goto="0" vg="1" calling="0" calls="1" param="1" stmt="1" level="1" return="1" vocf="1.5" flin="0" fxln="0" ncalls="1">
</function>
<function name="Cos_f32" path="1" goto="0" vg="1" calling="0" calls="1" param="1" stmt="1" level="1" return="1" vocf="1.5" flin="0" fxln="0" ncalls="1">
</function>
<function name="Sin_f32" path="1" goto="0" vg="1" calling="0" calls="1" param="1" stmt="1" level="1" return="1" vocf="1.5" flin="0" fxln="0" ncalls="1">
</function>
<function name="Arctan2_f32" path="1" goto="0" vg="1" calling="0" calls="1" param="2" stmt="1" level="1" return="1" vocf="1.7" flin="0" fxln="0" ncalls="1">
</function>
<function name="Lim_f32" path="1" goto="0" vg="3" calling="0" calls="0" param="3" stmt="1" level="1" return="1" vocf="3.1" flin="0" fxln="0" ncalls="0">
</function>
<function name="Lim_u32" path="1" goto="0" vg="3" calling="0" calls="0" param="3" stmt="1" level="1" return="1" vocf="3.1" flin="0" fxln="0" ncalls="0">
</function>
<function name="Lim_s32" path="1" goto="0" vg="3" calling="0" calls="0" param="3" stmt="1" level="1" return="1" vocf="3.1" flin="0" fxln="0" ncalls="0">
</function>
<function name="Lim_u16" path="1" goto="0" vg="3" calling="0" calls="0" param="3" stmt="1" level="1" return="1" vocf="3.1" flin="0" fxln="0" ncalls="0">
</function>
<function name="Lim_s16" path="1" goto="0" vg="3" calling="0" calls="0" param="3" stmt="1" level="1" return="1" vocf="3.1" flin="0" fxln="0" ncalls="0">
</function>
<function name="Lim_u08" path="1" goto="0" vg="3" calling="0" calls="0" param="3" stmt="1" level="1" return="1" vocf="3.1" flin="0" fxln="0" ncalls="0">
</function>
<function name="Lim_s08" path="1" goto="0" vg="3" calling="0" calls="0" param="3" stmt="1" level="1" return="1" vocf="3.1" flin="0" fxln="0" ncalls="0">
</function>
<function name="Max_f32" path="1" goto="0" vg="2" calling="0" calls="0" param="2" stmt="1" level="1" return="1" vocf="2.2" flin="0" fxln="0" ncalls="0">
</function>
<function name="Max_u32" path="1" goto="0" vg="2" calling="0" calls="0" param="2" stmt="1" level="1" return="1" vocf="2.2" flin="0" fxln="0" ncalls="0">
</function>
<function name="Max_s32" path="1" goto="0" vg="2" calling="0" calls="0" param="2" stmt="1" level="1" return="1" vocf="2.2" flin="0" fxln="0" ncalls="0">
</function>
<function name="Max_u16" path="1" goto="0" vg="2" calling="0" calls="0" param="2" stmt="1" level="1" return="1" vocf="2.2" flin="0" fxln="0" ncalls="0">
</function>
<function name="Max_s16" path="1" goto="0" vg="2" calling="0" calls="0" param="2" stmt="1" level="1" return="1" vocf="2.2" flin="0" fxln="0" ncalls="0">
</function>
<function name="Max_u08" path="1" goto="0" vg="2" calling="0" calls="0" param="2" stmt="1" level="1" return="1" vocf="2.2" flin="0" fxln="0" ncalls="0">
</function>
<function name="Max_s08" path="1" goto="0" vg="2" calling="0" calls="0" param="2" stmt="1" level="1" return="1" vocf="2.2" flin="0" fxln="0" ncalls="0">
</function>
<function name="Min_f32" path="1" goto="0" vg="2" calling="0" calls="0" param="2" stmt="1" level="1" return="1" vocf="2.2" flin="0" fxln="0" ncalls="0">
</function>
<function name="Min_u32" path="1" goto="0" vg="2" calling="1" calls="0" param="2" stmt="1" level="1" return="1" vocf="2.2" flin="0" fxln="0" ncalls="0">
</function>
<function name="Min_s32" path="1" goto="0" vg="2" calling="0" calls="0" param="2" stmt="1" level="1" return="1" vocf="2.2" flin="0" fxln="0" ncalls="0">
</function>
<function name="Min_u16" path="1" goto="0" vg="2" calling="0" calls="0" param="2" stmt="1" level="1" return="1" vocf="2.2" flin="0" fxln="0" ncalls="0">
</function>
<function name="Min_s16" path="1" goto="0" vg="2" calling="0" calls="0" param="2" stmt="1" level="1" return="1" vocf="2.2" flin="0" fxln="0" ncalls="0">
</function>
<function name="Min_u08" path="1" goto="0" vg="2" calling="0" calls="0" param="2" stmt="1" level="1" return="1" vocf="2.2" flin="0" fxln="0" ncalls="0">
</function>
<function name="Min_s08" path="1" goto="0" vg="2" calling="0" calls="0" param="2" stmt="1" level="1" return="1" vocf="2.2" flin="0" fxln="0" ncalls="0">
</function>
<function name="Sign_s08_f32" path="1" goto="0" vg="2" calling="0" calls="0" param="1" stmt="1" level="1" return="1" vocf="2.2" flin="0" fxln="0" ncalls="0">
</function>
<function name="Sign_s08_s32" path="1" goto="0" vg="2" calling="0" calls="0" param="1" stmt="1" level="1" return="1" vocf="2.2" flin="0" fxln="0" ncalls="0">
</function>
<function name="Sign_s08_s16" path="1" goto="0" vg="2" calling="0" calls="0" param="1" stmt="1" level="1" return="1" vocf="2.2" flin="0" fxln="0" ncalls="0">
</function>
<function name="Sign_s08_s08" path="1" goto="0" vg="2" calling="0" calls="0" param="1" stmt="1" level="1" return="1" vocf="2.3" flin="0" fxln="0" ncalls="0">
</function>
<function name="Abslt_f32_f32" path="1" goto="0" vg="1" calling="0" calls="1" param="1" stmt="1" level="1" return="1" vocf="1.5" flin="0" fxln="0" ncalls="1">
</function>
<function name="Abslt_u32_s32" path="1" goto="0" vg="2" calling="0" calls="0" param="1" stmt="1" level="1" return="1" vocf="2.8" flin="0" fxln="0" ncalls="0">
</function>
<function name="Abslt_u16_s16" path="1" goto="0" vg="2" calling="0" calls="0" param="1" stmt="1" level="1" return="1" vocf="2.8" flin="0" fxln="0" ncalls="0">
</function>
<function name="Abslt_u08_s08" path="1" goto="0" vg="2" calling="0" calls="0" param="1" stmt="1" level="1" return="1" vocf="2.8" flin="0" fxln="0" ncalls="0">
</function>
<function name="Blnd_f32" path="1" goto="0" vg="1" calling="0" calls="0" param="3" stmt="1" level="1" return="1" vocf="6.5" flin="0" fxln="0" ncalls="0">
</function>
<function name="CnvNanoSecToTmrCnt" path="1" goto="0" vg="1" calling="2" calls="0" param="1" stmt="4" level="1" return="1" vocf="2.8" flin="0" fxln="0" ncalls="0">
</function>
<function name="fabsf" path="2" goto="0" vg="2" calling="1" calls="0" param="1" stmt="3" level="1" return="1" vocf="2.3" flin="0" fxln="0" ncalls="0">
</function>
</file>
<file name="E:\EA4NewTemplate\CM475A_TSG31CfgAndUse_Impl\src\CDD_TSG31CfgAndUse.c" total_lines="794" lines_without_cmt="299" comf="40" fco="66">
<function name="MapPinsToGpio" path="1" goto="0" vg="1" calling="3" calls="6" param="0" stmt="6" level="1" return="0" vocf="3.6" flin="7" fxln="6" ncalls="6">
</function>
<function name="MapFetCtrlSigToGpioAndSetLow" path="1" goto="0" vg="1" calling="2" calls="7" param="0" stmt="7" level="1" return="0" vocf="3.8" flin="11" fxln="7" ncalls="7">
</function>
<function name="NoTranSysStNotEn" path="6" goto="0" vg="4" calling="1" calls="13" param="2" stmt="19" level="2" return="0" vocf="4.9" flin="37" fxln="19" ncalls="13">
</function>
<function name="TranToEn" path="1" goto="0" vg="1" calling="1" calls="6" param="0" stmt="6" level="1" return="0" vocf="3.6" flin="9" fxln="6" ncalls="6">
</function>
<function name="TranFromEn" path="1" goto="0" vg="1" calling="1" calls="1" param="0" stmt="1" level="1" return="0" vocf="1.3" flin="4" fxln="1" ncalls="1">
</function>
<function name="NoTranSysStIsEn" path="5" goto="0" vg="5" calling="1" calls="7" param="1" stmt="34" level="1" return="0" vocf="9.0" flin="58" fxln="40" ncalls="28">
</function>
<function name="TSG31CfgAndUsePer2" path="8" goto="0" vg="5" calling="1" calls="4" param="0" stmt="14" level="2" return="0" vocf="4.6" flin="57" fxln="18" ncalls="4">
</function>
<function name="TSG31CfgAndUseInit1" path="2" goto="0" vg="2" calling="1" calls="2" param="0" stmt="46" level="1" return="0" vocf="13.9" flin="180" fxln="126" ncalls="8">
</function>
<function name="CnvNanoSecToTmrCnt" path="1" goto="0" vg="1" calling="2" calls="0" param="1" stmt="4" level="1" return="1" vocf="2.8" flin="0" fxln="0" ncalls="0">
</function>
<function name="fabsf" path="2" goto="0" vg="2" calling="1" calls="0" param="1" stmt="3" level="1" return="1" vocf="2.3" flin="0" fxln="0" ncalls="0">
</function>
</file>
</project>
