<?xml version="1.0" encoding="UTF-8"?>

<MISRA-C-Report version="1.3">


<CodeStruct Name="" File="C:\_Synergy_Projects\Working\MM523A_BmwMsgSlot51Bas0Repn2BusFrChA_Impl\src\BmwMsgSlot51Bas0Repn2BusFrChA.c" Line="0" Column="0">

<Rule Name="5.1" Mode="required" Report="warning" Id="1">
<Loc File="C:\_Synergy_Projects\Working\MM523A_BmwMsgSlot51Bas0Repn2BusFrChA_Impl\src\BmwMsgSlot51Bas0Repn2BusFrChA.c" Line="404" Column="8">
</Loc>
<Message>
Identifiers "BmwMsgSlot51Bas0Repn2BusFrChA_START_SEC_CODE" (BmwMsgSlot51Bas0Repn2BusFrChA.c line 207 column 8) and "BmwMsgSlot51Bas0Repn2BusFrChA_STOP_SEC_CODE" (BmwMsgSlot51Bas0Repn2BusFrChA.c line 404 column 8) have the same first 32 characters.
</Message>
</Rule>

<Rule Name="19.1" Mode="advisory" Report="warning" Id="2">
<Loc File="C:\_Synergy_Projects\Working\MM523A_BmwMsgSlot51Bas0Repn2BusFrChA_Impl\src\BmwMsgSlot51Bas0Repn2BusFrChA.c" Line="405" Column="0">
</Loc>
<Message>
#include statements in a file shall only be preceded by other preprocessor directives or comments.
</Message>
</Rule>

</CodeStruct>

<CodeStruct Name="BmwMsgSlot51Bas0Repn2BusFrChAPer1" File="C:\_Synergy_Projects\Working\MM523A_BmwMsgSlot51Bas0Repn2BusFrChA_Impl\src\BmwMsgSlot51Bas0Repn2BusFrChA.c" Line="287" Column="5">

<Rule Name="9.1" Mode="required" Report="warning" Id="3">
<Loc File="C:\_Synergy_Projects\Working\MM523A_BmwMsgSlot51Bas0Repn2BusFrChA_Impl\src\BmwMsgSlot51Bas0Repn2BusFrChA.c" Line="335" Column="59">
</Loc>
<Message>
All automatic variables shall have been assigned a value before being used.
</Message>
</Rule>

<Rule Name="9.1" Mode="required" Report="warning" Id="4">
<Loc File="C:\_Synergy_Projects\Working\MM523A_BmwMsgSlot51Bas0Repn2BusFrChA_Impl\src\BmwMsgSlot51Bas0Repn2BusFrChA.c" Line="338" Column="35">
</Loc>
<Message>
All automatic variables shall have been assigned a value before being used.
</Message>
</Rule>

<Rule Name="9.1" Mode="required" Report="warning" Id="5">
<Loc File="C:\_Synergy_Projects\Working\MM523A_BmwMsgSlot51Bas0Repn2BusFrChA_Impl\src\BmwMsgSlot51Bas0Repn2BusFrChA.c" Line="343" Column="8">
</Loc>
<Message>
All automatic variables shall have been assigned a value before being used.
</Message>
</Rule>

<Rule Name="9.1" Mode="required" Report="warning" Id="6">
<Loc File="C:\_Synergy_Projects\Working\MM523A_BmwMsgSlot51Bas0Repn2BusFrChA_Impl\src\BmwMsgSlot51Bas0Repn2BusFrChA.c" Line="349" Column="41">
</Loc>
<Message>
All automatic variables shall have been assigned a value before being used.
</Message>
</Rule>

<Rule Name="9.1" Mode="required" Report="warning" Id="7">
<Loc File="C:\_Synergy_Projects\Working\MM523A_BmwMsgSlot51Bas0Repn2BusFrChA_Impl\src\BmwMsgSlot51Bas0Repn2BusFrChA.c" Line="355" Column="8">
</Loc>
<Message>
All automatic variables shall have been assigned a value before being used.
</Message>
</Rule>

<Rule Name="9.1" Mode="required" Report="warning" Id="8">
<Loc File="C:\_Synergy_Projects\Working\MM523A_BmwMsgSlot51Bas0Repn2BusFrChA_Impl\src\BmwMsgSlot51Bas0Repn2BusFrChA.c" Line="361" Column="43">
</Loc>
<Message>
All automatic variables shall have been assigned a value before being used.
</Message>
</Rule>

<Rule Name="9.1" Mode="required" Report="warning" Id="9">
<Loc File="C:\_Synergy_Projects\Working\MM523A_BmwMsgSlot51Bas0Repn2BusFrChA_Impl\src\BmwMsgSlot51Bas0Repn2BusFrChA.c" Line="369" Column="57">
</Loc>
<Message>
All automatic variables shall have been assigned a value before being used.
</Message>
</Rule>

<Rule Name="9.1" Mode="required" Report="warning" Id="10">
<Loc File="C:\_Synergy_Projects\Working\MM523A_BmwMsgSlot51Bas0Repn2BusFrChA_Impl\src\BmwMsgSlot51Bas0Repn2BusFrChA.c" Line="372" Column="51">
</Loc>
<Message>
All automatic variables shall have been assigned a value before being used.
</Message>
</Rule>

<Rule Name="9.1" Mode="required" Report="warning" Id="11">
<Loc File="C:\_Synergy_Projects\Working\MM523A_BmwMsgSlot51Bas0Repn2BusFrChA_Impl\src\BmwMsgSlot51Bas0Repn2BusFrChA.c" Line="378" Column="8">
</Loc>
<Message>
All automatic variables shall have been assigned a value before being used.
</Message>
</Rule>

<Rule Name="9.1" Mode="required" Report="warning" Id="12">
<Loc File="C:\_Synergy_Projects\Working\MM523A_BmwMsgSlot51Bas0Repn2BusFrChA_Impl\src\BmwMsgSlot51Bas0Repn2BusFrChA.c" Line="384" Column="49">
</Loc>
<Message>
All automatic variables shall have been assigned a value before being used.
</Message>
</Rule>

</CodeStruct>

</MISRA-C-Report>
