<?xml version="1.0" encoding="UTF-8"?>

<MISRA-C-Report version="1.3">


<CodeStruct Name="FalbckAssiPer1" File="C:\Users\nz2999\Documents\Synergy\ccm_wa\ses_dev_ea4\SF111A_FalbckAssi_Impl-nz2999\SF111A_FalbckAssi_Impl\src\FalbckAssi.c" Line="233" Column="5">

<Rule Name="11.5" Mode="required" Report="warning" Id="1">
<Loc File="C:\Users\nz2999\Documents\Synergy\ccm_wa\ses_dev_ea4\SF111A_FalbckAssi_Impl-nz2999\SF111A_FalbckAssi_Impl\src\FalbckAssi.c" Line="260" Column="31">
</Loc>
<Message>
A cast shall not be performed that removes any const or volatile qualification
from the type addressed by a pointer.
</Message>
</Rule>

<Rule Name="11.5" Mode="required" Report="warning" Id="2">
<Loc File="C:\Users\nz2999\Documents\Synergy\ccm_wa\ses_dev_ea4\SF111A_FalbckAssi_Impl-nz2999\SF111A_FalbckAssi_Impl\src\FalbckAssi.c" Line="260" Column="115">
</Loc>
<Message>
A cast shall not be performed that removes any const or volatile qualification
from the type addressed by a pointer.
</Message>
</Rule>

<Rule Name="11.5" Mode="required" Report="warning" Id="3">
<Loc File="C:\Users\nz2999\Documents\Synergy\ccm_wa\ses_dev_ea4\SF111A_FalbckAssi_Impl-nz2999\SF111A_FalbckAssi_Impl\src\FalbckAssi.c" Line="263" Column="31">
</Loc>
<Message>
A cast shall not be performed that removes any const or volatile qualification
from the type addressed by a pointer.
</Message>
</Rule>

<Rule Name="11.5" Mode="required" Report="warning" Id="4">
<Loc File="C:\Users\nz2999\Documents\Synergy\ccm_wa\ses_dev_ea4\SF111A_FalbckAssi_Impl-nz2999\SF111A_FalbckAssi_Impl\src\FalbckAssi.c" Line="263" Column="116">
</Loc>
<Message>
A cast shall not be performed that removes any const or volatile qualification
from the type addressed by a pointer.
</Message>
</Rule>

</CodeStruct>

<CodeStruct Name="" File="C:\Users\nz2999\Documents\Synergy\ccm_wa\ses_dev_ea4\SF111A_FalbckAssi_Impl-nz2999\SF111A_FalbckAssi_Impl\src\FalbckAssi.c" Line="0" Column="0">

<Rule Name="19.1" Mode="advisory" Report="warning" Id="5">
<Loc File="C:\Users\nz2999\Documents\Synergy\ccm_wa\ses_dev_ea4\SF111A_FalbckAssi_Impl-nz2999\SF111A_FalbckAssi_Impl\src\FalbckAssi.c" Line="300" Column="0">
</Loc>
<Message>
#include statements in a file shall only be preceded by other preprocessor directives or comments.
</Message>
</Rule>

</CodeStruct>

</MISRA-C-Report>
