<?xml version="1.0" encoding="UTF-8"?>

<project name="Polyspace" files="2" includes="23" ap_cg_cycle="0" ap_cg_direct_cycle="0" pshv="0" unpshv="0">
<file name="C:\Users\NZ5334\Documents\Synergy\Working\ses_dev_ea4\CM510A_MotAg3Meas_Impl\tools\local\generate\Rte_Stubs.c" total_lines="23" lines_without_cmt="7" comf="50" fco="2">
<function name="Rte_Stub" path="1" goto="0" vg="1" calling="0" calls="2" param="0" stmt="2" level="1" return="0" vocf="1.5" flin="2" fxln="2" ncalls="2">
</function>
<function name="fabsf" path="2" goto="0" vg="2" calling="0" calls="0" param="1" stmt="3" level="1" return="1" vocf="2.3" flin="0" fxln="0" ncalls="0">
</function>
</file>
<file name="C:\Users\NZ5334\Documents\Synergy\Working\ses_dev_ea4\CM510A_MotAg3Meas_Impl\src\CDD_MotAg3Meas.c" total_lines="264" lines_without_cmt="37" comf="100" fco="-1">
<function name="MotAg3MeasInit1" path="1" goto="0" vg="1" calling="1" calls="0" param="0" stmt="4" level="1" return="0" vocf="2.8" flin="22" fxln="4" ncalls="0">
</function>
<function name="GetMotAg3Mecl_Oper" path="2" goto="0" vg="2" calling="1" calls="0" param="1" stmt="6" level="1" return="0" vocf="2.6" flin="36" fxln="7" ncalls="0">
</function>
<function name="fabsf" path="2" goto="0" vg="2" calling="0" calls="0" param="1" stmt="3" level="1" return="1" vocf="2.3" flin="0" fxln="0" ncalls="0">
</function>
</file>
</project>
