<?xml version="1.0" encoding="UTF-8"?>
<MISRA-C-Report-Summary>
<File Mode="advisory" Error="0" Warning="2" Total="2">
<Name>
C:\_S\work\ses_dev_ea4\SF110A_GlbLimr_Impl-z172399\SF110A_GlbLimr_Impl\src\GlbLimr.c</Name>
</File>
<File Mode="required" Error="0" Warning="6" Total="6">
<Name>
C:\_S\work\ses_dev_ea4\SF110A_GlbLimr_Impl-z172399\SF110A_GlbLimr_Impl\src\GlbLimr.c</Name>
</File>
<Rule Name="11.5" Count="4" Mode="required" Severity="warning">
<Message>
A cast shall not be performed that removes any const or volatile qualification</Message>
</Rule>
<Rule Name="19.1" Count="2" Mode="advisory" Severity="warning">
<Message>
#include statements in a file shall only be preceded by other preprocessor directives or comments.</Message>
</Rule>
<Rule Name="5.1" Count="2" Mode="required" Severity="warning">
<Message>
</Message>
</Rule>
</MISRA-C-Report-Summary>
