<?xml version="1.0" encoding="UTF-8"?>

<MISRA-C-Report version="1.3">


<CodeStruct Name="" File="E:\EA4NewTemplate\SF040A_MotVel_Impl\src\CDD_MotVel.c" Line="0" Column="0">

<Rule Name="19.1" Mode="advisory" Report="warning" Id="5">
<Loc File="E:\EA4NewTemplate\SF040A_MotVel_Impl\src\CDD_MotVel.c" Line="431" Column="0">
</Loc>
<Message>
#include statements in a file shall only be preceded by other preprocessor directives or comments.
</Message>
</Rule>

</CodeStruct>

<CodeStruct Name="" File="E:\EA4NewTemplate\SF040A_MotVel_Impl\src\CDD_MotVel_MotCtrl.c" Line="0" Column="0">

<Rule Name="19.1" Mode="advisory" Report="warning" Id="4">
<Loc File="E:\EA4NewTemplate\SF040A_MotVel_Impl\src\CDD_MotVel_MotCtrl.c" Line="68" Column="0">
</Loc>
<Message>
#include statements in a file shall only be preceded by other preprocessor directives or comments.
</Message>
</Rule>

</CodeStruct>

<CodeStruct Name="" File="E:\EA4NewTemplate\SF040A_MotVel_Impl\include\CDD_MotVel_MotCtrl_MemMap.h" Line="0" Column="0">

<Rule Name="19.15" Mode="required" Report="warning" Id="1">
<Loc File="E:\EA4NewTemplate\SF040A_MotVel_Impl\include\CDD_MotVel_MotCtrl_MemMap.h" Line="1" Column="0">
</Loc>
<Message>
Precautions shall be taken in order to prevent the contents of a header file being included twice.
</Message>
</Rule>

<Rule Name="19.6" Mode="required" Report="warning" Id="2">
<Loc File="E:\EA4NewTemplate\SF040A_MotVel_Impl\include\CDD_MotVel_MotCtrl_MemMap.h" Line="25" Column="0">
</Loc>
<Message>
#undef shall not be used.
</Message>
</Rule>

<Rule Name="19.6" Mode="required" Report="warning" Id="3">
<Loc File="E:\EA4NewTemplate\SF040A_MotVel_Impl\include\CDD_MotVel_MotCtrl_MemMap.h" Line="31" Column="0">
</Loc>
<Message>
#undef shall not be used.
</Message>
</Rule>

</CodeStruct>

<CodeStruct Name="MotVelPer1" File="E:\EA4NewTemplate\SF040A_MotVel_Impl\src\CDD_MotVel_MotCtrl.c" Line="57" Column="5">

<Rule Name="21.1" Mode="required" Report="warning" Id="6">
<Loc File="E:\EA4NewTemplate\SF040A_MotVel_Impl\src\CDD_MotVel_MotCtrl.c" Line="59" Column="29">
</Loc>
<Message>
Minimisation of run-time failures.
</Message>
</Rule>

<Rule Name="21.1" Mode="required" Report="warning" Id="7">
<Loc File="E:\EA4NewTemplate\SF040A_MotVel_Impl\src\CDD_MotVel_MotCtrl.c" Line="60" Column="31">
</Loc>
<Message>
Minimisation of run-time failures.
</Message>
</Rule>

</CodeStruct>

<CodeStruct Name="MotVelPer2" File="E:\EA4NewTemplate\SF040A_MotVel_Impl\src\CDD_MotVel.c" Line="222" Column="5">

<Rule Name="21.1" Mode="required" Report="warning" Id="8">
<Loc File="E:\EA4NewTemplate\SF040A_MotVel_Impl\src\CDD_MotVel.c" Line="313" Column="83">
</Loc>
<Message>
Minimisation of run-time failures.
</Message>
</Rule>

<Rule Name="21.1" Mode="required" Report="warning" Id="9">
<Loc File="E:\EA4NewTemplate\SF040A_MotVel_Impl\src\CDD_MotVel.c" Line="314" Column="71">
</Loc>
<Message>
Minimisation of run-time failures.
</Message>
</Rule>

</CodeStruct>

</MISRA-C-Report>
