<?xml version="1.0" encoding="UTF-8"?>

<MISRA-C-Report version="1.3">


<CodeStruct Name="" File="C:\Users\nz3541\Documents\SynergyWorkingEA4\ES247A_MotAgCmp_Impl\include\CDD_MotAgCmp_MotCtrl_MemMap.h" Line="0" Column="0">

<Rule Name="19.15" Mode="required" Report="warning" Id="3">
<Loc File="C:\Users\nz3541\Documents\SynergyWorkingEA4\ES247A_MotAgCmp_Impl\include\CDD_MotAgCmp_MotCtrl_MemMap.h" Line="1" Column="0">
</Loc>
<Message>
Precautions shall be taken in order to prevent the contents of a header file being included twice.
</Message>
</Rule>

<Rule Name="19.6" Mode="required" Report="warning" Id="4">
<Loc File="C:\Users\nz3541\Documents\SynergyWorkingEA4\ES247A_MotAgCmp_Impl\include\CDD_MotAgCmp_MotCtrl_MemMap.h" Line="25" Column="0">
</Loc>
<Message>
#undef shall not be used.
</Message>
</Rule>

<Rule Name="19.6" Mode="required" Report="warning" Id="5">
<Loc File="C:\Users\nz3541\Documents\SynergyWorkingEA4\ES247A_MotAgCmp_Impl\include\CDD_MotAgCmp_MotCtrl_MemMap.h" Line="31" Column="0">
</Loc>
<Message>
#undef shall not be used.
</Message>
</Rule>

</CodeStruct>

<CodeStruct Name="" File="C:\Users\nz3541\Documents\SynergyWorkingEA4\ES247A_MotAgCmp_Impl\src\CDD_MotAgCmp_MotCtrl.c" Line="0" Column="0">

<Rule Name="19.1" Mode="advisory" Report="warning" Id="2">
<Loc File="C:\Users\nz3541\Documents\SynergyWorkingEA4\ES247A_MotAgCmp_Impl\src\CDD_MotAgCmp_MotCtrl.c" Line="117" Column="0">
</Loc>
<Message>
#include statements in a file shall only be preceded by other preprocessor directives or comments.
</Message>
</Rule>

</CodeStruct>

<CodeStruct Name="" File="C:\Users\nz3541\Documents\SynergyWorkingEA4\ES247A_MotAgCmp_Impl\src\CDD_MotAgCmp.c" Line="0" Column="0">

<Rule Name="19.1" Mode="advisory" Report="warning" Id="1">
<Loc File="C:\Users\nz3541\Documents\SynergyWorkingEA4\ES247A_MotAgCmp_Impl\src\CDD_MotAgCmp.c" Line="359" Column="0">
</Loc>
<Message>
#include statements in a file shall only be preceded by other preprocessor directives or comments.
</Message>
</Rule>

</CodeStruct>

<CodeStruct Name="MotAgCmpPer2" File="C:\Users\nz3541\Documents\SynergyWorkingEA4\ES247A_MotAgCmp_Impl\src\CDD_MotAgCmp.c" Line="320" Column="5">

<Rule Name="21.1" Mode="required" Report="warning" Id="6">
<Loc File="C:\Users\nz3541\Documents\SynergyWorkingEA4\ES247A_MotAgCmp_Impl\src\CDD_MotAgCmp.c" Line="344" Column="81">
</Loc>
<Message>
Minimisation of run-time failures.
</Message>
</Rule>

</CodeStruct>

</MISRA-C-Report>
