<?xml version="1.0" encoding="UTF-8"?>
<!--EDRS Version 1.0-->
<global>
   <scalar name="Adc1CfgAndUse_Ip_AdcStrtOfCnvn2" comment="" init_mode="PERMANENT" init_range="0..3" global_assert="NO" assert_range="min..max" non_applicable="1"/>
   <scalar name="Adc1CfgAndUse_Ip_RegInpADCD1SGSR1" comment="" init_mode="PERMANENT" init_range="0..255" global_assert="NO" assert_range="min..max" non_applicable="1"/>
   <scalar name="Adc1CfgAndUse_Op_DmaAdc1ResTrig" comment="" init_mode="PERMANENT" init_range="0..255" global_assert="NO" assert_range="min..max" non_applicable="1"/>
   <scalar name="Adc1CfgAndUse_Op_RegOutpADCD1SGCR1" comment="" init_mode="PERMANENT" init_range="0..255" global_assert="NO" assert_range="min..max" non_applicable="1"/>
   <scalar name="Adc1CfgAndUse_Op_RegOutpADCD1SGCR2" comment="" init_mode="PERMANENT" init_range="0..255" global_assert="NO" assert_range="min..max" non_applicable="1"/>
   <scalar name="Adc1CfgAndUse_Op_RegOutpADCD1SGCR3" comment="" init_mode="PERMANENT" init_range="0..255" global_assert="NO" assert_range="min..max" non_applicable="1"/>
   <scalar name="Adc1CfgAndUse_Op_RegOutpADCD1SGSTCR0" comment="" init_mode="PERMANENT" init_range="0..255" global_assert="NO" assert_range="min..max" non_applicable="1"/>
   <scalar name="Adc1CfgAndUse_Op_RegOutpADCD1SGVCEP1" comment="" init_mode="PERMANENT" init_range="21..23" global_assert="NO" assert_range="min..max" non_applicable="1"/>
   <scalar name="Adc1CfgAndUse_Op_RegOutpADCD1SGVCSP1" comment="" init_mode="PERMANENT" init_range="21..23" global_assert="NO" assert_range="min..max" non_applicable="1"/>
   <file name="C:\\Users\\nz3541\\Documents\\SynergyWorkingEA4\\AR202A_MicroCtrlrSuprt_Impl\\include\\P1M\\R7F701311\\adcd_regs.h" comment="">
      <struct name="ADCD1" comment="" line="1428" attributes="volatile extern">
         <struct name="ADCR1" comment="" line="1428" attributes="volatile extern">
            <struct name="BIT" comment="" line="1428" attributes="volatile extern">
               <scalar name="SUSMTD" comment="" line="1428" base_type="uint2" attributes="volatile extern" complete_type="uint2" init_mode="PERMANENT" init_modes_allowed="4" init_range="min..max" global_assert="disabled" assert_range="disabled"/>
            </struct>
         </struct>
         <struct name="ADCR2" comment="" line="1428" attributes="volatile extern">
            <struct name="BIT" comment="" line="1428" attributes="volatile extern">
               <scalar name="ADDNT" comment="" line="1428" base_type="uint1" attributes="volatile extern" complete_type="uint1" init_mode="PERMANENT" init_modes_allowed="4" init_range="min..max" global_assert="disabled" assert_range="disabled"/>
               <scalar name="DFMT" comment="" line="1428" base_type="uint1" attributes="volatile extern" complete_type="uint1" init_mode="PERMANENT" init_modes_allowed="4" init_range="min..max" global_assert="disabled" assert_range="disabled"/>
            </struct>
         </struct>
         <struct name="ADOPDIG1" comment="" line="1428" attributes="volatile extern">
            <scalar name="UINT32" comment="" line="1428" base_type="uint32" attributes="volatile extern" complete_type="uint32" init_mode="PERMANENT" init_modes_allowed="4" init_range="min..max" global_assert="disabled" assert_range="disabled"/>
         </struct>
         <struct name="ODCR" comment="" line="1428" attributes="volatile extern">
            <scalar name="UINT32" comment="" line="1428" base_type="uint32" attributes="volatile extern" complete_type="uint32" init_mode="PERMANENT" init_modes_allowed="4" init_range="min..max" global_assert="disabled" assert_range="disabled"/>
         </struct>
         <struct name="SFTCR" comment="" line="1428" attributes="volatile extern">
            <struct name="BIT" comment="" line="1428" attributes="volatile extern">
               <scalar name="IDEIE" comment="" line="1428" base_type="uint1" attributes="volatile extern" complete_type="uint1" init_mode="PERMANENT" init_modes_allowed="4" init_range="min..max" global_assert="disabled" assert_range="disabled"/>
               <scalar name="OWEIE" comment="" line="1428" base_type="uint1" attributes="volatile extern" complete_type="uint1" init_mode="PERMANENT" init_modes_allowed="4" init_range="min..max" global_assert="disabled" assert_range="disabled"/>
               <scalar name="PEIE" comment="" line="1428" base_type="uint1" attributes="volatile extern" complete_type="uint1" init_mode="PERMANENT" init_modes_allowed="4" init_range="min..max" global_assert="disabled" assert_range="disabled"/>
               <scalar name="RDCLRE" comment="" line="1428" base_type="uint1" attributes="volatile extern" complete_type="uint1" init_mode="PERMANENT" init_modes_allowed="4" init_range="min..max" global_assert="disabled" assert_range="disabled"/>
               <scalar name="ULEIE" comment="" line="1428" base_type="uint1" attributes="volatile extern" complete_type="uint1" init_mode="PERMANENT" init_modes_allowed="4" init_range="min..max" global_assert="disabled" assert_range="disabled"/>
            </struct>
         </struct>
         <struct name="SGCR0" comment="" line="1428" attributes="volatile extern">
            <scalar name="UINT8" comment="" line="1428" base_type="uint8" attributes="volatile extern" complete_type="uint8" init_mode="PERMANENT" init_modes_allowed="4" init_range="min..max" global_assert="disabled" assert_range="disabled"/>
         </struct>
         <struct name="SGCR1" comment="" line="1428" attributes="volatile extern">
            <scalar name="UINT8" comment="" line="1428" base_type="uint8" attributes="volatile extern" complete_type="uint8" init_mode="PERMANENT" init_modes_allowed="4" init_range="min..max" global_assert="disabled" assert_range="disabled"/>
         </struct>
         <struct name="SGCR2" comment="" line="1428" attributes="volatile extern">
            <scalar name="UINT8" comment="" line="1428" base_type="uint8" attributes="volatile extern" complete_type="uint8" init_mode="PERMANENT" init_modes_allowed="4" init_range="min..max" global_assert="disabled" assert_range="disabled"/>
         </struct>
         <struct name="SGCR3" comment="" line="1428" attributes="volatile extern">
            <scalar name="UINT8" comment="" line="1428" base_type="uint8" attributes="volatile extern" complete_type="uint8" init_mode="PERMANENT" init_modes_allowed="4" init_range="min..max" global_assert="disabled" assert_range="disabled"/>
         </struct>
         <struct name="SGCR4" comment="" line="1428" attributes="volatile extern">
            <scalar name="UINT8" comment="" line="1428" base_type="uint8" attributes="volatile extern" complete_type="uint8" init_mode="PERMANENT" init_modes_allowed="4" init_range="min..max" global_assert="disabled" assert_range="disabled"/>
         </struct>
         <struct name="SGMCYCR0" comment="" line="1428" attributes="volatile extern">
            <scalar name="UINT8" comment="" line="1428" base_type="uint8" attributes="volatile extern" complete_type="uint8" init_mode="PERMANENT" init_modes_allowed="4" init_range="min..max" global_assert="disabled" assert_range="disabled"/>
         </struct>
         <struct name="SGMCYCR1" comment="" line="1428" attributes="volatile extern">
            <scalar name="UINT8" comment="" line="1428" base_type="uint8" attributes="volatile extern" complete_type="uint8" init_mode="PERMANENT" init_modes_allowed="4" init_range="min..max" global_assert="disabled" assert_range="disabled"/>
         </struct>
         <struct name="SGMCYCR2" comment="" line="1428" attributes="volatile extern">
            <scalar name="UINT8" comment="" line="1428" base_type="uint8" attributes="volatile extern" complete_type="uint8" init_mode="PERMANENT" init_modes_allowed="4" init_range="min..max" global_assert="disabled" assert_range="disabled"/>
         </struct>
         <struct name="SGMCYCR3" comment="" line="1428" attributes="volatile extern">
            <scalar name="UINT8" comment="" line="1428" base_type="uint8" attributes="volatile extern" complete_type="uint8" init_mode="PERMANENT" init_modes_allowed="4" init_range="min..max" global_assert="disabled" assert_range="disabled"/>
         </struct>
         <struct name="SGMCYCR4" comment="" line="1428" attributes="volatile extern">
            <scalar name="UINT8" comment="" line="1428" base_type="uint8" attributes="volatile extern" complete_type="uint8" init_mode="PERMANENT" init_modes_allowed="4" init_range="min..max" global_assert="disabled" assert_range="disabled"/>
         </struct>
         <struct name="SGSR1" comment="" line="1428" attributes="volatile extern const">
            <scalar name="UINT8" comment="" line="1428" base_type="uint8" attributes="volatile extern const" complete_type="uint8" init_mode="PERMANENT" init_modes_allowed="4" init_range="min..max" global_assert="disabled" assert_range="disabled"/>
         </struct>
         <struct name="SGSTCR0" comment="" line="1428" attributes="volatile extern">
            <scalar name="UINT8" comment="" line="1428" base_type="uint8" attributes="volatile extern" complete_type="uint8" init_mode="PERMANENT" init_modes_allowed="4" init_range="min..max" global_assert="disabled" assert_range="disabled"/>
         </struct>
         <struct name="SGSTCR1" comment="" line="1428" attributes="volatile extern">
            <scalar name="UINT8" comment="" line="1428" base_type="uint8" attributes="volatile extern" complete_type="uint8" init_mode="PERMANENT" init_modes_allowed="4" init_range="min..max" global_assert="disabled" assert_range="disabled"/>
         </struct>
         <struct name="SGSTCR2" comment="" line="1428" attributes="volatile extern">
            <scalar name="UINT8" comment="" line="1428" base_type="uint8" attributes="volatile extern" complete_type="uint8" init_mode="PERMANENT" init_modes_allowed="4" init_range="min..max" global_assert="disabled" assert_range="disabled"/>
         </struct>
         <struct name="SGSTCR3" comment="" line="1428" attributes="volatile extern">
            <scalar name="UINT8" comment="" line="1428" base_type="uint8" attributes="volatile extern" complete_type="uint8" init_mode="PERMANENT" init_modes_allowed="4" init_range="min..max" global_assert="disabled" assert_range="disabled"/>
         </struct>
         <struct name="SGSTCR4" comment="" line="1428" attributes="volatile extern">
            <scalar name="UINT8" comment="" line="1428" base_type="uint8" attributes="volatile extern" complete_type="uint8" init_mode="PERMANENT" init_modes_allowed="4" init_range="min..max" global_assert="disabled" assert_range="disabled"/>
         </struct>
         <struct name="SGVCEP0" comment="" line="1428" attributes="volatile extern">
            <scalar name="UINT8" comment="" line="1428" base_type="uint8" attributes="volatile extern" complete_type="uint8" init_mode="PERMANENT" init_modes_allowed="4" init_range="min..max" global_assert="disabled" assert_range="disabled"/>
         </struct>
         <struct name="SGVCEP1" comment="" line="1428" attributes="volatile extern">
            <scalar name="UINT8" comment="" line="1428" base_type="uint8" attributes="volatile extern" complete_type="uint8" init_mode="PERMANENT" init_modes_allowed="4" init_range="min..max" global_assert="disabled" assert_range="disabled"/>
         </struct>
         <struct name="SGVCEP2" comment="" line="1428" attributes="volatile extern">
            <scalar name="UINT8" comment="" line="1428" base_type="uint8" attributes="volatile extern" complete_type="uint8" init_mode="PERMANENT" init_modes_allowed="4" init_range="min..max" global_assert="disabled" assert_range="disabled"/>
         </struct>
         <struct name="SGVCEP3" comment="" line="1428" attributes="volatile extern">
            <scalar name="UINT8" comment="" line="1428" base_type="uint8" attributes="volatile extern" complete_type="uint8" init_mode="PERMANENT" init_modes_allowed="4" init_range="min..max" global_assert="disabled" assert_range="disabled"/>
         </struct>
         <struct name="SGVCEP4" comment="" line="1428" attributes="volatile extern">
            <scalar name="UINT8" comment="" line="1428" base_type="uint8" attributes="volatile extern" complete_type="uint8" init_mode="PERMANENT" init_modes_allowed="4" init_range="min..max" global_assert="disabled" assert_range="disabled"/>
         </struct>
         <struct name="SGVCSP0" comment="" line="1428" attributes="volatile extern">
            <scalar name="UINT8" comment="" line="1428" base_type="uint8" attributes="volatile extern" complete_type="uint8" init_mode="PERMANENT" init_modes_allowed="4" init_range="min..max" global_assert="disabled" assert_range="disabled"/>
         </struct>
         <struct name="SGVCSP1" comment="" line="1428" attributes="volatile extern">
            <scalar name="UINT8" comment="" line="1428" base_type="uint8" attributes="volatile extern" complete_type="uint8" init_mode="PERMANENT" init_modes_allowed="4" init_range="min..max" global_assert="disabled" assert_range="disabled"/>
         </struct>
         <struct name="SGVCSP2" comment="" line="1428" attributes="volatile extern">
            <scalar name="UINT8" comment="" line="1428" base_type="uint8" attributes="volatile extern" complete_type="uint8" init_mode="PERMANENT" init_modes_allowed="4" init_range="min..max" global_assert="disabled" assert_range="disabled"/>
         </struct>
         <struct name="SGVCSP3" comment="" line="1428" attributes="volatile extern">
            <scalar name="UINT8" comment="" line="1428" base_type="uint8" attributes="volatile extern" complete_type="uint8" init_mode="PERMANENT" init_modes_allowed="4" init_range="min..max" global_assert="disabled" assert_range="disabled"/>
         </struct>
         <struct name="SGVCSP4" comment="" line="1428" attributes="volatile extern">
            <scalar name="UINT8" comment="" line="1428" base_type="uint8" attributes="volatile extern" complete_type="uint8" init_mode="PERMANENT" init_modes_allowed="4" init_range="min..max" global_assert="disabled" assert_range="disabled"/>
         </struct>
         <struct name="THACR" comment="" line="1428" attributes="volatile extern">
            <scalar name="UINT8" comment="" line="1428" base_type="uint8" attributes="volatile extern" complete_type="uint8" init_mode="PERMANENT" init_modes_allowed="4" init_range="min..max" global_assert="disabled" assert_range="disabled"/>
         </struct>
         <struct name="THBCR" comment="" line="1428" attributes="volatile extern">
            <scalar name="UINT8" comment="" line="1428" base_type="uint8" attributes="volatile extern" complete_type="uint8" init_mode="PERMANENT" init_modes_allowed="4" init_range="min..max" global_assert="disabled" assert_range="disabled"/>
         </struct>
         <struct name="THCR" comment="" line="1428" attributes="volatile extern">
            <scalar name="UINT8" comment="" line="1428" base_type="uint8" attributes="volatile extern" complete_type="uint8" init_mode="PERMANENT" init_modes_allowed="4" init_range="min..max" global_assert="disabled" assert_range="disabled"/>
         </struct>
         <struct name="THER" comment="" line="1428" attributes="volatile extern">
            <scalar name="UINT8" comment="" line="1428" base_type="uint8" attributes="volatile extern" complete_type="uint8" init_mode="PERMANENT" init_modes_allowed="4" init_range="min..max" global_assert="disabled" assert_range="disabled"/>
         </struct>
         <struct name="THGSR" comment="" line="1428" attributes="volatile extern">
            <scalar name="UINT16" comment="" line="1428" base_type="uint16" attributes="volatile extern" complete_type="uint16" init_mode="PERMANENT" init_modes_allowed="4" init_range="min..max" global_assert="disabled" assert_range="disabled"/>
         </struct>
         <struct name="ULLMSR0" comment="" line="1428" attributes="volatile extern">
            <scalar name="UINT8" comment="" line="1428" base_type="uint8" attributes="volatile extern" complete_type="uint8" init_mode="PERMANENT" init_modes_allowed="4" init_range="min..max" global_assert="disabled" assert_range="disabled"/>
         </struct>
         <struct name="ULLMSR1" comment="" line="1428" attributes="volatile extern">
            <scalar name="UINT8" comment="" line="1428" base_type="uint8" attributes="volatile extern" complete_type="uint8" init_mode="PERMANENT" init_modes_allowed="4" init_range="min..max" global_assert="disabled" assert_range="disabled"/>
         </struct>
         <struct name="ULLMSR2" comment="" line="1428" attributes="volatile extern">
            <scalar name="UINT8" comment="" line="1428" base_type="uint8" attributes="volatile extern" complete_type="uint8" init_mode="PERMANENT" init_modes_allowed="4" init_range="min..max" global_assert="disabled" assert_range="disabled"/>
         </struct>
         <struct name="ULLMSR3" comment="" line="1428" attributes="volatile extern">
            <scalar name="UINT8" comment="" line="1428" base_type="uint8" attributes="volatile extern" complete_type="uint8" init_mode="PERMANENT" init_modes_allowed="4" init_range="min..max" global_assert="disabled" assert_range="disabled"/>
         </struct>
         <struct name="ULLMSR4" comment="" line="1428" attributes="volatile extern">
            <scalar name="UINT8" comment="" line="1428" base_type="uint8" attributes="volatile extern" complete_type="uint8" init_mode="PERMANENT" init_modes_allowed="4" init_range="min..max" global_assert="disabled" assert_range="disabled"/>
         </struct>
         <struct name="ULLMTBR0" comment="" line="1428" attributes="volatile extern">
            <scalar name="UINT32" comment="" line="1428" base_type="uint32" attributes="volatile extern" complete_type="uint32" init_mode="PERMANENT" init_modes_allowed="4" init_range="min..max" global_assert="disabled" assert_range="disabled"/>
         </struct>
         <struct name="ULLMTBR1" comment="" line="1428" attributes="volatile extern">
            <scalar name="UINT32" comment="" line="1428" base_type="uint32" attributes="volatile extern" complete_type="uint32" init_mode="PERMANENT" init_modes_allowed="4" init_range="min..max" global_assert="disabled" assert_range="disabled"/>
         </struct>
         <struct name="ULLMTBR2" comment="" line="1428" attributes="volatile extern">
            <scalar name="UINT32" comment="" line="1428" base_type="uint32" attributes="volatile extern" complete_type="uint32" init_mode="PERMANENT" init_modes_allowed="4" init_range="min..max" global_assert="disabled" assert_range="disabled"/>
         </struct>
         <struct name="VCR00" comment="" line="1428" attributes="volatile extern">
            <scalar name="UINT32" comment="" line="1428" base_type="uint32" attributes="volatile extern" complete_type="uint32" init_mode="PERMANENT" init_modes_allowed="4" init_range="min..max" global_assert="disabled" assert_range="disabled"/>
         </struct>
         <struct name="VCR01" comment="" line="1428" attributes="volatile extern">
            <scalar name="UINT32" comment="" line="1428" base_type="uint32" attributes="volatile extern" complete_type="uint32" init_mode="PERMANENT" init_modes_allowed="4" init_range="min..max" global_assert="disabled" assert_range="disabled"/>
         </struct>
         <struct name="VCR02" comment="" line="1428" attributes="volatile extern">
            <scalar name="UINT32" comment="" line="1428" base_type="uint32" attributes="volatile extern" complete_type="uint32" init_mode="PERMANENT" init_modes_allowed="4" init_range="min..max" global_assert="disabled" assert_range="disabled"/>
         </struct>
         <struct name="VCR03" comment="" line="1428" attributes="volatile extern">
            <scalar name="UINT32" comment="" line="1428" base_type="uint32" attributes="volatile extern" complete_type="uint32" init_mode="PERMANENT" init_modes_allowed="4" init_range="min..max" global_assert="disabled" assert_range="disabled"/>
         </struct>
         <struct name="VCR04" comment="" line="1428" attributes="volatile extern">
            <scalar name="UINT32" comment="" line="1428" base_type="uint32" attributes="volatile extern" complete_type="uint32" init_mode="PERMANENT" init_modes_allowed="4" init_range="min..max" global_assert="disabled" assert_range="disabled"/>
         </struct>
         <struct name="VCR05" comment="" line="1428" attributes="volatile extern">
            <scalar name="UINT32" comment="" line="1428" base_type="uint32" attributes="volatile extern" complete_type="uint32" init_mode="PERMANENT" init_modes_allowed="4" init_range="min..max" global_assert="disabled" assert_range="disabled"/>
         </struct>
         <struct name="VCR06" comment="" line="1428" attributes="volatile extern">
            <scalar name="UINT32" comment="" line="1428" base_type="uint32" attributes="volatile extern" complete_type="uint32" init_mode="PERMANENT" init_modes_allowed="4" init_range="min..max" global_assert="disabled" assert_range="disabled"/>
         </struct>
         <struct name="VCR07" comment="" line="1428" attributes="volatile extern">
            <scalar name="UINT32" comment="" line="1428" base_type="uint32" attributes="volatile extern" complete_type="uint32" init_mode="PERMANENT" init_modes_allowed="4" init_range="min..max" global_assert="disabled" assert_range="disabled"/>
         </struct>
         <struct name="VCR08" comment="" line="1428" attributes="volatile extern">
            <scalar name="UINT32" comment="" line="1428" base_type="uint32" attributes="volatile extern" complete_type="uint32" init_mode="PERMANENT" init_modes_allowed="4" init_range="min..max" global_assert="disabled" assert_range="disabled"/>
         </struct>
         <struct name="VCR09" comment="" line="1428" attributes="volatile extern">
            <scalar name="UINT32" comment="" line="1428" base_type="uint32" attributes="volatile extern" complete_type="uint32" init_mode="PERMANENT" init_modes_allowed="4" init_range="min..max" global_assert="disabled" assert_range="disabled"/>
         </struct>
         <struct name="VCR10" comment="" line="1428" attributes="volatile extern">
            <scalar name="UINT32" comment="" line="1428" base_type="uint32" attributes="volatile extern" complete_type="uint32" init_mode="PERMANENT" init_modes_allowed="4" init_range="min..max" global_assert="disabled" assert_range="disabled"/>
         </struct>
         <struct name="VCR11" comment="" line="1428" attributes="volatile extern">
            <scalar name="UINT32" comment="" line="1428" base_type="uint32" attributes="volatile extern" complete_type="uint32" init_mode="PERMANENT" init_modes_allowed="4" init_range="min..max" global_assert="disabled" assert_range="disabled"/>
         </struct>
         <struct name="VCR12" comment="" line="1428" attributes="volatile extern">
            <scalar name="UINT32" comment="" line="1428" base_type="uint32" attributes="volatile extern" complete_type="uint32" init_mode="PERMANENT" init_modes_allowed="4" init_range="min..max" global_assert="disabled" assert_range="disabled"/>
         </struct>
         <struct name="VCR13" comment="" line="1428" attributes="volatile extern">
            <scalar name="UINT32" comment="" line="1428" base_type="uint32" attributes="volatile extern" complete_type="uint32" init_mode="PERMANENT" init_modes_allowed="4" init_range="min..max" global_assert="disabled" assert_range="disabled"/>
         </struct>
         <struct name="VCR14" comment="" line="1428" attributes="volatile extern">
            <scalar name="UINT32" comment="" line="1428" base_type="uint32" attributes="volatile extern" complete_type="uint32" init_mode="PERMANENT" init_modes_allowed="4" init_range="min..max" global_assert="disabled" assert_range="disabled"/>
         </struct>
         <struct name="VCR15" comment="" line="1428" attributes="volatile extern">
            <scalar name="UINT32" comment="" line="1428" base_type="uint32" attributes="volatile extern" complete_type="uint32" init_mode="PERMANENT" init_modes_allowed="4" init_range="min..max" global_assert="disabled" assert_range="disabled"/>
         </struct>
         <struct name="VCR16" comment="" line="1428" attributes="volatile extern">
            <scalar name="UINT32" comment="" line="1428" base_type="uint32" attributes="volatile extern" complete_type="uint32" init_mode="PERMANENT" init_modes_allowed="4" init_range="min..max" global_assert="disabled" assert_range="disabled"/>
         </struct>
         <struct name="VCR17" comment="" line="1428" attributes="volatile extern">
            <scalar name="UINT32" comment="" line="1428" base_type="uint32" attributes="volatile extern" complete_type="uint32" init_mode="PERMANENT" init_modes_allowed="4" init_range="min..max" global_assert="disabled" assert_range="disabled"/>
         </struct>
         <struct name="VCR18" comment="" line="1428" attributes="volatile extern">
            <scalar name="UINT32" comment="" line="1428" base_type="uint32" attributes="volatile extern" complete_type="uint32" init_mode="PERMANENT" init_modes_allowed="4" init_range="min..max" global_assert="disabled" assert_range="disabled"/>
         </struct>
         <struct name="VCR19" comment="" line="1428" attributes="volatile extern">
            <scalar name="UINT32" comment="" line="1428" base_type="uint32" attributes="volatile extern" complete_type="uint32" init_mode="PERMANENT" init_modes_allowed="4" init_range="min..max" global_assert="disabled" assert_range="disabled"/>
         </struct>
         <struct name="VCR20" comment="" line="1428" attributes="volatile extern">
            <scalar name="UINT32" comment="" line="1428" base_type="uint32" attributes="volatile extern" complete_type="uint32" init_mode="PERMANENT" init_modes_allowed="4" init_range="min..max" global_assert="disabled" assert_range="disabled"/>
         </struct>
         <struct name="VCR21" comment="" line="1428" attributes="volatile extern">
            <scalar name="UINT32" comment="" line="1428" base_type="uint32" attributes="volatile extern" complete_type="uint32" init_mode="PERMANENT" init_modes_allowed="4" init_range="min..max" global_assert="disabled" assert_range="disabled"/>
         </struct>
         <struct name="VCR22" comment="" line="1428" attributes="volatile extern">
            <scalar name="UINT32" comment="" line="1428" base_type="uint32" attributes="volatile extern" complete_type="uint32" init_mode="PERMANENT" init_modes_allowed="4" init_range="min..max" global_assert="disabled" assert_range="disabled"/>
         </struct>
         <struct name="VCR23" comment="" line="1428" attributes="volatile extern">
            <scalar name="UINT32" comment="" line="1428" base_type="uint32" attributes="volatile extern" complete_type="uint32" init_mode="PERMANENT" init_modes_allowed="4" init_range="min..max" global_assert="disabled" assert_range="disabled"/>
         </struct>
      </struct>
   </file>
   <file name="C:\\Users\\nz3541\\Documents\\SynergyWorkingEA4\\CM320A_Adc1CfgAndUse_Impl\\src\\CDD_Adc1CfgAndUse.c" comment="">
      <function name="Adc1CfgAndUseAdc1EnaCnvn_Oper" comment="" line="131" main_generator_called="MAIN_GENERATOR"/>
      <function name="Adc1CfgAndUseInit1" comment="" line="167" main_generator_called="MAIN_GENERATOR"/>
      <function name="Adc1CfgAndUsePer1" comment="" line="279" main_generator_called="MAIN_GENERATOR"/>
      <function name="Adc1CfgAndUsePer2" comment="" line="325" main_generator_called="MAIN_GENERATOR"/>
   </file>
   <file name="C:\\Users\\nz3541\\Documents\\SynergyWorkingEA4\\CM320A_Adc1CfgAndUse_Impl\\tools\\local\\generate\\Rte_Stubs.c" comment="">
      <function name="Rte_Stub" comment="" line="18" main_generator_called="MAIN_GENERATOR" attributes="unused"/>
   </file>
   <file name="C:\\Users\\nz3541\\Documents\\SynergyWorkingEA4\\CM320A_Adc1CfgAndUse_Impl\\tools\\local\\generate\\Rte_Stubs.h" comment="">
      <scalar name="Adc1CfgAndUse_Ip_AdcDiagcEndPtrOutp" comment="" line="19" base_type="uint8" attributes="extern" complete_type="uint8" init_mode="PERMANENT" init_modes_allowed="6" init_range="21..23" global_assert="NO" assert_range=""/>
      <scalar name="Adc1CfgAndUse_Ip_AdcDiagcStrtPtrOutp" comment="" line="20" base_type="uint8" attributes="extern" complete_type="uint8" init_mode="PERMANENT" init_modes_allowed="6" init_range="21..23" global_assert="NO" assert_range=""/>
      <scalar name="Adc1CfgAndUse_Pim_Adc1DiagcEndPtr" comment="" line="34" base_type="uint8" attributes="extern" complete_type="uint8" init_mode="PERMANENT" init_modes_allowed="6" init_range="0..255" global_assert="NO" assert_range=""/>
      <scalar name="Adc1CfgAndUse_Pim_Adc1DiagcStrtPtr" comment="" line="35" base_type="uint8" attributes="extern" complete_type="uint8" init_mode="PERMANENT" init_modes_allowed="6" init_range="0..255" global_assert="NO" assert_range=""/>
   </file>
   <function name="atan2f" comment="" main_generator_called="MAIN_GENERATOR" non_applicable="1">
      <scalar name="return" comment="" init_mode="PERMANENT" init_range="-3.1412..3.1412" global_assert="NO" assert_range="min..max" non_applicable="1"/>
   </function>
   <function name="cosf" comment="" main_generator_called="MAIN_GENERATOR" non_applicable="1">
      <scalar name="return" comment="" init_mode="PERMANENT" init_range="-1..1" global_assert="NO" assert_range="min..max" non_applicable="1"/>
   </function>
   <function name="expf" comment="" main_generator_called="MAIN_GENERATOR" non_applicable="1">
      <scalar name="return" comment="" init_mode="PERMANENT" init_range="0..max" global_assert="NO" assert_range="min..max" non_applicable="1"/>
   </function>
   <function name="fabsf" comment="" main_generator_called="MAIN_GENERATOR" non_applicable="1">
      <scalar name="return" comment="" init_mode="PERMANENT" init_range="0..max" global_assert="NO" assert_range="min..max" non_applicable="1"/>
   </function>
   <function name="fmodf" comment="" main_generator_called="MAIN_GENERATOR" non_applicable="1">
      <scalar name="return" comment="" init_mode="PERMANENT" init_range="0..max" global_assert="NO" assert_range="min..max" non_applicable="1"/>
   </function>
   <function name="sinf" comment="" main_generator_called="MAIN_GENERATOR" non_applicable="1">
      <scalar name="return" comment="" init_mode="PERMANENT" init_range="-1..1" global_assert="NO" assert_range="min..max" non_applicable="1"/>
   </function>
   <function name="sqrtf" comment="" main_generator_called="MAIN_GENERATOR" non_applicable="1">
      <scalar name="return" comment="" init_mode="PERMANENT" init_range="0..max" global_assert="NO" assert_range="min..max" non_applicable="1"/>
   </function>
</global>
